# Blender 4.5.2 LTS
# www.blender.org
mtllib map.mtl
o Plane
v -5.000000 0.000000 5.000000
v 5.000000 0.000000 5.000000
v -5.000000 0.000000 -5.000000
v 5.000000 0.000000 -5.000000
v -5.000000 0.000000 5.000000
v 5.000000 0.000000 5.000000
v -5.000000 0.000000 -5.000000
v 5.000000 0.000000 -5.000000
v -5.000000 0.000000 5.000000
v 5.000000 0.000000 5.000000
v 5.000000 0.000000 -5.000000
v -5.000000 0.000000 -5.000000
v -5.000000 0.000000 -4.836066
v -5.000000 0.000000 -4.672132
v -5.000000 0.000000 -4.508197
v -5.000000 0.000000 -4.344263
v -5.000000 0.000000 -4.180329
v -4.999858 0.000434 -4.016592
v -4.992843 0.015466 -3.859411
v -4.971426 0.050436 -3.710987
v -4.954001 0.073880 -3.557332
v -4.953752 0.068622 -3.390930
v -4.967311 0.046918 -3.217379
v -4.987077 0.018549 -3.040954
v -4.999818 0.000261 -2.868968
v -4.984198 0.017664 -2.712559
v -4.953331 0.052168 -2.563548
v -4.930710 0.077455 -2.410551
v -4.931638 0.076417 -2.246167
v -4.955485 0.049760 -2.070704
v -4.986103 0.015535 -1.891966
v -5.000000 0.000000 -1.721312
v -5.000000 0.000000 -1.557378
v -5.000000 0.000000 -1.393443
v -5.000000 0.000000 -1.229509
v -5.000000 0.000000 -1.065574
v -5.000000 0.000000 -0.901640
v -5.000000 0.000000 -0.737705
v -4.989300 0.016231 -0.580941
v -4.968553 0.047705 -0.430909
v -4.964517 0.053827 -0.269679
v -4.981725 0.027723 -0.094213
v -4.999441 0.000849 0.081592
v -5.000000 0.000000 0.245901
v -5.000000 0.000000 0.409836
v -5.000000 0.000000 0.573770
v -5.000000 0.000000 0.737705
v -5.000000 0.000000 0.901639
v -5.000000 0.000000 1.065574
v -4.996708 0.003928 1.227800
v -4.947938 0.062122 1.366436
v -4.904551 0.113893 1.507863
v -4.918740 0.096962 1.679158
v -4.973901 0.031142 1.871708
v -5.000000 0.000000 2.049180
v -5.000000 0.000000 2.213115
v -5.000000 0.000000 2.377049
v -5.000000 0.000000 2.540984
v -5.000000 0.000000 2.704918
v -5.000000 0.000000 2.868853
v -5.000000 0.000000 3.032787
v -5.000000 0.000000 3.196722
v -5.000000 0.000000 3.360656
v -5.000000 0.000000 3.524590
v -5.000000 0.000000 3.688525
v -5.000000 0.000000 3.852459
v -5.000000 0.000000 4.016394
v -5.000000 0.000000 4.180328
v -5.000000 0.000000 4.344262
v -5.000000 0.000000 4.508197
v -5.000000 0.000000 4.672131
v -5.000000 0.000000 4.836065
v -4.836066 0.000000 5.000000
v -4.672132 0.000000 5.000000
v -4.508197 0.000000 5.000000
v -4.344263 0.000000 5.000000
v -4.180329 0.000000 5.000000
v -4.016395 0.000000 5.000000
v -3.852460 0.000000 5.000000
v -3.688526 0.000000 5.000000
v -3.524591 0.000000 5.000000
v -3.360657 0.000000 5.000000
v -3.196722 0.000000 5.000000
v -3.032788 0.000000 5.000000
v -2.868853 0.000000 5.000000
v -2.704919 0.000000 5.000000
v -2.540984 0.000000 5.000000
v -2.377050 0.000000 5.000000
v -2.213115 0.000000 5.000000
v -2.049181 0.000000 5.000000
v -1.885247 0.000000 5.000000
v -1.721312 0.000000 5.000000
v -1.557378 0.000000 5.000000
v -1.393443 0.000000 5.000000
v -1.229509 0.000000 5.000000
v -1.065574 0.000000 5.000000
v -0.901640 0.000000 5.000000
v -0.737705 0.000000 5.000000
v -0.573771 0.000000 5.000000
v -0.409836 0.000000 5.000000
v -0.245902 0.000000 5.000000
v -0.081967 0.000000 5.000000
v 0.081967 0.000000 5.000000
v 0.245901 0.000000 5.000000
v 0.409836 0.000000 5.000000
v 0.573770 0.000000 5.000000
v 0.737705 0.000000 5.000000
v 0.901639 0.000000 5.000000
v 1.065574 0.000000 5.000000
v 1.229508 0.000000 5.000000
v 1.393443 0.000000 5.000000
v 1.557377 0.000000 5.000000
v 1.721311 0.000000 5.000000
v 1.885246 0.000000 5.000000
v 2.049180 0.000000 5.000000
v 2.213115 0.000000 5.000000
v 2.377049 0.000000 5.000000
v 2.540984 0.000000 5.000000
v 2.704918 0.000000 5.000000
v 2.868853 0.000000 5.000000
v 3.032787 0.000000 5.000000
v 3.196722 0.000000 5.000000
v 3.360656 0.000000 5.000000
v 3.524590 0.000000 5.000000
v 3.688525 0.000000 5.000000
v 3.852459 0.000000 5.000000
v 4.016394 0.000000 5.000000
v 4.180328 0.000000 5.000000
v 4.344262 0.000000 5.000000
v 4.508197 0.000000 5.000000
v 4.672131 0.000000 5.000000
v 4.836065 0.000000 5.000000
v 5.000000 0.000000 4.836066
v 5.000000 0.000000 4.672132
v 5.000000 0.000000 4.508197
v 5.000000 0.000000 4.344263
v 5.000000 0.000000 4.180329
v 5.000000 0.000000 4.016395
v 5.000000 0.000000 3.852460
v 5.000000 0.000000 3.688526
v 5.000000 0.000000 3.524591
v 5.000000 0.000000 3.360657
v 5.000000 0.000000 3.196722
v 5.000000 0.000000 3.032788
v 5.000000 0.000000 2.868853
v 5.000000 0.000000 2.704919
v 5.000000 0.000000 2.540984
v 5.000000 0.000000 2.377050
v 5.000000 0.000000 2.213115
v 5.000000 0.000000 2.049181
v 5.000000 0.000000 1.885247
v 5.000000 0.000000 1.721312
v 5.000000 0.000000 1.557378
v 5.000000 0.000000 1.393443
v 5.000000 0.000000 1.229509
v 5.000000 0.000000 1.065574
v 5.000000 0.000000 0.901640
v 5.000000 0.000000 0.737705
v 5.000000 0.000000 0.573771
v 5.000000 0.000000 0.409836
v 5.000000 0.000000 0.245902
v 5.000000 0.000000 0.081967
v 5.000000 0.000000 -0.081967
v 5.000000 0.000000 -0.245901
v 5.000000 0.000000 -0.409836
v 5.000000 0.000000 -0.573770
v 5.000000 0.000000 -0.737705
v 5.000000 0.000000 -0.901639
v 5.000000 0.000000 -1.065574
v 5.000000 0.000000 -1.229508
v 5.000000 0.000000 -1.393443
v 5.000000 0.000000 -1.557377
v 5.000000 0.000000 -1.721311
v 5.000000 0.000000 -1.885246
v 5.000000 0.000000 -2.049180
v 5.000000 0.000000 -2.213115
v 5.000000 0.000000 -2.377049
v 5.000000 0.000000 -2.540984
v 5.000000 0.000000 -2.704918
v 5.000000 0.000000 -2.868853
v 5.000000 0.000000 -3.032787
v 4.999995 0.001450 -3.197400
v 4.999963 0.011351 -3.365964
v 4.999947 0.016416 -3.532267
v 4.999967 0.010301 -3.693342
v 4.999998 0.000800 -3.852834
v 5.000000 0.000000 -4.016394
v 5.000000 0.000000 -4.180328
v 5.000000 0.000000 -4.344262
v 5.000000 0.000000 -4.508197
v 5.000000 0.000000 -4.672131
v 5.000000 0.000000 -4.836065
v 4.836066 0.000000 -5.000000
v 4.682591 0.007933 -5.003300
v 4.548446 0.030526 -5.012697
v 4.416337 0.054663 -5.022737
v 4.270791 0.068610 -5.028538
v 4.107337 0.070426 -5.029368
v 3.950731 0.085715 -5.036230
v 3.806948 0.120270 -5.051596
v 3.664480 0.157661 -5.068237
v 3.516346 0.185994 -5.080865
v 3.346684 0.185264 -5.080748
v 3.139834 0.136318 -5.059544
v 2.914450 0.060084 -5.026307
v 2.709959 0.007440 -5.003281
v 2.573571 0.016117 -5.006260
v 2.515988 0.068717 -5.026691
v 2.485707 0.134820 -5.052368
v 2.433867 0.190260 -5.073903
v 2.311881 0.211007 -5.081961
v 2.092575 0.183621 -5.071324
v 1.810237 0.125061 -5.048577
v 1.513619 0.059437 -5.023087
v 1.251583 0.010918 -5.004241
v 1.065574 0.000000 -5.000000
v 0.901640 0.000000 -5.000000
v 0.737705 0.000000 -5.000000
v 0.573771 0.000000 -5.000000
v 0.409836 0.000000 -5.000000
v 0.250633 0.007789 -5.003456
v 0.094908 0.021302 -5.009453
v -0.066092 0.026133 -5.011597
v -0.234933 0.018055 -5.008012
v -0.407207 0.004328 -5.001921
v -0.573770 0.000000 -5.000000
v -0.737705 0.000000 -5.000000
v -0.902604 0.021564 -5.010119
v -1.068950 0.075481 -5.035420
v -1.235031 0.123475 -5.057942
v -1.399599 0.137640 -5.064590
v -1.562299 0.110032 -5.051634
v -1.723758 0.056831 -5.026665
v -1.881622 0.028759 -5.013303
v -2.041755 0.047606 -5.021966
v -2.205874 0.067264 -5.031164
v -2.369413 0.071724 -5.033234
v -2.534872 0.057401 -5.026597
v -2.701555 0.031591 -5.014638
v -2.868048 0.007554 -5.003500
v -3.032787 0.000000 -5.000000
v -3.194397 0.000300 -5.000049
v -3.321800 0.005010 -5.000823
v -3.428205 0.012428 -5.002040
v -3.542667 0.018807 -5.003087
v -3.688970 0.021080 -5.003460
v -3.876178 0.018079 -5.002968
v -4.092420 0.011335 -5.001861
v -4.312700 0.004070 -5.000668
v -4.507619 0.000074 -5.000012
v -4.672131 0.000000 -5.000000
v -4.836065 0.000000 -5.000000
v -4.836066 0.000000 4.836066
v -4.836066 0.000000 4.672132
v -4.836066 0.000000 4.508197
v -4.836066 0.000000 4.344263
v -4.836066 0.000000 4.180329
v -4.836066 0.000000 4.016395
v -4.836066 0.000000 3.852460
v -4.836066 0.000000 3.688526
v -4.836066 0.000000 3.524591
v -4.836066 0.000000 3.360657
v -4.836066 0.000000 3.196722
v -4.836066 0.000000 3.032788
v -4.836066 0.000000 2.868853
v -4.836066 0.000000 2.704919
v -4.836066 0.000000 2.540984
v -4.836066 0.000000 2.377050
v -4.836066 0.000000 2.213115
v -4.832751 0.003955 2.047462
v -4.760716 0.089909 1.846160
v -4.667027 0.201703 1.633624
v -4.643154 0.230189 1.457306
v -4.715603 0.143740 1.330954
v -4.809307 0.031930 1.215628
v -4.836066 0.000000 1.065574
v -4.834700 0.002499 0.900525
v -4.835067 0.002289 0.736674
v -4.831585 0.010363 0.569101
v -4.831275 0.011080 0.404844
v -4.834665 0.003241 0.244442
v -4.815864 0.030645 0.068431
v -4.766878 0.104956 -0.128329
v -4.731934 0.157963 -0.315678
v -4.739878 0.145913 -0.474290
v -4.783994 0.078991 -0.608663
v -4.828085 0.012106 -0.743052
v -4.836066 0.000000 -0.901639
v -4.836066 0.000000 -1.065574
v -4.836066 0.000000 -1.229508
v -4.836066 0.000000 -1.393443
v -4.836066 0.000000 -1.557377
v -4.833438 0.002937 -1.722582
v -4.801609 0.038517 -1.901905
v -4.754910 0.090718 -2.088418
v -4.719911 0.129841 -2.269274
v -4.718529 0.131386 -2.433877
v -4.751753 0.094247 -2.581748
v -4.798485 0.042009 -2.723088
v -4.823834 0.016345 -2.876016
v -4.798433 0.054015 -3.056568
v -4.759281 0.115735 -3.247826
v -4.724820 0.182493 -3.441623
v -4.724609 0.198370 -3.612972
v -4.756530 0.156264 -3.758470
v -4.798429 0.085648 -3.891029
v -4.827531 0.025831 -4.028136
v -4.835666 0.001227 -4.180886
v -4.836066 0.000000 -4.344262
v -4.836066 0.000000 -4.508197
v -4.836066 0.000000 -4.672131
v -4.836065 0.000000 -4.836065
v -4.672132 0.000000 4.836066
v -4.672132 0.000000 4.672132
v -4.672132 0.000000 4.508197
v -4.672132 0.000000 4.344263
v -4.672132 0.000000 4.180329
v -4.672132 0.000000 4.016395
v -4.672132 0.000000 3.852460
v -4.668995 0.004538 3.686527
v -4.634893 0.053891 3.500853
v -4.626550 0.065965 3.331600
v -4.659354 0.018492 3.188577
v -4.672132 0.000000 3.032788
v -4.657729 0.032653 2.854151
v -4.643673 0.064520 2.675868
v -4.654101 0.040877 2.522579
v -4.671590 0.001228 2.376497
v -4.672132 0.000000 2.213115
v -4.667152 0.006430 2.046370
v -4.588986 0.099934 1.841778
v -4.490297 0.216971 1.626987
v -4.464576 0.247662 1.449710
v -4.541054 0.156886 1.325223
v -4.629582 0.058216 1.203956
v -4.634987 0.067960 1.035255
v -4.611453 0.111468 0.851900
v -4.615958 0.107803 0.689503
v -4.643610 0.061955 0.545922
v -4.651166 0.048490 0.387987
v -4.659473 0.028712 0.232974
v -4.629634 0.065550 0.052984
v -4.562600 0.166156 -0.155363
v -4.513907 0.240021 -0.351926
v -4.522257 0.227459 -0.510314
v -4.573020 0.150797 -0.640393
v -4.642509 0.045204 -0.757680
v -4.669433 0.004187 -0.903491
v -4.672132 0.000000 -1.065574
v -4.672132 0.000000 -1.229508
v -4.672132 0.000000 -1.393443
v -4.672132 0.000000 -1.557377
v -4.666886 0.005863 -1.723848
v -4.628488 0.048786 -1.906347
v -4.575424 0.108103 -2.095937
v -4.534903 0.153398 -2.279463
v -4.533226 0.155272 -2.444208
v -4.571834 0.112116 -2.589476
v -4.624423 0.053484 -2.728056
v -4.647593 0.033030 -2.883335
v -4.614403 0.084136 -3.069864
v -4.551655 0.193888 -3.282655
v -4.506130 0.289604 -3.489557
v -4.515552 0.300770 -3.659080
v -4.558357 0.245144 -3.798683
v -4.608361 0.156928 -3.923331
v -4.648591 0.069716 -4.048066
v -4.666768 0.016461 -4.187814
v -4.672132 0.000000 -4.344262
v -4.672132 0.000000 -4.508197
v -4.672132 0.000000 -4.672131
v -4.672132 0.000000 -4.836065
v -4.508197 0.000000 4.836066
v -4.508197 0.000000 4.672132
v -4.507044 0.002534 4.507058
v -4.491663 0.036339 4.327921
v -4.504972 0.007087 4.177142
v -4.508197 0.000000 4.016395
v -4.508197 0.000000 3.852460
v -4.471666 0.052867 3.665238
v -4.389568 0.171680 3.448968
v -4.370591 0.199319 3.272855
v -4.433510 0.109901 3.148263
v -4.489212 0.037734 3.015889
v -4.454583 0.121551 2.814123
v -4.425192 0.188184 2.620187
v -4.446808 0.139179 2.478317
v -4.492513 0.035559 2.361039
v -4.501104 0.030592 2.199091
v -4.485848 0.095303 2.005499
v -4.443921 0.148198 1.818476
v -4.396130 0.160601 1.650612
v -4.385935 0.145887 1.493955
v -4.434373 0.089977 1.354265
v -4.460825 0.081306 1.193350
v -4.400311 0.197390 0.977512
v -4.351986 0.287922 0.773142
v -4.369815 0.262900 0.620208
v -4.436790 0.147439 0.507634
v -4.472310 0.083003 0.372435
v -4.485301 0.052531 0.222239
v -4.464439 0.069721 0.051083
v -4.401614 0.161682 -0.153387
v -4.353243 0.235089 -0.349748
v -4.320039 0.286991 -0.536649
v -4.330537 0.272760 -0.694341
v -4.389791 0.182999 -0.818628
v -4.426866 0.126194 -0.957456
v -4.467507 0.063135 -1.093498
v -4.506285 0.002967 -1.230821
v -4.508197 0.000000 -1.393443
v -4.508197 0.000000 -1.557377
v -4.505606 0.002897 -1.722564
v -4.473886 0.038355 -1.901835
v -4.427289 0.090442 -2.088298
v -4.392370 0.129476 -2.269116
v -4.390992 0.131016 -2.433717
v -4.424139 0.093963 -2.581625
v -4.470668 0.041984 -2.723078
v -4.486996 0.029233 -2.881690
v -4.445872 0.094469 -3.074515
v -4.377825 0.220584 -3.294748
v -4.337894 0.316520 -3.501972
v -4.353057 0.326205 -3.671027
v -4.393049 0.276522 -3.813298
v -4.437351 0.191527 -3.939229
v -4.475411 0.099714 -4.061729
v -4.497832 0.031808 -4.194793
v -4.508173 0.000073 -4.344295
v -4.503519 0.000603 -4.508296
v -4.498981 0.001188 -4.672326
v -4.501645 0.000845 -4.836204
v -4.344263 0.000000 4.836066
v -4.343950 0.000688 4.671822
v -4.261386 0.182137 4.426288
v -4.185237 0.349489 4.187092
v -4.245606 0.216816 4.082823
v -4.340261 0.008796 4.012439
v -4.344263 0.000000 3.852460
v -4.300264 0.063675 3.660478
v -4.209343 0.195324 3.438552
v -4.173350 0.253336 3.248904
v -4.243186 0.158620 3.126518
v -4.264119 0.141644 2.969702
v -4.259974 0.181314 2.787384
v -4.241232 0.233586 2.599744
v -4.267563 0.173890 2.462688
v -4.321097 0.055893 2.351825
v -4.317275 0.116393 2.159756
v -4.288389 0.240970 1.938710
v -4.286672 0.248377 1.771379
v -4.307605 0.137879 1.658286
v -4.318622 0.039839 1.539755
v -4.336598 0.009698 1.389209
v -4.289665 0.099893 1.184943
v -4.199343 0.265148 0.947282
v -4.140703 0.374677 0.734435
v -4.175987 0.317893 0.595668
v -4.261351 0.168948 0.498028
v -4.307376 0.085308 0.371397
v -4.321221 0.053293 0.221888
v -4.322061 0.037722 0.065201
v -4.281428 0.095319 -0.124072
v -4.242332 0.154839 -0.314304
v -4.173999 0.261043 -0.525218
v -4.096695 0.363623 -0.734086
v -4.080982 0.381884 -0.905944
v -4.109333 0.348165 -1.055223
v -4.212290 0.204735 -1.156128
v -4.306967 0.057869 -1.255104
v -4.344263 0.000000 -1.393443
v -4.344263 0.000000 -1.557377
v -4.344263 0.000000 -1.721311
v -4.330541 0.015339 -1.891881
v -4.300085 0.049384 -2.070540
v -4.276274 0.075977 -2.245976
v -4.272449 0.079231 -2.411282
v -4.295615 0.053561 -2.564122
v -4.328637 0.017463 -2.712471
v -4.335312 0.012847 -2.874509
v -4.299547 0.069538 -3.063548
v -4.243746 0.178697 -3.276333
v -4.211737 0.263874 -3.478837
v -4.220841 0.282830 -3.651990
v -4.249212 0.250041 -3.801705
v -4.282379 0.180536 -3.934442
v -4.311250 0.101313 -4.062467
v -4.330199 0.033465 -4.195423
v -4.321253 0.003098 -4.344810
v -4.293438 0.006553 -4.509273
v -4.279030 0.008411 -4.673512
v -4.287122 0.007368 -4.837275
v -4.180329 0.000000 4.836066
v -4.171332 0.019772 4.663240
v -4.037125 0.314716 4.366664
v -3.926229 0.558430 4.093128
v -4.014753 0.363883 4.016685
v -4.160168 0.044308 3.996469
v -4.180329 0.000000 3.852460
v -4.168707 0.016818 3.681118
v -4.113228 0.098149 3.481329
v -4.087048 0.146026 3.296036
v -4.057272 0.198518 3.108725
v -4.076845 0.167151 2.958690
v -4.113232 0.129570 2.810902
v -4.118157 0.140952 2.641454
v -4.135564 0.101488 2.495288
v -4.169772 0.030737 2.363093
v -4.146547 0.145694 2.146323
v -4.113072 0.290061 1.916204
v -4.111008 0.298964 1.748188
v -4.142878 0.161516 1.647266
v -4.175188 0.022171 1.547214
v -4.180329 0.000000 1.393443
v -4.142584 0.069058 1.198699
v -4.067794 0.205895 0.973717
v -4.024299 0.286100 0.773987
v -4.053327 0.238002 0.631404
v -4.122728 0.116077 0.521756
v -4.157419 0.052987 0.385960
v -4.167032 0.030754 0.232044
v -4.178084 0.005162 0.079642
v -4.166750 0.020598 -0.091066
v -4.148053 0.049090 -0.267589
v -4.069452 0.170485 -0.485204
v -3.881225 0.410522 -0.753996
v -3.747001 0.591718 -0.997393
v -3.789809 0.551264 -1.144089
v -3.945193 0.342770 -1.216627
v -4.108880 0.110860 -1.278542
v -4.179559 0.001195 -1.393971
v -4.180329 0.000000 -1.557377
v -4.180329 0.000000 -1.721311
v -4.180227 0.000114 -1.885295
v -4.171004 0.010424 -2.053689
v -4.152857 0.028173 -2.225212
v -4.140374 0.037891 -2.393201
v -4.148352 0.028089 -2.552865
v -4.165694 0.011312 -2.709634
v -4.175923 0.003738 -2.870428
v -4.163630 0.026287 -3.044424
v -4.128362 0.099228 -3.241080
v -4.102664 0.166628 -3.435519
v -4.102246 0.193099 -3.611813
v -4.117471 0.177353 -3.768981
v -4.137280 0.131664 -3.912330
v -4.155208 0.073415 -4.049734
v -4.148944 0.022369 -4.189558
v -4.108294 0.009288 -4.345787
v -4.059010 0.015643 -4.510765
v -4.034957 0.018744 -4.675208
v -4.048405 0.017010 -4.838858
v -4.016395 0.000000 4.836066
v -4.016333 0.000136 4.672070
v -3.939881 0.168153 4.432576
v -3.867116 0.328067 4.196726
v -3.924824 0.201244 4.089826
v -4.013558 0.006234 4.013591
v -4.016395 0.000000 3.852460
v -4.016395 0.000000 3.688526
v -4.013533 0.004489 3.522604
v -3.968485 0.077289 3.326397
v -3.923404 0.150015 3.130225
v -3.938833 0.125124 2.977324
v -3.992472 0.039616 2.851268
v -4.005672 0.024311 2.693972
v -4.011360 0.011414 2.535845
v -4.016082 0.001347 2.376432
v -3.997226 0.082668 2.175217
v -3.973427 0.185309 1.964227
v -3.972022 0.191369 1.797515
v -3.994619 0.093913 1.678258
v -4.015418 0.004213 1.555446
v -4.016395 0.000000 1.393443
v -4.010649 0.010512 1.224819
v -3.974283 0.077048 1.031200
v -3.950728 0.120144 0.848039
v -3.966977 0.091189 0.697006
v -4.001699 0.029714 0.560454
v -4.010186 0.014361 0.403365
v -4.014219 0.005032 0.243635
v -4.016395 0.000000 0.081967
v -4.016395 0.000000 -0.081967
v -4.015966 0.000665 -0.246196
v -3.946962 0.106371 -0.456850
v -3.705567 0.409000 -0.752827
v -3.565484 0.600676 -1.000893
v -3.613803 0.555036 -1.145380
v -3.760389 0.357105 -1.222512
v -3.944690 0.108299 -1.277335
v -4.016001 0.000611 -1.393713
v -4.016395 0.000000 -1.557377
v -4.016395 0.000000 -1.721311
v -4.016395 0.000000 -1.885246
v -4.011773 0.003539 -2.050654
v -3.990108 0.020126 -2.221496
v -3.967056 0.037776 -2.392780
v -3.957808 0.044857 -2.559663
v -3.968509 0.037976 -2.720799
v -3.993084 0.030245 -2.882081
v -4.013801 0.024293 -3.044043
v -4.006119 0.045574 -3.217626
v -3.990411 0.075712 -3.395036
v -3.984166 0.090228 -3.565513
v -3.986876 0.090183 -3.729532
v -3.994081 0.068478 -3.883601
v -4.000463 0.031972 -4.030718
v -3.967223 0.008830 -4.182533
v -3.897689 0.015306 -4.346775
v -3.831043 0.023899 -4.512120
v -3.798030 0.028156 -4.676753
v -3.816591 0.025762 -4.840294
v -3.852460 0.000000 4.836066
v -3.852460 0.000000 4.672132
v -3.852258 0.000445 4.507998
v -3.840787 0.025654 4.332726
v -3.851101 0.002988 4.178985
v -3.852460 0.000000 4.016395
v -3.852460 0.000000 3.852460
v -3.852466 0.001335 3.687901
v -3.852510 0.011262 3.519324
v -3.845393 0.011401 3.355603
v -3.827245 0.040677 3.178691
v -3.833854 0.030016 3.019483
v -3.852011 0.000724 2.868532
v -3.852460 0.000000 2.704919
v -3.852460 0.000000 2.540984
v -3.852460 0.000000 2.377050
v -3.851079 0.005959 2.210384
v -3.842789 0.041708 2.030060
v -3.842211 0.044202 1.864982
v -3.850397 0.008900 1.717232
v -3.852460 0.000000 1.557378
v -3.852460 0.000000 1.393443
v -3.852460 0.000000 1.229509
v -3.852386 0.000136 1.065513
v -3.849528 0.005364 0.899247
v -3.851942 0.000948 0.737282
v -3.852460 0.000000 0.573771
v -3.852460 0.000000 0.409836
v -3.852460 0.000000 0.245902
v -3.852460 0.000000 0.081967
v -3.852460 0.000000 -0.081967
v -3.852460 0.000000 -0.245901
v -3.823388 0.044709 -0.429601
v -3.657977 0.252041 -0.683996
v -3.514664 0.429163 -0.925132
v -3.538543 0.406587 -1.079446
v -3.670591 0.239983 -1.170655
v -3.815304 0.052193 -1.252455
v -3.852460 0.000000 -1.393443
v -3.850955 0.003954 -1.559167
v -3.848626 0.010074 -1.725871
v -3.850666 0.004713 -1.887379
v -3.837132 0.011736 -2.054067
v -3.802757 0.038056 -2.228962
v -3.769424 0.063577 -2.403524
v -3.755927 0.074582 -2.572076
v -3.773443 0.080345 -2.739390
v -3.812140 0.080055 -2.904702
v -3.845748 0.074161 -3.067196
v -3.853737 0.066112 -3.227680
v -3.850810 0.051604 -3.384717
v -3.843562 0.036028 -3.541085
v -3.834932 0.025198 -3.699620
v -3.842677 0.015197 -3.859182
v -3.844795 0.002765 -4.017386
v -3.792493 0.007732 -4.181597
v -3.712954 0.017988 -4.347215
v -3.638204 0.027626 -4.512732
v -3.599509 0.032615 -4.677485
v -3.621616 0.029765 -4.840951
v -3.688526 0.000000 4.836066
v -3.688526 0.000000 4.672132
v -3.688526 0.000000 4.508197
v -3.688526 0.000000 4.344263
v -3.688526 0.000000 4.180329
v -3.688526 0.000000 4.016395
v -3.688613 0.019659 3.843266
v -3.689392 0.193859 3.597859
v -3.689739 0.271565 3.397583
v -3.689107 0.130113 3.299804
v -3.688526 0.000000 3.196722
v -3.688526 0.000000 3.032788
v -3.688526 0.000000 2.868853
v -3.688526 0.000000 2.704919
v -3.688526 0.000000 2.540984
v -3.688526 0.000000 2.377050
v -3.688526 0.000000 2.213115
v -3.688526 0.000000 2.049181
v -3.688526 0.000000 1.885247
v -3.688526 0.000000 1.721312
v -3.688526 0.000000 1.557378
v -3.688526 0.000000 1.393443
v -3.688526 0.000000 1.229509
v -3.688526 0.000000 1.065574
v -3.688526 0.000000 0.901640
v -3.688526 0.000000 0.737705
v -3.688526 0.000000 0.573771
v -3.688526 0.000000 0.409836
v -3.688526 0.000000 0.245902
v -3.688526 0.000000 0.081967
v -3.688526 0.000000 -0.081967
v -3.688526 0.000000 -0.245901
v -3.688502 0.000036 -0.409852
v -3.638284 0.062957 -0.601239
v -3.555451 0.160949 -0.807746
v -3.551231 0.164886 -0.973355
v -3.621575 0.078625 -1.099713
v -3.681466 0.006663 -1.232347
v -3.678504 0.026329 -1.405360
v -3.659679 0.075788 -1.591681
v -3.650366 0.100257 -1.766690
v -3.658107 0.079568 -1.921255
v -3.654507 0.051561 -2.071955
v -3.628694 0.046601 -2.232561
v -3.591374 0.074384 -2.408025
v -3.575447 0.094652 -2.580812
v -3.599247 0.112476 -2.754011
v -3.646208 0.120435 -2.923502
v -3.683407 0.120998 -3.089155
v -3.690700 0.112561 -3.249430
v -3.663381 0.090060 -3.401777
v -3.604011 0.076061 -3.556844
v -3.567532 0.059803 -3.711751
v -3.581756 0.035552 -3.864904
v -3.628458 0.006719 -4.017185
v -3.621021 0.007752 -4.181311
v -3.564774 0.015956 -4.346881
v -3.496214 0.024796 -4.512267
v -3.462047 0.029202 -4.676925
v -3.481293 0.026720 -4.840452
v -3.524591 0.000000 4.836066
v -3.524591 0.000000 4.672132
v -3.524591 0.000000 4.508197
v -3.524591 0.000000 4.344263
v -3.524591 0.000000 4.180329
v -3.524591 0.000000 4.016395
v -3.525053 0.103335 3.804131
v -3.526473 0.421092 3.491585
v -3.527071 0.554978 3.265033
v -3.525990 0.313098 3.214224
v -3.524722 0.029361 3.182991
v -3.524591 0.000000 3.032788
v -3.524591 0.000000 2.868853
v -3.524591 0.000000 2.704919
v -3.524591 0.000000 2.540984
v -3.524591 0.000000 2.377050
v -3.524591 0.000000 2.213115
v -3.524591 0.000000 2.049181
v -3.524591 0.000000 1.885247
v -3.524591 0.000000 1.721312
v -3.524591 0.000000 1.557378
v -3.524591 0.000000 1.393443
v -3.524591 0.000000 1.229509
v -3.524591 0.000000 1.065574
v -3.524591 0.000000 0.901640
v -3.524591 0.000000 0.737705
v -3.524591 0.000000 0.573771
v -3.524591 0.000000 0.409836
v -3.524591 0.000000 0.245902
v -3.524591 0.000000 0.081967
v -3.524591 0.000000 -0.081967
v -3.524591 0.000000 -0.245901
v -3.524591 0.000000 -0.409836
v -3.519272 0.005012 -0.575905
v -3.501141 0.022094 -0.747117
v -3.493936 0.028882 -0.913943
v -3.505986 0.017530 -1.073041
v -3.517134 0.016744 -1.237044
v -3.488669 0.094378 -1.436160
v -3.454060 0.185304 -1.641250
v -3.438018 0.227452 -1.824262
v -3.451728 0.191432 -1.971893
v -3.469248 0.117466 -2.101933
v -3.467576 0.058458 -2.238215
v -3.442477 0.062871 -2.403230
v -3.429359 0.086299 -2.577605
v -3.451034 0.113170 -2.754950
v -3.493866 0.131369 -2.929068
v -3.524385 0.142748 -3.099516
v -3.503871 0.147907 -3.265060
v -3.398247 0.162647 -3.431754
v -3.278167 0.187477 -3.602600
v -3.213070 0.213645 -3.776222
v -3.238868 0.168412 -3.920019
v -3.340351 0.075945 -4.044693
v -3.422442 0.014910 -4.183303
v -3.438990 0.010696 -4.345914
v -3.392895 0.016981 -4.510984
v -3.367484 0.020257 -4.675457
v -3.381694 0.018425 -4.839090
v -3.360657 0.000000 4.836066
v -3.360657 0.000000 4.672132
v -3.360657 0.000000 4.508197
v -3.360657 0.000000 4.344263
v -3.360657 0.000000 4.180329
v -3.360657 0.000000 4.016395
v -3.361010 0.079003 3.815511
v -3.362271 0.361165 3.519612
v -3.362794 0.478226 3.300929
v -3.361840 0.264717 3.236851
v -3.360736 0.017662 3.188462
v -3.360657 0.000000 3.032788
v -3.360657 0.000000 2.868853
v -3.360657 0.000000 2.704919
v -3.360657 0.000000 2.540984
v -3.360657 0.000000 2.377050
v -3.360657 0.000000 2.213115
v -3.360657 0.000000 2.049181
v -3.360657 0.000000 1.885247
v -3.360657 0.000000 1.721312
v -3.360657 0.000000 1.557378
v -3.360657 0.000000 1.393443
v -3.360657 0.000000 1.229509
v -3.360657 0.000000 1.065574
v -3.360657 0.000000 0.901640
v -3.360657 0.000000 0.737705
v -3.360657 0.000000 0.573771
v -3.360657 0.000000 0.409836
v -3.360657 0.000000 0.245902
v -3.360657 0.000000 0.081967
v -3.360657 0.000000 -0.081967
v -3.360657 0.000000 -0.245901
v -3.360657 0.000000 -0.409836
v -3.360657 0.000000 -0.573770
v -3.358074 0.002433 -0.738741
v -3.355548 0.004813 -0.903689
v -3.359430 0.001156 -1.066066
v -3.346967 0.035966 -1.245787
v -3.304887 0.146522 -1.459762
v -3.259844 0.264862 -1.677261
v -3.238148 0.321862 -1.866995
v -3.256765 0.272952 -2.008791
v -3.296681 0.160099 -2.121526
v -3.319857 0.059872 -2.239510
v -3.312589 0.036803 -2.392375
v -3.303649 0.053980 -2.563990
v -3.317973 0.082390 -2.741767
v -3.346632 0.107468 -2.918547
v -3.363027 0.127707 -3.092585
v -3.289997 0.154245 -3.266070
v -3.127189 0.177163 -3.434350
v -2.961084 0.216639 -3.610243
v -2.870564 0.209725 -3.767405
v -2.906596 0.183421 -3.920451
v -3.047528 0.124429 -4.062318
v -3.216757 0.037708 -4.192328
v -3.311691 0.005190 -4.344773
v -3.300409 0.007768 -4.509472
v -3.284588 0.009808 -4.673741
v -3.293461 0.008664 -4.837488
v -3.196722 0.000000 4.836066
v -3.196722 0.000000 4.672132
v -3.196722 0.000000 4.508197
v -3.196722 0.000000 4.344263
v -3.196722 0.000000 4.180329
v -3.196722 0.000000 4.016395
v -3.196726 0.000733 3.852117
v -3.197167 0.099492 3.641994
v -3.196980 0.155097 3.452071
v -3.195740 0.062203 3.331614
v -3.196722 0.000000 3.196722
v -3.196722 0.000000 3.032788
v -3.196722 0.000000 2.868853
v -3.196722 0.000000 2.704919
v -3.196722 0.000000 2.540984
v -3.196722 0.000000 2.377050
v -3.196722 0.000000 2.213115
v -3.196722 0.000000 2.049181
v -3.196722 0.000000 1.885247
v -3.196722 0.000000 1.721312
v -3.196722 0.000000 1.557378
v -3.196722 0.000000 1.393443
v -3.196722 0.000000 1.229509
v -3.196722 0.000000 1.065574
v -3.196722 0.000000 0.901640
v -3.196722 0.000000 0.737705
v -3.196722 0.000000 0.573771
v -3.196722 0.000000 0.409836
v -3.196722 0.000000 0.245902
v -3.196722 0.000000 0.081967
v -3.196722 0.000000 -0.081967
v -3.196722 0.000000 -0.245901
v -3.196722 0.000000 -0.409836
v -3.196722 0.000000 -0.573770
v -3.196722 0.000000 -0.737705
v -3.196722 0.000000 -0.901639
v -3.196722 0.000000 -1.065574
v -3.183431 0.034920 -1.245314
v -3.141852 0.144159 -1.458693
v -3.097292 0.261230 -1.675617
v -3.075931 0.317352 -1.864953
v -3.094251 0.269219 -2.007102
v -3.134594 0.161072 -2.122054
v -3.168875 0.060225 -2.240181
v -3.166059 0.043459 -2.396168
v -3.159439 0.053420 -2.564500
v -3.178108 0.049350 -2.727262
v -3.195987 0.062095 -2.897854
v -3.196543 0.091657 -3.075631
v -3.099488 0.120480 -3.249244
v -2.914811 0.142796 -3.416389
v -2.728445 0.139274 -3.571386
v -2.622057 0.108080 -3.716576
v -2.665150 0.103393 -3.880005
v -2.825609 0.096411 -4.046951
v -3.021182 0.045634 -4.194796
v -3.167009 0.002226 -4.344141
v -3.188066 0.001116 -4.508380
v -3.182092 0.001886 -4.672441
v -3.185544 0.001441 -4.836302
v -3.032788 0.000000 4.836066
v -3.032788 0.000000 4.672132
v -3.032788 0.000000 4.508197
v -3.022803 0.007712 4.341048
v -2.976248 0.043670 4.162124
v -2.982052 0.039187 4.000059
v -3.028505 0.003308 3.851081
v -3.028929 0.014959 3.681683
v -3.016502 0.063142 3.495709
v -3.013870 0.073345 3.327107
v -3.024885 0.030640 3.182707
v -3.032788 0.000000 3.032788
v -3.032788 0.000000 2.868853
v -3.032788 0.000000 2.704919
v -3.032788 0.000000 2.540984
v -3.032788 0.000000 2.377050
v -3.032788 0.000000 2.213115
v -3.032788 0.000000 2.049181
v -3.032788 0.000000 1.885247
v -3.032788 0.000000 1.721312
v -3.032788 0.000000 1.557378
v -3.032788 0.000000 0.573771
v -3.032788 0.000000 0.409836
v -3.032788 0.000000 0.245902
v -3.032788 0.000000 0.081967
v -3.032788 0.000000 -0.081967
v -3.032788 0.000000 -0.245901
v -3.032788 0.000000 -0.409836
v -3.032788 0.000000 -0.573770
v -3.032788 0.000000 -0.737705
v -3.032788 0.000000 -0.901639
v -3.032788 0.000000 -1.065574
v -3.027922 0.012783 -1.235294
v -2.998902 0.089028 -1.433739
v -2.965377 0.177106 -1.637540
v -2.949834 0.217942 -1.819958
v -2.959368 0.190415 -1.971396
v -2.971450 0.144981 -2.114562
v -2.980830 0.106467 -2.260858
v -2.964526 0.134225 -2.437131
v -2.961803 0.139536 -2.603442
v -2.985901 0.097310 -2.748578
v -3.020297 0.046808 -2.890248
v -3.033133 0.045213 -3.053938
v -2.953961 0.078797 -3.230477
v -2.787707 0.105324 -3.400311
v -2.618098 0.088771 -3.549872
v -2.524361 0.066073 -3.699528
v -2.560118 0.063818 -3.863807
v -2.706038 0.064015 -4.033540
v -2.884196 0.035613 -4.191165
v -3.013144 0.001678 -4.344278
v -3.032654 0.001252 -4.508777
v -3.032577 0.001973 -4.673045
v -3.032733 0.000513 -4.836303
v -2.868853 0.000000 4.836066
v -2.868853 0.000000 4.672132
v -2.868853 0.000000 4.508197
v -2.782826 0.058488 4.320284
v -2.447989 0.254230 4.077935
v -2.544182 0.191882 3.939386
v -2.821189 0.036642 3.837194
v -2.858654 0.039544 3.670438
v -2.839033 0.115615 3.471706
v -2.834821 0.131946 3.300302
v -2.852038 0.065192 3.166902
v -2.868028 0.003198 3.031325
v -2.868853 0.000000 2.868853
v -2.868853 0.000000 2.704919
v -2.868853 0.000000 2.540984
v -2.868853 0.000000 2.377050
v -2.868853 0.000000 2.213115
v -2.868853 0.000000 2.049181
v -2.868853 0.000000 1.885247
v -2.868853 0.000000 0.573771
v -2.868853 0.000000 0.409836
v -2.868853 0.000000 0.245902
v -2.868853 0.000000 0.081967
v -2.868853 0.000000 -1.065574
v -2.868853 0.000000 -1.229508
v -2.860452 0.022072 -1.403433
v -2.842954 0.068044 -1.588175
v -2.834172 0.091116 -1.762553
v -2.834840 0.084834 -1.923577
v -2.816553 0.109322 -2.098244
v -2.776618 0.181366 -2.294298
v -2.731379 0.269495 -2.497665
v -2.727255 0.277572 -2.665214
v -2.766725 0.200819 -2.794809
v -2.822915 0.090579 -2.909403
v -2.864629 0.016061 -3.040131
v -2.837770 0.046330 -3.217166
v -2.723874 0.077391 -3.391167
v -2.598809 0.070810 -3.547133
v -2.530698 0.055855 -3.701411
v -2.555776 0.051128 -3.864116
v -2.662220 0.046708 -4.030148
v -2.791840 0.026981 -4.189929
v -2.865922 0.013217 -4.350327
v -2.866264 0.024318 -4.519464
v -2.865928 0.027471 -4.684860
v -2.866700 0.020215 -4.845432
v -2.704919 0.000000 4.836066
v -2.704919 0.000000 4.672132
v -2.704919 0.000000 4.508197
v -2.523038 0.097093 4.305985
v -2.199141 0.320572 4.050241
v -2.315248 0.298584 3.892044
v -2.605934 0.057575 3.829415
v -2.697767 0.027727 3.675843
v -2.681456 0.090966 3.482982
v -2.678062 0.104124 3.313028
v -2.692295 0.048942 3.174335
v -2.704728 0.000738 3.032450
v -2.704919 0.000000 2.868853
v -2.704919 0.000000 2.704919
v -2.704919 0.000000 2.540984
v -2.704919 0.000000 2.377050
v -2.704919 0.000000 2.213115
v -2.704919 0.000000 0.901640
v -2.704919 0.000000 0.737705
v -2.704919 0.000000 0.573771
v -2.704919 0.000000 0.409836
v -2.704167 0.001975 -1.558271
v -2.702379 0.006672 -1.724331
v -2.697684 0.014859 -1.891910
v -2.646307 0.113579 -2.099988
v -2.549398 0.290800 -2.342985
v -2.474382 0.425954 -2.567172
v -2.476846 0.420909 -2.728844
v -2.546412 0.296238 -2.837214
v -2.634703 0.136162 -2.929764
v -2.692960 0.023516 -3.043313
v -2.704559 0.019690 -3.205913
v -2.665546 0.050788 -3.382860
v -2.598102 0.058696 -3.547853
v -2.558398 0.051611 -3.706923
v -2.573460 0.042478 -3.867177
v -2.629627 0.032878 -4.028820
v -2.689127 0.025059 -4.191425
v -2.695583 0.045204 -4.365031
v -2.696988 0.064335 -4.537964
v -2.697544 0.069261 -4.704223
v -2.698921 0.056330 -4.862166
v -2.540984 0.000000 4.836066
v -2.540984 0.000000 4.672132
v -2.540984 0.000000 4.508197
v -2.444392 0.043212 4.327839
v -2.247413 0.267428 4.066786
v -2.298813 0.285775 3.892264
v -2.481152 0.063814 3.824967
v -2.540715 0.001042 3.688049
v -2.534986 0.023255 3.513954
v -2.533509 0.028983 3.347399
v -2.539253 0.006713 3.193651
v -2.540984 0.000000 3.032788
v -2.540984 0.000000 2.868853
v -2.540984 0.000000 2.704919
v -2.540984 0.000000 2.540984
v -2.540984 0.000000 2.377050
v -2.540984 0.000000 2.213115
v -2.540984 0.000000 0.901640
v -2.540984 0.000000 0.737705
v -2.540984 0.000000 0.573771
v -2.540984 0.000000 0.409836
v -2.540984 0.000000 -1.557377
v -2.540984 0.000000 -1.721311
v -2.535701 0.010185 -1.889801
v -2.458329 0.144037 -2.113287
v -2.348717 0.327986 -2.358932
v -2.290951 0.418163 -2.562766
v -2.303173 0.393763 -2.715772
v -2.366324 0.292504 -2.834836
v -2.457440 0.144972 -2.933361
v -2.530155 0.020966 -3.042166
v -2.540978 0.000372 -3.196895
v -2.540734 0.013893 -3.367142
v -2.534909 0.029116 -3.537965
v -2.524492 0.030318 -3.702054
v -2.525199 0.022577 -3.862397
v -2.514423 0.025784 -4.027409
v -2.483774 0.064983 -4.208471
v -2.472290 0.106636 -4.391429
v -2.489837 0.124885 -4.564581
v -2.518026 0.116717 -4.725800
v -2.531161 0.092261 -4.878815
v -2.377050 0.000000 4.836066
v -2.377050 0.000000 4.672132
v -2.377050 0.000000 4.508197
v -2.356074 0.014855 4.338139
v -2.293410 0.174783 4.101887
v -2.315967 0.239436 3.906845
v -2.385603 0.104658 3.803197
v -2.379082 0.008267 3.684581
v -2.377050 0.000000 3.524591
v -2.377050 0.000000 3.360657
v -2.377050 0.000000 3.196722
v -2.377050 0.000000 -1.229508
v -2.377050 0.000000 -1.393443
v -2.377050 0.000000 -1.557377
v -2.377050 0.000000 -1.721311
v -2.370224 0.008920 -1.889149
v -2.295999 0.121946 -2.103022
v -2.207413 0.251342 -2.323985
v -2.166971 0.298086 -2.508192
v -2.176296 0.279227 -2.663674
v -2.226154 0.213296 -2.798735
v -2.301930 0.109074 -2.916908
v -2.368163 0.012426 -3.038249
v -2.377050 0.000000 -3.196722
v -2.377050 0.000000 -3.360656
v -2.377049 0.000067 -3.524622
v -2.376629 0.000421 -3.688705
v -2.339690 0.016265 -3.858602
v -2.273337 0.059982 -4.040380
v -2.219911 0.124883 -4.232566
v -2.217073 0.172169 -4.418496
v -2.255947 0.184321 -4.589633
v -2.313269 0.161819 -4.745289
v -2.357088 0.116707 -4.889846
v -2.213115 0.000000 4.836066
v -2.213115 0.000000 4.672132
v -2.213115 0.000000 4.508197
v -2.216194 0.012534 4.338283
v -2.242569 0.123051 4.121649
v -2.262907 0.203477 3.919319
v -2.246671 0.136539 3.787314
v -2.218488 0.021859 3.678096
v -2.213115 0.000000 3.524591
v -2.213115 0.000000 3.360657
v -2.213115 0.000000 0.081967
v -2.213115 0.000000 -0.081967
v -2.213115 0.000000 -0.245901
v -2.213115 0.000000 -0.409836
v -2.213115 0.000000 -0.573770
v -2.213115 0.000000 -0.737705
v -2.213115 0.000000 -0.901639
v -2.213115 0.000000 -1.065574
v -2.213115 0.000000 -1.229508
v -2.213115 0.000000 -1.393443
v -2.213115 0.000000 -1.557377
v -2.213115 0.000000 -1.721311
v -2.203662 0.012082 -1.890525
v -2.148709 0.083221 -2.085568
v -2.075351 0.178774 -2.291306
v -2.026231 0.239134 -2.481539
v -2.025761 0.239457 -2.645606
v -2.077324 0.173593 -2.780764
v -2.148082 0.083133 -2.905175
v -2.202705 0.013305 -3.038600
v -2.213115 0.000000 -3.196722
v -2.213115 0.000000 -3.360656
v -2.211094 -0.000142 -3.524445
v -2.178551 0.003354 -3.688741
v -2.087671 0.035496 -3.864148
v -1.983643 0.090156 -4.049567
v -1.912174 0.164225 -4.245334
v -1.926595 0.213696 -4.432961
v -2.016968 0.214880 -4.600984
v -2.105103 0.178954 -4.751570
v -2.173162 0.121796 -4.891444
v -2.049181 0.000000 4.836066
v -2.049181 0.000000 4.672132
v -2.049443 0.006200 4.505289
v -2.053644 0.076038 4.308539
v -2.071902 0.167644 4.101064
v -2.079577 0.150109 3.945028
v -2.067463 0.074392 3.816966
v -2.050219 0.004223 3.686511
v -2.049181 0.000000 3.524591
v -2.049181 0.000000 3.360657
v -2.049181 0.000000 3.196722
v -2.049181 0.000000 2.868853
v -2.049181 0.000000 2.704919
v -2.049181 0.000000 2.540984
v -2.049181 0.000000 0.081967
v -2.049181 0.000000 -0.081967
v -2.049181 0.000000 -0.245901
v -2.049181 0.000000 -0.409836
v -2.049181 0.000000 -0.573770
v -2.049181 0.000000 -0.737705
v -2.049181 0.000000 -0.901639
v -2.049181 0.000000 -1.065574
v -2.049181 0.000000 -1.229508
v -2.049181 0.000000 -1.393443
v -2.049181 0.000000 -1.557377
v -2.049181 0.000000 -1.721311
v -2.044943 0.005416 -1.887612
v -2.002568 0.059576 -2.075210
v -1.942612 0.136205 -2.272624
v -1.898957 0.192001 -2.460937
v -1.898267 0.192883 -2.625257
v -1.941011 0.138252 -2.765322
v -2.000961 0.061629 -2.895779
v -2.044306 0.006231 -3.035510
v -2.049181 0.000000 -3.196722
v -2.049181 0.000000 -3.360656
v -2.027750 -0.001399 -3.523098
v -1.963519 0.003046 -3.686599
v -1.853480 0.033175 -3.860315
v -1.748543 0.076583 -4.040438
v -1.678451 0.147562 -4.234815
v -1.688404 0.213874 -4.430140
v -1.794326 0.213977 -4.598266
v -1.914268 0.168043 -4.745417
v -1.994859 0.102640 -4.881927
v -1.885247 0.000000 4.836066
v -1.885247 0.000000 4.672132
v -1.886788 0.036541 4.491054
v -1.891825 0.155913 4.271114
v -1.893460 0.193179 4.089694
v -1.891130 0.097877 3.970405
v -1.885747 0.002815 3.851124
v -1.885247 0.000000 3.688526
v -1.882181 0.011298 3.521317
v -1.779734 0.388863 3.247976
v -1.852848 0.119405 3.162122
v -1.885247 0.000000 3.032788
v -1.885247 0.000000 2.868853
v -1.885247 0.000000 2.704919
v -1.885247 0.000000 2.540984
v -1.885247 0.000000 2.377050
v -1.885247 0.000000 0.081967
v -1.885247 0.000000 -0.081967
v -1.885247 0.000000 -0.245901
v -1.885247 0.000000 -0.409836
v -1.885247 0.000000 -0.573770
v -1.885247 0.000000 -0.737705
v -1.885247 0.000000 -0.901639
v -1.885247 0.000000 -1.065574
v -1.885247 0.000000 -1.229508
v -1.885247 0.000000 -1.393443
v -1.885247 0.000000 -1.557377
v -1.885247 0.000000 -1.721311
v -1.885247 0.000000 -1.885246
v -1.868077 0.021944 -2.058768
v -1.830303 0.070223 -2.243796
v -1.801402 0.107161 -2.423869
v -1.800948 0.107741 -2.588057
v -1.829247 0.071573 -2.736189
v -1.867149 0.023130 -2.878958
v -1.885247 0.000000 -3.032787
v -1.885247 0.000000 -3.196722
v -1.880915 0.001481 -3.361179
v -1.834410 0.002396 -3.523722
v -1.757917 0.002145 -3.684547
v -1.663681 0.013756 -3.850224
v -1.584271 0.065655 -4.035316
v -1.542107 0.169514 -4.246156
v -1.572217 0.242720 -4.445494
v -1.667564 0.242253 -4.612939
v -1.774765 0.184229 -4.753939
v -1.844924 0.102874 -4.882583
v -1.721312 0.000000 4.836066
v -1.721312 0.000000 4.672132
v -1.722322 0.023939 4.496966
v -1.726519 0.123400 4.286368
v -1.727796 0.153684 4.108225
v -1.724152 0.067317 3.984812
v -1.721312 0.000000 3.852460
v -1.721312 0.000000 3.688526
v -1.711148 0.037460 3.513736
v -1.575255 0.538288 3.204678
v -1.650066 0.223658 3.136615
v -1.721312 0.000000 3.032788
v -1.721312 0.000000 2.868853
v -1.721312 0.000000 2.704919
v -1.721312 0.000000 2.540984
v -1.721312 0.000000 2.377050
v -1.721312 0.000000 0.737705
v -1.721312 0.000000 0.573771
v -1.721312 0.000000 0.409836
v -1.721312 0.000000 0.245902
v -1.721312 0.000000 0.081967
v -1.721312 0.000000 -0.081967
v -1.711508 0.012531 -2.218590
v -1.699041 0.028465 -2.389486
v -1.456942 0.188596 -4.258158
v -1.511577 0.277436 -4.465764
v -1.598081 0.287054 -4.637579
v -1.676156 0.229123 -4.777483
v -1.715770 0.143212 -4.902802
v -1.557378 0.000000 4.836066
v -1.557378 0.000000 4.672132
v -1.557378 0.000001 4.508197
v -1.567317 0.044258 4.323183
v -1.569584 0.058338 4.152577
v -1.558305 0.006504 4.013318
v -1.557378 0.000000 3.852460
v -1.557378 0.000000 3.688526
v -1.557378 0.000000 3.524591
v -1.423875 0.240503 3.324120
v -1.558593 0.003269 3.195147
v -1.557378 0.000000 3.032788
v -1.557378 0.000000 2.868853
v -1.557378 0.000000 2.704919
v -1.557378 0.000000 2.540984
v -1.557378 0.000000 1.393443
v -1.557378 0.000000 1.229509
v -1.557378 0.000000 1.065574
v -1.557378 0.000000 0.901640
v -1.557378 0.000000 0.737705
v -1.557378 0.000000 0.573771
v -1.557378 0.000000 0.409836
v -1.557378 0.000000 0.245902
v -1.376048 0.192538 -4.263249
v -1.437799 0.299750 -4.479722
v -1.515062 0.343166 -4.666977
v -1.564538 0.302925 -4.814034
v -1.567109 0.217554 -4.938156
v -1.393443 0.000000 4.836066
v -1.393443 0.000000 4.672132
v -1.404588 0.019503 4.498643
v -1.437605 0.077283 4.306405
v -1.442085 0.085930 4.138252
v -1.411369 0.031371 4.001027
v -1.393443 0.000000 3.852460
v -1.393443 0.000000 3.688526
v -1.393648 0.028889 3.511077
v -1.439970 0.662393 3.049158
v -1.474671 0.314483 3.046520
v -1.394454 0.022487 3.022235
v -1.393443 0.000000 2.868853
v -1.393443 0.000000 2.704919
v -1.393443 0.000000 2.540984
v -1.393443 0.000000 1.557378
v -1.393443 0.000000 1.393443
v -1.393443 0.000000 1.229509
v -1.393443 0.000000 1.065574
v -1.393443 0.000000 0.901640
v -1.393443 0.000000 0.737705
v -1.393443 0.000000 0.573771
v -1.393443 0.000000 0.409836
v -1.289055 0.189901 -4.265026
v -1.339717 0.303048 -4.483840
v -1.388895 0.375903 -4.683760
v -1.409327 0.355143 -4.838788
v -1.405071 0.259969 -4.958060
v -1.229509 0.000000 4.836066
v -1.229509 0.000000 4.672132
v -1.243738 0.029620 4.493793
v -1.203657 0.125020 4.286826
v -1.156291 0.128677 4.123034
v -1.202859 0.059193 3.989763
v -1.229509 0.000000 3.852460
v -1.229509 0.000000 3.688526
v -1.168150 0.328159 3.373572
v -1.031557 0.907712 2.944030
v -1.247099 0.476968 2.973044
v -1.232463 0.065712 3.001951
v -1.229509 0.000000 2.868853
v -1.229509 0.000000 2.704919
v -1.229509 0.000000 2.540984
v -1.229509 0.000000 2.377050
v -1.229509 0.000000 2.213115
v -1.229509 0.000000 2.049181
v -1.229509 0.000000 1.885247
v -1.229509 0.000000 1.721312
v -1.229509 0.000000 1.557378
v -1.229509 0.000000 1.393443
v -1.229509 0.000000 1.229509
v -1.229509 0.000000 1.065574
v -1.229509 0.000000 0.901640
v -1.229509 0.000000 0.737705
v -1.229509 0.000000 -1.721311
v -1.229509 0.000000 -1.885246
v -1.169264 0.077073 -4.050070
v -1.190187 0.170199 -4.258361
v -1.222398 0.276107 -4.473068
v -1.243998 0.344819 -4.669971
v -1.244109 0.326413 -4.825305
v -1.240164 0.238228 -4.947857
v -1.065574 0.000000 4.836066
v -1.065574 0.000000 4.672132
v -1.033356 0.022193 4.499082
v -0.877838 0.102773 4.303558
v -0.808003 0.141003 4.124483
v -0.929925 0.074259 3.986984
v -1.059768 0.003179 3.851201
v -1.065574 0.000000 3.688526
v -1.064476 0.014036 3.518072
v -0.879841 0.587598 3.093211
v -1.006496 0.259619 3.077657
v -1.065941 0.008151 3.028963
v -1.065574 0.000000 2.868853
v -1.065574 0.000000 2.704919
v -1.065574 0.000000 2.540984
v -1.065574 0.000000 2.377050
v -1.065574 0.000000 2.213115
v -1.065574 0.000000 2.049181
v -1.065574 0.000000 1.885247
v -1.065574 0.000000 1.721312
v -1.065574 0.000000 1.557378
v -1.065574 0.000000 1.393443
v -1.065574 0.000000 1.229509
v -1.065574 0.000000 1.065574
v -1.065574 0.000000 0.901640
v -1.065574 0.000000 0.737705
v -1.065574 0.000000 -1.557377
v -1.065574 0.000000 -1.721311
v -1.065574 0.000000 -1.885246
v -1.048729 0.044810 -4.036684
v -1.062948 0.117716 -4.235259
v -1.074111 0.198681 -4.437482
v -1.076551 0.245414 -4.623361
v -1.075922 0.231337 -4.780690
v -1.072895 0.163680 -4.912874
v -0.901640 0.000000 4.836066
v -0.901640 0.000000 4.672132
v -0.876750 0.013626 4.502801
v -0.740939 0.087972 4.309421
v -0.679636 0.121532 4.132195
v -0.787503 0.062482 3.991648
v -0.899109 0.001385 3.851911
v -0.901640 0.000000 3.688526
v -0.901640 0.000000 3.524591
v -0.901640 0.000000 3.360657
v -0.901640 0.000000 3.196722
v -0.901640 0.000000 3.032788
v -0.901640 0.000000 2.868853
v -0.901640 0.000000 2.704919
v -0.901640 0.000000 2.540984
v -0.901640 0.000000 2.377050
v -0.901640 0.000000 2.213115
v -0.901640 0.000000 2.049181
v -0.901640 0.000000 1.885247
v -0.901640 0.000000 1.721312
v -0.901640 0.000000 1.557378
v -0.901640 0.000000 1.393443
v -0.901640 0.000000 1.229509
v -0.901640 0.000000 1.065574
v -0.901640 0.000000 0.901640
v -0.901640 0.000000 0.737705
v -0.901640 0.000000 0.573771
v -0.901640 0.000000 -1.557377
v -0.901640 0.000000 -1.721311
v -0.901640 0.000000 -1.885246
v -0.891084 0.008305 -3.855929
v -0.895775 0.007829 -4.019824
v -0.902468 0.043309 -4.200608
v -0.905837 0.093853 -4.388304
v -0.907167 0.123568 -4.566183
v -0.906765 0.114602 -4.725910
v -0.904865 0.072119 -4.869908
v -0.737705 0.000000 4.836066
v -0.737705 0.000000 4.672132
v -0.737705 0.000000 4.508197
v -0.700121 0.045745 4.324347
v -0.676422 0.036470 4.165676
v -0.720016 0.009684 4.012559
v -0.737705 0.000000 3.852460
v -0.737705 0.000000 3.688526
v -0.737705 0.000000 3.524591
v -0.737705 0.000000 3.360657
v -0.737705 0.000000 3.196722
v -0.737705 0.000000 3.032788
v -0.737705 0.000000 2.868853
v -0.737705 0.000000 2.704919
v -0.737705 0.000000 2.540984
v -0.737705 0.000000 2.377050
v -0.737705 0.000000 2.213115
v -0.737705 0.000000 2.049181
v -0.737705 0.000000 1.885247
v -0.737705 0.000000 1.721312
v -0.737705 0.000000 1.557378
v -0.737705 0.000000 1.393443
v -0.737705 0.000000 1.229509
v -0.737705 0.000000 1.065574
v -0.737705 0.000000 0.901640
v -0.737705 0.000000 0.737705
v -0.737705 0.000000 0.573771
v -0.737705 0.000000 0.409836
v -0.737705 0.000000 0.245902
v -0.737705 0.000000 0.081967
v -0.737705 0.000000 -0.081967
v -0.737705 0.000000 -1.557377
v -0.737705 0.000000 -1.721311
v -0.737705 0.000000 -1.885246
v -0.737705 0.000000 -2.049180
v -0.736289 0.026313 -2.225361
v -0.729933 0.144423 -2.444265
v -0.722146 0.289105 -2.675536
v -0.723423 0.265375 -3.156296
v -0.731255 0.119844 -3.252498
v -0.736943 0.014150 -3.367242
v -0.737385 0.000252 -3.524696
v -0.736531 0.000923 -3.688911
v -0.736763 0.000741 -3.852769
v -0.737651 0.000043 -4.016411
v -0.736912 0.002310 -4.181376
v -0.735133 0.020533 -4.353761
v -0.736371 0.031335 -4.522795
v -0.738570 0.023655 -4.683224
v -0.738053 0.007778 -4.839715
v -0.573771 0.000000 4.836066
v -0.573771 0.000000 4.672132
v -0.567846 0.071268 4.475110
v -0.555667 0.217782 4.243155
v -0.566450 0.088060 4.139446
v -0.573771 0.000000 4.016395
v -0.573771 0.000000 3.852460
v -0.573771 0.000000 3.688526
v -0.573771 0.000000 3.524591
v -0.573771 0.000000 3.360657
v -0.573771 0.000000 3.196722
v -0.573771 0.000000 3.032788
v -0.573771 0.000000 2.868853
v -0.573771 0.000000 2.704919
v -0.573771 0.000000 2.540984
v -0.573771 0.000000 2.377050
v -0.573771 0.000000 2.213115
v -0.573771 0.000000 2.049181
v -0.573771 0.000000 1.885247
v -0.573771 0.000000 1.721312
v -0.573771 0.000000 1.557378
v -0.573771 0.000000 1.393443
v -0.573771 0.000000 1.229509
v -0.573771 0.000000 1.065574
v -0.573771 0.000000 0.901640
v -0.573771 0.000000 0.737705
v -0.573771 0.000000 0.573771
v -0.573771 0.000000 0.409836
v -0.573771 0.000000 0.245902
v -0.573771 0.000000 0.081967
v -0.573771 0.000000 -0.081967
v -0.573771 0.000000 -1.557377
v -0.573771 0.000000 -1.721311
v -0.573771 0.000000 -1.885246
v -0.573771 0.000000 -2.049180
v -0.571708 0.038325 -2.230952
v -0.564413 0.173870 -2.457970
v -0.555721 0.335395 -2.697080
v -0.549771 0.445939 -2.912463
v -0.550427 0.433751 -3.070725
v -0.557151 0.308822 -3.176516
v -0.565898 0.146287 -3.264805
v -0.572527 0.023106 -3.371410
v -0.573771 0.000000 -3.524590
v -0.573771 0.000000 -3.688525
v -0.573771 0.000000 -3.852459
v -0.566499 0.011969 -4.021705
v -0.551720 0.036297 -4.196435
v -0.541648 0.052878 -4.367727
v -0.543060 0.050555 -4.530631
v -0.555039 0.030835 -4.685814
v -0.569318 0.007330 -4.839318
v -0.409836 0.000000 4.836066
v -0.409836 0.000000 4.672132
v -0.400583 0.111317 4.456517
v -0.384943 0.299459 4.205235
v -0.398780 0.132999 4.118582
v -0.409836 0.000000 4.016395
v -0.409836 0.000000 3.852460
v -0.409836 0.000000 3.688526
v -0.409836 0.000000 3.524591
v -0.409836 0.000000 3.360657
v -0.409836 0.000000 3.196722
v -0.409836 0.000000 3.032788
v -0.409836 0.000000 2.868853
v -0.409836 0.000000 2.704919
v -0.409836 0.000000 2.540984
v -0.409836 0.000000 2.377050
v -0.409836 0.000000 2.213115
v -0.409836 0.000000 2.049181
v -0.409836 0.000000 1.885247
v -0.409836 0.000000 1.721312
v -0.409836 0.000000 1.557378
v -0.409836 0.000000 1.393443
v -0.409836 0.000000 1.229509
v -0.409836 0.000000 1.065574
v -0.409836 0.000000 0.901640
v -0.409836 0.000000 0.737705
v -0.409836 0.000000 0.573771
v -0.409836 0.000000 0.409836
v -0.409836 0.000000 0.245902
v -0.409836 0.000000 0.081967
v -0.409836 0.000000 -1.557377
v -0.409836 0.000000 -1.721311
v -0.409836 0.000000 -1.885246
v -0.409836 0.000000 -2.049180
v -0.408505 0.024738 -2.224628
v -0.402283 0.140345 -2.442367
v -0.394622 0.282693 -2.672552
v -0.389526 0.377383 -2.880556
v -0.390066 0.367355 -3.039824
v -0.395879 0.259346 -3.153490
v -0.403583 0.116194 -3.250800
v -0.409135 0.013018 -3.366715
v -0.409836 0.000000 -3.524590
v -0.409836 0.000000 -3.688525
v -0.403899 0.009773 -3.856797
v -0.379416 0.050076 -4.038615
v -0.351083 0.096716 -4.223246
v -0.333620 0.125463 -4.399937
v -0.336028 0.121499 -4.562112
v -0.357040 0.086910 -4.710698
v -0.385902 0.039399 -4.853549
v -0.245902 0.000000 4.836066
v -0.245902 0.000000 4.672132
v -0.245569 0.004004 4.506338
v -0.241095 0.057823 4.317418
v -0.245222 0.008174 4.176534
v -0.245902 0.000000 4.016395
v -0.245902 0.000000 3.852460
v -0.245902 0.000000 3.688526
v -0.245902 0.000000 3.524591
v -0.245902 0.000000 3.360657
v -0.245902 0.000000 3.196722
v -0.245902 0.000000 3.032788
v -0.245902 0.000000 2.868853
v -0.245902 0.000000 2.704919
v -0.245902 0.000000 2.540984
v -0.245902 0.000000 2.377050
v -0.245902 0.000000 2.213115
v -0.245902 0.000000 2.049181
v -0.245902 0.000000 1.885247
v -0.245902 0.000000 1.721312
v -0.245902 0.000000 1.557378
v -0.245902 0.000000 1.393443
v -0.245902 0.000000 1.229509
v -0.245902 0.000000 1.065574
v -0.245902 0.000000 0.901640
v -0.245902 0.000000 0.737705
v -0.245902 0.000000 0.573771
v -0.245902 0.000000 0.409836
v -0.245902 0.000000 0.245902
v -0.245902 0.000000 0.081967
v -0.245902 0.000000 -0.081967
v -0.245902 0.000000 -1.557377
v -0.245902 0.000000 -1.721311
v -0.245902 0.000000 -1.885246
v -0.245902 0.000000 -2.049180
v -0.245770 0.002448 -2.214254
v -0.242327 0.066414 -2.407959
v -0.237094 0.163646 -2.617146
v -0.233561 0.229307 -2.811640
v -0.233930 0.222437 -2.972377
v -0.237970 0.147374 -3.101377
v -0.243161 0.050916 -3.220418
v -0.245898 0.000060 -3.360684
v -0.245901 0.000000 -3.524590
v -0.245876 0.000042 -3.688544
v -0.228636 0.028422 -3.865072
v -0.191574 0.089432 -4.056079
v -0.152411 0.153899 -4.248621
v -0.128228 0.193707 -4.430220
v -0.131602 0.188154 -4.591691
v -0.160586 0.140442 -4.734453
v -0.200813 0.074223 -4.869002
v -0.081967 0.000000 4.836066
v -0.089627 0.007858 4.668159
v -0.122600 0.041683 4.487121
v -0.117307 0.036254 4.325932
v -0.084506 0.002604 4.179012
v -0.081967 0.000000 4.016395
v -0.081967 0.000000 3.852460
v -0.081967 0.000000 3.688526
v -0.081967 0.000000 3.524591
v -0.081967 0.000000 3.360657
v -0.081967 0.000000 3.196722
v -0.081967 0.000000 3.032788
v -0.081967 0.000000 2.868853
v -0.081967 0.000000 2.704919
v -0.081967 0.000000 2.540984
v -0.081967 0.000000 2.377050
v -0.081967 0.000000 2.213115
v -0.081967 0.000000 2.049181
v -0.081967 0.000000 1.885247
v -0.081967 0.000000 1.721312
v -0.081967 0.000000 1.557378
v -0.081967 0.000000 1.393443
v -0.081967 0.000000 1.229509
v -0.081967 0.000000 1.065574
v -0.081967 0.000000 0.901640
v -0.081967 0.000000 0.737705
v -0.081967 0.000000 0.573771
v -0.081967 0.000000 0.409836
v -0.081967 0.000000 0.245902
v -0.081967 0.000000 0.081967
v -0.081967 0.000000 -0.081967
v -0.081967 0.000000 -0.245901
v -0.081967 0.000000 -1.229508
v -0.081967 0.000000 -1.393443
v -0.081967 0.000000 -1.557377
v -0.081967 0.000000 -1.721311
v -0.081967 0.000000 -1.885246
v -0.081967 0.000000 -2.049180
v -0.081967 0.000000 -2.213115
v -0.081658 0.005737 -2.379719
v -0.079549 0.044935 -2.561897
v -0.077764 0.078108 -2.741271
v -0.077957 0.074515 -2.903533
v -0.079962 0.037260 -3.050128
v -0.081855 0.002082 -3.197690
v -0.081967 0.000000 -3.360656
v -0.081967 0.000000 -3.524590
v -0.081338 0.001036 -3.688984
v -0.058536 0.038571 -3.869576
v -0.016005 0.108584 -4.064578
v 0.028372 0.181635 -4.260929
v 0.056712 0.228287 -4.445565
v 0.052608 0.221531 -4.606502
v 0.019054 0.166296 -4.745925
v -0.026474 0.091351 -4.876602
v 0.081967 0.000000 4.836066
v 0.039375 0.044367 4.649724
v -0.029750 0.125100 4.445341
v -0.020647 0.105550 4.290904
v 0.054337 0.028345 4.165997
v 0.081967 0.000000 4.016395
v 0.081967 0.000000 3.852460
v 0.081967 0.000000 3.688526
v 0.081967 0.000000 3.524591
v 0.081967 0.000000 3.360657
v 0.081967 0.000000 3.196722
v 0.081967 0.000000 3.032788
v 0.081967 0.000000 2.868853
v 0.081967 0.000000 2.704919
v 0.081967 0.000000 2.540984
v 0.081967 0.000000 2.377050
v 0.081967 0.000000 2.213115
v 0.081967 0.000000 2.049181
v 0.081967 0.000000 1.885247
v 0.081967 0.000000 1.721312
v 0.081967 0.000000 1.557378
v 0.081967 0.000000 1.393443
v 0.081967 0.000000 1.229509
v 0.081967 0.000000 1.065574
v 0.081967 0.000000 0.901640
v 0.081967 0.000000 0.737705
v 0.081967 0.000000 0.573771
v 0.081967 0.000000 0.409836
v 0.081967 0.000000 0.245902
v 0.081967 0.000000 0.081967
v 0.081967 0.000000 -0.081967
v 0.081967 0.000000 -0.245901
v 0.081967 0.000000 -0.409836
v 0.081967 0.000000 -0.573770
v 0.081967 0.000000 -0.737705
v 0.081967 0.000000 -0.901639
v 0.081967 0.000000 -1.065574
v 0.081967 0.000000 -1.229508
v 0.081967 0.000000 -1.393443
v 0.081967 0.000000 -1.557377
v 0.081967 0.000000 -1.721311
v 0.081967 0.000000 -1.885246
v 0.081967 0.000000 -2.049180
v 0.081967 0.000000 -2.213115
v 0.081967 0.000000 -2.377049
v 0.081967 0.000000 -2.540984
v 0.082006 0.000718 -2.705252
v 0.081991 0.000434 -2.869055
v 0.081967 0.000000 -3.032787
v 0.081947 0.001843 -3.197584
v 0.081811 0.013970 -3.367193
v 0.084098 0.020159 -3.533932
v 0.084462 0.010924 -3.693535
v 0.103066 0.033629 -3.867356
v 0.141079 0.097306 -4.059573
v 0.182364 0.165268 -4.253666
v 0.208086 0.207611 -4.436390
v 0.204468 0.201654 -4.597682
v 0.173732 0.151059 -4.739164
v 0.131329 0.081257 -4.872123
v 0.246454 0.000833 4.835698
v 0.237497 0.091701 4.628931
v 0.219897 0.169623 4.427879
v 0.198289 0.125970 4.283508
v 0.221152 0.025753 4.167321
v 0.245901 0.000000 4.016395
v 0.245901 0.000000 3.852460
v 0.245902 0.000000 3.688526
v 0.245902 0.000000 3.524591
v 0.245902 0.000000 3.360657
v 0.245902 0.000000 3.196722
v 0.245902 0.000000 3.032788
v 0.245902 0.000000 2.868853
v 0.245902 0.000000 2.704919
v 0.245902 0.000000 2.540984
v 0.245902 0.000000 2.377050
v 0.245902 0.000000 2.213115
v 0.245902 0.000000 2.049181
v 0.245902 0.000000 1.885247
v 0.245902 0.000000 1.721312
v 0.245902 0.000000 1.557378
v 0.245902 0.000000 1.393443
v 0.245902 0.000000 1.229509
v 0.245902 0.000000 1.065574
v 0.245902 0.000000 0.901640
v 0.245902 0.000000 0.737705
v 0.245902 0.000000 0.573771
v 0.245902 0.000000 0.409836
v 0.245902 0.000000 0.245902
v 0.245902 0.000000 0.081967
v 0.245902 0.000000 -0.081967
v 0.245902 0.000000 -0.245901
v 0.245902 0.000000 -0.409836
v 0.245902 0.000000 -0.573770
v 0.245902 0.000000 -0.737705
v 0.245902 0.000000 -0.901639
v 0.245902 0.000000 -1.065574
v 0.245902 0.000000 -1.229508
v 0.245902 0.000000 -1.393443
v 0.245902 0.000000 -1.557377
v 0.245902 0.000000 -1.721311
v 0.245902 0.000000 -1.885246
v 0.245902 0.000000 -2.049180
v 0.245902 0.000000 -2.213115
v 0.245902 0.000000 -2.377049
v 0.245902 0.000000 -2.540984
v 0.245902 0.000000 -2.704918
v 0.245902 0.000000 -2.868853
v 0.245789 0.010091 -3.037509
v 0.250112 0.061025 -3.225087
v 0.279091 0.130801 -3.420509
v 0.297630 0.158270 -3.596561
v 0.289616 0.122143 -3.743919
v 0.282097 0.073465 -3.885390
v 0.291608 0.069061 -4.046893
v 0.314969 0.113695 -4.230780
v 0.334352 0.145601 -4.408873
v 0.331677 0.141199 -4.570854
v 0.308353 0.102803 -4.717750
v 0.276000 0.049546 -4.858051
v 0.416129 0.009484 4.831878
v 0.470444 0.091856 4.631558
v 0.506962 0.146925 4.443306
v 0.463779 0.089762 4.304408
v 0.413992 0.007217 4.177117
v 0.409836 0.000000 4.016395
v 0.409836 0.000000 3.852460
v 0.409836 0.000000 3.688526
v 0.409836 0.000000 3.524591
v 0.409836 0.000000 3.360657
v 0.409836 0.000000 3.196722
v 0.409836 0.000000 3.032788
v 0.409836 0.000000 2.868853
v 0.409836 0.000000 2.704919
v 0.409836 0.000000 2.540984
v 0.409836 0.000000 2.377050
v 0.409836 0.000000 2.213115
v 0.409836 0.000000 2.049181
v 0.409836 0.000000 1.885247
v 0.409836 0.000000 1.721312
v 0.409836 0.000000 1.557378
v 0.409836 0.000000 1.393443
v 0.409836 0.000000 1.229509
v 0.409836 0.000000 1.065574
v 0.409836 0.000000 0.901640
v 0.409836 0.000000 0.737705
v 0.409836 0.000000 0.573771
v 0.409836 0.000000 0.409836
v 0.409836 0.000000 0.245902
v 0.409836 0.000000 0.081967
v 0.409836 0.000000 -0.081967
v 0.409836 0.000000 -0.245901
v 0.409836 0.000000 -0.409836
v 0.409836 0.000000 -0.573770
v 0.409836 0.000000 -0.737705
v 0.409836 0.000000 -0.901639
v 0.409836 0.000000 -1.065574
v 0.409836 0.000000 -1.229508
v 0.409836 0.000000 -1.393443
v 0.409836 0.000000 -1.557377
v 0.409836 0.000000 -1.721311
v 0.409836 0.000000 -1.885246
v 0.409836 0.000000 -2.049180
v 0.409836 0.000000 -2.213115
v 0.409836 0.000000 -2.377049
v 0.409836 0.000000 -2.540984
v 0.409836 0.000000 -2.704918
v 0.409817 0.001686 -2.869642
v 0.409865 0.057118 -3.059489
v 0.457410 0.188893 -3.283171
v 0.523889 0.320719 -3.506136
v 0.545892 0.358872 -3.687047
v 0.521670 0.290367 -3.819901
v 0.477213 0.165363 -3.927134
v 0.447283 0.067332 -4.046408
v 0.442076 0.052210 -4.203475
v 0.453141 0.071287 -4.375896
v 0.451459 0.068517 -4.538601
v 0.436979 0.044680 -4.691958
v 0.418543 0.014333 -4.842425
v 0.574808 0.001564 4.835375
v 0.610286 0.055032 4.647832
v 0.635479 0.092999 4.467133
v 0.607775 0.051246 4.321635
v 0.574194 0.000639 4.180047
v 0.573770 0.000000 4.016395
v 0.573770 0.000000 3.852460
v 0.573770 0.000000 3.688526
v 0.573770 0.000000 3.524591
v 0.573770 0.000000 3.360657
v 0.573770 0.000000 3.196722
v 0.573770 0.000000 3.032788
v 0.573770 0.000000 2.868853
v 0.573770 0.000000 2.704919
v 0.573770 0.000000 2.540984
v 0.573770 0.000000 2.377050
v 0.573770 0.000000 2.213115
v 0.573770 0.000000 2.049181
v 0.573770 0.000000 1.885247
v 0.573770 0.000000 1.721312
v 0.573770 0.000000 1.557378
v 0.573770 0.000000 1.393443
v 0.573770 0.000000 1.229509
v 0.573770 0.000000 1.065574
v 0.573770 0.000000 0.901640
v 0.573770 0.000000 0.737705
v 0.573770 0.000000 0.573771
v 0.573770 0.000000 0.409836
v 0.573770 0.000000 0.245902
v 0.573770 0.000000 0.081967
v 0.573770 0.000000 -0.081967
v 0.573770 0.000000 -0.245901
v 0.573770 0.000000 -0.409836
v 0.573770 0.000000 -0.573770
v 0.573770 0.000000 -0.737705
v 0.573770 0.000000 -0.901639
v 0.573770 0.000000 -1.065574
v 0.573770 0.000000 -1.229508
v 0.573770 0.000000 -1.393443
v 0.573770 0.000000 -1.557377
v 0.573770 0.000000 -1.721311
v 0.573770 0.000000 -1.885246
v 0.573770 0.000000 -2.049180
v 0.573770 0.000000 -2.213115
v 0.573770 0.000000 -2.377049
v 0.573770 0.000000 -2.540984
v 0.573770 0.000000 -2.704918
v 0.573621 0.013297 -2.875075
v 0.583575 0.110310 -3.083975
v 0.669452 0.304571 -3.335371
v 0.750690 0.473300 -3.575011
v 0.761327 0.509470 -3.755439
v 0.726875 0.415779 -3.876920
v 0.669796 0.250476 -3.965805
v 0.610727 0.086516 -4.055396
v 0.581003 0.009469 -4.184472
v 0.582332 0.014093 -4.350516
v 0.581653 0.012976 -4.513955
v 0.576532 0.004546 -4.674148
v 0.573771 0.000000 -4.836065
v 0.737705 0.000000 4.836066
v 0.738837 0.001707 4.671378
v 0.744482 0.010213 4.503687
v 0.738479 0.001167 4.343748
v 0.737705 0.000000 4.180329
v 0.737705 0.000000 4.016395
v 0.737705 0.000000 3.852460
v 0.737705 0.000000 3.688526
v 0.737705 0.000000 3.524591
v 0.737705 0.000000 3.360657
v 0.737705 0.000000 3.196722
v 0.737705 0.000000 3.032788
v 0.737705 0.000000 2.868853
v 0.737705 0.000000 2.704919
v 0.737705 0.000000 2.540984
v 0.737705 0.000000 2.377050
v 0.737705 0.000000 2.213115
v 0.737705 0.000000 2.049181
v 0.737705 0.000000 1.885247
v 0.737705 0.000000 1.721312
v 0.737705 0.000000 1.557378
v 0.737705 0.000000 1.393443
v 0.737705 0.000000 1.229509
v 0.737705 0.000000 1.065574
v 0.737705 0.000000 0.901640
v 0.737705 0.000000 0.737705
v 0.737705 0.000000 0.573771
v 0.737705 0.000000 0.409836
v 0.737705 0.000000 0.245902
v 0.737705 0.000000 0.081967
v 0.737705 0.000000 -0.081967
v 0.737705 0.000000 -0.245901
v 0.737705 0.000000 -0.409836
v 0.737705 0.000000 -0.573770
v 0.737705 0.000000 -0.737705
v 0.737705 0.000000 -0.901639
v 0.737705 0.000000 -1.065574
v 0.737705 0.000000 -1.229508
v 0.737705 0.000000 -1.393443
v 0.737705 0.000000 -1.557377
v 0.737705 0.000000 -1.721311
v 0.737705 0.000000 -1.885246
v 0.737705 0.000000 -2.049180
v 0.737705 0.000000 -2.213115
v 0.737705 0.000000 -2.377049
v 0.737705 0.000000 -2.540984
v 0.737705 0.000000 -2.704918
v 0.737512 0.017218 -2.876910
v 0.748982 0.123001 -3.089851
v 0.838170 0.327381 -3.345847
v 0.916296 0.500497 -3.587661
v 0.921064 0.534703 -3.767401
v 0.887824 0.436280 -3.886621
v 0.832948 0.265545 -3.972880
v 0.774061 0.094102 -4.058966
v 0.740486 0.003158 -4.181695
v 0.737705 0.000000 -4.344262
v 0.737705 0.000000 -4.508197
v 0.737705 0.000000 -4.672131
v 0.737705 0.000000 -4.836065
v 0.901639 0.000000 4.836066
v 0.901639 0.000000 4.672132
v 0.901639 0.000000 4.508197
v 0.901639 0.000000 4.344263
v 0.901639 0.000000 4.180329
v 0.901639 0.000000 4.016395
v 0.901639 0.000000 3.852460
v 0.901639 0.000000 3.688526
v 0.901639 0.000000 3.524591
v 0.901639 0.000000 3.360657
v 0.901639 0.000000 3.196722
v 0.901639 0.000000 3.032788
v 0.901639 0.000000 2.868853
v 0.901639 0.000000 2.704919
v 0.901639 0.000000 2.540984
v 0.901639 0.000000 2.377050
v 0.901639 0.000000 2.213115
v 0.901639 0.000000 2.049181
v 0.901639 0.000000 1.885247
v 0.901639 0.000000 1.721312
v 0.901639 0.000000 1.557378
v 0.901639 0.000000 1.393443
v 0.901639 0.000000 1.229509
v 0.901639 0.000000 1.065574
v 0.901639 0.000000 0.901640
v 0.901639 0.000000 0.737705
v 0.901639 0.000000 0.573771
v 0.901639 0.000000 0.409836
v 0.901639 0.000000 0.245902
v 0.901639 0.000000 0.081967
v 0.901639 0.000000 -0.081967
v 0.901639 0.000000 -0.245901
v 0.901639 0.000000 -0.409836
v 0.901639 0.000000 -0.573770
v 0.901639 0.000000 -0.737705
v 0.901639 0.000000 -0.901639
v 0.901639 0.000000 -1.065574
v 0.901639 0.000000 -1.229508
v 0.901639 0.000000 -1.393443
v 0.901639 0.000000 -1.557377
v 0.901639 0.000000 -1.721311
v 0.901639 0.000000 -1.885246
v 0.901639 0.000000 -2.049180
v 0.901639 0.000000 -2.213115
v 0.901639 0.000000 -2.377049
v 0.901639 0.000000 -2.540984
v 0.901639 0.000000 -2.704918
v 0.901553 0.007709 -2.872460
v 0.902533 0.084675 -3.072339
v 0.959057 0.242798 -3.307987
v 1.025218 0.388938 -3.537657
v 1.039518 0.424829 -3.717811
v 1.012973 0.344916 -3.845423
v 0.966072 0.199298 -3.943114
v 0.921151 0.059204 -4.043309
v 0.901713 0.000060 -4.180353
v 0.901640 0.000000 -4.344262
v 0.901640 0.000000 -4.508197
v 0.901640 0.000000 -4.672131
v 0.901640 0.000000 -4.836065
v 1.065574 0.000000 4.836066
v 1.065574 0.000000 4.672132
v 1.065574 0.000000 4.508197
v 1.078779 0.040090 4.326037
v 1.091401 0.078406 4.144683
v 1.078956 0.040625 3.997925
v 1.065574 0.000000 3.852460
v 1.065574 0.000000 3.688526
v 1.065574 0.000000 3.524591
v 1.065574 0.000000 3.360657
v 1.065574 0.000000 3.196722
v 1.065574 0.000000 3.032788
v 1.065574 0.000000 2.868853
v 1.065574 0.000000 2.704919
v 1.065574 0.000000 2.540984
v 1.065574 0.000000 2.377050
v 1.065574 0.000000 2.213115
v 1.065574 0.000000 2.049181
v 1.065574 0.000000 1.885247
v 1.065574 0.000000 1.721312
v 1.065574 0.000000 1.557378
v 1.065574 0.000000 1.393443
v 1.065574 0.000000 1.229509
v 1.065574 0.000000 1.065574
v 1.065574 0.000000 0.901640
v 1.065574 0.000000 0.737705
v 1.065574 0.000000 0.573771
v 1.065574 0.000000 0.409836
v 1.065574 0.000000 0.245902
v 1.065574 0.000000 0.081967
v 1.065574 0.000000 -0.081967
v 1.065574 0.000000 -0.245901
v 1.065574 0.000000 -0.409836
v 1.065574 0.000000 -0.573770
v 1.065574 0.000000 -0.737705
v 1.065574 0.000000 -0.901639
v 1.065574 0.000000 -1.065574
v 1.065574 0.000000 -1.229508
v 1.065574 0.000000 -1.393443
v 1.065574 0.000000 -1.557377
v 1.065574 0.000000 -1.721311
v 1.065574 0.000000 -1.885246
v 1.065574 0.000000 -2.049180
v 1.065574 0.000000 -2.213115
v 1.065574 0.000000 -2.377049
v 1.065574 0.000000 -2.540984
v 1.065574 0.000000 -2.704918
v 1.065574 0.000000 -2.868853
v 1.065209 0.032581 -3.048033
v 1.073411 0.112270 -3.248903
v 1.108124 0.203954 -3.454343
v 1.124814 0.234130 -3.631733
v 1.112517 0.184151 -3.772782
v 1.086462 0.089754 -3.893604
v 1.067493 0.012187 -4.022016
v 1.065574 0.000000 -4.180328
v 1.065574 0.000000 -4.344262
v 1.065574 0.000000 -4.508197
v 1.065574 0.000000 -4.672131
v 1.065574 0.000000 -4.836065
v 1.229508 0.000000 4.836066
v 1.229508 0.000000 4.672132
v 1.234126 0.014018 4.501824
v 1.271453 0.127336 4.286372
v 1.296551 0.203531 4.087797
v 1.271809 0.128418 3.958012
v 1.234326 0.014627 3.845810
v 1.229508 0.000000 3.688526
v 1.229508 0.000000 3.524591
v 1.229508 0.000000 3.360657
v 1.229508 0.000000 3.196722
v 1.229508 0.000000 3.032788
v 1.229508 0.000000 2.868853
v 1.229508 0.000000 2.704919
v 1.229508 0.000000 2.540984
v 1.229508 0.000000 2.377050
v 1.229508 0.000000 2.213115
v 1.229508 0.000000 2.049181
v 1.229508 0.000000 1.885247
v 1.229508 0.000000 1.721312
v 1.229508 0.000000 1.557378
v 1.229508 0.000000 1.393443
v 1.229508 0.000000 1.229509
v 1.229508 0.000000 1.065574
v 1.229508 0.000000 0.901640
v 1.229508 0.000000 0.737705
v 1.229508 0.000000 0.573771
v 1.229508 0.000000 0.409836
v 1.229508 0.000000 0.245902
v 1.229508 0.000000 0.081967
v 1.229508 0.000000 -0.081967
v 1.229508 0.000000 -0.245901
v 1.229508 0.000000 -0.409836
v 1.229508 0.000000 -0.573770
v 1.229508 0.000000 -0.737705
v 1.229508 0.000000 -0.901639
v 1.229508 0.000000 -1.065574
v 1.229508 0.000000 -1.229508
v 1.229508 0.000000 -1.393443
v 1.229508 0.000000 -1.557377
v 1.229508 0.000000 -1.721311
v 1.229508 0.000000 -1.885246
v 1.229508 0.000000 -2.049180
v 1.229508 0.000000 -2.213115
v 1.229508 0.000000 -2.377049
v 1.229508 0.000000 -2.540984
v 1.229508 0.000000 -2.704918
v 1.229508 0.000000 -2.868853
v 1.229504 0.000365 -3.032958
v 1.229245 0.023499 -3.207718
v 1.229059 0.053850 -3.385849
v 1.232238 0.065041 -3.554892
v 1.231382 0.043942 -3.708995
v 1.229393 0.010325 -3.857291
v 1.229508 0.000000 -4.016394
v 1.229508 0.000000 -4.180328
v 1.229508 0.000000 -4.344262
v 1.229508 0.000000 -4.508197
v 1.230508 0.000494 -4.672323
v 1.242910 0.006628 -4.838640
v 1.393443 0.000000 4.836066
v 1.393443 0.000000 4.672132
v 1.397620 0.012681 4.502432
v 1.433791 0.122489 4.288576
v 1.458128 0.196372 4.091052
v 1.434137 0.123542 3.960228
v 1.397810 0.013259 3.846432
v 1.393443 0.000000 3.688526
v 1.393443 0.000000 3.524591
v 1.393443 0.000000 3.360657
v 1.393443 0.000000 3.196722
v 1.393443 0.000000 3.032788
v 1.393443 0.000000 2.868853
v 1.393443 0.000000 2.704919
v 1.393443 0.000000 2.540984
v 1.393443 0.000000 2.377050
v 1.393443 0.000000 2.213115
v 1.393443 0.000000 2.049181
v 1.393443 0.000000 1.885247
v 1.393443 0.000000 1.721312
v 1.393443 0.000000 1.557378
v 1.393443 0.000000 1.393443
v 1.393443 0.000000 1.229509
v 1.393443 0.000000 1.065574
v 1.393443 0.000000 0.901640
v 1.393443 0.000000 0.737705
v 1.393443 0.000000 0.573771
v 1.393443 0.000000 0.409836
v 1.393443 0.000000 0.245902
v 1.393443 0.000000 0.081967
v 1.393443 0.000000 -0.081967
v 1.393443 0.000000 -0.245901
v 1.393443 0.000000 -0.409836
v 1.393443 0.000000 -0.573770
v 1.393443 0.000000 -0.737705
v 1.393443 0.000000 -0.901639
v 1.393443 0.000000 -1.065574
v 1.393443 0.000000 -1.229508
v 1.393443 0.000000 -1.393443
v 1.393443 0.000000 -1.557377
v 1.393443 0.000000 -1.721311
v 1.393443 0.000000 -1.885246
v 1.393443 0.000000 -2.049180
v 1.393443 0.000000 -2.213115
v 1.393443 0.000000 -2.377049
v 1.393443 0.000000 -2.540984
v 1.394017 0.020047 -2.714268
v 1.395929 0.086706 -2.909292
v 1.395505 0.071895 -3.066319
v 1.393580 0.004782 -3.198952
v 1.393441 0.000091 -3.360699
v 1.393435 0.000667 -3.524903
v 1.393443 0.000000 -3.688525
v 1.393443 0.000000 -3.852459
v 1.393443 0.000000 -4.016394
v 1.393443 0.000000 -4.180328
v 1.393443 0.000000 -4.344262
v 1.400001 0.003244 -4.509457
v 1.442163 0.024096 -4.681491
v 1.490223 0.047866 -4.854658
v 1.557377 0.000000 4.836066
v 1.557377 0.000000 4.672132
v 1.557377 0.000000 4.508197
v 1.568304 0.033171 4.329182
v 1.579803 0.068082 4.149377
v 1.568462 0.033653 4.001095
v 1.557377 0.000000 3.852460
v 1.557377 0.000000 3.688526
v 1.557377 0.000000 3.524591
v 1.557377 0.000000 3.360657
v 1.557377 0.000000 3.196722
v 1.557377 0.000000 3.032788
v 1.557377 0.000000 2.868853
v 1.557377 0.000000 2.704919
v 1.557377 0.000000 2.540984
v 1.557377 0.000000 2.377050
v 1.557377 0.000000 2.213115
v 1.557377 0.000000 2.049181
v 1.557377 0.000000 1.885247
v 1.557377 0.000000 1.721312
v 1.557377 0.000000 1.557378
v 1.557377 0.000000 1.393443
v 1.557377 0.000000 1.229509
v 1.557377 0.000000 1.065574
v 1.557377 0.000000 0.901640
v 1.557377 0.000000 0.737705
v 1.557377 0.000000 0.573771
v 1.557377 0.000000 0.409836
v 1.557377 0.000000 0.245902
v 1.557377 0.000000 0.081967
v 1.557377 0.000000 -0.081967
v 1.557377 0.000000 -0.245901
v 1.557377 0.000000 -0.409836
v 1.557377 0.000000 -0.573770
v 1.557377 0.000000 -0.737705
v 1.557377 0.000000 -0.901639
v 1.557377 0.000000 -1.065574
v 1.557377 0.000000 -1.229508
v 1.557377 0.000000 -1.393443
v 1.557377 0.000000 -1.557377
v 1.557377 0.000000 -1.721311
v 1.557377 0.000000 -1.885246
v 1.557377 0.000000 -2.049180
v 1.557377 0.000000 -2.213115
v 1.557377 0.000000 -2.377049
v 1.557377 0.000004 -2.540986
v 1.560413 0.105858 -2.754290
v 1.564572 0.250853 -2.985849
v 1.563690 0.220102 -3.135441
v 1.559115 0.060586 -3.224978
v 1.557377 0.000000 -3.360656
v 1.557241 0.000911 -3.525022
v 1.557259 0.000789 -3.688899
v 1.557377 0.000000 -3.852459
v 1.557377 0.000000 -4.016394
v 1.557377 0.000000 -4.180328
v 1.558108 0.000361 -4.344402
v 1.605023 0.023565 -4.517350
v 1.691508 0.066339 -4.697899
v 1.772472 0.106382 -4.877388
v 1.721311 0.000000 4.836066
v 1.721311 0.000000 4.672132
v 1.721311 0.000000 4.508197
v 1.721311 0.000000 4.344263
v 1.721311 0.000000 4.180329
v 1.721311 0.000000 4.016395
v 1.721311 0.000000 3.852460
v 1.721311 0.000000 3.688526
v 1.721311 0.000000 3.524591
v 1.721311 0.000000 3.360657
v 1.721311 0.000000 3.196722
v 1.721311 0.000000 3.032788
v 1.721311 0.000000 2.868853
v 1.721311 0.000000 2.704919
v 1.721311 0.000000 2.540984
v 1.721311 0.000000 2.377050
v 1.721311 0.000000 2.213115
v 1.721311 0.000000 2.049181
v 1.721311 0.000000 1.885247
v 1.721311 0.000000 1.721312
v 1.721311 0.000000 1.557378
v 1.721311 0.000000 1.393443
v 1.721311 0.000000 1.229509
v 1.721311 0.000000 1.065574
v 1.721311 0.000000 0.901640
v 1.721311 0.000000 0.737705
v 1.721311 0.000000 0.573771
v 1.721311 0.000000 0.409836
v 1.721311 0.000000 0.245902
v 1.721311 0.000000 0.081967
v 1.721311 0.000000 -0.081967
v 1.721311 0.000000 -0.245901
v 1.721311 0.000000 -0.409836
v 1.721311 0.000000 -0.573770
v 1.721311 0.000000 -0.737705
v 1.721311 0.000000 -0.901639
v 1.721311 0.000000 -1.065574
v 1.721311 0.000000 -1.229508
v 1.721311 0.000000 -1.393443
v 1.721311 0.000000 -1.557377
v 1.721311 0.000000 -1.721311
v 1.721311 0.000000 -1.885246
v 1.721311 0.000000 -2.049180
v 1.721311 0.000000 -2.213115
v 1.721311 0.000000 -2.377049
v 1.721312 0.000031 -2.540998
v 1.724425 0.108573 -2.755556
v 1.728651 0.255889 -2.988198
v 1.727753 0.224581 -3.137530
v 1.722290 0.065596 -3.227350
v 1.716796 0.030146 -3.374926
v 1.713692 0.050874 -3.548673
v 1.713845 0.049853 -3.712124
v 1.717136 0.027881 -3.865657
v 1.720763 0.003663 -4.018128
v 1.721312 0.000000 -4.180328
v 1.733128 0.005844 -4.346532
v 1.814951 0.046313 -4.526186
v 1.933836 0.105111 -4.712959
v 2.041516 0.158368 -4.897580
v 1.885246 0.000000 4.836066
v 1.885246 0.000000 4.672132
v 1.886227 0.013909 4.501733
v 1.887036 0.025372 4.332471
v 1.885385 0.001970 4.179413
v 1.885246 0.000000 4.016395
v 1.885246 0.000000 3.852460
v 1.885246 0.000000 3.688526
v 1.885246 0.000000 3.524591
v 1.885246 0.000000 3.360657
v 1.885246 0.000000 3.196722
v 1.885246 0.000000 3.032788
v 1.885246 0.000000 2.868853
v 1.885246 0.000000 2.704919
v 1.885246 0.000000 2.540984
v 1.885246 0.000000 2.377050
v 1.885246 0.000000 2.213115
v 1.885246 0.000000 2.049181
v 1.885246 0.000000 1.885247
v 1.885246 0.000000 1.721312
v 1.885246 0.000000 1.557378
v 1.885246 0.000000 1.393443
v 1.885246 0.000000 1.229509
v 1.885246 0.000000 1.065574
v 1.885246 0.000000 0.901640
v 1.885246 0.000000 0.737705
v 1.885246 0.000000 0.573771
v 1.885246 0.000000 0.409836
v 1.885246 0.000000 0.245902
v 1.885246 0.000000 0.081967
v 1.885246 0.000000 -0.081967
v 1.885246 0.000000 -0.245901
v 1.885246 0.000000 -0.409836
v 1.885246 0.000000 -0.573770
v 1.885246 0.000000 -0.737705
v 1.885246 0.000000 -0.901639
v 1.885246 0.000000 -1.065574
v 1.885246 0.000000 -1.229508
v 1.885246 0.000000 -1.393443
v 1.885246 0.000000 -1.557377
v 1.885246 0.000000 -1.721311
v 1.885246 0.000000 -1.885246
v 1.885246 0.000000 -2.049180
v 1.885246 0.000000 -2.213115
v 1.885246 0.000000 -2.377049
v 1.885246 0.000000 -2.540984
v 1.885916 0.023367 -2.715816
v 1.887944 0.094053 -2.912718
v 1.886969 0.081765 -3.070946
v 1.878390 0.048275 -3.219559
v 1.869421 0.105656 -3.410671
v 1.863399 0.145864 -3.593639
v 1.863686 0.143951 -3.756667
v 1.870117 0.101013 -3.900276
v 1.879038 0.041452 -4.036016
v 1.884953 0.001961 -4.181256
v 1.904582 0.009563 -4.347977
v 2.000101 0.056805 -4.530262
v 2.132387 0.122232 -4.719610
v 2.252576 0.181676 -4.906633
v 2.049180 0.000000 4.836066
v 2.050513 0.018886 4.663354
v 2.057832 0.122642 4.451199
v 2.060431 0.159470 4.270149
v 2.054169 0.070713 4.147465
v 2.049180 0.000000 4.016395
v 2.049180 0.000000 3.852460
v 2.049180 0.000000 3.688526
v 2.049180 0.000000 3.524591
v 2.049180 0.000000 3.360657
v 2.049180 0.000000 3.196722
v 2.049180 0.000000 3.032788
v 2.049180 0.000000 2.868853
v 2.049180 0.000000 2.704919
v 2.049180 0.000000 2.540984
v 2.049180 0.000000 2.377050
v 2.049180 0.000000 2.213115
v 2.049180 0.000000 2.049181
v 2.049180 0.000000 1.885247
v 2.049180 0.000000 1.721312
v 2.049180 0.000000 1.557378
v 2.049180 0.000000 1.393443
v 2.049180 0.000000 1.229509
v 2.049180 0.000000 1.065574
v 2.049180 0.000000 0.901640
v 2.049180 0.000000 0.737705
v 2.049180 0.000000 0.573771
v 2.049180 0.000000 0.409836
v 2.049180 0.000000 0.245902
v 2.049180 0.000000 0.081967
v 2.049180 0.000000 -0.081967
v 2.049180 0.000000 -0.245901
v 2.049180 0.000000 -0.409836
v 2.049180 0.000000 -0.573770
v 2.049180 0.000000 -0.737705
v 2.049180 0.000000 -0.901639
v 2.049180 0.000000 -1.065574
v 2.049180 0.000000 -1.229508
v 2.049180 0.000000 -1.393443
v 2.049180 0.000000 -1.557377
v 2.049180 0.000000 -1.721311
v 2.049180 0.000000 -1.885246
v 2.049180 0.000000 -2.049180
v 2.049180 0.000000 -2.213115
v 2.049180 0.000000 -2.377049
v 2.049180 0.000000 -2.540984
v 2.049180 0.000000 -2.704918
v 2.049180 0.000000 -2.868853
v 2.045878 0.022046 -3.043223
v 2.034660 0.096949 -3.242615
v 2.021591 0.184204 -3.447853
v 2.012912 0.242150 -3.639218
v 2.013329 0.239368 -3.801835
v 2.022591 0.177530 -3.936497
v 2.035749 0.089673 -4.058842
v 2.046525 0.017733 -4.188722
v 2.062763 0.006718 -4.346871
v 2.148082 0.048916 -4.527197
v 2.270344 0.109384 -4.714619
v 2.381056 0.164140 -4.899822
v 2.213115 0.000000 4.836066
v 2.215918 0.039735 4.653665
v 2.225782 0.179557 4.424747
v 2.229330 0.229852 4.237438
v 2.220956 0.111143 4.128675
v 2.213285 0.002413 4.015273
v 2.213115 0.000000 3.852460
v 2.213115 0.000000 3.688526
v 2.213115 0.000000 3.524591
v 2.213115 0.000000 3.360657
v 2.213115 0.000000 3.196722
v 2.213115 0.000000 3.032788
v 2.213115 0.000000 2.868853
v 2.213115 0.000000 2.704919
v 2.213115 0.000000 2.540984
v 2.213115 0.000000 2.377050
v 2.213115 0.000000 2.213115
v 2.213115 0.000000 2.049181
v 2.213115 0.000000 1.885247
v 2.213115 0.000000 1.721312
v 2.213115 0.000000 1.557378
v 2.213115 0.000000 1.393443
v 2.213115 0.000000 1.229509
v 2.213115 0.000000 1.065574
v 2.213115 0.000000 0.901640
v 2.213115 0.000000 0.737705
v 2.213115 0.000000 0.573771
v 2.213115 0.000000 0.409836
v 2.213115 0.000000 0.245902
v 2.213115 0.000000 0.081967
v 2.213115 0.000000 -0.081967
v 2.213115 0.000000 -0.245901
v 2.213115 0.000000 -0.409836
v 2.213115 0.000000 -0.573770
v 2.213115 0.000000 -0.737705
v 2.213115 0.000000 -0.901639
v 2.213115 0.000000 -1.065574
v 2.213115 0.000000 -1.229508
v 2.213115 0.000000 -1.393443
v 2.213115 0.000000 -1.557377
v 2.213115 0.000000 -1.721311
v 2.213115 0.000000 -1.885246
v 2.213115 0.000000 -2.049180
v 2.213115 0.000000 -2.213115
v 2.213115 0.000000 -2.377049
v 2.213115 0.000000 -2.540984
v 2.213115 0.000000 -2.704918
v 2.213115 0.000000 -2.868853
v 2.207876 0.034977 -3.049344
v 2.194390 0.125020 -3.255903
v 2.179165 0.226673 -3.467957
v 2.168753 0.296191 -3.664799
v 2.169275 0.292707 -3.827085
v 2.180335 0.218858 -3.956061
v 2.195665 0.116505 -4.071544
v 2.208713 0.029392 -4.194241
v 2.214907 0.000886 -4.344606
v 2.268168 0.027228 -4.518773
v 2.360393 0.072842 -4.700425
v 2.445860 0.115112 -4.880778
v 2.377049 0.000000 4.836066
v 2.377774 0.010275 4.667356
v 2.383780 0.095405 4.463858
v 2.388470 0.127124 4.285277
v 2.380689 0.051600 4.156347
v 2.377049 0.000000 4.016395
v 2.377049 0.000000 3.852460
v 2.377049 0.000000 3.688526
v 2.377049 0.000000 3.524591
v 2.377049 0.000000 3.360657
v 2.377049 0.000000 3.196722
v 2.377049 0.000000 3.032788
v 2.377049 0.000000 2.868853
v 2.377049 0.000000 2.704919
v 2.377049 0.000000 2.540984
v 2.377049 0.000000 2.377050
v 2.377049 0.000000 2.213115
v 2.377049 0.000000 2.049181
v 2.377049 0.000000 1.885247
v 2.377049 0.000000 1.721312
v 2.377049 0.000000 1.557378
v 2.377049 0.000000 1.393443
v 2.377049 0.000000 1.229509
v 2.377049 0.000000 1.065574
v 2.377049 0.000000 0.901640
v 2.377049 0.000000 0.737705
v 2.377049 0.000000 0.573771
v 2.377049 0.000000 0.409836
v 2.377049 0.000000 0.245902
v 2.377049 0.000000 0.081967
v 2.377049 0.000000 -0.081967
v 2.377049 0.000000 -0.245901
v 2.377049 0.000000 -0.409836
v 2.377049 0.000000 -0.573770
v 2.377049 0.000000 -0.737705
v 2.377049 0.000000 -0.901639
v 2.377049 0.000000 -1.065574
v 2.377049 0.000000 -1.229508
v 2.377049 0.000000 -1.393443
v 2.377049 0.000000 -1.557377
v 2.377049 0.000000 -1.721311
v 2.377049 0.000000 -1.885246
v 2.377049 0.000000 -2.049180
v 2.377049 0.000000 -2.213115
v 2.377049 0.000000 -2.377049
v 2.377049 0.000000 -2.540984
v 2.377049 0.000000 -2.704918
v 2.377049 0.000000 -2.868853
v 2.372612 0.029624 -3.046810
v 2.360019 0.113703 -3.250545
v 2.345666 0.209532 -3.459843
v 2.336020 0.273938 -3.654265
v 2.336491 0.270797 -3.816713
v 2.346766 0.202190 -3.948171
v 2.361221 0.105679 -4.066419
v 2.373374 0.024536 -4.191943
v 2.377049 0.000000 -4.344262
v 2.387939 0.005386 -4.510289
v 2.437234 0.029766 -4.683693
v 2.490421 0.056071 -4.857845
v 2.540984 0.000000 4.836066
v 2.541907 0.001072 4.671667
v 2.597745 0.065868 4.479623
v 2.636127 0.110409 4.296367
v 2.589780 0.056625 4.155764
v 2.540984 0.000000 4.016395
v 2.540984 0.000000 3.852460
v 2.540984 0.000000 3.688526
v 2.540984 0.000000 3.524591
v 2.540984 0.000000 3.360657
v 2.540984 0.000000 3.196722
v 2.540984 0.000000 3.032788
v 2.540984 0.000000 2.868853
v 2.540984 0.000000 2.704919
v 2.540984 0.000000 2.540984
v 2.540984 0.000000 2.377050
v 2.540984 0.000000 2.213115
v 2.540984 0.000000 2.049181
v 2.540984 0.000000 1.885247
v 2.540984 0.000000 1.721312
v 2.540984 0.000000 1.557378
v 2.540984 0.000000 1.393443
v 2.540984 0.000000 1.229509
v 2.540984 0.000000 1.065574
v 2.540984 0.000000 0.901640
v 2.540984 0.000000 0.737705
v 2.540984 0.000000 0.573771
v 2.540984 0.000000 0.409836
v 2.540984 0.000000 0.245902
v 2.540984 0.000000 0.081967
v 2.540984 0.000000 -0.081967
v 2.540984 0.000000 -0.245901
v 2.540984 0.000000 -0.409836
v 2.540984 0.000000 -0.573770
v 2.540984 0.000000 -0.737705
v 2.540984 0.000000 -0.901639
v 2.540984 0.000000 -1.065574
v 2.540984 0.000000 -1.229508
v 2.540984 0.000000 -1.393443
v 2.540984 0.000000 -1.557377
v 2.540984 0.000000 -1.721311
v 2.540984 0.000000 -1.885246
v 2.540984 0.000000 -2.049180
v 2.540984 0.000000 -2.213115
v 2.540984 0.000000 -2.377049
v 2.540984 0.000000 -2.540984
v 2.540984 0.000000 -2.704918
v 2.540984 0.000000 -2.868853
v 2.539339 0.010983 -3.037986
v 2.530543 0.069709 -3.229720
v 2.519617 0.142658 -3.428187
v 2.512363 0.191091 -3.615048
v 2.512708 0.188786 -3.777891
v 2.520457 0.137049 -3.917335
v 2.531439 0.063726 -4.046560
v 2.539777 0.008057 -4.184142
v 2.540984 0.000000 -4.344262
v 2.540988 0.000006 -4.508200
v 2.545216 0.002437 -4.673105
v 2.563009 0.011208 -4.840444
v 2.704918 0.000000 4.836066
v 2.722500 0.020403 4.663280
v 2.832249 0.147760 4.444098
v 2.898281 0.224386 4.246922
v 2.818775 0.132125 4.123012
v 2.714976 0.011672 4.011331
v 2.704918 0.000000 3.852460
v 2.704918 0.000000 3.688526
v 2.704918 0.000000 3.524591
v 2.704918 0.000000 3.360657
v 2.704918 0.000000 3.196722
v 2.704918 0.000000 3.032788
v 2.704918 0.000000 2.868853
v 2.704918 0.000000 2.704919
v 2.704918 0.000000 2.540984
v 2.704918 0.000000 2.377050
v 2.704918 0.000000 2.213115
v 2.704918 0.000000 2.049181
v 2.704918 0.000000 1.885247
v 2.704918 0.000000 1.721312
v 2.704918 0.000000 1.557378
v 2.704918 0.000000 1.393443
v 2.704918 0.000000 1.229509
v 2.704918 0.000000 1.065574
v 2.704918 0.000000 0.901640
v 2.704918 0.000000 0.737705
v 2.704918 0.000000 0.573771
v 2.704918 0.000000 0.409836
v 2.704918 0.000000 0.245902
v 2.704918 0.000000 0.081967
v 2.704918 0.000000 -0.081967
v 2.704918 0.000000 -0.245901
v 2.704918 0.000000 -0.409836
v 2.704918 0.000000 -0.573770
v 2.704918 0.000000 -0.737705
v 2.704918 0.000000 -0.901639
v 2.704918 0.000000 -1.065574
v 2.704918 0.000000 -1.229508
v 2.704918 0.000000 -1.393443
v 2.704918 0.000000 -1.557377
v 2.704918 0.000000 -1.721311
v 2.704918 0.000000 -1.885246
v 2.704918 0.000000 -2.049180
v 2.704918 0.000000 -2.213115
v 2.704918 0.000000 -2.377049
v 2.704918 0.000000 -2.540984
v 2.704918 0.000000 -2.704918
v 2.704918 0.000000 -2.868853
v 2.704918 0.000000 -3.032787
v 2.701965 0.019717 -3.206055
v 2.695838 0.060627 -3.389355
v 2.691419 0.090128 -3.567255
v 2.691632 0.088709 -3.730517
v 2.696339 0.057280 -3.879574
v 2.702406 0.016771 -4.024333
v 2.704923 0.000007 -4.180331
v 2.710129 0.007744 -4.347679
v 2.720429 0.022291 -4.518012
v 2.726839 0.030810 -4.685678
v 2.721394 0.023253 -4.846292
v 2.868853 0.000000 4.836066
v 2.877761 0.010338 4.667647
v 2.965921 0.112642 4.459332
v 3.019188 0.174456 4.268583
v 2.954761 0.099692 4.137082
v 2.872785 0.004563 4.014415
v 2.868853 0.000000 3.852460
v 2.868853 0.000000 3.688526
v 2.868853 0.000000 3.524591
v 2.868853 0.000000 3.360657
v 2.868853 0.000000 3.196722
v 2.868853 0.000000 3.032788
v 2.868853 0.000000 2.868853
v 2.868853 0.000000 2.704919
v 2.868853 0.000000 2.540984
v 2.868853 0.000000 2.377050
v 2.868853 0.000000 2.213115
v 2.868853 0.000000 2.049181
v 2.868853 0.000000 1.885247
v 2.868853 0.000000 1.721312
v 2.868853 0.000000 1.557378
v 2.868853 0.000000 1.393443
v 2.868853 0.000000 1.229509
v 2.868853 0.000000 1.065574
v 2.868853 0.000000 0.901640
v 2.868853 0.000000 0.737705
v 2.868853 0.000000 0.573771
v 2.868853 0.000000 0.409836
v 2.868853 0.000000 0.245902
v 2.868853 0.000000 0.081967
v 2.868853 0.000000 -0.081967
v 2.868853 0.000000 -0.245901
v 2.868853 0.000000 -0.409836
v 2.868853 0.000000 -0.573770
v 2.868853 0.000000 -0.737705
v 2.868853 0.000000 -0.901639
v 2.868853 0.000000 -1.065574
v 2.868853 0.000000 -1.229508
v 2.868853 0.000000 -1.393443
v 2.868853 0.000000 -1.557377
v 2.868853 0.000000 -1.721311
v 2.868853 0.000000 -1.885246
v 2.868853 0.000000 -2.049180
v 2.868853 0.000000 -2.213115
v 2.868853 0.000000 -2.377049
v 2.868853 0.000000 -2.540984
v 2.868853 0.000000 -2.704918
v 2.868853 0.000000 -2.868853
v 2.868853 0.000000 -3.032787
v 2.868853 0.000000 -3.196722
v 2.868079 0.005162 -3.363100
v 2.866643 0.014755 -3.531575
v 2.866721 0.014233 -3.695262
v 2.868211 0.004287 -3.854489
v 2.868853 0.000000 -4.016394
v 2.876831 0.011653 -4.185464
v 2.909931 0.055874 -4.368777
v 2.948806 0.106794 -4.554997
v 2.966195 0.128957 -4.728612
v 2.951207 0.108514 -4.883576
v 3.032787 0.000000 4.836066
v 3.032787 0.000000 4.672132
v 3.046965 0.016452 4.501060
v 3.066432 0.039042 4.327326
v 3.043389 0.012303 4.174992
v 3.032787 0.000000 4.016395
v 3.032787 0.000000 3.852460
v 3.032787 0.000000 3.688526
v 3.032787 0.000000 3.524591
v 3.032787 0.000000 3.360657
v 3.032787 0.000000 3.196722
v 3.032787 0.000000 3.032788
v 3.032787 0.000000 2.868853
v 3.032787 0.000000 2.704919
v 3.032787 0.000000 2.540984
v 3.032787 0.000000 2.377050
v 3.032787 0.000000 2.213115
v 3.032787 0.000000 2.049181
v 3.032787 0.000000 1.885247
v 3.032787 0.000000 1.721312
v 3.032787 0.000000 1.557378
v 3.032787 0.000000 1.393443
v 3.032787 0.000000 1.229509
v 3.032787 0.000000 1.065574
v 3.032787 0.000000 0.901640
v 3.032787 0.000000 0.737705
v 3.032787 0.000000 0.573771
v 3.032787 0.000000 0.409836
v 3.032787 0.000000 0.245902
v 3.032787 0.000000 0.081967
v 3.032787 0.000000 -0.081967
v 3.032787 0.000000 -0.245901
v 3.032787 0.000000 -0.409836
v 3.032787 0.000000 -0.573770
v 3.032787 0.000000 -0.737705
v 3.032787 0.000000 -0.901639
v 3.032787 0.000000 -1.065574
v 3.032787 0.000000 -1.229508
v 3.032787 0.000000 -1.393443
v 3.032787 0.000000 -1.557377
v 3.032787 0.000000 -1.721311
v 3.032787 0.000000 -1.885246
v 3.032787 0.000000 -2.049180
v 3.032787 0.000000 -2.213115
v 3.032787 0.000000 -2.377049
v 3.032787 0.000000 -2.540984
v 3.032787 0.000000 -2.704918
v 3.032787 0.000000 -2.868853
v 3.032787 0.000000 -3.032787
v 3.032787 0.000000 -3.196722
v 3.032787 0.000000 -3.360656
v 3.032787 0.000000 -3.524590
v 3.032787 0.000000 -3.688525
v 3.032787 0.000000 -3.852459
v 3.034605 0.002702 -4.017586
v 3.068737 0.048100 -4.201409
v 3.136580 0.136280 -4.403915
v 3.200232 0.218307 -4.603709
v 3.224551 0.248149 -4.780643
v 3.198600 0.212695 -4.929017
v 3.196722 0.000000 4.836066
v 3.196722 0.000000 4.672132
v 3.196722 0.000000 4.508197
v 3.196722 0.000000 4.344263
v 3.196722 0.000000 4.180329
v 3.196722 0.000000 4.016395
v 3.196722 0.000000 3.852460
v 3.196722 0.000000 3.688526
v 3.196722 0.000000 3.524591
v 3.196722 0.000000 3.360657
v 3.196722 0.000000 3.196722
v 3.196722 0.000000 3.032788
v 3.196722 0.000000 2.868853
v 3.196722 0.000000 2.704919
v 3.196722 0.000000 2.540984
v 3.196722 0.000000 2.377050
v 3.196722 0.000000 2.213115
v 3.196722 0.000000 2.049181
v 3.196722 0.000000 1.885247
v 3.196722 0.000000 1.721312
v 3.196722 0.000000 1.557378
v 3.196722 0.000000 1.393443
v 3.196722 0.000000 1.229509
v 3.199750 0.001810 1.064846
v 3.225585 0.017254 0.894702
v 3.230864 0.020410 0.729499
v 3.206326 0.005741 0.571462
v 3.196722 0.000000 0.409836
v 3.196722 0.000000 0.245902
v 3.196722 0.000000 0.081967
v 3.196722 0.000000 -0.081967
v 3.196722 0.000000 -0.245901
v 3.196722 0.000000 -0.409836
v 3.196722 0.000000 -0.573770
v 3.196722 0.000000 -0.737705
v 3.196722 0.000000 -0.901639
v 3.196722 0.000000 -1.065574
v 3.196722 0.000000 -1.229508
v 3.196722 0.000000 -1.393443
v 3.196722 0.000000 -1.557377
v 3.196722 0.000000 -1.721311
v 3.196722 0.000000 -1.885246
v 3.197775 0.004354 -2.051174
v 3.198544 0.007529 -2.216563
v 3.197264 0.002243 -2.378077
v 3.196722 0.000000 -2.540984
v 3.196722 0.000000 -2.704918
v 3.196722 0.000000 -2.868853
v 3.196722 0.000000 -3.032787
v 3.196722 0.000000 -3.196722
v 3.196722 0.000000 -3.360656
v 3.196722 0.000000 -3.524590
v 3.196722 0.000000 -3.688525
v 3.196722 0.000000 -3.852459
v 3.204027 0.009919 -4.020746
v 3.261600 0.083908 -4.217019
v 3.348824 0.195088 -4.429519
v 3.422055 0.286557 -4.633352
v 3.445533 0.312711 -4.808595
v 3.414025 0.270238 -4.953906
v 3.360656 0.000000 4.836066
v 3.360656 0.000000 4.672132
v 3.360656 0.000000 4.508197
v 3.360656 0.000000 4.344263
v 3.374154 0.016438 4.173172
v 3.402105 0.050478 3.994417
v 3.392266 0.038495 3.835700
v 3.362675 0.002459 3.687455
v 3.360656 0.000000 3.524591
v 3.365391 0.004235 3.358862
v 3.365520 0.004350 3.194879
v 3.360660 0.000005 3.032785
v 3.360706 0.000064 2.868825
v 3.360656 0.000000 2.704919
v 3.360656 0.000000 2.540984
v 3.360656 0.000000 2.377050
v 3.360656 0.000000 2.213115
v 3.360656 0.000000 2.049181
v 3.360656 0.000000 1.885247
v 3.360656 0.000000 1.721312
v 3.360656 0.000000 1.557378
v 3.360656 0.000000 1.393443
v 3.363771 0.001862 1.228760
v 3.436666 0.045438 1.047305
v 3.523298 0.097225 0.862547
v 3.537202 0.105537 0.695271
v 3.464960 0.062351 0.548700
v 3.376996 0.009768 0.405909
v 3.360656 0.000000 0.245902
v 3.360656 0.000000 0.081967
v 3.360656 0.000000 -0.081967
v 3.360656 0.000000 -0.245901
v 3.360656 0.000000 -0.409836
v 3.360656 0.000000 -0.573770
v 3.360656 0.000000 -0.737705
v 3.360656 0.000000 -0.901639
v 3.360656 0.000000 -1.065574
v 3.360656 0.000000 -1.229508
v 3.360656 0.000000 -1.393443
v 3.360656 0.000000 -1.557377
v 3.360949 0.001209 -1.721865
v 3.368324 0.031683 -1.899758
v 3.377590 0.069971 -2.081230
v 3.380640 0.082572 -2.250937
v 3.375084 0.059617 -2.404357
v 3.365343 0.019368 -2.549855
v 3.360656 0.000000 -2.704918
v 3.360656 0.000000 -2.868853
v 3.360656 0.000000 -3.032787
v 3.360656 0.000000 -3.196722
v 3.360656 0.000000 -3.360656
v 3.360656 0.000000 -3.524590
v 3.360656 0.000000 -3.688525
v 3.360767 0.000311 -3.852600
v 3.370749 0.012914 -4.022036
v 3.433318 0.091428 -4.220230
v 3.525884 0.203204 -4.432800
v 3.604660 0.291663 -4.635009
v 3.623679 0.310763 -4.807129
v 3.585565 0.266667 -4.951939
v 3.524590 0.000000 4.836066
v 3.524590 0.000000 4.672132
v 3.524590 0.000000 4.508197
v 3.526130 0.001874 4.343447
v 3.580407 0.067975 4.150733
v 3.655843 0.159584 3.946921
v 3.630315 0.128579 3.796484
v 3.549659 0.030529 3.675234
v 3.548231 0.021143 3.515631
v 3.595094 0.063054 3.333936
v 3.615103 0.085949 3.160080
v 3.603478 0.089841 2.993872
v 3.578172 0.068199 2.839065
v 3.541728 0.021812 2.695392
v 3.524590 0.000000 2.540984
v 3.524590 0.000000 2.377050
v 3.524590 0.000000 2.213115
v 3.524590 0.000000 2.049181
v 3.524590 0.000000 1.885247
v 3.524590 0.000000 1.721312
v 3.524590 0.000000 1.557378
v 3.524590 0.000000 1.393443
v 3.554013 0.017588 1.222437
v 3.687979 0.097672 1.026302
v 3.822218 0.177918 0.830102
v 3.844113 0.191006 0.660905
v 3.732146 0.124074 0.523883
v 3.585586 0.036462 0.395176
v 3.524590 0.000000 0.245902
v 3.530879 0.011324 0.076919
v 3.540027 0.027796 -0.094358
v 3.539748 0.027294 -0.258069
v 3.530374 0.010414 -0.414478
v 3.524590 0.000000 -0.573770
v 3.524590 0.000000 -0.737705
v 3.524590 0.000000 -0.901639
v 3.524590 0.000000 -1.065574
v 3.524590 0.000000 -1.229508
v 3.524590 0.000000 -1.393443
v 3.524643 0.002823 -1.558695
v 3.531525 0.038568 -1.739071
v 3.549506 0.113156 -1.937174
v 3.566147 0.172844 -2.128362
v 3.571408 0.193449 -2.301724
v 3.561725 0.153440 -2.447332
v 3.543262 0.077149 -2.576322
v 3.527471 0.011903 -2.710370
v 3.524590 0.000000 -2.868853
v 3.524590 0.000000 -3.032787
v 3.524590 0.000000 -3.196722
v 3.524590 0.000000 -3.360656
v 3.526810 0.006213 -3.527409
v 3.532423 0.021926 -3.698469
v 3.535703 0.031106 -3.866567
v 3.540558 0.034911 -4.032090
v 3.591172 0.089304 -4.219474
v 3.684041 0.180773 -4.422539
v 3.761262 0.259318 -4.620174
v 3.778548 0.276501 -4.791466
v 3.738773 0.235484 -4.937779
v 3.688525 0.000000 4.836066
v 3.688525 0.000000 4.672132
v 3.688525 0.000000 4.508197
v 3.690512 0.002420 4.343209
v 3.765707 0.093724 4.139531
v 3.910945 0.269343 3.899173
v 3.883668 0.236222 3.749656
v 3.743910 0.066676 3.659520
v 3.748636 0.053759 3.501809
v 3.826588 0.123814 3.308172
v 3.877543 0.191155 3.114748
v 3.837504 0.184073 2.952559
v 3.827867 0.177355 2.791388
v 3.755709 0.085512 2.667569
v 3.691600 0.003914 2.539275
v 3.688525 0.000000 2.377050
v 3.688525 0.000000 2.213115
v 3.691508 0.004297 2.047289
v 3.700008 0.016540 1.877963
v 3.695786 0.010458 1.716707
v 3.688525 0.000000 1.557378
v 3.688814 0.000584 1.393181
v 3.726534 0.026921 1.218409
v 3.874200 0.121749 1.015917
v 4.009301 0.191755 0.824538
v 4.033072 0.205965 0.654890
v 3.913377 0.134414 0.519725
v 3.757813 0.041420 0.393182
v 3.695713 0.012943 0.240132
v 3.720314 0.057241 0.056450
v 3.740666 0.093887 -0.123821
v 3.740084 0.092840 -0.287289
v 3.719053 0.054970 -0.434341
v 3.694819 0.011334 -0.578823
v 3.688545 0.000069 -0.737736
v 3.690297 0.006031 -0.904389
v 3.691675 0.010722 -1.070463
v 3.690589 0.007027 -1.232712
v 3.688795 0.008496 -1.397404
v 3.689400 0.033084 -1.572810
v 3.703667 0.115048 -1.774506
v 3.728407 0.209816 -1.981779
v 3.750275 0.266925 -2.171557
v 3.757362 0.284433 -2.343399
v 3.744088 0.229585 -2.482210
v 3.719387 0.127519 -2.599394
v 3.696500 0.032953 -2.720012
v 3.688525 0.000000 -2.868853
v 3.688525 0.000000 -3.032787
v 3.688525 0.000000 -3.196722
v 3.691170 0.007403 -3.364014
v 3.702665 0.039994 -3.542735
v 3.715246 0.074800 -3.722450
v 3.721645 0.092711 -3.894507
v 3.719791 0.084612 -4.054728
v 3.758424 0.105805 -4.227059
v 3.832142 0.155771 -4.411470
v 3.897765 0.206939 -4.596760
v 3.916278 0.225431 -4.768615
v 3.878925 0.190146 -4.917514
v 3.852459 0.000000 4.836066
v 3.852459 0.000000 4.672132
v 3.852459 0.000000 4.508197
v 3.852459 0.000000 4.344263
v 3.907281 0.069175 4.150133
v 4.050992 0.288951 3.889071
v 4.061424 0.251969 3.742835
v 3.941412 0.106982 3.641989
v 3.906486 0.049193 3.503706
v 3.975271 0.110749 3.313684
v 4.000537 0.158760 3.128292
v 4.006652 0.196258 2.947066
v 4.012708 0.204698 2.779422
v 3.931771 0.100948 2.660826
v 3.862565 0.021055 2.531536
v 3.871095 0.048268 2.355213
v 3.874778 0.051146 2.190077
v 3.898993 0.070598 2.017996
v 3.924236 0.103386 1.839720
v 3.911420 0.084925 1.683915
v 3.878875 0.042342 1.538615
v 3.874365 0.044298 1.373590
v 3.889265 0.059844 1.202970
v 3.981825 0.110593 1.018930
v 4.064124 0.129875 0.849200
v 4.078242 0.134970 0.683436
v 3.992509 0.083720 0.540109
v 3.882891 0.018196 0.402520
v 3.870862 0.033137 0.231130
v 3.907594 0.099279 0.037710
v 3.936870 0.151994 -0.149725
v 3.936009 0.150445 -0.312969
v 3.905794 0.096038 -0.452649
v 3.869371 0.030494 -0.587365
v 3.857031 0.015559 -0.744800
v 3.864242 0.040105 -0.919927
v 3.867868 0.052447 -1.089491
v 3.865131 0.046860 -1.250920
v 3.858618 0.051348 -1.417208
v 3.854462 0.073829 -1.591815
v 3.869852 0.171712 -1.800909
v 3.895469 0.259231 -2.004758
v 3.917935 0.296988 -2.185466
v 3.925245 0.301183 -2.351076
v 3.911144 0.242483 -2.488119
v 3.885376 0.136009 -2.603282
v 3.861388 0.036891 -2.721816
v 3.852459 0.000000 -2.868853
v 3.852459 0.000000 -3.032787
v 3.852552 0.012327 -3.202481
v 3.863751 0.064341 -3.390295
v 3.883881 0.129335 -3.583827
v 3.901446 0.167986 -3.765144
v 3.909056 0.168370 -3.928961
v 3.917277 0.153677 -4.085704
v 3.937671 0.137456 -4.241257
v 3.981297 0.138772 -4.404101
v 4.027562 0.155092 -4.573856
v 4.046445 0.170617 -4.744310
v 4.014532 0.142822 -4.896498
v 4.016394 0.000000 4.836066
v 4.016394 0.000000 4.672132
v 4.016394 0.000000 4.508197
v 4.016346 0.000634 4.343965
v 4.043386 0.147517 4.112418
v 4.139011 0.347964 3.858512
v 4.184435 0.241974 3.745906
v 4.108146 0.110387 3.640507
v 4.031518 0.015015 3.518163
v 4.059938 0.038944 3.344153
v 4.076127 0.065150 3.168600
v 4.102557 0.111316 2.984116
v 4.115320 0.149096 2.803018
v 4.062893 0.084234 2.667357
v 4.055779 0.104498 2.493670
v 4.082915 0.172296 2.299101
v 4.101737 0.194492 2.125526
v 4.118025 0.164006 1.976481
v 4.147316 0.188579 1.802204
v 4.129363 0.164311 1.648913
v 4.082931 0.112226 1.507513
v 4.072608 0.113678 1.342496
v 4.077307 0.123179 1.174303
v 4.072621 0.089243 1.026051
v 4.087542 0.055199 0.878616
v 4.086583 0.041958 0.720835
v 4.047110 0.018362 0.566388
v 4.016432 0.000068 0.409806
v 4.036067 0.035426 0.230109
v 4.074013 0.103753 0.035715
v 4.104375 0.158424 -0.152591
v 4.103472 0.156799 -0.315801
v 4.072156 0.100409 -0.454597
v 4.035738 0.037844 -0.590706
v 4.028325 0.040613 -0.756225
v 4.040033 0.080463 -0.938332
v 4.045770 0.099991 -1.111171
v 4.041548 0.097166 -1.273950
v 4.030955 0.097656 -1.438528
v 4.021043 0.106342 -1.606912
v 4.028454 0.175770 -1.803015
v 4.048906 0.243098 -1.997627
v 4.066720 0.256230 -2.167004
v 4.071903 0.236928 -2.321711
v 4.060770 0.183362 -2.461038
v 4.039841 0.096881 -2.585360
v 4.021128 0.019560 -2.713878
v 4.016394 0.000000 -2.868853
v 4.016342 0.015785 -3.040169
v 4.018430 0.067717 -3.228301
v 4.037291 0.164878 -3.436921
v 4.062061 0.250987 -3.640144
v 4.081487 0.284874 -3.819161
v 4.089909 0.260262 -3.971259
v 4.103992 0.209693 -4.111001
v 4.124317 0.172674 -4.256834
v 4.145942 0.141542 -4.405368
v 4.171470 0.127414 -4.561699
v 4.185735 0.133141 -4.727754
v 4.159994 0.112822 -4.883195
v 4.180328 0.000000 4.836066
v 4.180328 0.000000 4.672132
v 4.179884 0.005876 4.505433
v 4.173565 0.107764 4.293618
v 4.167487 0.305411 4.037042
v 4.216817 0.383140 3.838699
v 4.247743 0.221470 3.751556
v 4.211609 0.043521 3.669402
v 4.180328 0.000000 3.524591
v 4.180328 0.000000 3.360657
v 4.180328 0.000000 3.196722
v 4.192937 0.022830 3.022608
v 4.211532 0.087707 2.829070
v 4.222445 0.141682 2.640328
v 4.252744 0.203740 2.448565
v 4.276938 0.250227 2.263844
v 4.286327 0.248007 2.101315
v 4.283056 0.166877 1.975181
v 4.311212 0.188523 1.802229
v 4.293813 0.167010 1.647671
v 4.246382 0.117723 1.504924
v 4.253670 0.148314 1.326973
v 4.259771 0.160651 1.157509
v 4.230636 0.101734 1.019980
v 4.194169 0.027989 0.889096
v 4.180328 0.000000 0.737705
v 4.180328 0.000000 0.573771
v 4.180328 0.000000 0.409836
v 4.189940 0.017309 0.238186
v 4.217518 0.066966 0.052114
v 4.239868 0.107211 -0.129761
v 4.239229 0.106061 -0.293182
v 4.216129 0.064465 -0.438574
v 4.191336 0.025220 -0.585130
v 4.196090 0.053652 -0.762171
v 4.209985 0.100949 -0.947674
v 4.217132 0.125275 -1.122701
v 4.211727 0.116334 -1.282667
v 4.198944 0.107017 -1.442746
v 4.186667 0.105951 -1.606663
v 4.184354 0.130289 -1.782066
v 4.195423 0.169749 -1.964016
v 4.206389 0.168951 -2.127148
v 4.209310 0.137244 -2.276145
v 4.202003 0.089621 -2.418101
v 4.189190 0.036618 -2.557756
v 4.180530 0.000833 -2.705300
v 4.180321 0.002165 -2.869865
v 4.180179 0.045793 -3.054202
v 4.183321 0.127265 -3.256103
v 4.203005 0.247253 -3.475363
v 4.225375 0.334453 -3.679190
v 4.242249 0.351685 -3.850520
v 4.249688 0.303636 -3.991700
v 4.263118 0.226928 -4.119247
v 4.284246 0.166161 -4.253946
v 4.307300 0.136479 -4.403102
v 4.328054 0.118138 -4.557651
v 4.338984 0.120331 -4.722182
v 4.316423 0.103219 -4.878999
v 4.344262 0.000000 4.836066
v 4.344262 0.000000 4.672132
v 4.342333 0.025577 4.496164
v 4.331770 0.194397 4.252891
v 4.321010 0.390666 3.996777
v 4.324487 0.353260 3.850467
v 4.336963 0.154579 3.779907
v 4.343774 0.009450 3.684089
v 4.344262 0.000000 3.524591
v 4.344262 0.000000 3.360657
v 4.344262 0.000000 3.196722
v 4.352713 0.030623 3.018801
v 4.379545 0.127854 2.810460
v 4.403496 0.208874 2.609584
v 4.416547 0.218115 2.441839
v 4.419323 0.194919 2.288858
v 4.414865 0.176224 2.133490
v 4.402637 0.101326 2.004093
v 4.415968 0.103284 1.839764
v 4.404376 0.088178 1.682439
v 4.380824 0.069047 1.526527
v 4.400469 0.113662 1.342503
v 4.405167 0.123163 1.174311
v 4.381845 0.075999 1.031513
v 4.352536 0.016731 0.894141
v 4.344262 0.000000 0.737705
v 4.344262 0.000000 0.573771
v 4.344262 0.000000 0.409836
v 4.344443 0.000327 0.245756
v 4.354542 0.018511 0.073715
v 4.365939 0.039033 -0.099367
v 4.365601 0.038424 -0.263030
v 4.353881 0.017321 -0.417557
v 4.346580 0.007857 -0.577353
v 4.357330 0.044481 -0.757989
v 4.369679 0.086517 -0.941092
v 4.375772 0.107253 -1.114483
v 4.371066 0.092553 -1.271729
v 4.359533 0.073797 -1.427346
v 4.348672 0.067280 -1.588659
v 4.345752 0.080161 -1.758730
v 4.346463 0.081626 -1.923322
v 4.349732 0.068436 -2.080961
v 4.350619 0.040060 -2.231595
v 4.347628 0.013907 -2.383419
v 4.344344 0.000336 -2.541138
v 4.344262 0.000000 -2.704918
v 4.344239 0.006979 -2.872116
v 4.344052 0.064639 -3.063015
v 4.345110 0.153981 -3.268677
v 4.359054 0.270212 -3.486405
v 4.375066 0.345832 -3.685067
v 4.387536 0.343360 -3.847358
v 4.393227 0.279367 -3.981152
v 4.400326 0.189270 -4.102686
v 4.417229 0.119964 -4.233558
v 4.439852 0.097019 -4.385881
v 4.462671 0.091218 -4.546212
v 4.473618 0.098108 -4.712939
v 4.455240 0.084169 -4.871075
v 4.508197 0.000000 4.836066
v 4.508197 0.000000 4.672132
v 4.506967 0.016309 4.500525
v 4.501266 0.097366 4.298472
v 4.494730 0.214188 4.079666
v 4.498115 0.173150 3.935050
v 4.505646 0.049266 3.829328
v 4.508197 0.000000 3.688526
v 4.508197 0.000000 3.524591
v 4.508197 0.000000 3.360657
v 4.508197 0.000000 3.196722
v 4.515173 0.025280 3.021242
v 4.539895 0.114865 2.816392
v 4.556100 0.173584 2.625639
v 4.552605 0.149883 2.472649
v 4.540285 0.089065 2.336666
v 4.530636 0.058120 2.186821
v 4.515336 0.015084 2.042408
v 4.519639 0.016481 1.877989
v 4.515425 0.010412 1.716727
v 4.515571 0.014912 1.550694
v 4.530094 0.044281 1.373598
v 4.532641 0.049431 1.207355
v 4.520210 0.024293 1.054687
v 4.508403 0.000416 0.901453
v 4.508197 0.000000 0.737705
v 4.508197 0.000000 0.573771
v 4.508197 0.000000 0.409836
v 4.508197 0.000000 0.245902
v 4.508197 0.000000 0.081967
v 4.508440 0.000437 -0.082162
v 4.508408 0.000380 -0.246071
v 4.508197 0.000000 -0.409836
v 4.508391 0.000661 -0.574072
v 4.514147 0.020253 -0.746940
v 4.522298 0.047997 -0.923527
v 4.526334 0.061737 -1.093727
v 4.523207 0.051091 -1.252806
v 4.515324 0.026467 -1.405537
v 4.509077 0.019077 -1.566261
v 4.508764 0.030514 -1.735555
v 4.508750 0.029749 -1.899132
v 4.508485 0.015514 -2.056422
v 4.508220 0.001233 -2.213690
v 4.508197 0.000000 -2.377049
v 4.508197 0.000000 -2.540984
v 4.508197 0.000000 -2.704918
v 4.508179 0.005378 -2.871368
v 4.508004 0.059103 -3.060426
v 4.507739 0.140817 -3.262574
v 4.512215 0.226806 -3.466534
v 4.521850 0.282331 -3.656050
v 4.529931 0.270189 -3.813992
v 4.533525 0.204102 -3.946889
v 4.531985 0.114913 -4.069186
v 4.539939 0.053470 -4.204084
v 4.558678 0.044450 -4.363069
v 4.580873 0.055120 -4.531124
v 4.589074 0.061340 -4.697645
v 4.576075 0.051481 -4.857479
v 4.672131 0.000000 4.836066
v 4.672131 0.000000 4.672132
v 4.672131 0.000000 4.508197
v 4.670948 0.015690 4.336882
v 4.670321 0.023999 4.169038
v 4.671760 0.004959 4.014062
v 4.672131 0.000000 3.852460
v 4.672131 0.000000 3.688526
v 4.672131 0.000000 3.524591
v 4.672131 0.000000 3.360657
v 4.672131 0.000000 3.196722
v 4.672609 0.001733 3.031996
v 4.683983 0.042948 2.849238
v 4.692893 0.075233 2.670558
v 4.686691 0.052760 2.516888
v 4.674017 0.006833 2.373929
v 4.672131 0.000000 2.213115
v 4.672131 0.000000 2.049181
v 4.672131 0.000000 1.885247
v 4.672131 0.000000 1.721312
v 4.672131 0.000000 1.557378
v 4.672419 0.000581 1.393183
v 4.672726 0.001203 1.228970
v 4.672131 0.000000 1.065574
v 4.672131 0.000000 0.901640
v 4.672131 0.000000 0.737705
v 4.672131 0.000000 0.573771
v 4.672131 0.000000 0.409836
v 4.672131 0.000000 0.245902
v 4.672131 0.000000 0.081967
v 4.672131 0.000000 -0.081967
v 4.672131 0.000000 -0.245901
v 4.672131 0.000000 -0.409836
v 4.672131 0.000000 -0.573770
v 4.672447 0.001076 -0.738195
v 4.675261 0.010653 -0.906497
v 4.677064 0.016791 -1.073230
v 4.675653 0.011987 -1.234975
v 4.672721 0.002007 -1.394358
v 4.672131 0.000000 -1.557377
v 4.672151 0.001050 -1.721802
v 4.672148 0.000924 -1.885677
v 4.672131 0.000000 -2.049180
v 4.672131 0.000000 -2.213115
v 4.672131 0.000000 -2.377049
v 4.672131 0.000000 -2.540984
v 4.672131 0.000000 -2.704918
v 4.672130 0.000273 -2.868980
v 4.672024 0.032970 -3.048205
v 4.671822 0.094861 -3.241083
v 4.671639 0.151007 -3.431273
v 4.673249 0.176803 -3.607205
v 4.676616 0.160215 -3.763252
v 4.678138 0.105650 -3.901617
v 4.676621 0.040350 -4.035082
v 4.674878 0.004556 -4.182351
v 4.686124 0.010613 -4.348677
v 4.699708 0.020915 -4.516897
v 4.704368 0.024449 -4.682301
v 4.697025 0.018880 -4.843918
v 4.836065 0.000000 4.836066
v 4.836065 0.000000 4.672132
v 4.836065 0.000000 4.508197
v 4.836065 0.000000 4.344263
v 4.836065 0.000000 4.180329
v 4.836065 0.000000 4.016395
v 4.836065 0.000000 3.852460
v 4.836065 0.000000 3.688526
v 4.836065 0.000000 3.524591
v 4.836065 0.000000 3.360657
v 4.836065 0.000000 3.196722
v 4.836065 0.000000 3.032788
v 4.836065 0.000000 2.868853
v 4.836674 0.002207 2.703911
v 4.836082 0.000062 2.540956
v 4.836065 0.000000 2.377050
v 4.836065 0.000000 2.213115
v 4.836065 0.000000 2.049181
v 4.836065 0.000000 1.885247
v 4.836065 0.000000 1.721312
v 4.836065 0.000000 1.557378
v 4.836065 0.000000 1.393443
v 4.836065 0.000000 1.229509
v 4.836065 0.000000 1.065574
v 4.836065 0.000000 0.901640
v 4.836065 0.000000 0.737705
v 4.836065 0.000000 0.573771
v 4.836065 0.000000 0.409836
v 4.836065 0.000000 0.245902
v 4.836065 0.000000 0.081967
v 4.836065 0.000000 -0.081967
v 4.836065 0.000000 -0.245901
v 4.836065 0.000000 -0.409836
v 4.836065 0.000000 -0.573770
v 4.836065 0.000000 -0.737705
v 4.836065 0.000000 -0.901639
v 4.836065 0.000000 -1.065574
v 4.836065 0.000000 -1.229508
v 4.836065 0.000000 -1.393443
v 4.836065 0.000000 -1.557377
v 4.836065 0.000000 -1.721311
v 4.836065 0.000000 -1.885246
v 4.836065 0.000000 -2.049180
v 4.836065 0.000000 -2.213115
v 4.836065 0.000000 -2.377049
v 4.836065 0.000000 -2.540984
v 4.836065 0.000000 -2.704918
v 4.836065 0.000000 -2.868853
v 4.836047 0.005498 -3.035358
v 4.835944 0.037317 -3.214172
v 4.835833 0.071418 -3.394054
v 4.835790 0.084592 -3.564149
v 4.835842 0.068508 -3.720562
v 4.835957 0.033364 -3.868062
v 4.836054 0.003510 -4.018035
v 4.836065 0.000000 -4.180328
v 4.836065 0.000000 -4.344262
v 4.837440 0.001042 -4.508630
v 4.838517 0.001860 -4.672904
v 4.836929 0.000655 -4.836338
v -5.000000 0.000000 -5.000000
v -5.000000 0.000000 5.000000
v 5.000000 0.000000 5.000000
v 5.000000 0.000000 -5.000000
v -3.196722 0.000000 1.557378
v -3.196722 0.000000 1.393443
v -3.196722 0.000000 1.229509
v -3.196722 0.000000 1.065574
v -3.196722 0.000000 0.901640
v -3.196722 0.000000 0.737705
v -3.196722 0.000000 0.573771
v -3.032788 0.000000 1.885247
v -3.032788 0.000000 1.721312
v -3.032788 0.000000 1.557378
v -3.032788 0.000000 1.393443
v -3.032788 0.000000 1.229509
v -3.032788 0.000000 1.065574
v -3.032788 0.000000 0.901640
v -3.032788 0.000000 0.737705
v -3.032788 0.000000 0.573771
v -3.032788 0.000000 0.081967
v -3.032788 0.000000 -0.081967
v -3.032788 0.000000 -0.245901
v -3.032788 0.000000 -0.409836
v -3.032788 0.000000 -0.573770
v -3.032788 0.000000 -0.737705
v -3.032788 0.000000 -0.901639
v -3.032788 0.000000 -1.065574
v -2.868853 0.000000 2.213115
v -2.868853 0.000000 2.049181
v -2.868853 0.000000 1.885247
v -2.868853 0.000000 1.721312
v -2.868853 0.000000 1.557378
v -2.868853 0.000000 1.393443
v -2.868853 0.000000 1.229509
v -2.868853 0.000000 1.065574
v -2.868853 0.000000 0.901640
v -2.868853 0.000000 0.737705
v -2.868853 0.000000 0.573771
v -2.868853 0.000000 0.409836
v -2.868853 0.000000 0.245902
v -2.868853 0.000000 0.081967
v -2.868853 0.000000 -0.081967
v -2.868853 0.000000 -0.245901
v -2.868853 0.000000 -0.409836
v -2.868853 0.000000 -0.573770
v -2.868853 0.000000 -0.737705
v -2.868853 0.000000 -0.901639
v -2.868853 0.000000 -1.065574
v -2.868853 0.000000 -1.229508
v -2.860452 0.022072 -1.403433
v -2.842954 0.068044 -1.588175
v -2.704919 0.000000 2.213115
v -2.704919 0.000000 2.049181
v -2.704919 0.000000 1.885247
v -2.704919 0.000000 1.721312
v -2.704919 0.000000 1.557378
v -2.704919 0.000000 1.393443
v -2.704919 0.000000 1.229509
v -2.704919 0.000000 1.065574
v -2.704919 0.000000 0.901640
v -2.704919 0.000000 0.737705
v -2.704919 0.000000 0.573771
v -2.704919 0.000000 0.409836
v -2.704919 0.000000 0.245902
v -2.704919 0.000000 0.081967
v -2.704919 0.000000 -0.081967
v -2.704919 0.000000 -0.245901
v -2.704919 0.000000 -0.409836
v -2.704919 0.000000 -0.573770
v -2.704919 0.000000 -0.737705
v -2.704919 0.000000 -0.901639
v -2.704919 0.000000 -1.065574
v -2.704919 0.000000 -1.229508
v -2.704919 0.000000 -1.393443
v -2.704167 0.001975 -1.558271
v -2.539253 0.006713 3.193651
v -2.540984 0.000000 3.032788
v -2.540984 0.000000 2.868853
v -2.540984 0.000000 2.704919
v -2.540984 0.000000 2.540984
v -2.540984 0.000000 2.377050
v -2.540984 0.000000 2.213115
v -2.540984 0.000000 2.049181
v -2.540984 0.000000 1.885247
v -2.540984 0.000000 1.721312
v -2.540984 0.000000 1.557378
v -2.540984 0.000000 1.393443
v -2.540984 0.000000 1.229509
v -2.540984 0.000000 1.065574
v -2.540984 0.000000 0.901640
v -2.540984 0.000000 0.737705
v -2.540984 0.000000 0.573771
v -2.540984 0.000000 0.409836
v -2.540984 0.000000 0.245902
v -2.540984 0.000000 0.081967
v -2.540984 0.000000 -0.081967
v -2.540984 0.000000 -0.245901
v -2.540984 0.000000 -0.409836
v -2.540984 0.000000 -0.573770
v -2.540984 0.000000 -0.737705
v -2.540984 0.000000 -0.901639
v -2.540984 0.000000 -1.065574
v -2.540984 0.000000 -1.229508
v -2.540984 0.000000 -1.393443
v -2.540984 0.000000 -1.557377
v -2.377050 0.000000 3.360657
v -2.377050 0.000000 3.196722
v -2.377050 0.000000 3.032788
v -2.377050 0.000000 2.868853
v -2.377050 0.000000 2.704919
v -2.377050 0.000000 2.540984
v -2.377050 0.000000 2.377050
v -2.377050 0.000000 2.213115
v -2.377050 0.000000 2.049181
v -2.377050 0.000000 1.885247
v -2.377050 0.000000 1.721312
v -2.377050 0.000000 1.557378
v -2.377050 0.000000 1.393443
v -2.377050 0.000000 1.229509
v -2.377050 0.000000 1.065574
v -2.377050 0.000000 0.901640
v -2.377050 0.000000 0.737705
v -2.377050 0.000000 0.573771
v -2.377050 0.000000 0.409836
v -2.377050 0.000000 0.245902
v -2.377050 0.000000 0.081967
v -2.377050 0.000000 -0.081967
v -2.377050 0.000000 -0.245901
v -2.377050 0.000000 -0.409836
v -2.377050 0.000000 -0.573770
v -2.377050 0.000000 -0.737705
v -2.377050 0.000000 -0.901639
v -2.377050 0.000000 -1.065574
v -2.377050 0.000000 -1.229508
v -2.377050 0.000000 -1.393443
v -2.377050 0.000000 -1.557377
v -2.213115 0.000000 3.360657
v -2.213115 0.000000 3.196722
v -2.213115 0.000000 3.032788
v -2.213115 0.000000 2.868853
v -2.213115 0.000000 2.704919
v -2.213115 0.000000 2.540984
v -2.213115 0.000000 2.377050
v -2.213115 0.000000 2.213115
v -2.213115 0.000000 2.049181
v -2.213115 0.000000 1.885247
v -2.213115 0.000000 1.721312
v -2.213115 0.000000 1.557378
v -2.213115 0.000000 1.393443
v -2.213115 0.000000 1.229509
v -2.213115 0.000000 1.065574
v -2.213115 0.000000 0.901640
v -2.213115 0.000000 0.737705
v -2.213115 0.000000 0.573771
v -2.213115 0.000000 0.409836
v -2.213115 0.000000 0.245902
v -2.213115 0.000000 0.081967
v -2.213115 0.000000 -0.081967
v -2.213115 0.000000 -0.245901
v -2.213115 0.000000 -0.409836
v -2.213115 0.000000 -0.573770
v -2.213115 0.000000 -0.737705
v -2.213115 0.000000 -0.901639
v -2.213115 0.000000 -1.065574
v -2.213115 0.000000 -1.229508
v -2.049181 0.000000 3.360657
v -2.049181 0.000000 3.196722
v -2.049181 0.000000 3.032788
v -2.049181 0.000000 2.868853
v -2.049181 0.000000 2.704919
v -2.049181 0.000000 2.540984
v -2.049181 0.000000 2.377050
v -2.049181 0.000000 2.213115
v -2.049181 0.000000 2.049181
v -2.049181 0.000000 1.885247
v -2.049181 0.000000 1.721312
v -2.049181 0.000000 1.557378
v -2.049181 0.000000 1.393443
v -2.049181 0.000000 1.229509
v -2.049181 0.000000 1.065574
v -2.049181 0.000000 0.901640
v -2.049181 0.000000 0.737705
v -2.049181 0.000000 0.573771
v -2.049181 0.000000 0.409836
v -2.049181 0.000000 0.245902
v -2.049181 0.000000 0.081967
v -2.049181 0.000000 -0.409836
v -2.049181 0.000000 -0.573770
v -1.852848 0.119405 3.162122
v -1.885247 0.000000 3.032788
v -1.885247 0.000000 2.868853
v -1.885247 0.000000 2.540984
v -1.885247 0.000000 2.377050
v -1.885247 0.000000 2.213115
v -1.885247 0.000000 2.049181
v -1.885247 0.000000 1.885247
v -1.885247 0.000000 1.721312
v -1.885247 0.000000 1.557378
v -1.885247 0.000000 1.393443
v -1.885247 0.000000 1.229509
v -1.885247 0.000000 1.065574
v -1.885247 0.000000 0.901640
v -1.885247 0.000000 0.737705
v -1.885247 0.000000 0.573771
v -1.885247 0.000000 0.409836
v -1.885247 0.000000 0.245902
v -1.885247 0.000000 0.081967
v -1.885247 0.000000 -0.081967
v -1.885247 0.000000 -0.245901
v -1.885247 0.000000 -0.409836
v -1.885247 0.000000 -0.573770
v -1.885247 0.000000 -0.737705
v -1.885247 0.000000 -0.901639
v -1.885247 0.000000 -1.065574
v -1.885247 0.000000 -1.229508
v -1.885247 0.000000 -1.393443
v -1.885247 0.000000 -1.557377
v -1.885247 0.000000 -1.721311
v -1.885247 0.000000 -1.885246
v -1.868077 0.021944 -2.058768
v -1.830303 0.070223 -2.243796
v -1.801402 0.107161 -2.423869
v -1.800948 0.107741 -2.588057
v -1.829247 0.071573 -2.736189
v -1.867149 0.023130 -2.878958
v -1.885247 0.000000 -3.032787
v -1.885247 0.000000 -3.196722
v -1.880915 0.001481 -3.361179
v -1.834410 0.002396 -3.523722
v -1.757917 0.002145 -3.684547
v -1.663681 0.013756 -3.850224
v -1.584271 0.065655 -4.035316
v -1.542107 0.169514 -4.246156
v -1.721312 0.000000 2.540984
v -1.721312 0.000000 2.377050
v -1.721312 0.000000 2.213115
v -1.721312 0.000000 2.049181
v -1.721312 0.000000 1.885247
v -1.721312 0.000000 1.721312
v -1.721312 0.000000 1.557378
v -1.721312 0.000000 1.393443
v -1.721312 0.000000 1.229509
v -1.721312 0.000000 1.065574
v -1.721312 0.000000 0.901640
v -1.721312 0.000000 0.737705
v -1.721312 0.000000 0.573771
v -1.721312 0.000000 0.409836
v -1.721312 0.000000 0.245902
v -1.721312 0.000000 0.081967
v -1.721312 0.000000 -0.081967
v -1.721312 0.000000 -0.245901
v -1.721312 0.000000 -0.409836
v -1.721312 0.000000 -0.573770
v -1.721312 0.000000 -0.737705
v -1.721312 0.000000 -0.901639
v -1.721312 0.000000 -1.065574
v -1.721312 0.000000 -1.229508
v -1.721312 0.000000 -1.393443
v -1.721312 0.000000 -1.557377
v -1.721312 0.000000 -1.721311
v -1.721312 0.000000 -1.885246
v -1.721303 0.000011 -2.049185
v -1.711508 0.012531 -2.218590
v -1.699041 0.028465 -2.389486
v -1.698830 0.028734 -2.553538
v -1.711096 0.013058 -2.710623
v -1.721273 0.000050 -2.868874
v -1.721312 0.000000 -3.032787
v -1.719715 0.001257 -3.197247
v -1.707552 0.007422 -3.363588
v -1.651064 0.011793 -3.527356
v -1.572119 0.011219 -3.687934
v -1.503374 0.008700 -3.848002
v -1.459084 0.072391 -4.039980
v -1.456942 0.188596 -4.258158
v -1.557378 0.000000 2.540984
v -1.557378 0.000000 2.377050
v -1.557378 0.000000 2.213115
v -1.557378 0.000000 2.049181
v -1.557378 0.000000 1.885247
v -1.557378 0.000000 1.721312
v -1.557378 0.000000 1.557378
v -1.557378 0.000000 1.393443
v -1.557378 0.000000 1.229509
v -1.557378 0.000000 1.065574
v -1.557378 0.000000 0.901640
v -1.557378 0.000000 0.737705
v -1.557378 0.000000 0.409836
v -1.557378 0.000000 0.245902
v -1.557378 0.000000 0.081967
v -1.557378 0.000000 -0.081967
v -1.557378 0.000000 -0.245901
v -1.557378 0.000000 -0.409836
v -1.557378 0.000000 -0.573770
v -1.557378 0.000000 -0.737705
v -1.557378 0.000000 -0.901639
v -1.557378 0.000000 -1.065574
v -1.557378 0.000000 -1.229508
v -1.557378 0.000000 -1.393443
v -1.557378 0.000000 -1.557377
v -1.557378 0.000000 -1.721311
v -1.557378 0.000000 -1.885246
v -1.557378 0.000000 -2.049180
v -1.557378 0.000000 -2.213115
v -1.557378 0.000000 -2.377049
v -1.557378 0.000000 -2.540984
v -1.557378 0.000000 -2.704918
v -1.557378 0.000000 -2.868853
v -1.557378 0.000000 -3.032787
v -1.552241 0.004041 -3.198410
v -1.538594 0.013903 -3.366421
v -1.490953 0.022170 -3.532357
v -1.423953 0.024416 -3.694721
v -1.370619 0.024325 -3.856527
v -1.355103 0.082126 -4.046877
v -1.376048 0.192538 -4.263249
v -1.393443 0.000000 2.540984
v -1.393443 0.000000 2.377050
v -1.393443 0.000000 2.213115
v -1.393443 0.000000 2.049181
v -1.393443 0.000000 1.885247
v -1.393443 0.000000 1.721312
v -1.393443 0.000000 1.557378
v -1.393443 0.000000 1.393443
v -1.393443 0.000000 0.737705
v -1.393443 0.000000 0.573771
v -1.393443 0.000000 0.409836
v -1.393443 0.000000 0.245902
v -1.393443 0.000000 0.081967
v -1.393443 0.000000 -0.081967
v -1.393443 0.000000 -0.245901
v -1.393443 0.000000 -0.409836
v -1.393443 0.000000 -0.573770
v -1.393443 0.000000 -0.737705
v -1.393443 0.000000 -0.901639
v -1.393443 0.000000 -1.065574
v -1.393443 0.000000 -1.229508
v -1.393443 0.000000 -1.393443
v -1.393443 0.000000 -1.557377
v -1.393443 0.000000 -1.721311
v -1.393443 0.000000 -1.885246
v -1.393443 0.000000 -2.049180
v -1.393443 0.000000 -2.213115
v -1.393443 0.000000 -2.377049
v -1.393443 0.000000 -2.540984
v -1.393443 0.000000 -2.704918
v -1.393443 0.000000 -2.868853
v -1.393414 0.000023 -3.032797
v -1.386539 0.005432 -3.198991
v -1.372175 0.016734 -3.367648
v -1.346500 0.027973 -3.535832
v -1.302787 0.032987 -3.700401
v -1.268622 0.033874 -3.863413
v -1.262336 0.088340 -4.052565
v -1.289055 0.189901 -4.265026
v -1.229509 0.000000 2.540984
v -1.229509 0.000000 2.377050
v -1.229509 0.000000 2.213115
v -1.229509 0.000000 2.049181
v -1.229509 0.000000 1.885247
v -1.229509 0.000000 1.721312
v -1.229509 0.000000 1.557378
v -1.229509 0.000000 0.737705
v -1.229509 0.000000 0.573771
v -1.229509 0.000000 0.409836
v -1.229509 0.000000 0.245902
v -1.229509 0.000000 0.081967
v -1.229509 0.000000 -0.081967
v -1.229509 0.000000 -0.245901
v -1.229509 0.000000 -0.409836
v -1.229509 0.000000 -0.573770
v -1.229509 0.000000 -0.737705
v -1.229509 0.000000 -0.901639
v -1.229509 0.000000 -1.065574
v -1.229509 0.000000 -1.229508
v -1.229509 0.000000 -1.393443
v -1.229509 0.000000 -1.557377
v -1.229509 0.000000 -1.721311
v -1.229509 0.000000 -1.885246
v -1.229509 0.000000 -2.049180
v -1.229509 0.000000 -2.213115
v -1.229509 0.000000 -2.377049
v -1.229509 0.000000 -2.540984
v -1.229396 0.002093 -2.705892
v -1.229424 0.001581 -2.869588
v -1.229509 0.000000 -3.032787
v -1.224118 0.004241 -3.198494
v -1.211231 0.014381 -3.366664
v -1.197434 0.025237 -3.535134
v -1.182076 0.031261 -3.701285
v -1.167703 0.030795 -3.864439
v -1.169264 0.077073 -4.050070
v -1.190187 0.170199 -4.258361
v -1.065574 0.000000 0.737705
v -1.065574 0.000000 0.573771
v -1.065574 0.000000 0.409836
v -1.065574 0.000000 0.245902
v -1.065574 0.000000 0.081967
v -1.065574 0.000000 -0.081967
v -1.065574 0.000000 -0.245901
v -1.065574 0.000000 -0.409836
v -1.065574 0.000000 -0.573770
v -1.065574 0.000000 -0.737705
v -1.065574 0.000000 -0.901639
v -1.065574 0.000000 -1.065574
v -1.065574 0.000000 -1.229508
v -1.065574 0.000000 -1.393443
v -1.065574 0.000000 -1.557377
v -1.065574 0.000000 -1.721311
v -1.065574 0.000000 -1.885246
v -1.065574 0.000000 -2.049180
v -1.065574 0.000000 -2.213115
v -1.065137 0.008129 -2.380832
v -1.062799 0.051572 -2.564986
v -1.060890 0.087032 -2.745424
v -1.061096 0.083212 -2.907581
v -1.063245 0.043279 -3.052930
v -1.063491 0.005272 -3.199105
v -1.055052 0.008279 -3.364115
v -1.044946 0.016231 -3.531372
v -1.038928 0.020965 -3.697284
v -1.040321 0.019869 -3.860761
v -1.048729 0.044810 -4.036684
v -0.901640 0.000000 0.737705
v -0.901640 0.000000 0.573771
v -0.901640 0.000000 0.409836
v -0.901640 0.000000 0.245902
v -0.901640 0.000000 0.081967
v -0.901640 0.000000 -0.081967
v -0.901640 0.000000 -0.245901
v -0.901640 0.000000 -0.409836
v -0.901640 0.000000 -0.573770
v -0.901640 0.000000 -0.737705
v -0.901640 0.000000 -0.901639
v -0.901640 0.000000 -1.065574
v -0.901640 0.000000 -1.229508
v -0.901640 0.000000 -1.393443
v -0.901640 0.000000 -1.557377
v -0.901640 0.000000 -1.885246
v -0.901640 0.000000 -2.049180
v -0.901452 0.003482 -2.214735
v -0.897775 0.071803 -2.410467
v -0.892347 0.172667 -2.621345
v -0.888697 0.240482 -2.816841
v -0.889079 0.233390 -2.977475
v -0.893252 0.155842 -3.105318
v -0.898648 0.055586 -3.222592
v -0.899046 0.002350 -3.361653
v -0.893748 0.006209 -3.527185
v -0.890268 0.008947 -3.692263
v -0.891084 0.008305 -3.855929
v -0.895775 0.007829 -4.019824
v -0.737705 0.000000 0.573771
v -0.737705 0.000000 0.409836
v -0.737705 0.000000 0.245902
v -0.737705 0.000000 0.081967
v -0.737705 0.000000 -0.081967
v -0.737705 0.000000 -0.245901
v -0.737705 0.000000 -0.409836
v -0.737705 0.000000 -0.573770
v -0.737705 0.000000 -0.737705
v -0.737705 0.000000 -0.901639
v -0.737705 0.000000 -1.065574
v -0.737705 0.000000 -1.229508
v -0.737705 0.000000 -1.393443
v -0.737705 0.000000 -1.557377
v -0.737705 0.000000 -1.885246
v -0.737705 0.000000 -2.049180
v -0.736289 0.026313 -2.225361
v -0.729933 0.144423 -2.444265
v -0.722146 0.289105 -2.675536
v -0.716958 0.385515 -2.884341
v -0.717508 0.375281 -3.043513
v -0.723423 0.265375 -3.156296
v -0.731255 0.119844 -3.252498
v -0.736943 0.014150 -3.367242
v -0.737385 0.000252 -3.524696
v -0.736531 0.000923 -3.688911
v -0.736763 0.000741 -3.852769
v -0.573771 0.000000 0.081967
v -0.573771 0.000000 -0.081967
v -0.573771 0.000000 -0.245901
v -0.573771 0.000000 -0.409836
v -0.573771 0.000000 -0.573770
v -0.573771 0.000000 -0.737705
v -0.573771 0.000000 -0.901639
v -0.573771 0.000000 -1.065574
v -0.573771 0.000000 -1.229508
v -0.573771 0.000000 -1.393443
v -0.573771 0.000000 -1.557377
v -0.555721 0.335395 -2.697080
v -0.549771 0.445939 -2.912463
v -0.550427 0.433751 -3.070725
v -0.557151 0.308822 -3.176516
v -0.409836 0.000000 0.081967
v -0.409836 0.000000 -0.081967
v -0.409836 0.000000 -0.245901
v -0.409836 0.000000 -0.409836
v -0.409836 0.000000 -0.573770
v -0.409836 0.000000 -0.737705
v -0.409836 0.000000 -0.901639
v -0.409836 0.000000 -1.065574
v -0.409836 0.000000 -1.229508
v -0.409836 0.000000 -1.393443
v -0.409836 0.000000 -1.557377
v -0.245902 0.000000 0.081967
v -0.245902 0.000000 -0.081967
v -0.245902 0.000000 -0.245901
v -0.245902 0.000000 -0.409836
v -0.245902 0.000000 -0.573770
v -0.245902 0.000000 -0.737705
v -0.245902 0.000000 -0.901639
v -0.245902 0.000000 -1.065574
v -0.245902 0.000000 -1.229508
v -0.245902 0.000000 -1.393443
v -0.245902 0.000000 -1.557377
v -0.081967 0.000000 -0.081967
v -0.081967 0.000000 -0.245901
v -0.081967 0.000000 -0.409836
v -0.081967 0.000000 -0.573770
v -0.081967 0.000000 -0.737705
v -0.081967 0.000000 -0.901639
v -0.081967 0.000000 -1.065574
v -0.081967 0.000000 -1.229508
v -0.081967 0.000000 -1.393443
v -0.081967 0.000000 -1.557377
v 0.081967 0.000000 -0.245901
v 0.081967 0.000000 -0.409836
v 0.081967 0.000000 -0.573770
v 0.081967 0.000000 -0.737705
v 0.081967 0.000000 -0.901639
v 0.081967 0.000000 -1.065574
v 0.081967 0.000000 -1.229508
vn 0.0020 1.0000 -0.0020
vn -0.0000 1.0000 -0.0000
vn 1.0000 0.0033 -0.0000
vn 0.0003 -0.3870 -0.9221
vn -0.7908 0.6121 0.0015
vn -0.0027 1.0000 -0.0023
vn -0.0257 0.9996 -0.0099
vn -0.0369 0.9991 -0.0196
vn -0.0347 0.9989 -0.0299
vn -0.0184 0.9989 -0.0431
vn 0.0187 0.9981 -0.0584
vn 0.0690 0.9955 -0.0654
vn 0.0885 0.9948 -0.0497
vn 0.0508 0.9985 -0.0204
vn 0.0039 1.0000 -0.0052
vn -0.0836 0.9957 -0.0404
vn -0.1852 0.9759 -0.1152
vn -0.1938 0.9630 -0.1871
vn -0.1228 0.9588 -0.2562
vn -0.0013 0.9435 -0.3314
vn 0.1247 0.9113 -0.3924
vn 0.0651 0.8927 -0.4459
vn -0.2561 0.8374 -0.4829
vn -0.4043 0.7109 -0.5754
vn -0.2163 0.6700 -0.7101
vn 0.1107 0.6731 -0.7312
vn 0.3647 0.7086 -0.6040
vn 0.4329 0.8013 -0.4129
vn 0.2671 0.9464 -0.1814
vn 0.0014 0.9989 -0.0470
vn -0.1084 0.9861 -0.1263
vn -0.1457 0.9507 -0.2737
vn -0.0801 0.9192 -0.3856
vn 0.0511 0.9019 -0.4288
vn 0.1624 0.9166 -0.3652
vn 0.1505 0.9689 -0.1963
vn 0.0457 0.9979 -0.0457
vn -0.0480 0.9988 0.0117
vn -0.1715 0.9847 0.0303
vn -0.2054 0.9774 0.0501
vn -0.1903 0.9788 0.0756
vn -0.1108 0.9867 0.1193
vn 0.1366 0.9707 0.1979
vn 0.5925 0.7625 0.2599
vn 0.8020 0.5602 0.2073
vn 0.5764 0.8104 0.1047
vn -0.0117 0.9994 -0.0337
vn -0.3180 0.9362 -0.1495
vn -0.3822 0.8837 -0.2700
vn -0.2648 0.8701 -0.4157
vn 0.0099 0.8369 -0.5473
vn 0.2066 0.7799 -0.5908
vn 0.2972 0.7542 -0.5855
vn 0.3019 0.7989 -0.5202
vn 0.1619 0.9096 -0.3825
vn 0.0385 0.9638 -0.2638
vn 0.1233 0.9630 -0.2396
vn 0.2328 0.9503 -0.2067
vn 0.2207 0.9670 -0.1276
vn 0.0902 0.9951 -0.0400
vn -0.0119 0.9999 0.0119
vn -0.1390 0.9557 0.2594
vn -0.2755 0.9135 0.2993
vn -0.3820 0.9208 0.0785
vn -0.3988 0.8737 -0.2785
vn -0.2736 0.8632 -0.4243
vn -0.0826 0.9909 -0.1058
vn -0.0076 0.9999 0.0076
vn -0.0145 0.9999 -0.0006
vn -0.0375 0.9990 0.0239
vn -0.0634 0.9980 0.0021
vn -0.0433 0.9988 -0.0237
vn -0.0908 0.9929 0.0773
vn -0.2292 0.9490 0.2167
vn -0.3479 0.9252 0.1517
vn -0.4074 0.9125 -0.0366
vn -0.3712 0.9004 -0.2269
vn -0.2089 0.9500 -0.2319
vn -0.0366 0.9987 -0.0366
vn -0.0089 0.9999 0.0089
vn -0.0687 0.9884 0.1354
vn -0.1467 0.9691 0.1983
vn -0.2072 0.9676 0.1444
vn -0.2449 0.9695 0.0059
vn -0.2380 0.9588 -0.1548
vn -0.1813 0.9545 -0.2367
vn -0.1161 0.9857 -0.1219
vn -0.1299 0.9813 0.1417
vn -0.2278 0.9535 0.1971
vn -0.3518 0.9195 0.1754
vn -0.4505 0.8910 0.0558
vn -0.4777 0.8713 -0.1121
vn -0.4219 0.8759 -0.2341
vn -0.2694 0.9407 -0.2062
vn -0.0813 0.9937 -0.0765
vn -0.0037 1.0000 -0.0037
vn -0.0136 0.9998 0.0136
vn -0.1470 0.9813 0.1242
vn -0.2767 0.9605 0.0279
vn -0.2235 0.9666 -0.1256
vn -0.0554 0.9969 -0.0554
vn -0.0907 0.9917 0.0907
vn -0.2439 0.9665 0.0800
vn -0.2778 0.9586 -0.0623
vn -0.1262 0.9849 -0.1188
vn -0.0074 0.9995 0.0310
vn -0.0276 0.9180 0.3957
vn -0.0502 0.8897 0.4538
vn -0.0846 0.9846 0.1529
vn -0.0930 0.8384 -0.5371
vn -0.1173 0.7851 -0.6081
vn -0.2445 0.9687 -0.0428
vn -0.3678 0.9249 0.0959
vn -0.4370 0.8994 -0.0042
vn -0.3713 0.9248 -0.0834
vn -0.2383 0.9706 -0.0330
vn -0.1798 0.9805 -0.0792
vn -0.1515 0.9762 0.1555
vn -0.1891 0.9201 0.3431
vn -0.2781 0.9285 0.2463
vn -0.3589 0.9318 -0.0539
vn -0.3640 0.8671 -0.3402
vn -0.2771 0.8463 -0.4550
vn -0.1113 0.9811 -0.1585
vn -0.0127 0.9998 -0.0127
vn -0.0087 0.9996 0.0263
vn -0.0345 0.9780 0.2055
vn -0.0663 0.9613 0.2674
vn -0.0994 0.9737 0.2050
vn -0.1266 0.9919 0.0091
vn -0.1219 0.9645 -0.2343
vn -0.0898 0.9365 -0.3391
vn -0.0841 0.9873 -0.1345
vn -0.1136 0.9697 0.2164
vn -0.2124 0.9176 0.3359
vn -0.3315 0.8955 0.2969
vn -0.4236 0.9020 0.0830
vn -0.4494 0.8746 -0.1820
vn -0.4125 0.8336 -0.3674
vn -0.3242 0.8589 -0.3965
vn -0.1806 0.9544 -0.2378
vn -0.0468 0.9974 -0.0543
vn -0.0077 0.9999 0.0077
vn -0.1067 0.9900 0.0928
vn -0.1283 0.9880 -0.0864
vn -0.0216 0.9995 -0.0216
vn -0.1227 0.9817 0.1458
vn -0.2923 0.9094 0.2959
vn -0.4347 0.8980 0.0689
vn -0.4522 0.8492 -0.2726
vn -0.3214 0.9225 -0.2138
vn -0.2682 0.9303 0.2503
vn -0.4076 0.8934 0.1889
vn -0.4855 0.8597 -0.1589
vn -0.3523 0.8550 -0.3806
vn -0.1834 0.9829 -0.0136
vn -0.2927 0.9411 0.1694
vn -0.3362 0.9113 0.2376
vn 0.0315 0.9431 0.3311
vn 0.6484 0.7539 0.1058
vn 0.6624 0.4767 -0.5779
vn 0.1700 0.8960 -0.4101
vn -0.3034 0.9176 0.2568
vn -0.4725 0.8563 0.2085
vn -0.5554 0.8308 -0.0362
vn -0.5026 0.8031 -0.3201
vn -0.3164 0.9273 -0.1999
vn -0.1720 0.9739 -0.1483
vn -0.0762 0.9871 0.1409
vn 0.0007 0.9062 0.4229
vn 0.0227 0.9343 0.3558
vn -0.1414 0.9847 0.1020
vn -0.4008 0.8947 -0.1973
vn -0.4974 0.7848 -0.3696
vn -0.4896 0.8525 -0.1829
vn -0.4011 0.9044 -0.1457
vn -0.1861 0.9678 -0.1693
vn -0.0090 0.9999 -0.0090
vn 0.0090 0.9996 0.0266
vn 0.0373 0.9751 0.2185
vn 0.0761 0.9504 0.3017
vn 0.1222 0.9611 0.2477
vn 0.1660 0.9861 0.0118
vn 0.1566 0.9422 -0.2961
vn 0.1066 0.9113 -0.3977
vn 0.0506 0.9925 -0.1114
vn -0.0164 0.9568 0.2902
vn -0.0732 0.8849 0.4599
vn -0.1142 0.9104 0.3977
vn -0.1508 0.9860 0.0717
vn -0.1863 0.9370 -0.2953
vn -0.2102 0.8394 -0.5012
vn -0.2001 0.8226 -0.5323
vn -0.1441 0.9122 -0.3837
vn -0.0489 0.9870 -0.1530
vn -0.0020 1.0000 0.0016
vn -0.0052 1.0000 0.0017
vn -0.0059 1.0000 -0.0010
vn -0.0021 1.0000 0.0021
vn -0.3243 0.8862 0.3309
vn -0.5906 0.7701 0.2411
vn -0.7098 0.6692 -0.2198
vn -0.4847 0.7331 -0.4771
vn -0.0268 0.9993 -0.0268
vn -0.0268 0.9571 0.2885
vn -0.0654 0.8772 0.4756
vn -0.1801 0.9634 0.1985
vn -0.2774 0.8357 -0.4739
vn -0.3654 0.9124 -0.1844
vn -0.3107 0.9136 0.2624
vn -0.2276 0.9375 0.2634
vn -0.2342 0.9188 -0.3178
vn -0.1626 0.7422 -0.6502
vn -0.2636 0.9524 0.1530
vn -0.4169 0.8428 0.3404
vn -0.5521 0.8305 0.0733
vn -0.3318 0.8803 -0.3391
vn 0.6668 0.6889 -0.2843
vn 0.7725 0.5386 -0.3365
vn 0.1968 0.9545 0.2241
vn -0.1496 0.8617 0.4848
vn -0.2747 0.8926 0.3576
vn -0.3508 0.9163 -0.1931
vn -0.2058 0.6789 -0.7048
vn -0.0762 0.8779 -0.4728
vn -0.0100 0.9791 -0.2032
vn 0.1009 0.9948 0.0111
vn 0.2621 0.8773 0.4021
vn 0.4179 0.8259 0.3785
vn 0.2816 0.8648 0.4156
vn -0.1499 0.9671 0.2058
vn -0.4912 0.8605 -0.1355
vn -0.5782 0.8067 -0.1222
vn -0.5700 0.7586 -0.3157
vn -0.4256 0.7861 -0.4484
vn -0.1586 0.9716 -0.1757
vn 0.0089 0.9999 0.0089
vn 0.0781 0.9851 0.1532
vn 0.1966 0.9442 0.2642
vn 0.3205 0.9208 0.2224
vn 0.4061 0.9136 0.0197
vn 0.3740 0.8914 -0.2559
vn 0.2527 0.9042 -0.3442
vn 0.1414 0.9879 -0.0637
vn 0.1107 0.9401 0.3225
vn 0.1497 0.8502 0.5048
vn 0.2475 0.8694 0.4277
vn 0.3400 0.9388 0.0545
vn 0.2656 0.9097 -0.3191
vn 0.1339 0.8326 -0.5374
vn 0.0314 0.8216 -0.5693
vn -0.0106 0.8913 -0.4532
vn -0.0136 0.9790 -0.2034
vn -0.0226 0.9997 0.0099
vn -0.0306 0.9995 0.0057
vn -0.0316 0.9995 -0.0032
vn -0.0550 0.9967 0.0590
vn -0.1921 0.7740 0.6034
vn -0.3992 0.7809 0.4805
vn -0.6007 0.5782 -0.5521
vn -0.3123 0.2970 -0.9024
vn -0.1088 0.9807 -0.1627
vn 0.1363 0.9626 0.2341
vn 0.3505 0.7814 0.5163
vn 0.6400 0.7051 0.3053
vn 0.2537 0.9535 -0.1628
vn -0.1809 0.9749 -0.1297
vn 0.0784 0.9969 -0.0013
vn 0.4314 0.8851 0.1745
vn 0.5786 0.7378 -0.3477
vn 0.3354 0.6816 -0.6504
vn -0.0092 0.9191 0.3938
vn -0.1434 0.8587 0.4920
vn -0.2677 0.9625 0.0438
vn -0.2167 0.6639 -0.7157
vn -0.0216 0.6793 -0.7335
vn 0.0963 0.9797 -0.1757
vn 0.0995 0.9167 0.3870
vn 0.1733 0.7952 0.5811
vn 0.3603 0.8105 0.4619
vn 0.6090 0.6875 -0.3955
vn 0.3939 0.4060 -0.8246
vn 0.3038 0.7887 -0.5344
vn 0.1891 0.9640 -0.1870
vn 0.1909 0.9720 -0.1368
vn 0.3356 0.9126 0.2336
vn 0.5659 0.7770 0.2756
vn 0.4643 0.7063 0.5343
vn 0.0699 0.7918 0.6068
vn -0.3538 0.8865 0.2981
vn -0.5477 0.8331 -0.0771
vn -0.5200 0.6531 -0.5506
vn -0.3652 0.5638 -0.7408
vn -0.1602 0.8537 -0.4954
vn -0.0036 1.0000 -0.0036
vn 0.0473 0.9977 0.0480
vn 0.1767 0.9736 0.1446
vn 0.3000 0.9410 0.1565
vn 0.3218 0.9453 0.0525
vn 0.2438 0.9606 -0.1333
vn 0.1080 0.9764 -0.1870
vn 0.0481 0.9980 -0.0402
vn 0.1524 0.9612 0.2300
vn 0.3141 0.8396 0.4433
vn 0.4894 0.7878 0.3740
vn 0.6131 0.7853 0.0868
vn 0.5742 0.7922 -0.2069
vn 0.4334 0.7991 -0.4166
vn 0.2685 0.8352 -0.4799
vn 0.1270 0.9071 -0.4013
vn 0.0140 0.9903 -0.1385
vn -0.0340 0.9992 0.0218
vn -0.0405 0.9991 0.0103
vn -0.0414 0.9991 -0.0058
vn 0.0597 0.9964 0.0605
vn 0.2467 0.6834 0.6871
vn 0.5822 0.5219 0.6234
vn 0.7741 0.0089 -0.6330
vn 0.3634 0.0093 -0.9316
vn 0.1292 0.9767 -0.1715
vn 0.0518 0.9973 0.0518
vn 0.3434 0.9007 0.2661
vn 0.4849 0.8038 0.3448
vn 0.3342 0.8748 0.3509
vn 0.3366 0.9181 -0.2094
vn 0.4825 0.7286 -0.4861
vn 0.6726 0.7386 -0.0462
vn 0.6857 0.7069 -0.1737
vn 0.4251 0.8561 -0.2940
vn 0.2073 0.8773 0.4328
vn 0.3349 0.8029 0.4931
vn 0.5963 0.8017 0.0420
vn 0.5098 0.5225 -0.6835
vn 0.2692 0.6388 -0.7207
vn 0.0573 0.9948 -0.0842
vn 0.1693 0.9583 0.2301
vn 0.4461 0.7527 0.4842
vn 0.7578 0.5707 0.3165
vn 0.9041 0.3580 -0.2334
vn 0.7182 0.3772 -0.5847
vn 0.4534 0.8420 -0.2924
vn 0.2184 0.9700 -0.1071
vn 0.1016 0.9897 -0.1008
vn 0.0804 0.9956 0.0486
vn 0.2265 0.9693 0.0957
vn 0.2581 0.8139 0.5205
vn 0.0799 0.6877 0.7216
vn -0.0127 0.8000 0.5999
vn -0.0379 0.9614 -0.2724
vn -0.0370 0.3694 -0.9285
vn -0.0214 0.2505 -0.9679
vn 0.0100 0.7264 -0.6872
vn 0.0018 1.0000 -0.0055
vn 0.0003 1.0000 0.0003
vn 0.0212 0.9989 0.0423
vn 0.0439 0.9935 0.1047
vn 0.0232 0.9963 0.0828
vn -0.0459 0.9989 -0.0085
vn -0.1140 0.9914 -0.0637
vn -0.1404 0.9896 -0.0319
vn -0.0717 0.9961 0.0510
vn 0.1714 0.9498 0.2616
vn 0.4498 0.8503 0.2731
vn 0.6170 0.7800 0.1041
vn 0.6214 0.7801 -0.0731
vn 0.5121 0.8265 -0.2338
vn 0.3592 0.8758 -0.3224
vn 0.1739 0.9597 -0.2206
vn 0.0194 0.9997 -0.0139
vn -0.0323 0.9989 0.0339
vn -0.0379 0.9992 0.0158
vn -0.0388 0.9992 -0.0088
vn 0.0004 1.0000 0.0004
vn 0.4149 0.8090 0.4164
vn 0.8668 0.3636 0.3413
vn 0.9563 0.0627 -0.2855
vn 0.6394 0.4558 -0.6191
vn 0.0193 0.9996 -0.0193
vn -0.0041 1.0000 0.0041
vn -0.0244 0.9988 0.0428
vn 0.1794 0.9588 0.2203
vn 0.5258 0.7936 0.3061
vn 0.7347 0.6662 -0.1278
vn 0.5101 0.7398 -0.4388
vn 0.2154 0.9748 -0.0578
vn 0.1157 0.9924 -0.0418
vn 0.0401 0.9987 -0.0317
vn 0.2116 0.9483 0.2366
vn 0.5144 0.7944 0.3231
vn 0.7397 0.6726 0.0218
vn 0.6789 0.6233 -0.3882
vn 0.3037 0.8917 -0.3356
vn 0.0130 0.9998 -0.0130
vn 0.0321 0.9990 0.0321
vn 0.2659 0.9424 0.2028
vn 0.6094 0.7778 0.1536
vn 0.7089 0.6957 -0.1164
vn 0.4407 0.8671 -0.2321
vn 0.1452 0.9881 -0.0511
vn 0.0614 0.9977 -0.0295
vn 0.0156 0.9998 -0.0156
vn 0.0020 1.0000 0.0020
vn 0.1601 0.9084 0.3863
vn 0.3072 0.5741 0.7590
vn 0.5642 0.4683 0.6799
vn 0.9290 0.2422 -0.2798
vn 0.5466 -0.0314 -0.8368
vn 0.3505 0.0288 -0.9361
vn 0.2027 0.7912 -0.5770
vn -0.0101 0.9999 0.0101
vn -0.0417 0.9990 0.0182
vn -0.0446 0.9989 -0.0162
vn -0.0374 0.9989 0.0297
vn -0.0682 0.9914 0.1120
vn -0.1073 0.9886 0.1059
vn -0.1350 0.9899 0.0442
vn -0.1778 0.9840 0.0119
vn -0.2358 0.9716 0.0218
vn -0.2733 0.9619 0.0106
vn -0.2106 0.9768 0.0389
vn 0.0122 0.9988 0.0474
vn 0.2682 0.9633 0.0079
vn 0.3810 0.9242 -0.0242
vn 0.3782 0.9191 -0.1109
vn 0.2744 0.9483 -0.1596
vn 0.0927 0.9952 -0.0322
vn -0.0045 0.9988 0.0486
vn -0.0168 0.9987 0.0478
vn -0.0208 0.9995 0.0235
vn -0.0215 0.9997 -0.0134
vn 0.0014 1.0000 0.0014
vn 0.0792 0.9939 0.0765
vn 0.0933 0.9929 -0.0739
vn 0.0092 0.9999 -0.0092
vn -0.0581 0.9966 0.0581
vn -0.4303 0.8295 0.3560
vn -0.7684 0.6225 0.1487
vn -0.7940 0.5246 -0.3070
vn -0.2810 0.8968 -0.3418
vn 0.2452 0.9688 -0.0370
vn 0.1029 0.9899 -0.0980
vn 0.0022 1.0000 -0.0022
vn 0.0181 0.9997 0.0181
vn 0.1408 0.9844 0.1056
vn 0.2678 0.9634 0.0078
vn 0.1735 0.9781 -0.1153
vn 0.0276 0.9992 -0.0276
vn 0.0168 0.9997 0.0160
vn 0.0196 0.9997 -0.0137
vn 0.0029 1.0000 -0.0029
vn 0.1375 0.9809 0.1378
vn 0.5085 0.6050 0.6127
vn 0.8212 0.1966 0.5357
vn 0.9904 -0.1273 -0.0534
vn 0.8127 -0.1713 -0.5569
vn 0.5938 0.1797 -0.7843
vn 0.0648 0.9918 -0.1098
vn -0.2423 0.9612 0.1318
vn -0.3718 0.9257 0.0702
vn -0.3985 0.9150 -0.0631
vn -0.3014 0.9502 -0.0791
vn -0.1319 0.9905 0.0394
vn -0.0511 0.9888 0.1403
vn -0.0824 0.9931 0.0839
vn -0.1396 0.9865 0.0853
vn -0.2010 0.9768 0.0738
vn -0.2521 0.9669 0.0387
vn -0.2799 0.9594 -0.0360
vn -0.2477 0.9588 -0.1389
vn -0.1891 0.9729 -0.1328
vn -0.1506 0.9828 -0.1066
vn -0.1063 0.9892 -0.1009
vn -0.0519 0.9910 -0.1235
vn -0.0103 0.9998 0.0164
vn 0.0062 0.9983 0.0582
vn 0.0165 0.9979 0.0629
vn 0.0222 0.9992 0.0334
vn 0.0233 0.9995 -0.0192
vn -0.2027 0.9328 0.2980
vn -0.3861 0.6912 0.6109
vn -0.7327 0.6091 0.3036
vn -0.7508 0.2358 -0.6170
vn -0.4388 0.2756 -0.8553
vn -0.0927 0.9914 -0.0927
vn 0.0001 1.0000 0.0001
vn 0.1782 0.9613 0.2104
vn 0.6080 0.6995 0.3756
vn 0.9187 0.3924 0.0442
vn 0.7694 0.5028 -0.3940
vn 0.1933 0.9412 -0.2771
vn -0.1871 0.9541 0.2337
vn -0.3470 0.8969 0.2743
vn -0.4631 0.8767 0.1303
vn -0.5158 0.8479 -0.1225
vn -0.4443 0.8489 -0.2863
vn -0.2354 0.9454 -0.2255
vn -0.0008 0.9956 0.0940
vn 0.0631 0.9895 0.1298
vn 0.0249 0.9921 0.1233
vn -0.0367 0.9957 0.0854
vn -0.1014 0.9933 0.0557
vn -0.1641 0.9863 -0.0166
vn -0.2423 0.9622 -0.1244
vn -0.3106 0.9402 -0.1398
vn -0.3742 0.9232 -0.0878
vn -0.3985 0.9035 -0.1577
vn -0.3240 0.9180 -0.2287
vn -0.1623 0.9748 -0.1532
vn -0.0058 0.9999 0.0115
vn 0.0562 0.9963 0.0651
vn 0.0838 0.9957 0.0384
vn 0.0887 0.9958 -0.0222
vn 0.0538 0.9136 0.4031
vn 0.0981 0.7089 0.6985
vn 0.2581 0.8419 0.4739
vn 0.2574 0.2375 -0.9367
vn 0.1112 0.1479 -0.9827
vn 0.0378 0.9877 -0.1518
vn 0.0154 0.9998 0.0154
vn 0.0792 0.9949 0.0626
vn 0.1514 0.9880 0.0317
vn 0.1435 0.9882 -0.0533
vn -0.0084 0.9951 0.0985
vn -0.1478 0.9093 0.3890
vn -0.2469 0.8861 0.3923
vn -0.3606 0.9098 0.2055
vn -0.4329 0.8769 -0.2090
vn -0.3440 0.7817 -0.5202
vn -0.1496 0.8436 -0.5157
vn 0.0900 0.9947 -0.0492
vn 0.2093 0.9696 0.1271
vn 0.2224 0.9665 0.1279
vn 0.1840 0.9794 0.0833
vn 0.1207 0.9899 0.0744
vn 0.0215 0.9949 0.0990
vn -0.0423 0.9960 0.0781
vn -0.0713 0.9896 0.1247
vn -0.0383 0.9985 0.0401
vn -0.0131 0.9727 -0.2317
vn -0.1037 0.9023 -0.4184
vn -0.1509 0.9190 -0.3643
vn -0.0539 0.9938 -0.0968
vn 0.0663 0.9971 0.0383
vn 0.1108 0.9934 0.0300
vn 0.1176 0.9929 -0.0173
vn 0.2048 0.9563 0.2086
vn 0.4722 0.7050 0.5291
vn 0.7943 0.5598 0.2359
vn 0.8251 0.2958 -0.4814
vn 0.5199 0.4357 -0.7348
vn 0.0551 0.9970 -0.0551
vn 0.0075 0.9999 0.0075
vn 0.0226 0.9997 0.0074
vn 0.0186 0.9998 -0.0114
vn 0.0061 0.9816 0.1909
vn 0.0071 0.8887 0.4585
vn 0.0122 0.8781 0.4783
vn 0.0207 0.9574 0.2881
vn 0.0277 0.9448 -0.3265
vn 0.0086 0.7160 -0.6980
vn -0.0057 0.7620 -0.6475
vn -0.0253 0.9914 -0.1287
vn -0.0197 0.9967 0.0787
vn 0.1143 0.9916 0.0598
vn 0.2519 0.9651 0.0713
vn 0.2327 0.9644 0.1253
vn 0.1653 0.9581 0.2338
vn 0.1377 0.9526 0.2711
vn 0.1944 0.9312 0.3083
vn 0.3311 0.9386 0.0973
vn 0.3715 0.9104 -0.1820
vn 0.2538 0.8651 -0.4326
vn 0.0570 0.8630 -0.5020
vn -0.0154 0.9725 -0.2324
vn 0.0374 0.9993 0.0034
vn 0.0675 0.9976 0.0130
vn 0.0719 0.9974 -0.0075
vn -0.0226 0.9995 0.0226
vn -0.1241 0.9885 0.0868
vn -0.1878 0.9822 -0.0102
vn -0.1122 0.9892 -0.0943
vn 0.1979 0.9413 0.2734
vn 0.3867 0.8855 0.2575
vn 0.2370 0.9349 -0.2643
vn -0.1279 0.9302 -0.3439
vn -0.0944 0.9911 -0.0944
vn 0.0642 0.9883 0.1382
vn 0.1789 0.8852 0.4294
vn 0.3140 0.8291 0.4626
vn 0.5010 0.8240 0.2646
vn 0.5977 0.7608 -0.2528
vn 0.3260 0.7819 -0.5314
vn -0.0931 0.8871 -0.4521
vn -0.3300 0.9439 0.0122
vn -0.3998 0.9161 0.0306
vn -0.3368 0.9369 -0.0941
vn -0.0918 0.9903 -0.1044
vn 0.1724 0.9823 0.0737
vn 0.2290 0.9319 0.2813
vn 0.2178 0.9078 0.3584
vn 0.2935 0.9131 0.2829
vn 0.3894 0.9160 0.0969
vn 0.3868 0.9153 -0.1125
vn 0.3270 0.8908 -0.3156
vn 0.1748 0.8798 -0.4420
vn 0.0382 0.9592 -0.2800
vn 0.0013 1.0000 -0.0048
vn -0.0007 1.0000 0.0045
vn 0.0028 1.0000 -0.0059
vn -0.1156 0.9816 0.1518
vn -0.2799 0.9254 0.2556
vn -0.3617 0.9285 -0.0837
vn -0.2963 0.9045 -0.3067
vn -0.1475 0.9873 0.0594
vn -0.1791 0.9405 0.2888
vn -0.2878 0.9552 0.0687
vn -0.2787 0.9029 -0.3274
vn -0.1211 0.9471 -0.2972
vn -0.0098 0.9999 -0.0098
vn 0.0388 0.9985 0.0388
vn 0.2186 0.9378 0.2696
vn 0.4510 0.8238 0.3434
vn 0.6517 0.7377 0.1766
vn 0.7139 0.6933 -0.0983
vn 0.4596 0.8868 -0.0495
vn -0.1041 0.9907 0.0877
vn -0.3860 0.8979 0.2115
vn -0.4996 0.8659 0.0245
vn -0.5003 0.8307 -0.2440
vn -0.3607 0.8422 -0.4008
vn -0.0423 0.9692 -0.2427
vn 0.1851 0.9559 0.2281
vn 0.2563 0.8974 0.3591
vn 0.4172 0.8434 0.3386
vn 0.8307 0.3938 0.3936
vn 0.9811 -0.0681 -0.1811
vn 0.5048 0.7705 -0.3891
vn 0.1877 0.9277 -0.3227
vn -0.0148 0.9899 -0.1410
vn -0.1076 0.9935 0.0382
vn -0.1435 0.9896 0.0115
vn -0.1362 0.9903 -0.0263
vn -0.0750 0.9429 0.3245
vn -0.1284 0.8359 0.5337
vn -0.3434 0.9390 -0.0212
vn -0.2798 0.6820 -0.6757
vn -0.0246 0.9970 -0.0739
vn 0.0893 0.9358 0.3411
vn 0.1574 0.9836 0.0885
vn 0.1514 0.8954 -0.4188
vn 0.0635 0.9253 -0.3740
vn 0.0076 0.9999 -0.0121
vn 0.4676 0.8797 0.0863
vn 0.4957 0.8684 0.0111
vn 0.1666 0.9293 0.3295
vn -0.1956 0.8778 0.4374
vn -0.3881 0.8572 0.3385
vn -0.5076 0.8616 0.0054
vn -0.4838 0.7647 -0.4256
vn -0.3348 0.6793 -0.6530
vn -0.1566 0.8139 -0.5595
vn 0.0605 0.9949 0.0802
vn 0.2327 0.9352 0.2670
vn 0.4957 0.8148 0.3007
vn 0.4676 -0.8558 0.2211
vn 0.2720 -0.9623 0.0075
vn 0.7512 0.5286 -0.3954
vn 0.1141 0.9819 -0.1509
vn -0.1067 0.9933 0.0447
vn -0.1984 0.9762 0.0873
vn -0.2329 0.9722 0.0238
vn -0.2315 0.9710 -0.0600
vn 0.1570 0.8848 0.4388
vn 0.4391 0.4112 0.7988
vn 0.7862 -0.4788 -0.3906
vn -0.0154 0.2848 -0.9585
vn 0.0774 0.9375 -0.3392
vn 0.2583 0.9374 0.2338
vn 0.4296 0.9012 0.0568
vn 0.3945 0.8812 -0.2603
vn 0.1433 0.9726 -0.1831
vn 0.0023 1.0000 -0.0023
vn 0.0265 0.9995 0.0144
vn 0.0341 0.9979 0.0556
vn -0.0505 0.8854 0.4621
vn -0.1003 0.8199 0.5636
vn -0.0546 0.8904 0.4518
vn 0.1016 0.9900 -0.0974
vn 0.0911 0.6794 -0.7281
vn -0.0104 0.5320 -0.8467
vn -0.0179 0.6899 -0.7237
vn 0.0692 0.9943 -0.0814
vn 0.1773 0.9734 0.1451
vn 0.3142 0.9400 0.1333
vn 0.4569 0.8879 0.0547
vn 0.4536 0.8885 -0.0691
vn 0.1643 0.9855 -0.0421
vn -0.0966 0.9904 0.0985
vn -0.2112 0.9636 0.1640
vn -0.2573 0.9591 0.1177
vn -0.2674 0.9635 0.0139
vn -0.2431 0.9644 -0.1046
vn 0.1017 0.9754 0.1957
vn 0.5939 0.4563 0.6626
vn 0.8348 -0.4774 -0.2743
vn -0.0491 0.4596 -0.8868
vn -0.2064 0.8492 -0.4861
vn 0.0491 0.9979 0.0428
vn 0.1626 0.9865 0.0178
vn 0.1147 0.9908 -0.0715
vn 0.0037 0.9984 0.0568
vn 0.0448 0.8632 0.5028
vn 0.1662 0.7845 0.5974
vn 0.4567 0.7963 0.3966
vn 0.7082 0.6907 -0.1463
vn 0.5872 0.5313 -0.6107
vn 0.3312 0.4798 -0.8125
vn 0.1406 0.6709 -0.7281
vn 0.0285 0.9939 -0.1066
vn 0.0426 0.9983 0.0404
vn 0.1293 0.9905 0.0475
vn 0.1884 0.9820 0.0109
vn 0.1061 0.9937 0.0360
vn -0.0622 0.9908 0.1202
vn -0.1618 0.9594 0.2311
vn -0.2084 0.9526 0.2216
vn -0.2333 0.9645 0.1234
vn -0.2347 0.9716 -0.0307
vn -0.1920 0.9631 -0.1884
vn 0.0076 0.9967 0.0807
vn 0.1836 0.8374 0.5148
vn 0.5882 0.7780 0.2206
vn 0.0046 0.7592 -0.6509
vn -0.1592 0.7120 -0.6839
vn -0.0436 0.9944 -0.0966
vn -0.0093 0.9980 0.0617
vn 0.0799 0.8992 0.4302
vn 0.2335 0.8208 0.5213
vn 0.3494 0.8754 0.3340
vn 0.3291 0.9421 -0.0638
vn 0.2778 0.8182 -0.5033
vn 0.2177 0.6928 -0.6875
vn 0.0844 0.8153 -0.5728
vn -0.0027 0.9967 -0.0808
vn 0.0006 1.0000 -0.0002
vn -0.0075 0.9999 0.0110
vn -0.0473 0.9916 0.1203
vn -0.0826 0.9715 0.2220
vn -0.0988 0.9465 0.3072
vn -0.1183 0.9604 0.2524
vn -0.1301 0.9875 0.0884
vn -0.1104 0.9846 -0.1354
vn -0.0600 0.9466 -0.3168
vn -0.0188 0.9996 0.0188
vn -0.1829 0.9584 0.2190
vn -0.2167 0.8722 0.4385
vn 0.0219 0.9850 0.1711
vn 0.3331 0.8415 -0.4253
vn 0.2430 0.7898 -0.5631
vn 0.0549 0.9952 -0.0812
vn 0.0201 0.9984 0.0529
vn 0.0793 0.9412 0.3284
vn 0.1653 0.8861 0.4331
vn 0.2601 0.9034 0.3410
vn 0.3445 0.9388 0.0047
vn 0.3193 0.8230 -0.4697
vn 0.2070 0.7662 -0.6084
vn 0.1014 0.8901 -0.4444
vn 0.0225 0.9978 -0.0621
vn 0.0036 1.0000 -0.0045
vn 0.0037 0.9997 0.0253
vn 0.0034 0.9841 0.1775
vn 0.0251 0.9619 0.2724
vn 0.0449 0.9309 0.3624
vn 0.0253 0.9573 0.2878
vn 0.0015 1.0000 0.0029
vn 0.0335 0.9574 -0.2867
vn 0.0915 0.8912 -0.4444
vn -0.0865 0.9888 0.1219
vn -0.2353 0.8830 0.4062
vn -0.2390 0.9180 0.3164
vn 0.0815 0.9217 -0.3793
vn 0.3452 0.7836 -0.5166
vn 0.2303 0.9475 -0.2220
vn -0.0212 0.9995 0.0212
vn -0.5163 0.7043 0.4872
vn -0.7327 0.5589 -0.3884
vn 0.0166 0.9997 0.0166
vn 0.1270 0.9661 0.2246
vn 0.3027 0.8805 0.3649
vn 0.4918 0.8165 0.3024
vn 0.6561 0.7546 0.0056
vn 0.6198 0.6917 -0.3707
vn 0.4185 0.7597 -0.4976
vn 0.1633 0.9440 -0.2867
vn 0.0194 0.9996 -0.0194
vn -0.0045 1.0000 0.0045
vn -0.0146 0.9999 -0.0045
vn -0.0073 0.9999 0.0098
vn 0.0462 0.9877 0.1493
vn 0.0697 0.9561 0.2847
vn -0.0257 0.9204 0.3900
vn -0.1503 0.9272 0.3430
vn -0.2122 0.9690 0.1262
vn -0.1786 0.9621 -0.2063
vn -0.0648 0.8882 -0.4548
vn 0.0348 0.9853 0.1670
vn 0.0927 0.8884 0.4496
vn 0.1916 0.9649 0.1797
vn 0.2224 0.7831 -0.5807
vn 0.1098 0.8368 -0.5364
vn 0.0086 0.9999 -0.0086
vn -0.0740 0.9877 0.1379
vn -0.1603 0.5753 0.8021
vn -0.3484 0.3204 -0.8809
vn -0.2224 0.5931 -0.7738
vn 0.4790 0.8579 0.1857
vn -0.2375 0.8845 0.4017
vn -0.4375 0.8615 0.2577
vn -0.4803 0.8760 -0.0448
vn -0.3874 0.8379 -0.3844
vn 0.0700 0.9951 0.0700
vn 0.2429 0.9145 0.3235
vn 0.4577 0.8826 0.1076
vn 0.4694 0.7921 -0.3901
vn 0.1960 0.9515 -0.2370
vn 0.1126 0.9872 0.1126
vn 0.1970 0.5057 0.8399
vn 0.6364 0.0335 -0.7707
vn 0.5945 0.5279 -0.6065
vn -0.0974 0.8929 0.4395
vn -0.3608 0.8847 0.2952
vn -0.5625 0.8262 -0.0326
vn -0.5339 0.7365 -0.4154
vn -0.0596 0.9964 0.0596
vn -0.1510 0.9498 0.2741
vn -0.2208 0.9728 0.0697
vn -0.2091 0.9016 -0.3787
vn -0.0841 0.9884 -0.1261
vn -0.0841 0.9929 0.0841
vn -0.3733 0.5837 0.7210
vn -0.9470 0.2219 0.2324
vn -0.7198 0.2181 -0.6590
vn -0.0707 0.9950 -0.0707
vn 0.0111 0.8933 0.4493
vn -0.1209 0.9391 0.3215
vn -0.3032 0.9452 -0.1207
vn -0.3076 0.7632 -0.5682
vn -0.0287 0.9897 0.1403
vn -0.1141 0.9282 0.3541
vn -0.1706 0.9852 0.0145
vn -0.1505 0.9019 -0.4048
vn -0.0801 0.9509 -0.2988
vn -0.4085 0.7623 0.5020
vn -0.2074 0.5893 0.7809
vn -0.3096 0.0674 -0.9485
vn -0.2161 -0.0356 -0.9757
vn -0.1436 0.9453 -0.2930
vn 0.1587 0.8931 0.4209
vn 0.1789 0.9363 0.3021
vn 0.1991 0.9705 -0.1357
vn 0.1631 0.7888 -0.5926
vn 0.0176 0.9890 0.1467
vn 0.0333 0.9097 0.4139
vn 0.0112 0.9921 0.1250
vn -0.0407 0.9025 -0.4287
vn -0.0413 0.9108 -0.4108
vn -0.0096 0.9999 -0.0096
vn 0.5011 0.6756 0.5408
vn 0.3266 0.5023 0.8007
vn 0.3536 -0.1758 -0.9188
vn 0.3121 0.0073 -0.9500
vn 0.1855 0.9534 -0.2381
vn 0.2576 0.9022 0.3459
vn 0.3354 0.8722 0.3560
vn 0.4272 0.8727 0.2364
vn 0.5171 0.8514 -0.0876
vn 0.4859 0.7514 -0.4464
vn 0.0253 0.9938 0.1082
vn 0.0593 0.9113 0.4074
vn 0.1126 0.9652 0.2359
vn 0.1220 0.8626 -0.4910
vn 0.0478 0.8836 -0.4658
vn 0.0056 0.9999 -0.0141
vn 0.0420 0.9982 0.0420
vn 0.6444 0.4369 0.6276
vn 0.8952 -0.1093 -0.4320
vn 0.6698 0.3807 -0.6375
vn 0.0251 0.9994 -0.0251
vn 0.2879 0.9249 0.2484
vn 0.4039 0.8713 0.2788
vn 0.5112 0.8421 0.1717
vn 0.5876 0.8072 -0.0568
vn 0.5627 0.7713 -0.2975
vn 0.0441 0.9981 0.0441
vn 0.2325 0.8908 0.3904
vn 0.8810 0.4005 0.2519
vn 0.8353 0.2317 -0.4986
vn 0.2466 0.9140 -0.3221
vn 0.0043 1.0000 -0.0043
vn 0.0492 0.9988 -0.0044
vn 0.1410 0.9844 0.1050
vn 0.2911 0.9400 0.1782
vn 0.4149 0.9041 0.1025
vn 0.4843 0.8736 -0.0481
vn 0.4444 0.8801 -0.1674
vn -0.1873 0.9643 0.1873
vn -0.5087 0.8030 0.3104
vn -0.6969 0.6189 -0.3622
vn -0.1809 0.9195 -0.3490
vn 0.0316 0.9990 -0.0316
vn -0.0329 0.9836 0.1773
vn -0.0803 0.8675 0.4910
vn -0.1329 0.8328 0.5374
vn -0.1901 0.5119 -0.8377
vn -0.1100 0.6940 -0.7115
vn -0.0278 0.9926 -0.1181
vn 0.0036 1.0000 0.0021
vn 0.0051 1.0000 -0.0006
vn -0.0329 0.9989 0.0332
vn -0.1234 0.9897 0.0719
vn -0.1648 0.9819 0.0938
vn -0.1306 0.9911 0.0264
vn -0.0719 0.9939 -0.0831
vn -0.0197 0.9919 -0.1251
vn -0.0878 0.9121 0.4004
vn -0.2001 0.8108 0.5500
vn -0.3335 0.5292 -0.7802
vn -0.1398 0.7124 -0.6877
vn 0.0375 0.9840 0.1741
vn 0.0922 0.8658 0.4917
vn 0.1535 0.8270 0.5408
vn 0.2525 0.8681 0.4274
vn 0.3980 0.9150 -0.0655
vn 0.3445 0.6339 -0.6925
vn 0.2185 0.4978 -0.8393
vn 0.1262 0.6920 -0.7108
vn 0.0323 0.9928 -0.1155
vn -0.0289 0.9992 0.0289
vn -0.1238 0.9831 0.1352
vn -0.2257 0.9605 0.1626
vn -0.2948 0.9503 0.1005
vn -0.3288 0.9443 -0.0144
vn -0.3135 0.9401 -0.1340
vn -0.2397 0.9515 -0.1931
vn 0.2653 0.9210 0.2851
vn 0.5903 0.6957 0.4093
vn 0.7816 0.4203 -0.4609
vn 0.3967 0.8008 -0.4487
vn 0.0653 0.9947 0.0797
vn 0.2117 0.8939 0.3951
vn 0.3656 0.8126 0.4538
vn 0.5367 0.7798 0.3222
vn 0.6931 0.7197 -0.0400
vn 0.6592 0.5872 -0.4698
vn 0.4886 0.5701 -0.6605
vn 0.2561 0.8248 -0.5042
vn 0.0403 0.9984 -0.0407
vn -0.0001 1.0000 0.0001
vn -0.0521 0.9930 0.1064
vn -0.1367 0.9614 0.2387
vn -0.2099 0.9474 0.2415
vn -0.2742 0.9499 0.1499
vn -0.3155 0.9487 -0.0223
vn -0.3063 0.9285 -0.2097
vn -0.2447 0.9170 -0.3150
vn -0.0242 0.9994 0.0242
vn -0.1500 0.9812 0.1211
vn -0.0587 0.9891 0.1351
vn 0.1017 0.9583 -0.2672
vn 0.0174 0.9993 -0.0333
vn 0.0074 0.9999 0.0074
vn 0.1710 0.9670 0.1888
vn 0.4047 0.8611 0.3078
vn 0.5866 0.7809 0.2148
vn 0.6978 0.7159 -0.0244
vn 0.6714 0.6810 -0.2923
vn 0.4810 0.7810 -0.3984
vn 0.1582 0.9724 -0.1713
vn 0.0002 1.0000 -0.0002
vn -0.0030 1.0000 0.0033
vn -0.0301 0.9835 0.1782
vn -0.0689 0.9489 0.3079
vn -0.1061 0.9444 0.3112
vn -0.1491 0.9669 0.2069
vn -0.1836 0.9824 -0.0333
vn -0.1744 0.9369 -0.3031
vn -0.1316 0.8921 -0.4323
vn -0.1121 0.9807 0.1605
vn -0.3689 0.8597 0.3533
vn -0.6467 0.7575 -0.0894
vn -0.4108 0.7757 -0.4792
vn -0.0888 0.9903 -0.1067
vn 0.0174 0.9997 0.0174
vn 0.1451 0.9830 0.1122
vn 0.3396 0.9358 0.0941
vn 0.4301 0.9027 -0.0110
vn 0.3413 0.9328 -0.1155
vn 0.1193 0.9872 -0.1061
vn -0.0413 0.9987 0.0302
vn -0.1020 0.9946 0.0179
vn -0.0912 0.9955 -0.0255
vn -0.0137 0.9860 0.1660
vn 0.0404 0.9419 0.3336
vn 0.0691 0.9334 0.3522
vn 0.1035 0.9631 0.2485
vn 0.1349 0.9900 -0.0423
vn 0.1243 0.9188 -0.3746
vn 0.0878 0.8605 -0.5018
vn -0.0025 1.0000 0.0025
vn -0.1048 0.9361 0.3358
vn -0.1532 0.9087 0.3884
vn -0.1449 0.9692 -0.1989
vn -0.0463 0.7955 -0.6042
vn 0.0084 0.9844 -0.1757
vn 0.0022 1.0000 0.0022
vn 0.0035 1.0000 -0.0009
vn -0.0290 0.9992 0.0290
vn -0.1888 0.9715 0.1432
vn -0.3966 0.9019 0.1710
vn -0.5158 0.8551 0.0526
vn -0.5304 0.8404 -0.1110
vn -0.3782 0.9214 -0.0892
vn -0.0321 0.9864 0.1610
vn 0.2211 0.9237 0.3130
vn 0.3529 0.9068 0.2307
vn 0.4412 0.8966 -0.0373
vn 0.4133 0.8454 -0.3384
vn 0.2980 0.8372 -0.4585
vn -0.0256 0.9992 0.0305
vn -0.0190 0.9207 0.3897
vn 0.0297 0.9454 0.3244
vn 0.1222 0.9259 -0.3575
vn 0.1343 0.7853 -0.6043
vn 0.0544 0.9933 -0.1015
vn -0.0051 1.0000 0.0051
vn -0.1324 0.9750 0.1782
vn -0.3376 0.8753 0.3463
vn -0.4886 0.8244 0.2857
vn -0.6018 0.7949 0.0778
vn -0.6397 0.7413 -0.2032
vn -0.5548 0.7321 -0.3953
vn -0.2708 0.9105 -0.3125
vn 0.2082 0.9734 0.0953
vn 0.4451 0.8799 0.1666
vn 0.5295 0.8479 -0.0258
vn 0.4953 0.8361 -0.2357
vn 0.3515 0.8816 -0.3149
vn 0.0242 0.9991 0.0337
vn 0.1159 0.9288 0.3521
vn 0.2703 0.9219 0.2777
vn 0.3480 0.8552 -0.3842
vn 0.1597 0.8640 -0.4774
vn 0.0205 0.9995 -0.0245
vn -0.0346 0.9984 0.0447
vn -0.1466 0.9252 0.3500
vn -0.2643 0.8282 0.4942
vn -0.3904 0.8240 0.4107
vn -0.5347 0.8359 0.1236
vn -0.5847 0.7384 -0.3360
vn -0.4730 0.6008 -0.6445
vn -0.2855 0.6548 -0.6998
vn 0.0841 0.9454 -0.3148
vn 0.3368 0.9383 0.0780
vn 0.4008 0.9161 -0.0138
vn 0.3483 0.9300 -0.1175
vn 0.1900 0.9742 -0.1217
vn 0.0048 1.0000 0.0048
vn 0.1688 0.9710 0.1696
vn 0.4607 0.8735 0.1573
vn 0.5116 0.8367 -0.1956
vn 0.1806 0.9661 -0.1843
vn -0.0114 0.9960 0.0888
vn -0.0354 0.9014 0.4315
vn -0.0548 0.7942 0.6051
vn -0.0849 0.8255 0.5580
vn -0.1428 0.9725 0.1839
vn -0.1529 0.7929 -0.5898
vn -0.0982 0.4855 -0.8687
vn -0.0618 0.4801 -0.8750
vn -0.0047 0.8324 -0.5542
vn 0.0646 0.9979 0.0042
vn 0.0867 0.9962 -0.0036
vn 0.0558 0.9981 -0.0268
vn 0.0141 0.9998 -0.0141
vn 0.0052 1.0000 0.0052
vn 0.0368 0.9990 0.0262
vn 0.0359 0.9989 -0.0286
vn 0.0036 1.0000 -0.0036
vn 0.0279 0.9969 0.0732
vn 0.1087 0.9078 0.4051
vn 0.2131 0.7551 0.6200
vn 0.3774 0.7091 0.5956
vn 0.6451 0.7429 0.1789
vn 0.6456 0.5362 -0.5438
vn 0.4375 0.3427 -0.8314
vn 0.2904 0.4179 -0.8608
vn 0.1327 0.8462 -0.5160
vn 0.0096 0.9999 -0.0099
vn -0.1102 0.9878 0.1102
vn -0.2933 0.9513 0.0948
vn -0.3204 0.9418 -0.1017
vn -0.1239 0.9845 -0.1239
vn 0.0232 0.9995 0.0232
vn 0.1504 0.9497 0.2747
vn 0.3744 0.7898 0.4858
vn 0.6301 0.6105 0.4798
vn 0.8717 0.4629 0.1611
vn 0.8944 0.3381 -0.2928
vn 0.7314 0.3240 -0.6000
vn 0.5011 0.5525 -0.6661
vn 0.1618 0.9565 -0.2427
vn -0.0413 0.9983 0.0413
vn -0.2161 0.9198 0.3274
vn -0.4160 0.8813 0.2243
vn -0.5043 0.8211 -0.2674
vn -0.2966 0.8439 -0.4472
vn -0.0448 0.9980 -0.0448
vn 0.0929 0.9911 0.0950
vn 0.3016 0.9179 0.2577
vn 0.5536 0.7779 0.2973
vn 0.7814 0.6128 0.1180
vn 0.8303 0.5323 -0.1652
vn 0.6759 0.6357 -0.3728
vn 0.3120 0.9027 -0.2964
vn 0.0380 0.9986 -0.0380
vn -0.0015 1.0000 0.0015
vn -0.0207 0.9996 0.0178
vn 0.0039 0.9969 0.0784
vn 0.0128 0.8863 0.4629
vn 0.0286 0.9336 0.3573
vn 0.0406 0.8656 -0.4990
vn 0.0197 0.7068 -0.7072
vn 0.0043 0.9961 -0.0883
vn -0.0591 0.9965 0.0591
vn -0.2785 0.9445 0.1739
vn -0.4367 0.8987 -0.0398
vn -0.1664 0.9763 -0.1385
vn 0.2075 0.9755 0.0735
vn 0.3354 0.9414 0.0364
vn 0.3262 0.9430 -0.0655
vn 0.1713 0.9794 -0.1065
vn 0.0319 0.9990 -0.0319
vn -0.0097 0.9999 0.0097
vn -0.0685 0.9962 0.0545
vn -0.1362 0.9887 0.0628
vn 0.0384 0.9985 0.0384
vn 0.2551 0.8984 0.3575
vn 0.5570 0.7824 0.2785
vn 0.6830 0.6487 -0.3358
vn 0.3569 0.7904 -0.4980
vn 0.0417 0.9983 -0.0417
vn -0.2054 0.9311 0.3013
vn -0.4599 0.7980 0.3894
vn -0.6998 0.7070 -0.1021
vn -0.5358 0.5989 -0.5952
vn -0.1791 0.9612 -0.2098
vn -0.0005 1.0000 0.0045
vn -0.0032 1.0000 -0.0024
vn -0.0024 1.0000 -0.0024
vn -0.0011 1.0000 0.0011
vn -0.0542 0.9961 0.0693
vn -0.1284 0.9831 0.1306
vn -0.1771 0.9778 0.1121
vn 0.0989 0.9902 0.0989
vn 0.3084 0.9453 0.1063
vn 0.3406 0.9331 -0.1153
vn 0.1103 0.9878 -0.1103
vn -0.0057 0.8941 0.4479
vn -0.0141 0.8462 0.5326
vn -0.0311 0.9787 -0.2030
vn -0.0261 0.4911 -0.8707
vn -0.1189 0.9413 -0.3161
vn -0.2381 0.9691 0.0643
vn -0.3021 0.9533 -0.0035
vn -0.2435 0.9672 -0.0720
vn -0.1004 0.9920 -0.0771
vn -0.0113 0.9999 -0.0113
vn -0.0161 0.9997 0.0182
vn -0.0679 0.9859 0.1532
vn -0.1216 0.9721 0.2008
vn -0.1612 0.9729 0.1658
vn -0.0414 0.9983 0.0414
vn -0.1161 0.9927 0.0339
vn -0.0852 0.9937 -0.0729
vn -0.0060 1.0000 -0.0060
vn 0.2041 0.9266 0.3159
vn 0.4611 0.7885 0.4069
vn 0.7111 0.6955 -0.1029
vn 0.4750 0.6708 -0.5695
vn -0.1785 0.9814 0.0712
vn -0.4517 0.8774 0.1614
vn -0.5355 0.8445 -0.0083
vn -0.5131 0.8349 -0.1992
vn -0.3636 0.8902 -0.2746
vn -0.1294 0.9816 -0.1405
vn -0.0167 0.9991 0.0388
vn -0.0355 0.9751 0.2189
vn -0.0613 0.9592 0.2759
vn -0.0862 0.9669 0.2403
vn -0.0557 0.9969 0.0557
vn -0.2980 0.9142 0.2747
vn -0.5481 0.8293 0.1090
vn -0.5463 0.7812 -0.3021
vn -0.2181 0.9483 -0.2306
vn 0.0688 0.9953 0.0688
vn 0.3067 0.9337 0.1846
vn 0.4291 0.9030 0.0210
vn 0.0331 0.9927 0.1162
vn -0.3006 0.8905 0.3417
vn -0.4352 0.8666 0.2443
vn -0.5423 0.8400 -0.0133
vn -0.5324 0.7819 -0.3244
vn -0.4055 0.7783 -0.4793
vn -0.2169 0.9001 -0.3777
vn -0.0407 0.9991 -0.0150
vn 0.0304 0.9668 0.2537
vn 0.0579 0.9345 0.3513
vn 0.0914 0.9347 0.3435
vn -0.0576 0.9851 0.1619
vn -0.1511 0.8678 0.4734
vn -0.3123 0.9256 0.2137
vn -0.3303 0.7131 -0.6184
vn -0.1388 0.8018 -0.5813
vn -0.0074 0.9999 -0.0074
vn -0.0361 0.9866 0.1594
vn -0.0944 0.9203 0.3797
vn -0.1554 0.8959 0.4161
vn -0.2374 0.9194 0.3136
vn -0.3284 0.9444 -0.0192
vn -0.3163 0.8334 -0.4533
vn -0.2239 0.7479 -0.6249
vn -0.1300 0.8334 -0.5371
vn -0.0197 0.9915 -0.1284
vn 0.0894 0.9708 0.2226
vn 0.2087 0.9010 0.3803
vn 0.3689 0.8300 0.4183
vn 0.0833 0.9865 0.1413
vn 0.2302 0.8598 0.4558
vn 0.4547 0.8668 0.2045
vn 0.4750 0.6653 -0.5760
vn 0.2048 0.8229 -0.5299
vn 0.0074 0.9999 -0.0074
vn 0.0147 0.9841 0.1770
vn 0.0372 0.9207 0.3884
vn 0.0605 0.9054 0.4201
vn 0.0936 0.9434 0.3181
vn 0.1321 0.9910 -0.0198
vn 0.1267 0.8746 -0.4680
vn 0.0883 0.7642 -0.6389
vn 0.0519 0.8291 -0.5567
vn 0.0187 0.9849 -0.1720
vn 0.0766 0.9913 0.1069
vn 0.2668 0.9198 0.2877
vn 0.5305 0.7691 0.3563
vn 0.0276 0.9990 0.0342
vn 0.0758 0.9284 0.3638
vn 0.0850 0.9729 0.2152
vn 0.0331 0.8985 -0.4377
vn -0.0131 0.9332 -0.3591
vn 0.0528 0.9919 0.1151
vn 0.1444 0.9332 0.3292
vn 0.2359 0.9030 0.3591
vn 0.3364 0.9070 0.2535
vn 0.4261 0.9046 -0.0141
vn 0.4214 0.8389 -0.3446
vn 0.3233 0.7954 -0.5126
vn 0.1886 0.8772 -0.4415
vn 0.0520 0.9933 -0.1028
vn 0.0169 0.9997 0.0169
vn 0.1191 0.9881 0.0972
vn 0.3437 0.9242 0.1664
vn -0.0545 0.9967 0.0605
vn -0.1862 0.9168 0.3534
vn -0.3289 0.9222 0.2035
vn -0.3866 0.8728 -0.2980
vn -0.2287 0.8556 -0.4645
vn -0.0350 0.9988 -0.0350
vn 0.0328 0.9989 0.0328
vn 0.1575 0.9665 0.2026
vn 0.3016 0.9173 0.2601
vn 0.4162 0.8919 0.1772
vn 0.4915 0.8708 -0.0091
vn 0.4828 0.8468 -0.2233
vn 0.3739 0.8645 -0.3359
vn 0.1745 0.9575 -0.2298
vn 0.0009 1.0000 -0.0010
vn -0.0842 0.9956 0.0408
vn -0.1372 0.9901 0.0282
vn -0.1181 0.9930 -0.0008
vn 0.0301 0.9953 0.0920
vn 0.0996 0.8566 0.5063
vn 0.2402 0.8885 0.3910
vn 0.3142 0.7037 -0.6373
vn 0.1332 0.6746 -0.7261
vn 0.0226 0.9984 -0.0515
vn 0.0578 0.9967 0.0578
vn 0.2023 0.9714 0.1240
vn 0.3349 0.9369 0.1001
vn 0.3942 0.9190 -0.0051
vn 0.3603 0.9255 -0.1170
vn 0.2128 0.9675 -0.1367
vn 0.0153 0.9998 -0.0152
vn -0.1486 0.9804 0.1290
vn -0.2762 0.9514 0.1366
vn -0.3543 0.9332 0.0592
vn -0.3721 0.9264 -0.0581
vn 0.0319 0.9990 0.0319
vn 0.3239 0.8745 0.3611
vn 0.7809 0.5560 0.2846
vn 0.8520 0.3512 -0.3882
vn 0.3729 0.8192 -0.4356
vn 0.0142 0.9998 -0.0142
vn 0.0156 0.9998 0.0156
vn 0.0593 0.9978 0.0285
vn 0.0870 0.9962 -0.0016
vn 0.0567 0.9979 -0.0305
vn 0.0048 1.0000 -0.0048
vn -0.1007 0.9840 0.1471
vn -0.2298 0.9374 0.2616
vn -0.3279 0.9166 0.2286
vn -0.3961 0.9139 0.0885
vn -0.4192 0.9013 -0.1095
vn 0.0511 0.9974 0.0511
vn 0.1875 0.9793 0.0763
vn 0.1846 0.9781 -0.0961
vn 0.0394 0.9984 -0.0394
vn -0.0055 1.0000 0.0055
vn -0.0520 0.9978 0.0421
vn -0.0956 0.9954 0.0080
vn -0.0713 0.9967 -0.0400
vn -0.0171 0.9997 -0.0171
vn -0.0132 0.9998 0.0132
vn -0.0357 0.9993 0.0096
vn -0.0298 0.9994 -0.0161
vn -0.0069 1.0000 -0.0069
vn -0.0213 0.9991 0.0372
vn -0.0992 0.9559 0.2763
vn -0.1750 0.9114 0.3724
vn -0.2289 0.9201 0.3179
vn -0.2716 0.9555 0.1151
vn -0.2860 0.9386 -0.1931
vn -0.0471 0.9978 0.0471
vn -0.1654 0.9826 0.0841
vn -0.2193 0.9752 -0.0295
vn -0.1170 0.9878 -0.1029
vn -0.0075 0.9999 -0.0075
vn -0.0127 0.9998 0.0127
vn -0.0254 0.9997 0.0003
vn -0.0132 0.9998 -0.0131
vn -0.0002 1.0000 0.0002
vn -0.0002 1.0000 -0.0002
vn -0.0056 1.0000 0.0056
vn -0.1065 0.9886 0.1063
vn -0.2135 0.9700 0.1161
vn -0.2617 0.9650 0.0182
vn -0.2518 0.9623 -0.1028
vn -0.1563 0.9781 -0.1373
vn -0.0287 0.9992 -0.0287
vn -0.0037 1.0000 0.0037
vn -0.0933 0.9919 0.0864
vn -0.2522 0.9614 0.1105
vn -0.3558 0.9337 0.0399
vn -0.3555 0.9316 -0.0758
vn -0.2267 0.9658 -0.1255
vn -0.0596 0.9964 -0.0596
vn -0.0009 1.0000 0.0009
vn -0.0097 0.9978 0.0660
vn -0.0243 0.9349 0.3540
vn -0.0315 0.8906 0.4538
vn -0.0283 0.9178 0.3961
vn -0.0086 0.9917 0.1281
vn 0.0179 0.9569 -0.2898
vn -0.0057 1.0000 0.0057
vn -0.1274 0.9721 0.1968
vn -0.2902 0.9297 0.2269
vn -0.3867 0.9184 -0.0835
vn -0.2897 0.8989 -0.3287
vn -0.1321 0.9906 -0.0350
vn -0.1791 0.9784 0.1034
vn -0.2752 0.9601 0.0490
vn -0.3267 0.9450 0.0151
vn -0.3294 0.9434 -0.0378
vn -0.2297 0.9660 -0.1186
vn -0.0647 0.9958 -0.0647
vn -0.0433 0.9976 0.0536
vn -0.1330 0.9611 0.2419
vn -0.2104 0.9550 0.2090
vn -0.2609 0.9648 0.0336
vn -0.2625 0.9448 -0.1964
vn -0.1961 0.9300 -0.3109
vn -0.0746 0.9888 -0.1292
vn -0.0333 0.9989 0.0333
vn -0.1088 0.9930 0.0458
vn -0.1520 0.9884 -0.0014
vn -0.1097 0.9928 -0.0491
vn -0.0316 0.9990 -0.0316
vn -0.0086 0.9999 0.0086
vn -0.1130 0.9882 0.1035
vn -0.2768 0.9302 0.2412
vn -0.3981 0.8936 0.2073
vn -0.4752 0.8768 0.0734
vn -0.5004 0.8520 -0.1539
vn -0.4151 0.8520 -0.3191
vn -0.2144 0.9414 -0.2603
vn -0.0365 0.9987 -0.0365
vn -0.0187 0.9997 0.0187
vn -0.0812 0.9957 0.0453
vn -0.1485 0.9886 0.0267
vn -0.1484 0.9880 0.0418
vn -0.0487 0.9486 0.3127
vn 0.0530 0.8875 0.4577
vn 0.1225 0.8979 0.4228
vn 0.1959 0.9728 0.1235
vn 0.2266 0.9169 -0.3287
vn -0.0017 0.9999 0.0130
vn -0.0587 0.9342 0.3518
vn -0.2142 0.8803 0.4232
vn -0.4092 0.9043 -0.1213
vn -0.3197 0.7354 -0.5975
vn -0.1764 0.9818 -0.0708
vn -0.1864 0.9567 0.2234
vn -0.2909 0.9406 0.1749
vn -0.3650 0.9297 0.0484
vn -0.3934 0.9185 -0.0389
vn -0.3757 0.8767 -0.3005
vn -0.1890 0.9385 -0.2890
vn -0.0119 0.9999 -0.0119
vn -0.0129 0.9998 0.0129
vn -0.0598 0.9976 0.0351
vn -0.0782 0.9968 -0.0176
vn -0.0018 1.0000 0.0018
vn -0.0277 0.9923 0.1207
vn -0.0724 0.9311 0.3574
vn -0.0830 0.9473 0.3096
vn -0.0740 0.9948 0.0702
vn -0.0734 0.9127 -0.4019
vn -0.0458 0.8402 -0.5403
vn -0.0554 0.9806 -0.1881
vn -0.1495 0.9786 0.1413
vn -0.2593 0.9579 0.1230
vn -0.3124 0.9499 -0.0037
vn -0.2861 0.9476 -0.1423
vn -0.1626 0.9741 -0.1572
vn -0.0346 0.9988 -0.0342
vn -0.0183 0.9997 0.0179
vn -0.0500 0.9987 0.0140
vn -0.0535 0.9985 -0.0111
vn -0.0469 0.9989 0.0047
vn -0.1123 0.9905 0.0795
vn -0.2541 0.9282 0.2719
vn -0.3567 0.8748 0.3279
vn -0.4086 0.8834 0.2295
vn -0.4302 0.8988 0.0838
vn -0.4428 0.8607 -0.2513
vn -0.3587 0.7847 -0.5056
vn -0.2208 0.8409 -0.4941
vn -0.0665 0.9877 -0.1418
vn -0.0222 0.9995 0.0222
vn -0.1130 0.9879 0.1065
vn -0.2196 0.9672 0.1279
vn -0.2871 0.9555 0.0679
vn -0.2935 0.9558 -0.0153
vn -0.1716 0.9718 0.1616
vn 0.0214 0.9362 0.3509
vn 0.1995 0.9031 0.3803
vn 0.3304 0.9346 0.1316
vn 0.3545 0.8787 -0.3197
vn 0.0665 0.9176 0.3919
vn 0.0126 0.7816 0.6236
vn -0.1195 0.9676 -0.2225
vn -0.1403 0.5960 -0.7907
vn -0.1072 0.9694 -0.2206
vn 0.0458 0.9394 0.3398
vn 0.1353 0.9399 0.3134
vn 0.0665 0.9944 0.0815
vn -0.1107 0.9938 0.0064
vn -0.1257 0.8094 -0.5737
vn -0.1017 0.8657 -0.4901
vn -0.1763 0.9822 0.0648
vn -0.2596 0.9657 0.0055
vn -0.2801 0.9589 0.0449
vn -0.3203 0.9429 0.0911
vn -0.3514 0.9347 -0.0535
vn -0.2892 0.9488 -0.1274
vn -0.2221 0.9750 0.0104
vn -0.2058 0.9747 0.0869
vn -0.0616 0.9461 0.3181
vn 0.3172 0.8584 0.4032
vn 0.7687 0.6277 0.1230
vn 0.6458 0.3976 -0.6517
vn 0.3295 0.6262 -0.7066
vn 0.0101 0.9990 -0.0440
vn -0.1445 0.9557 0.2564
vn -0.2255 0.9532 0.2012
vn -0.2838 0.9589 -0.0064
vn -0.2687 0.9299 -0.2512
vn -0.1789 0.9289 -0.3244
vn -0.1036 0.9917 -0.0760
vn -0.1373 0.9869 0.0845
vn -0.2070 0.9772 0.0465
vn -0.2290 0.9731 -0.0252
vn -0.2310 0.9727 0.0233
vn -0.2256 0.9652 0.1321
vn -0.2129 0.9006 0.3789
vn -0.2314 0.8995 0.3705
vn -0.2023 0.9543 0.2201
vn -0.1343 0.9892 0.0579
vn -0.0968 0.9237 -0.3706
vn -0.0675 0.7498 -0.6583
vn -0.0400 0.7803 -0.6241
vn -0.0129 0.9733 -0.2290
vn -0.0369 0.9986 0.0369
vn -0.1849 0.9704 0.1552
vn -0.3388 0.9168 0.2115
vn -0.4126 0.8987 0.1484
vn -0.4060 0.9133 0.0328
vn -0.3620 0.9292 -0.0741
vn -0.2618 0.9646 -0.0325
vn -0.0414 0.9903 0.1323
vn 0.2071 0.9471 0.2453
vn 0.3559 0.9253 0.1308
vn 0.3853 0.8814 -0.2733
vn -0.0019 1.0000 0.0019
vn -0.1816 0.8905 0.4171
vn -0.3394 0.7999 0.4950
vn -0.2571 0.8214 -0.5092
vn 0.0178 0.5895 -0.8075
vn 0.1120 0.8350 -0.5387
vn 0.3764 0.8745 0.3059
vn 0.6503 0.7259 0.2239
vn 0.6527 0.7238 0.2237
vn 0.5436 0.8278 0.1390
vn 0.3023 0.7137 -0.6319
vn -0.2123 0.9676 -0.1369
vn -0.4127 0.8911 0.1886
vn -0.5143 0.8571 0.0293
vn -0.4837 0.8705 -0.0909
vn -0.3581 0.9288 0.0957
vn -0.3614 0.9278 -0.0923
vn -0.3547 0.9125 -0.2036
vn -0.3237 0.9459 0.0243
vn -0.3173 0.9469 0.0516
vn -0.1481 0.9889 0.0109
vn 0.6077 0.7799 0.1500
vn 0.9793 0.1993 0.0348
vn 0.8886 0.1843 -0.4200
vn 0.4291 0.7939 -0.4309
vn 0.0494 0.9885 0.1427
vn -0.0163 0.9457 0.3247
vn -0.0275 0.9623 0.2707
vn -0.0383 0.9992 -0.0095
vn -0.0351 0.9312 -0.3627
vn -0.0386 0.9073 -0.4188
vn -0.0968 0.9948 -0.0315
vn -0.1688 0.9715 0.1662
vn -0.2314 0.9692 0.0839
vn -0.2684 0.9631 -0.0192
vn -0.2635 0.9642 0.0281
vn -0.2155 0.9717 0.0971
vn -0.0839 0.9227 0.3763
vn 0.0301 0.9305 0.3651
vn 0.1694 0.9723 0.1608
vn 0.3392 0.9402 -0.0311
vn 0.4163 0.8285 -0.3746
vn 0.3215 0.7058 -0.6313
vn 0.1895 0.7833 -0.5921
vn 0.0571 0.9809 -0.1859
vn -0.0470 0.9978 0.0470
vn -0.1912 0.9663 0.1724
vn -0.3421 0.8877 0.3081
vn -0.4561 0.8476 0.2712
vn -0.5256 0.8428 0.1157
vn -0.5168 0.8512 -0.0915
vn -0.3991 0.8887 -0.2256
vn -0.2533 0.9462 -0.2014
vn -0.1124 0.9866 -0.1180
vn 0.0796 0.9965 0.0242
vn 0.2155 0.9730 0.0827
vn 0.2454 0.9497 -0.1945
vn -0.0178 0.9997 0.0178
vn -0.2831 0.9241 0.2567
vn -0.4674 0.7316 0.4963
vn -0.5936 0.7563 0.2750
vn -0.1404 0.5661 -0.8123
vn 0.3734 0.3778 -0.8473
vn 0.3275 0.7777 -0.5366
vn 0.1888 0.9783 0.0852
vn 0.4041 0.9103 0.0895
vn 0.5588 0.8009 0.2149
vn 0.5470 0.7945 0.2635
vn 0.0153 0.9993 -0.0355
vn -0.3644 0.9132 0.1826
vn -0.3639 0.9043 0.2232
vn -0.3238 0.9457 0.0290
vn -0.1742 0.9096 -0.3772
vn -0.0080 0.9914 0.1306
vn -0.0085 0.9892 -0.1461
vn -0.0274 0.9443 -0.3278
vn -0.1104 0.9895 0.0934
vn -0.1893 0.9802 0.0573
vn -0.1579 0.9445 -0.2882
vn 0.0578 0.9294 -0.3644
vn 0.3401 0.9299 -0.1403
vn 0.2658 0.9584 -0.1040
vn 0.0634 0.9960 -0.0629
vn 0.0526 0.9869 0.1523
vn 0.1470 0.9373 0.3160
vn 0.2540 0.9276 0.2740
vn 0.3532 0.9355 -0.0096
vn 0.3212 0.8747 -0.3631
vn 0.1746 0.9137 -0.3669
vn -0.0012 0.9959 0.0907
vn -0.0862 0.9707 0.2241
vn -0.1248 0.9850 0.1195
vn -0.1309 0.9909 -0.0322
vn -0.0848 0.9962 -0.0210
vn -0.0266 0.9993 0.0247
vn 0.1211 0.9621 0.2445
vn 0.3060 0.9089 0.2834
vn 0.4737 0.8776 0.0736
vn 0.5804 0.8055 -0.1198
vn 0.6065 0.7346 -0.3040
vn 0.5008 0.7372 -0.4536
vn 0.2709 0.8810 -0.3878
vn 0.0524 0.9970 -0.0577
vn -0.0889 0.9824 0.1642
vn -0.2122 0.9255 0.3137
vn -0.2883 0.8641 0.4126
vn -0.3620 0.8721 0.3294
vn -0.4026 0.9108 0.0912
vn -0.3502 0.9046 -0.2431
vn -0.2057 0.8752 -0.4379
vn -0.0373 0.9419 -0.3338
vn 0.0384 0.9802 -0.1945
vn 0.0468 0.9942 -0.0969
vn 0.0702 0.9971 0.0292
vn 0.0757 0.9886 -0.1302
vn -0.0574 0.9941 0.0916
vn -0.1992 0.8389 0.5064
vn -0.2652 0.7603 0.5929
vn -0.1979 0.9766 0.0839
vn 0.3711 0.4094 -0.8335
vn 0.3559 0.4259 -0.8318
vn 0.1213 0.9758 -0.1821
vn -0.0221 0.9886 0.1488
vn -0.1107 0.9260 0.3610
vn -0.2418 0.9233 0.2983
vn -0.2099 0.9636 0.1658
vn 0.1275 0.9887 0.0784
vn 0.4332 0.8998 -0.0525
vn 0.5132 0.7183 -0.4697
vn 0.5281 0.8401 0.1237
vn 0.6304 0.7620 -0.1481
vn 0.4939 0.8146 -0.3040
vn 0.2513 0.9438 0.2148
vn 0.2318 0.9702 0.0702
vn 0.2274 0.8959 -0.3816
vn 0.1295 0.8754 -0.4658
vn 0.0368 0.9886 -0.1463
vn 0.0519 0.9972 0.0539
vn 0.1952 0.9597 0.2023
vn 0.3661 0.9108 0.1907
vn 0.4749 0.8800 -0.0062
vn 0.4252 0.8748 -0.2322
vn 0.2281 0.9576 -0.1762
vn 0.0753 0.9805 0.1816
vn 0.0632 0.9689 0.2393
vn 0.0945 0.9868 0.1312
vn 0.1346 0.9878 -0.0779
vn 0.1826 0.9780 -0.1010
vn 0.2211 0.9745 -0.0385
vn 0.2516 0.9627 0.0999
vn 0.3808 0.9167 0.1212
vn 0.5421 0.8402 -0.0126
vn 0.5959 0.7888 -0.1506
vn 0.5475 0.8069 -0.2218
vn 0.3733 0.9008 -0.2219
vn 0.1210 0.9856 -0.1178
vn -0.0120 0.9996 0.0250
vn -0.0608 0.9636 0.2602
vn -0.1032 0.9177 0.3836
vn -0.1026 0.8783 0.4669
vn -0.0838 0.9265 0.3668
vn -0.0099 0.9990 0.0433
vn 0.1215 0.9212 -0.3696
vn 0.2312 0.8171 -0.5281
vn 0.3212 0.8678 -0.3791
vn 0.3197 0.9404 -0.1157
vn 0.2450 0.9687 -0.0404
vn 0.1765 0.9835 0.0386
vn 0.1554 0.9809 -0.1169
vn 0.0264 0.9925 0.1194
vn 0.2019 0.8573 0.4736
vn 0.4254 0.7626 0.4873
vn 0.7434 0.6500 -0.1577
vn 0.6078 0.4095 -0.6804
vn 0.3469 0.7314 -0.5871
vn 0.0291 0.9992 -0.0291
vn 0.0150 0.9875 0.1569
vn 0.0408 0.9085 0.4159
vn 0.1194 0.9312 0.3445
vn 0.3420 0.9391 -0.0322
vn 0.5938 0.7671 -0.2427
vn 0.7119 0.6872 -0.1447
vn 0.6990 0.6286 -0.3410
vn 0.6152 0.7873 0.0410
vn 0.6237 0.7773 -0.0826
vn 0.4853 0.8711 -0.0749
vn 0.3748 0.9006 0.2200
vn 0.4765 0.8778 0.0488
vn 0.4567 0.8498 -0.2632
vn 0.2442 0.9226 -0.2985
vn 0.0521 0.9971 -0.0548
vn 0.0010 1.0000 0.0010
vn 0.0577 0.9968 0.0557
vn 0.1833 0.9807 0.0673
vn 0.2597 0.9657 -0.0023
vn 0.1886 0.9793 -0.0732
vn 0.0783 0.9965 -0.0288
vn 0.0897 0.9829 0.1605
vn 0.1773 0.9642 0.1972
vn 0.2534 0.9617 0.1040
vn 0.2853 0.9548 -0.0836
vn 0.2923 0.9443 -0.1513
vn 0.2960 0.9535 -0.0569
vn 0.2804 0.9576 0.0660
vn 0.2976 0.9547 0.0027
vn 0.3202 0.9440 -0.0792
vn 0.2923 0.9474 -0.1307
vn 0.1693 0.9817 -0.0869
vn 0.0447 0.9981 -0.0426
vn 0.0010 1.0000 -0.0010
vn 0.0048 0.9993 0.0370
vn 0.0180 0.9595 0.2813
vn 0.0425 0.9213 0.3865
vn 0.1242 0.8926 0.4335
vn 0.2703 0.9066 0.3241
vn 0.4297 0.9029 -0.0136
vn 0.4998 0.7852 -0.3656
vn 0.5095 0.6987 -0.5021
vn 0.5186 0.7854 -0.3379
vn 0.4475 0.8937 -0.0323
vn 0.3412 0.9380 0.0607
vn 0.2908 0.9552 0.0543
vn 0.2918 0.9512 -0.1000
vn 0.0483 0.9977 0.0483
vn 0.2422 0.9403 0.2392
vn 0.5402 0.8035 0.2500
vn 0.7387 0.6630 -0.1211
vn 0.5769 0.7423 -0.3407
vn 0.1564 0.9752 -0.1564
vn 0.0702 0.9943 0.0805
vn 0.2411 0.9125 0.3304
vn 0.4531 0.8580 0.2421
vn 0.6089 0.7813 -0.1369
vn 0.5925 0.7332 -0.3337
vn 0.4733 0.8722 -0.1236
vn 0.2510 0.9569 -0.1460
vn 0.1013 0.9948 0.0056
vn 0.0874 0.9960 -0.0197
vn 0.0801 0.9967 0.0136
vn 0.1836 0.9785 0.0938
vn 0.3069 0.9515 0.0193
vn 0.2495 0.9641 -0.0906
vn 0.0805 0.9937 -0.0778
vn 0.0013 1.0000 -0.0013
vn 0.0013 1.0000 0.0013
vn 0.0025 1.0000 -0.0002
vn 0.0012 1.0000 -0.0012
vn 0.0596 0.9963 0.0621
vn 0.1686 0.9794 0.1113
vn 0.2540 0.9653 0.0613
vn 0.2727 0.9608 -0.0501
vn 0.2099 0.9709 -0.1149
vn 0.1365 0.9901 -0.0316
vn 0.1445 0.9888 0.0369
vn 0.1758 0.9844 -0.0027
vn 0.1371 0.9894 -0.0469
vn 0.0521 0.9977 -0.0444
vn 0.0038 1.0000 -0.0038
vn 0.0154 0.9997 0.0171
vn 0.0823 0.9703 0.2276
vn 0.1690 0.9264 0.3366
vn 0.2818 0.9016 0.3282
vn 0.4506 0.8684 0.2071
vn 0.5964 0.8011 -0.0516
vn 0.6187 0.7221 -0.3095
vn 0.5470 0.7137 -0.4376
vn 0.4343 0.8545 -0.2849
vn 0.2984 0.9543 0.0188
vn 0.2559 0.9628 0.0873
vn 0.2858 0.9575 0.0392
vn 0.2888 0.9552 -0.0641
vn 0.0465 0.9978 0.0465
vn 0.1177 0.9927 0.0246
vn 0.0897 0.9942 -0.0590
vn 0.0152 0.9998 -0.0152
vn 0.0053 1.0000 0.0053
vn 0.1315 0.9839 0.1213
vn 0.3469 0.9322 0.1032
vn 0.4060 0.9104 -0.0795
vn 0.1984 0.9681 -0.1533
vn 0.0212 0.9996 -0.0212
vn 0.0018 1.0000 0.0018
vn 0.0055 1.0000 0.0019
vn 0.0037 1.0000 -0.0037
vn 0.0033 1.0000 0.0033
vn 0.0356 0.9989 0.0291
vn 0.0847 0.9962 0.0190
vn 0.0903 0.9958 -0.0151
vn 0.0438 0.9986 -0.0312
vn 0.0062 1.0000 -0.0062
vn 0.0032 1.0000 0.0032
vn 0.0060 1.0000 -0.0004
vn 0.0028 1.0000 -0.0028
vn 0.0008 1.0000 0.0008
vn 0.0795 0.9908 0.1094
vn 0.2164 0.9467 0.2385
vn 0.3384 0.9143 0.2227
vn 0.4431 0.8906 0.1023
vn 0.5112 0.8553 -0.0838
vn 0.4921 0.8314 -0.2581
vn 0.3527 0.8865 -0.2994
vn 0.1344 0.9829 -0.1256
vn 0.0483 0.9986 0.0200
vn 0.1036 0.9939 0.0386
vn 0.1533 0.9881 0.0157
vn 0.1488 0.9886 -0.0247
vn 0.0067 1.0000 0.0067
vn 0.0070 1.0000 -0.0066
vn 0.1190 0.9883 0.0957
vn 0.2633 0.9571 0.1208
vn 0.3554 0.9334 0.0505
vn 0.3687 0.9273 -0.0648
vn 0.2806 0.9499 -0.1380
vn 0.1137 0.9888 -0.0966
vn 0.0108 0.9999 -0.0108
vn 0.0089 1.0000 0.0025
vn 0.0078 1.0000 -0.0037
vn 0.0667 0.9955 0.0667
vn 0.2658 0.9531 0.1446
vn 0.0060 1.0000 0.0060
vn 0.0208 0.9996 -0.0208
vn -0.3255 0.8878 -0.3255
vn 0.0682 0.9953 0.0682
vn 0.2578 0.9459 0.1969
vn 0.6100 0.7924 0.0033
vn 0.5584 0.8024 -0.2105
vn 0.3160 0.9184 -0.2380
vn 0.0766 0.9941 -0.0769
vn -0.0038 1.0000 0.0038
vn -0.0210 0.9995 0.0221
vn -0.0429 0.9991 0.0026
vn -0.0505 0.9984 -0.0270
vn -0.0115 0.9997 0.0221
vn -0.0031 0.9564 0.2921
vn -0.0737 0.8904 0.4491
vn 0.0387 0.9985 0.0386
vn 0.1340 0.9896 0.0521
vn 0.1980 0.9802 0.0009
vn 0.1432 0.9882 -0.0537
vn 0.0419 0.9983 -0.0416
vn -0.0083 0.9998 0.0159
vn -0.0270 0.9986 0.0458
vn -0.0506 0.9985 0.0223
vn -0.0773 0.9966 -0.0298
vn -0.1045 0.9934 -0.0477
vn -0.0832 0.9534 0.2899
vn -0.0355 0.8855 0.4633
vn -0.0042 0.9996 0.0283
vn -0.0124 0.9980 0.0617
vn -0.0269 0.9983 0.0524
vn -0.0539 0.9985 0.0039
vn -0.0820 0.9964 -0.0197
vn -0.0595 0.9581 0.2800
vn 0.0006 0.8965 0.4431
vn -0.0064 1.0000 0.0064
vn -0.0112 0.9999 -0.0016
vn -0.0048 1.0000 -0.0048
vn 0.0037 0.9996 0.0292
vn 0.0106 0.9979 0.0644
vn 0.0160 0.9976 0.0673
vn 0.0166 0.9992 0.0363
vn 0.0217 0.9998 0.0045
vn 0.0693 0.9632 0.2598
vn 0.1268 0.9056 0.4047
vn -0.0245 0.9994 0.0245
vn -0.1663 0.9786 0.1210
vn -0.3592 0.9280 0.0988
vn -0.4454 0.8953 -0.0116
vn -0.3656 0.9228 -0.1215
vn -0.1403 0.9841 -0.1089
vn 0.0157 0.9991 0.0404
vn 0.0476 0.9971 0.0592
vn 0.0642 0.9973 0.0364
vn 0.0782 0.9969 -0.0017
vn 0.1561 0.9699 0.1868
vn -0.0106 0.9999 0.0106
vn -0.1763 0.9637 0.2007
vn -0.3949 0.8654 0.3084
vn -0.5619 0.7997 0.2114
vn -0.6668 0.7448 -0.0240
vn -0.6461 0.7065 -0.2889
vn -0.4726 0.7845 -0.4016
vn -0.1458 0.9755 -0.1650
vn 0.0510 0.9980 0.0378
vn 0.0725 0.9971 0.0246
vn 0.0791 0.9968 -0.0058
vn 0.1537 0.9860 0.0651
vn -0.0662 0.9941 0.0864
vn -0.2035 0.8948 0.3974
vn -0.3448 0.8250 0.4478
vn -0.5029 0.8046 0.3158
vn -0.6497 0.7592 -0.0392
vn -0.6228 0.6296 -0.4644
vn -0.4640 0.5950 -0.6563
vn -0.2452 0.8243 -0.5103
vn -0.0186 0.9993 -0.0313
vn 0.0448 0.9989 0.0109
vn 0.0506 0.9987 -0.0027
vn -0.2183 0.8793 0.4233
vn -0.3439 0.9368 -0.0649
vn -0.2996 0.6586 -0.6903
vt 0.016490 0.983510
vt 0.016490 0.999900
vt 0.000100 0.999900
vt 0.000100 0.983510
vt 0.999900 0.000100
vt 0.999900 0.999900
vt 0.999900 0.983510
vt 0.999900 0.967120
vt 0.999900 0.950729
vt 0.999900 0.934339
vt 0.999900 0.917949
vt 0.999900 0.901559
vt 0.999900 0.885169
vt 0.999900 0.868779
vt 0.999900 0.852388
vt 0.999900 0.835998
vt 0.999900 0.819608
vt 0.999900 0.803218
vt 0.999900 0.786828
vt 0.999900 0.770437
vt 0.999900 0.754047
vt 0.999900 0.737657
vt 0.999900 0.721267
vt 0.999900 0.704877
vt 0.999900 0.688487
vt 0.999900 0.672097
vt 0.999900 0.655706
vt 0.999900 0.639316
vt 0.999900 0.622926
vt 0.999900 0.606536
vt 0.999900 0.590146
vt 0.999900 0.573756
vt 0.999900 0.557365
vt 0.999900 0.540975
vt 0.999900 0.524585
vt 0.999900 0.508195
vt 0.999900 0.491805
vt 0.999900 0.475415
vt 0.999900 0.459025
vt 0.999900 0.442634
vt 0.999900 0.426244
vt 0.999900 0.409854
vt 0.999900 0.393464
vt 0.999900 0.377074
vt 0.999900 0.360684
vt 0.999900 0.344293
vt 0.999900 0.327903
vt 0.999900 0.311513
vt 0.999900 0.295123
vt 0.999900 0.278733
vt 0.999900 0.262343
vt 0.999900 0.245952
vt 0.999900 0.229562
vt 0.999900 0.213172
vt 0.999900 0.196782
vt 0.999900 0.180392
vt 0.999900 0.164002
vt 0.999900 0.147611
vt 0.999900 0.131221
vt 0.999900 0.114831
vt 0.999900 0.098441
vt 0.999900 0.082051
vt 0.999900 0.065661
vt 0.999900 0.049270
vt 0.999900 0.032880
vt 0.999900 0.016490
vt 0.032880 0.999900
vt 0.049271 0.999900
vt 0.065661 0.999900
vt 0.082051 0.999900
vt 0.098441 0.999900
vt 0.114831 0.999900
vt 0.131221 0.999900
vt 0.147612 0.999900
vt 0.164002 0.999900
vt 0.180392 0.999900
vt 0.196782 0.999900
vt 0.213172 0.999900
vt 0.229562 0.999900
vt 0.245953 0.999900
vt 0.262343 0.999900
vt 0.278733 0.999900
vt 0.295123 0.999900
vt 0.311513 0.999900
vt 0.327903 0.999900
vt 0.344293 0.999900
vt 0.360684 0.999900
vt 0.377074 0.999900
vt 0.393464 0.999900
vt 0.409854 0.999900
vt 0.426244 0.999900
vt 0.442634 0.999900
vt 0.459025 0.999900
vt 0.475415 0.999900
vt 0.491805 0.999900
vt 0.508195 0.999900
vt 0.524585 0.999900
vt 0.540975 0.999900
vt 0.557366 0.999900
vt 0.573756 0.999900
vt 0.590146 0.999900
vt 0.606536 0.999900
vt 0.622926 0.999900
vt 0.639316 0.999900
vt 0.655707 0.999900
vt 0.672097 0.999900
vt 0.688487 0.999900
vt 0.704877 0.999900
vt 0.721267 0.999900
vt 0.737658 0.999900
vt 0.754048 0.999900
vt 0.770438 0.999900
vt 0.786828 0.999900
vt 0.803218 0.999900
vt 0.819608 0.999900
vt 0.835998 0.999900
vt 0.852389 0.999900
vt 0.868779 0.999900
vt 0.885169 0.999900
vt 0.901559 0.999900
vt 0.917949 0.999900
vt 0.934339 0.999900
vt 0.950730 0.999900
vt 0.967120 0.999900
vt 0.983510 0.999900
vt 0.000100 0.000100
vt 0.000100 0.016490
vt 0.000100 0.032880
vt 0.000100 0.049270
vt 0.000100 0.065661
vt 0.000100 0.082051
vt 0.000100 0.098441
vt 0.000100 0.114831
vt 0.000100 0.131221
vt 0.000100 0.147611
vt 0.000100 0.164002
vt 0.000100 0.180392
vt 0.000100 0.196782
vt 0.000100 0.213172
vt 0.000100 0.229562
vt 0.000100 0.245952
vt 0.000100 0.262343
vt 0.000100 0.278733
vt 0.000100 0.295123
vt 0.000100 0.311513
vt 0.000100 0.327903
vt 0.000100 0.344293
vt 0.000100 0.360684
vt 0.000100 0.377074
vt 0.000100 0.393464
vt 0.000100 0.409854
vt 0.000100 0.426244
vt 0.000100 0.442634
vt 0.000100 0.459025
vt 0.000100 0.475415
vt 0.000100 0.491805
vt 0.000100 0.508195
vt 0.000100 0.524585
vt 0.000100 0.540975
vt 0.000100 0.557366
vt 0.000100 0.573756
vt 0.000100 0.590146
vt 0.000100 0.606536
vt 0.000100 0.622926
vt 0.000100 0.639316
vt 0.000100 0.655707
vt 0.000100 0.672097
vt 0.000100 0.688487
vt 0.000100 0.704877
vt 0.000100 0.721267
vt 0.000100 0.737657
vt 0.000100 0.754048
vt 0.000100 0.770438
vt 0.000100 0.786828
vt 0.000100 0.803218
vt 0.000100 0.819608
vt 0.000100 0.835998
vt 0.000100 0.852389
vt 0.000100 0.868779
vt 0.000100 0.885169
vt 0.000100 0.901559
vt 0.000100 0.917949
vt 0.000100 0.934339
vt 0.000100 0.950729
vt 0.000100 0.967120
vt 0.983510 0.000100
vt 0.967120 0.000100
vt 0.950729 0.000100
vt 0.934339 0.000100
vt 0.917949 0.000100
vt 0.901559 0.000100
vt 0.885169 0.000100
vt 0.868779 0.000100
vt 0.852388 0.000100
vt 0.835998 0.000100
vt 0.819608 0.000100
vt 0.803218 0.000100
vt 0.786828 0.000100
vt 0.770437 0.000100
vt 0.754047 0.000100
vt 0.737657 0.000100
vt 0.721267 0.000100
vt 0.704877 0.000100
vt 0.688487 0.000100
vt 0.672096 0.000100
vt 0.655706 0.000100
vt 0.639316 0.000100
vt 0.622926 0.000100
vt 0.606536 0.000100
vt 0.590146 0.000100
vt 0.573756 0.000100
vt 0.557365 0.000100
vt 0.540975 0.000100
vt 0.524585 0.000100
vt 0.508195 0.000100
vt 0.491805 0.000100
vt 0.475415 0.000100
vt 0.459025 0.000100
vt 0.442634 0.000100
vt 0.426244 0.000100
vt 0.409854 0.000100
vt 0.393464 0.000100
vt 0.377074 0.000100
vt 0.360684 0.000100
vt 0.344293 0.000100
vt 0.327903 0.000100
vt 0.311513 0.000100
vt 0.295123 0.000100
vt 0.278733 0.000100
vt 0.262343 0.000100
vt 0.245952 0.000100
vt 0.229562 0.000100
vt 0.213172 0.000100
vt 0.196782 0.000100
vt 0.180392 0.000100
vt 0.164002 0.000100
vt 0.147611 0.000100
vt 0.131221 0.000100
vt 0.114831 0.000100
vt 0.098441 0.000100
vt 0.082051 0.000100
vt 0.065661 0.000100
vt 0.049270 0.000100
vt 0.032880 0.000100
vt 0.016490 0.000100
vt 0.016490 0.016490
vt 0.016490 0.032880
vt 0.016490 0.049270
vt 0.016490 0.065661
vt 0.016490 0.082051
vt 0.016490 0.098441
vt 0.016490 0.114831
vt 0.016490 0.131221
vt 0.016490 0.147611
vt 0.016490 0.164002
vt 0.016490 0.180392
vt 0.016490 0.196782
vt 0.016490 0.213172
vt 0.016490 0.229562
vt 0.016490 0.245952
vt 0.016490 0.262343
vt 0.016490 0.278733
vt 0.016490 0.295123
vt 0.016490 0.311513
vt 0.016490 0.327903
vt 0.016490 0.344293
vt 0.016490 0.360684
vt 0.016490 0.377074
vt 0.016490 0.393464
vt 0.016490 0.409854
vt 0.016490 0.426244
vt 0.016490 0.442634
vt 0.016490 0.459025
vt 0.016490 0.475415
vt 0.016490 0.491805
vt 0.016490 0.508195
vt 0.016490 0.524585
vt 0.016490 0.540975
vt 0.016490 0.557366
vt 0.016490 0.573756
vt 0.016490 0.590146
vt 0.016490 0.606536
vt 0.016490 0.622926
vt 0.016490 0.639316
vt 0.016490 0.655707
vt 0.016490 0.672097
vt 0.016490 0.688487
vt 0.016490 0.704877
vt 0.016490 0.721267
vt 0.016490 0.737657
vt 0.016490 0.754048
vt 0.016490 0.770438
vt 0.016490 0.786828
vt 0.016490 0.803218
vt 0.016490 0.819608
vt 0.016490 0.835998
vt 0.016490 0.852389
vt 0.016490 0.868779
vt 0.016490 0.885169
vt 0.016490 0.901559
vt 0.016490 0.917949
vt 0.016490 0.934339
vt 0.016490 0.950729
vt 0.016490 0.967120
vt 0.983510 0.016490
vt 0.967120 0.016490
vt 0.950730 0.016490
vt 0.934339 0.016490
vt 0.917949 0.016490
vt 0.901559 0.016490
vt 0.885169 0.016490
vt 0.868779 0.016490
vt 0.852389 0.016490
vt 0.835998 0.016490
vt 0.819608 0.016490
vt 0.803218 0.016490
vt 0.786828 0.016490
vt 0.770438 0.016490
vt 0.754048 0.016490
vt 0.737657 0.016490
vt 0.721267 0.016490
vt 0.704877 0.016490
vt 0.688487 0.016490
vt 0.672097 0.016490
vt 0.655707 0.016490
vt 0.639316 0.016490
vt 0.622926 0.016490
vt 0.606536 0.016490
vt 0.590146 0.016490
vt 0.573756 0.016490
vt 0.557366 0.016490
vt 0.540975 0.016490
vt 0.524585 0.016490
vt 0.508195 0.016490
vt 0.491805 0.016490
vt 0.475415 0.016490
vt 0.459025 0.016490
vt 0.442634 0.016490
vt 0.426244 0.016490
vt 0.409854 0.016490
vt 0.393464 0.016490
vt 0.377074 0.016490
vt 0.360684 0.016490
vt 0.344293 0.016490
vt 0.327903 0.016490
vt 0.311513 0.016490
vt 0.295123 0.016490
vt 0.278733 0.016490
vt 0.262343 0.016490
vt 0.245952 0.016490
vt 0.229562 0.016490
vt 0.213172 0.016490
vt 0.196782 0.016490
vt 0.180392 0.016490
vt 0.164002 0.016490
vt 0.147611 0.016490
vt 0.131221 0.016490
vt 0.114831 0.016490
vt 0.098441 0.016490
vt 0.082051 0.016490
vt 0.065661 0.016490
vt 0.049270 0.016490
vt 0.032880 0.016490
vt 0.983510 0.032880
vt 0.967120 0.032880
vt 0.950730 0.032880
vt 0.934339 0.032880
vt 0.917949 0.032880
vt 0.901559 0.032880
vt 0.885169 0.032880
vt 0.868779 0.032880
vt 0.852389 0.032880
vt 0.835998 0.032880
vt 0.819608 0.032880
vt 0.803218 0.032880
vt 0.786828 0.032880
vt 0.770438 0.032880
vt 0.754048 0.032880
vt 0.737657 0.032880
vt 0.721267 0.032880
vt 0.704877 0.032880
vt 0.688487 0.032880
vt 0.672097 0.032880
vt 0.655707 0.032880
vt 0.639316 0.032880
vt 0.622926 0.032880
vt 0.606536 0.032880
vt 0.590146 0.032880
vt 0.573756 0.032880
vt 0.557366 0.032880
vt 0.540975 0.032880
vt 0.524585 0.032880
vt 0.508195 0.032880
vt 0.491805 0.032880
vt 0.475415 0.032880
vt 0.459025 0.032880
vt 0.442634 0.032880
vt 0.426244 0.032880
vt 0.409854 0.032880
vt 0.393464 0.032880
vt 0.377074 0.032880
vt 0.360684 0.032880
vt 0.344293 0.032880
vt 0.327903 0.032880
vt 0.311513 0.032880
vt 0.295123 0.032880
vt 0.278733 0.032880
vt 0.262343 0.032880
vt 0.245952 0.032880
vt 0.229562 0.032880
vt 0.213172 0.032880
vt 0.196782 0.032880
vt 0.180392 0.032880
vt 0.164002 0.032880
vt 0.147611 0.032880
vt 0.131221 0.032880
vt 0.114831 0.032880
vt 0.098441 0.032880
vt 0.082051 0.032880
vt 0.065661 0.032880
vt 0.049270 0.032880
vt 0.032880 0.032880
vt 0.983510 0.049270
vt 0.967120 0.049270
vt 0.950729 0.049270
vt 0.934339 0.049270
vt 0.917949 0.049270
vt 0.901559 0.049270
vt 0.885169 0.049270
vt 0.868779 0.049270
vt 0.852389 0.049270
vt 0.835998 0.049270
vt 0.819608 0.049270
vt 0.803218 0.049270
vt 0.786828 0.049270
vt 0.770438 0.049270
vt 0.754048 0.049270
vt 0.737657 0.049270
vt 0.721267 0.049270
vt 0.704877 0.049270
vt 0.688487 0.049270
vt 0.672097 0.049270
vt 0.655707 0.049270
vt 0.639316 0.049270
vt 0.622926 0.049270
vt 0.606536 0.049270
vt 0.590146 0.049270
vt 0.573756 0.049270
vt 0.557366 0.049270
vt 0.540975 0.049270
vt 0.524585 0.049270
vt 0.508195 0.049270
vt 0.491805 0.049270
vt 0.475415 0.049270
vt 0.459025 0.049270
vt 0.442634 0.049270
vt 0.426244 0.049270
vt 0.409854 0.049270
vt 0.393464 0.049270
vt 0.377074 0.049270
vt 0.360684 0.049270
vt 0.344293 0.049270
vt 0.327903 0.049270
vt 0.311513 0.049270
vt 0.295123 0.049270
vt 0.278733 0.049270
vt 0.262343 0.049270
vt 0.245952 0.049270
vt 0.229562 0.049270
vt 0.213172 0.049270
vt 0.196782 0.049270
vt 0.180392 0.049270
vt 0.164002 0.049270
vt 0.147611 0.049270
vt 0.131221 0.049270
vt 0.114831 0.049270
vt 0.098441 0.049270
vt 0.082051 0.049270
vt 0.065661 0.049270
vt 0.049270 0.049270
vt 0.032880 0.049270
vt 0.983510 0.065661
vt 0.967120 0.065661
vt 0.950729 0.065661
vt 0.934339 0.065661
vt 0.917949 0.065661
vt 0.901559 0.065661
vt 0.885169 0.065661
vt 0.868779 0.065661
vt 0.852389 0.065661
vt 0.835998 0.065661
vt 0.819608 0.065661
vt 0.803218 0.065661
vt 0.786828 0.065661
vt 0.770438 0.065661
vt 0.754048 0.065661
vt 0.737657 0.065661
vt 0.721267 0.065661
vt 0.704877 0.065661
vt 0.688487 0.065661
vt 0.672097 0.065661
vt 0.655707 0.065661
vt 0.639316 0.065661
vt 0.622926 0.065661
vt 0.606536 0.065661
vt 0.590146 0.065661
vt 0.573756 0.065661
vt 0.557366 0.065661
vt 0.540975 0.065661
vt 0.524585 0.065661
vt 0.508195 0.065661
vt 0.491805 0.065661
vt 0.475415 0.065661
vt 0.459025 0.065661
vt 0.442634 0.065661
vt 0.426244 0.065661
vt 0.409854 0.065661
vt 0.393464 0.065661
vt 0.377074 0.065661
vt 0.360684 0.065661
vt 0.344293 0.065661
vt 0.327903 0.065661
vt 0.311513 0.065661
vt 0.295123 0.065661
vt 0.278733 0.065661
vt 0.262343 0.065661
vt 0.245952 0.065661
vt 0.229562 0.065661
vt 0.213172 0.065661
vt 0.196782 0.065661
vt 0.180392 0.065661
vt 0.164002 0.065661
vt 0.147611 0.065661
vt 0.131221 0.065661
vt 0.114831 0.065661
vt 0.098441 0.065661
vt 0.082051 0.065661
vt 0.065661 0.065661
vt 0.049270 0.065661
vt 0.032880 0.065661
vt 0.983510 0.082051
vt 0.967120 0.082051
vt 0.950729 0.082051
vt 0.934339 0.082051
vt 0.917949 0.082051
vt 0.901559 0.082051
vt 0.885169 0.082051
vt 0.868779 0.082051
vt 0.852389 0.082051
vt 0.835998 0.082051
vt 0.819608 0.082051
vt 0.803218 0.082051
vt 0.786828 0.082051
vt 0.770438 0.082051
vt 0.754048 0.082051
vt 0.737657 0.082051
vt 0.721267 0.082051
vt 0.704877 0.082051
vt 0.688487 0.082051
vt 0.672097 0.082051
vt 0.655707 0.082051
vt 0.639316 0.082051
vt 0.622926 0.082051
vt 0.606536 0.082051
vt 0.590146 0.082051
vt 0.573756 0.082051
vt 0.557366 0.082051
vt 0.540975 0.082051
vt 0.524585 0.082051
vt 0.508195 0.082051
vt 0.491805 0.082051
vt 0.475415 0.082051
vt 0.459025 0.082051
vt 0.442634 0.082051
vt 0.426244 0.082051
vt 0.409854 0.082051
vt 0.393464 0.082051
vt 0.377074 0.082051
vt 0.360684 0.082051
vt 0.344293 0.082051
vt 0.327903 0.082051
vt 0.311513 0.082051
vt 0.295123 0.082051
vt 0.278733 0.082051
vt 0.262343 0.082051
vt 0.245952 0.082051
vt 0.229562 0.082051
vt 0.213172 0.082051
vt 0.196782 0.082051
vt 0.180392 0.082051
vt 0.164002 0.082051
vt 0.147611 0.082051
vt 0.131221 0.082051
vt 0.114831 0.082051
vt 0.098441 0.082051
vt 0.082051 0.082051
vt 0.065661 0.082051
vt 0.049270 0.082051
vt 0.032880 0.082051
vt 0.983510 0.098441
vt 0.967120 0.098441
vt 0.950729 0.098441
vt 0.934339 0.098441
vt 0.917949 0.098441
vt 0.901559 0.098441
vt 0.885169 0.098441
vt 0.868779 0.098441
vt 0.852389 0.098441
vt 0.835998 0.098441
vt 0.819608 0.098441
vt 0.803218 0.098441
vt 0.786828 0.098441
vt 0.770438 0.098441
vt 0.754048 0.098441
vt 0.737657 0.098441
vt 0.721267 0.098441
vt 0.704877 0.098441
vt 0.688487 0.098441
vt 0.672097 0.098441
vt 0.655707 0.098441
vt 0.639316 0.098441
vt 0.622926 0.098441
vt 0.606536 0.098441
vt 0.590146 0.098441
vt 0.573756 0.098441
vt 0.557366 0.098441
vt 0.540975 0.098441
vt 0.524585 0.098441
vt 0.508195 0.098441
vt 0.491805 0.098441
vt 0.475415 0.098441
vt 0.459025 0.098441
vt 0.442634 0.098441
vt 0.426244 0.098441
vt 0.409854 0.098441
vt 0.393464 0.098441
vt 0.377074 0.098441
vt 0.360684 0.098441
vt 0.344293 0.098441
vt 0.327903 0.098441
vt 0.311513 0.098441
vt 0.295123 0.098441
vt 0.278733 0.098441
vt 0.262343 0.098441
vt 0.245952 0.098441
vt 0.229562 0.098441
vt 0.213172 0.098441
vt 0.196782 0.098441
vt 0.180392 0.098441
vt 0.164002 0.098441
vt 0.147611 0.098441
vt 0.131221 0.098441
vt 0.114831 0.098441
vt 0.098441 0.098441
vt 0.082051 0.098441
vt 0.065661 0.098441
vt 0.049270 0.098441
vt 0.032880 0.098441
vt 0.983510 0.114831
vt 0.967120 0.114831
vt 0.950730 0.114831
vt 0.934339 0.114831
vt 0.917949 0.114831
vt 0.901559 0.114831
vt 0.885169 0.114831
vt 0.868779 0.114831
vt 0.852389 0.114831
vt 0.835998 0.114831
vt 0.819608 0.114831
vt 0.803218 0.114831
vt 0.786828 0.114831
vt 0.770438 0.114831
vt 0.754048 0.114831
vt 0.737657 0.114831
vt 0.721267 0.114831
vt 0.704877 0.114831
vt 0.688487 0.114831
vt 0.672097 0.114831
vt 0.655707 0.114831
vt 0.639316 0.114831
vt 0.622926 0.114831
vt 0.606536 0.114831
vt 0.590146 0.114831
vt 0.573756 0.114831
vt 0.557366 0.114831
vt 0.540975 0.114831
vt 0.524585 0.114831
vt 0.508195 0.114831
vt 0.491805 0.114831
vt 0.475415 0.114831
vt 0.459025 0.114831
vt 0.442634 0.114831
vt 0.426244 0.114831
vt 0.409854 0.114831
vt 0.393464 0.114831
vt 0.377074 0.114831
vt 0.360684 0.114831
vt 0.344293 0.114831
vt 0.327903 0.114831
vt 0.311513 0.114831
vt 0.295123 0.114831
vt 0.278733 0.114831
vt 0.262343 0.114831
vt 0.245952 0.114831
vt 0.229562 0.114831
vt 0.213172 0.114831
vt 0.196782 0.114831
vt 0.180392 0.114831
vt 0.164002 0.114831
vt 0.147611 0.114831
vt 0.131221 0.114831
vt 0.114831 0.114831
vt 0.098441 0.114831
vt 0.082051 0.114831
vt 0.065661 0.114831
vt 0.049270 0.114831
vt 0.032880 0.114831
vt 0.983510 0.131221
vt 0.967120 0.131221
vt 0.950730 0.131221
vt 0.934339 0.131221
vt 0.917949 0.131221
vt 0.901559 0.131221
vt 0.885169 0.131221
vt 0.868779 0.131221
vt 0.852389 0.131221
vt 0.835998 0.131221
vt 0.819608 0.131221
vt 0.803218 0.131221
vt 0.786828 0.131221
vt 0.770438 0.131221
vt 0.754048 0.131221
vt 0.737657 0.131221
vt 0.721267 0.131221
vt 0.704877 0.131221
vt 0.688487 0.131221
vt 0.672097 0.131221
vt 0.655707 0.131221
vt 0.639316 0.131221
vt 0.622926 0.131221
vt 0.606536 0.131221
vt 0.590146 0.131221
vt 0.573756 0.131221
vt 0.557366 0.131221
vt 0.540975 0.131221
vt 0.524585 0.131221
vt 0.508195 0.131221
vt 0.491805 0.131221
vt 0.475415 0.131221
vt 0.459025 0.131221
vt 0.442634 0.131221
vt 0.426244 0.131221
vt 0.409854 0.131221
vt 0.393464 0.131221
vt 0.377074 0.131221
vt 0.360684 0.131221
vt 0.344293 0.131221
vt 0.327903 0.131221
vt 0.311513 0.131221
vt 0.295123 0.131221
vt 0.278733 0.131221
vt 0.262343 0.131221
vt 0.245952 0.131221
vt 0.229562 0.131221
vt 0.213172 0.131221
vt 0.196782 0.131221
vt 0.180392 0.131221
vt 0.164002 0.131221
vt 0.147611 0.131221
vt 0.131221 0.131221
vt 0.114831 0.131221
vt 0.098441 0.131221
vt 0.082051 0.131221
vt 0.065661 0.131221
vt 0.049270 0.131221
vt 0.032880 0.131221
vt 0.983510 0.147611
vt 0.967120 0.147611
vt 0.950730 0.147611
vt 0.934339 0.147611
vt 0.917949 0.147611
vt 0.901559 0.147611
vt 0.885169 0.147611
vt 0.868779 0.147611
vt 0.852389 0.147611
vt 0.835998 0.147611
vt 0.819608 0.147611
vt 0.803218 0.147611
vt 0.786828 0.147611
vt 0.770438 0.147611
vt 0.754048 0.147611
vt 0.737657 0.147611
vt 0.721267 0.147611
vt 0.704877 0.147611
vt 0.688487 0.147611
vt 0.672097 0.147611
vt 0.655707 0.147611
vt 0.639316 0.147611
vt 0.622926 0.147611
vt 0.606536 0.147611
vt 0.590146 0.147611
vt 0.573756 0.147611
vt 0.557366 0.147611
vt 0.540975 0.147611
vt 0.524585 0.147611
vt 0.508195 0.147611
vt 0.491805 0.147612
vt 0.475415 0.147611
vt 0.459025 0.147611
vt 0.442634 0.147611
vt 0.426244 0.147611
vt 0.409854 0.147611
vt 0.393464 0.147611
vt 0.377074 0.147611
vt 0.360684 0.147611
vt 0.344293 0.147611
vt 0.327903 0.147611
vt 0.311513 0.147611
vt 0.295123 0.147611
vt 0.278733 0.147611
vt 0.262343 0.147611
vt 0.245952 0.147611
vt 0.229562 0.147611
vt 0.213172 0.147611
vt 0.196782 0.147611
vt 0.180392 0.147611
vt 0.164002 0.147611
vt 0.147611 0.147611
vt 0.131221 0.147611
vt 0.114831 0.147611
vt 0.098441 0.147611
vt 0.082051 0.147611
vt 0.065661 0.147611
vt 0.049270 0.147611
vt 0.032880 0.147611
vt 0.983510 0.164002
vt 0.967120 0.164002
vt 0.950730 0.164002
vt 0.934339 0.164002
vt 0.917949 0.164002
vt 0.901559 0.164002
vt 0.885169 0.164002
vt 0.868779 0.164002
vt 0.852389 0.164002
vt 0.835998 0.164002
vt 0.819608 0.164002
vt 0.803218 0.164002
vt 0.786828 0.164002
vt 0.770438 0.164002
vt 0.754048 0.164002
vt 0.737657 0.164002
vt 0.721267 0.164002
vt 0.704877 0.164002
vt 0.688487 0.164002
vt 0.672097 0.164002
vt 0.655707 0.164002
vt 0.639316 0.164002
vt 0.622926 0.164002
vt 0.606536 0.164002
vt 0.590146 0.164002
vt 0.573756 0.164002
vt 0.557366 0.164002
vt 0.540975 0.164002
vt 0.524585 0.164002
vt 0.508195 0.164002
vt 0.491805 0.164002
vt 0.475415 0.164002
vt 0.459025 0.164002
vt 0.442634 0.164002
vt 0.426244 0.164002
vt 0.409854 0.164002
vt 0.393464 0.164002
vt 0.377074 0.164002
vt 0.360684 0.164002
vt 0.344293 0.164002
vt 0.327903 0.164002
vt 0.311513 0.164002
vt 0.295123 0.164002
vt 0.278733 0.164002
vt 0.262343 0.164002
vt 0.245952 0.164002
vt 0.229562 0.164002
vt 0.213172 0.164002
vt 0.196782 0.164002
vt 0.180392 0.164002
vt 0.164002 0.164002
vt 0.147611 0.164002
vt 0.131221 0.164002
vt 0.114831 0.164002
vt 0.098441 0.164002
vt 0.082051 0.164002
vt 0.065661 0.164002
vt 0.049270 0.164002
vt 0.032880 0.164002
vt 0.983510 0.180392
vt 0.967120 0.180392
vt 0.950730 0.180392
vt 0.934339 0.180392
vt 0.917949 0.180392
vt 0.901559 0.180392
vt 0.885169 0.180392
vt 0.868779 0.180392
vt 0.852389 0.180392
vt 0.835998 0.180392
vt 0.819608 0.180392
vt 0.803218 0.180392
vt 0.786828 0.180392
vt 0.770438 0.180392
vt 0.754048 0.180392
vt 0.737657 0.180392
vt 0.721267 0.180392
vt 0.704877 0.180392
vt 0.688487 0.180392
vt 0.672097 0.180392
vt 0.655707 0.180392
vt 0.639316 0.180392
vt 0.622926 0.180392
vt 0.606536 0.180392
vt 0.590146 0.180392
vt 0.573756 0.180392
vt 0.557366 0.180392
vt 0.540975 0.180392
vt 0.524585 0.180392
vt 0.508195 0.180392
vt 0.491805 0.180392
vt 0.475415 0.180392
vt 0.459025 0.180392
vt 0.442634 0.180392
vt 0.426244 0.180392
vt 0.409854 0.180392
vt 0.393464 0.180392
vt 0.377074 0.180392
vt 0.360684 0.180392
vt 0.344293 0.180392
vt 0.327903 0.180392
vt 0.311513 0.180392
vt 0.295123 0.180392
vt 0.278733 0.180392
vt 0.262343 0.180392
vt 0.245952 0.180392
vt 0.229562 0.180392
vt 0.213172 0.180392
vt 0.196782 0.180392
vt 0.180392 0.180392
vt 0.164002 0.180392
vt 0.147611 0.180392
vt 0.131221 0.180392
vt 0.114831 0.180392
vt 0.098441 0.180392
vt 0.082051 0.180392
vt 0.065661 0.180392
vt 0.049270 0.180392
vt 0.032880 0.180392
vt 0.983510 0.196782
vt 0.967120 0.196782
vt 0.950730 0.196782
vt 0.934339 0.196782
vt 0.917949 0.196782
vt 0.901559 0.196782
vt 0.885169 0.196782
vt 0.868779 0.196782
vt 0.852389 0.196782
vt 0.835998 0.196782
vt 0.819608 0.196782
vt 0.803218 0.196782
vt 0.786828 0.196782
vt 0.770438 0.196782
vt 0.754048 0.196782
vt 0.737658 0.196782
vt 0.721267 0.196782
vt 0.704877 0.196782
vt 0.688487 0.196782
vt 0.672097 0.196782
vt 0.655707 0.196782
vt 0.557366 0.196782
vt 0.540975 0.196782
vt 0.524585 0.196782
vt 0.508195 0.196782
vt 0.491805 0.196782
vt 0.475415 0.196782
vt 0.459025 0.196782
vt 0.442634 0.196782
vt 0.426244 0.196782
vt 0.409854 0.196782
vt 0.393464 0.196782
vt 0.377074 0.196782
vt 0.360684 0.196782
vt 0.344293 0.196782
vt 0.327903 0.196782
vt 0.311513 0.196782
vt 0.295123 0.196782
vt 0.278733 0.196782
vt 0.262343 0.196782
vt 0.245952 0.196782
vt 0.229562 0.196782
vt 0.213172 0.196782
vt 0.196782 0.196782
vt 0.180392 0.196782
vt 0.164002 0.196782
vt 0.147611 0.196782
vt 0.131221 0.196782
vt 0.114831 0.196782
vt 0.098441 0.196782
vt 0.082051 0.196782
vt 0.065661 0.196782
vt 0.049270 0.196782
vt 0.032880 0.196782
vt 0.983510 0.213172
vt 0.967120 0.213172
vt 0.950730 0.213172
vt 0.934339 0.213172
vt 0.917949 0.213172
vt 0.901559 0.213172
vt 0.885169 0.213172
vt 0.868779 0.213172
vt 0.852389 0.213172
vt 0.835998 0.213172
vt 0.819608 0.213172
vt 0.803218 0.213172
vt 0.786828 0.213172
vt 0.770438 0.213172
vt 0.754048 0.213172
vt 0.737658 0.213172
vt 0.721267 0.213172
vt 0.704877 0.213172
vt 0.688487 0.213172
vt 0.557366 0.213172
vt 0.540975 0.213172
vt 0.524585 0.213172
vt 0.508195 0.213172
vt 0.393464 0.213172
vt 0.377074 0.213172
vt 0.360684 0.213172
vt 0.344293 0.213172
vt 0.327903 0.213172
vt 0.311513 0.213172
vt 0.295123 0.213172
vt 0.278733 0.213172
vt 0.262343 0.213172
vt 0.245952 0.213172
vt 0.229562 0.213172
vt 0.213172 0.213172
vt 0.196782 0.213172
vt 0.180392 0.213172
vt 0.164002 0.213172
vt 0.147611 0.213172
vt 0.131221 0.213172
vt 0.114831 0.213172
vt 0.098441 0.213172
vt 0.082051 0.213172
vt 0.065661 0.213172
vt 0.049270 0.213172
vt 0.032880 0.213172
vt 0.983510 0.229562
vt 0.967120 0.229562
vt 0.950730 0.229562
vt 0.934339 0.229562
vt 0.917949 0.229562
vt 0.901559 0.229562
vt 0.885169 0.229562
vt 0.868779 0.229562
vt 0.852389 0.229562
vt 0.835998 0.229562
vt 0.819608 0.229562
vt 0.803218 0.229562
vt 0.786828 0.229562
vt 0.770438 0.229562
vt 0.754048 0.229562
vt 0.737658 0.229562
vt 0.721267 0.229562
vt 0.557366 0.229562
vt 0.540975 0.229562
vt 0.344293 0.229562
vt 0.327903 0.229562
vt 0.311513 0.229562
vt 0.295123 0.229562
vt 0.278733 0.229562
vt 0.262343 0.229562
vt 0.245952 0.229562
vt 0.229562 0.229562
vt 0.213172 0.229562
vt 0.196782 0.229562
vt 0.180392 0.229562
vt 0.164002 0.229562
vt 0.147611 0.229562
vt 0.131221 0.229562
vt 0.114831 0.229562
vt 0.098441 0.229562
vt 0.082051 0.229562
vt 0.065661 0.229562
vt 0.049270 0.229562
vt 0.032880 0.229562
vt 0.983510 0.245952
vt 0.967120 0.245952
vt 0.950730 0.245952
vt 0.934339 0.245952
vt 0.917949 0.245952
vt 0.901559 0.245952
vt 0.885169 0.245952
vt 0.868779 0.245952
vt 0.852389 0.245952
vt 0.835998 0.245952
vt 0.819608 0.245952
vt 0.803218 0.245952
vt 0.786828 0.245952
vt 0.770438 0.245952
vt 0.754048 0.245952
vt 0.737658 0.245952
vt 0.721267 0.245952
vt 0.590146 0.229562
vt 0.590146 0.245952
vt 0.573756 0.245952
vt 0.573756 0.229562
vt 0.557366 0.245952
vt 0.540975 0.245952
vt 0.344293 0.245952
vt 0.327903 0.245952
vt 0.311513 0.245952
vt 0.295123 0.245952
vt 0.278733 0.245952
vt 0.262343 0.245952
vt 0.245952 0.245952
vt 0.229562 0.245952
vt 0.213172 0.245952
vt 0.196782 0.245952
vt 0.180392 0.245952
vt 0.164002 0.245952
vt 0.147611 0.245952
vt 0.131221 0.245952
vt 0.114831 0.245952
vt 0.098441 0.245952
vt 0.082051 0.245952
vt 0.065661 0.245952
vt 0.049270 0.245952
vt 0.032880 0.245952
vt 0.983510 0.262343
vt 0.967120 0.262343
vt 0.950730 0.262343
vt 0.934339 0.262343
vt 0.917949 0.262343
vt 0.901559 0.262343
vt 0.885169 0.262343
vt 0.868779 0.262343
vt 0.852389 0.262343
vt 0.835998 0.262343
vt 0.819608 0.262343
vt 0.344293 0.262343
vt 0.327903 0.262343
vt 0.311513 0.262343
vt 0.295123 0.262343
vt 0.278733 0.262343
vt 0.262343 0.262343
vt 0.245952 0.262343
vt 0.229562 0.262343
vt 0.213172 0.262343
vt 0.196782 0.262343
vt 0.180392 0.262343
vt 0.164002 0.262343
vt 0.147611 0.262343
vt 0.131221 0.262343
vt 0.114831 0.262343
vt 0.098441 0.262343
vt 0.082051 0.262343
vt 0.065661 0.262343
vt 0.049271 0.262343
vt 0.032880 0.262343
vt 0.983510 0.278733
vt 0.967120 0.278733
vt 0.950730 0.278733
vt 0.934339 0.278733
vt 0.917949 0.278733
vt 0.901559 0.278733
vt 0.885169 0.278733
vt 0.868779 0.278733
vt 0.852389 0.278733
vt 0.835998 0.278733
vt 0.377074 0.262343
vt 0.377074 0.278733
vt 0.360684 0.278733
vt 0.360684 0.262343
vt 0.344293 0.278733
vt 0.327903 0.278733
vt 0.311513 0.278733
vt 0.295123 0.278733
vt 0.278733 0.278733
vt 0.262343 0.278733
vt 0.245952 0.278733
vt 0.229562 0.278733
vt 0.213172 0.278733
vt 0.196782 0.278733
vt 0.180392 0.278733
vt 0.164002 0.278733
vt 0.147611 0.278733
vt 0.131221 0.278733
vt 0.114831 0.278733
vt 0.098441 0.278733
vt 0.082051 0.278733
vt 0.065661 0.278733
vt 0.049271 0.278733
vt 0.032880 0.278733
vt 0.983510 0.295123
vt 0.967120 0.295123
vt 0.950730 0.295123
vt 0.934339 0.295123
vt 0.917949 0.295123
vt 0.901559 0.295123
vt 0.885169 0.295123
vt 0.868779 0.295123
vt 0.852389 0.295123
vt 0.835998 0.295123
vt 0.508195 0.278733
vt 0.508195 0.295123
vt 0.491805 0.295123
vt 0.491805 0.278733
vt 0.475415 0.295123
vt 0.475415 0.278733
vt 0.459025 0.295123
vt 0.459025 0.278733
vt 0.442634 0.278733
vt 0.442634 0.295123
vt 0.426244 0.295123
vt 0.426244 0.278733
vt 0.409854 0.295123
vt 0.409854 0.278733
vt 0.393464 0.295123
vt 0.393464 0.278733
vt 0.377074 0.295123
vt 0.360684 0.295123
vt 0.344293 0.295123
vt 0.327903 0.295123
vt 0.311513 0.295123
vt 0.295123 0.295123
vt 0.278733 0.295123
vt 0.262343 0.295123
vt 0.245952 0.295123
vt 0.229562 0.295123
vt 0.213172 0.295123
vt 0.196782 0.295123
vt 0.180392 0.295123
vt 0.164002 0.295123
vt 0.147611 0.295123
vt 0.131221 0.295123
vt 0.114831 0.295123
vt 0.098441 0.295123
vt 0.082051 0.295123
vt 0.065661 0.295123
vt 0.049271 0.295123
vt 0.032880 0.295123
vt 0.983510 0.311513
vt 0.967120 0.311513
vt 0.950730 0.311513
vt 0.934339 0.311513
vt 0.917949 0.311513
vt 0.901559 0.311513
vt 0.885169 0.311513
vt 0.868779 0.311513
vt 0.852389 0.311513
vt 0.835998 0.311513
vt 0.819608 0.311513
vt 0.819608 0.295123
vt 0.786828 0.295123
vt 0.786828 0.311513
vt 0.770438 0.311513
vt 0.770438 0.295123
vt 0.754048 0.311513
vt 0.754048 0.295123
vt 0.508195 0.311513
vt 0.491805 0.311513
vt 0.475415 0.311513
vt 0.459025 0.311513
vt 0.442634 0.311513
vt 0.426244 0.311513
vt 0.409854 0.311513
vt 0.393464 0.311513
vt 0.377074 0.311513
vt 0.360684 0.311513
vt 0.344293 0.311513
vt 0.327903 0.311513
vt 0.311513 0.311513
vt 0.295123 0.311513
vt 0.278733 0.311513
vt 0.262343 0.311513
vt 0.245952 0.311513
vt 0.229562 0.311513
vt 0.213172 0.311513
vt 0.196782 0.311513
vt 0.180392 0.311513
vt 0.164002 0.311513
vt 0.147611 0.311513
vt 0.131221 0.311513
vt 0.114831 0.311513
vt 0.098441 0.311513
vt 0.082051 0.311513
vt 0.065661 0.311513
vt 0.049271 0.311513
vt 0.032880 0.311513
vt 0.983510 0.327903
vt 0.967120 0.327903
vt 0.950730 0.327903
vt 0.934339 0.327903
vt 0.917949 0.327903
vt 0.901559 0.327903
vt 0.885169 0.327903
vt 0.868779 0.327903
vt 0.852389 0.327903
vt 0.835998 0.327903
vt 0.819608 0.327903
vt 0.803218 0.327903
vt 0.803218 0.311513
vt 0.786828 0.327903
vt 0.770438 0.327903
vt 0.754048 0.327903
vt 0.737658 0.327903
vt 0.737658 0.311513
vt 0.508195 0.327903
vt 0.491805 0.327903
vt 0.278733 0.327903
vt 0.262343 0.327903
vt 0.082051 0.327903
vt 0.065661 0.327903
vt 0.049271 0.327903
vt 0.032880 0.327903
vt 0.983510 0.344293
vt 0.967120 0.344293
vt 0.950730 0.344293
vt 0.934339 0.344293
vt 0.917949 0.344293
vt 0.901559 0.344293
vt 0.885169 0.344293
vt 0.868779 0.344293
vt 0.852389 0.344293
vt 0.835998 0.344293
vt 0.819608 0.344293
vt 0.803218 0.344293
vt 0.786828 0.344293
vt 0.770438 0.344293
vt 0.754048 0.344293
vt 0.573756 0.327903
vt 0.573756 0.344293
vt 0.557366 0.344293
vt 0.557366 0.327903
vt 0.540975 0.344293
vt 0.540975 0.327903
vt 0.524585 0.344293
vt 0.524585 0.327903
vt 0.082051 0.344293
vt 0.065661 0.344293
vt 0.049271 0.344293
vt 0.032880 0.344293
vt 0.983510 0.360684
vt 0.967120 0.360684
vt 0.950730 0.360684
vt 0.934339 0.360684
vt 0.917949 0.360684
vt 0.901559 0.360684
vt 0.885169 0.360684
vt 0.868779 0.360684
vt 0.852389 0.360684
vt 0.835998 0.360684
vt 0.819608 0.360684
vt 0.803218 0.360684
vt 0.786828 0.360684
vt 0.770438 0.360684
vt 0.754048 0.360684
vt 0.508195 0.459025
vt 0.508195 0.475415
vt 0.098441 0.377074
vt 0.082051 0.377074
vt 0.639316 0.344293
vt 0.639316 0.360684
vt 0.622926 0.360684
vt 0.622926 0.344293
vt 0.606536 0.360684
vt 0.606536 0.344293
vt 0.590146 0.360684
vt 0.590146 0.344293
vt 0.573756 0.360684
vt 0.557366 0.360684
vt 0.540975 0.360684
vt 0.344293 0.442634
vt 0.344293 0.426244
vt 0.098441 0.409854
vt 0.098441 0.393464
vt 0.360684 0.491805
vt 0.344293 0.491805
vt 0.377074 0.491805
vt 0.491805 0.426244
vt 0.491805 0.442634
vt 0.573756 0.409854
vt 0.557366 0.409854
vt 0.491805 0.491805
vt 0.475415 0.491805
vt 0.082051 0.360684
vt 0.065661 0.360684
vt 0.049271 0.360684
vt 0.032880 0.360684
vt 0.983510 0.377074
vt 0.967120 0.377074
vt 0.950730 0.377074
vt 0.934339 0.377074
vt 0.917949 0.377074
vt 0.901559 0.377074
vt 0.885169 0.377074
vt 0.868779 0.377074
vt 0.852389 0.377074
vt 0.835998 0.377074
vt 0.819608 0.377074
vt 0.803218 0.377074
vt 0.786828 0.377074
vt 0.770438 0.377074
vt 0.754048 0.377074
vt 0.327903 0.377074
vt 0.311513 0.377074
vt 0.311513 0.393464
vt 0.311513 0.409854
vt 0.344293 0.409854
vt 0.344293 0.393464
vt 0.655707 0.360684
vt 0.655707 0.377074
vt 0.639316 0.377074
vt 0.622926 0.377074
vt 0.606536 0.377074
vt 0.590146 0.377074
vt 0.573756 0.377074
vt 0.131221 0.426244
vt 0.114831 0.426244
vt 0.147611 0.426244
vt 0.164002 0.426244
vt 0.344293 0.475415
vt 0.180392 0.426244
vt 0.573756 0.393464
vt 0.196782 0.426244
vt 0.672097 0.377074
vt 0.688487 0.377074
vt 0.065661 0.377074
vt 0.049271 0.377074
vt 0.032880 0.377074
vt 0.983510 0.393464
vt 0.967120 0.393464
vt 0.950730 0.393464
vt 0.934339 0.393464
vt 0.917949 0.393464
vt 0.901559 0.393464
vt 0.885169 0.393464
vt 0.868779 0.393464
vt 0.852389 0.393464
vt 0.835998 0.393464
vt 0.819608 0.393464
vt 0.803218 0.393464
vt 0.786828 0.393464
vt 0.770438 0.393464
vt 0.754048 0.393464
vt 0.737658 0.393464
vt 0.737658 0.377074
vt 0.721267 0.393464
vt 0.721267 0.377074
vt 0.704877 0.393464
vt 0.704877 0.377074
vt 0.688487 0.393464
vt 0.672097 0.393464
vt 0.655707 0.393464
vt 0.639316 0.393464
vt 0.622926 0.393464
vt 0.606536 0.393464
vt 0.590146 0.393464
vt 0.262343 0.426244
vt 0.245953 0.426244
vt 0.278733 0.426244
vt 0.295123 0.426244
vt 0.311513 0.426244
vt 0.491805 0.475415
vt 0.327903 0.393464
vt 0.344293 0.459025
vt 0.114831 0.409854
vt 0.082051 0.393464
vt 0.065661 0.393464
vt 0.049271 0.393464
vt 0.032880 0.393464
vt 0.983510 0.409854
vt 0.967120 0.409854
vt 0.950730 0.409854
vt 0.934339 0.409854
vt 0.917949 0.409854
vt 0.901559 0.409854
vt 0.885169 0.409854
vt 0.868779 0.409854
vt 0.852389 0.409854
vt 0.835998 0.409854
vt 0.819608 0.409854
vt 0.803218 0.409854
vt 0.786828 0.409854
vt 0.770438 0.409854
vt 0.754048 0.409854
vt 0.737658 0.409854
vt 0.721267 0.409854
vt 0.704877 0.409854
vt 0.688487 0.409854
vt 0.672097 0.409854
vt 0.655707 0.409854
vt 0.639316 0.409854
vt 0.622926 0.409854
vt 0.606536 0.409854
vt 0.590146 0.409854
vt 0.508195 0.426244
vt 0.393464 0.508195
vt 0.377074 0.508195
vt 0.524585 0.426244
vt 0.327903 0.409854
vt 0.409854 0.508195
vt 0.540975 0.426244
vt 0.426244 0.508195
vt 0.557366 0.426244
vt 0.442634 0.508195
vt 0.459025 0.508195
vt 0.508195 0.442634
vt 0.082051 0.409854
vt 0.065661 0.409854
vt 0.049271 0.409854
vt 0.032880 0.409854
vt 0.983510 0.426244
vt 0.967120 0.426244
vt 0.950730 0.426244
vt 0.934339 0.426244
vt 0.917949 0.426244
vt 0.901559 0.426244
vt 0.885169 0.426244
vt 0.868779 0.426244
vt 0.852389 0.426244
vt 0.835998 0.426244
vt 0.819608 0.426244
vt 0.803218 0.426244
vt 0.786828 0.426244
vt 0.770438 0.426244
vt 0.754048 0.426244
vt 0.737658 0.426244
vt 0.721267 0.426244
vt 0.704877 0.426244
vt 0.688487 0.426244
vt 0.672097 0.426244
vt 0.655707 0.426244
vt 0.639316 0.426244
vt 0.622926 0.426244
vt 0.606536 0.426244
vt 0.590146 0.426244
vt 0.573756 0.426244
vt 0.475415 0.508195
vt 0.327903 0.426244
vt 0.098441 0.426244
vt 0.082051 0.426244
vt 0.065661 0.426244
vt 0.049271 0.426244
vt 0.032880 0.426244
vt 0.983510 0.442634
vt 0.967120 0.442634
vt 0.950730 0.442634
vt 0.934339 0.442634
vt 0.917949 0.442634
vt 0.901559 0.442634
vt 0.885169 0.442634
vt 0.868779 0.442634
vt 0.852389 0.442634
vt 0.835998 0.442634
vt 0.819608 0.442634
vt 0.803218 0.442634
vt 0.786828 0.442634
vt 0.770438 0.442634
vt 0.754048 0.442634
vt 0.737658 0.442634
vt 0.721267 0.442634
vt 0.704877 0.442634
vt 0.688487 0.442634
vt 0.672097 0.442634
vt 0.655707 0.442634
vt 0.639316 0.442634
vt 0.622926 0.442634
vt 0.606536 0.442634
vt 0.590146 0.442634
vt 0.573756 0.442634
vt 0.557366 0.442634
vt 0.540975 0.442634
vt 0.524585 0.442634
vt 0.213172 0.442634
vt 0.196782 0.442634
vt 0.327903 0.442634
vt 0.311513 0.442634
vt 0.295123 0.442634
vt 0.278733 0.442634
vt 0.262343 0.442634
vt 0.245953 0.442634
vt 0.229562 0.442634
vt 0.180392 0.442634
vt 0.164002 0.442634
vt 0.147611 0.442634
vt 0.131221 0.442634
vt 0.114831 0.442634
vt 0.098441 0.442634
vt 0.082051 0.442634
vt 0.065661 0.442634
vt 0.049271 0.442634
vt 0.032880 0.442634
vt 0.983510 0.459025
vt 0.967120 0.459025
vt 0.950730 0.459025
vt 0.934339 0.459025
vt 0.917949 0.459025
vt 0.901559 0.459025
vt 0.885169 0.459025
vt 0.868779 0.459025
vt 0.852389 0.459025
vt 0.835998 0.459025
vt 0.819608 0.459025
vt 0.803218 0.459025
vt 0.786828 0.459025
vt 0.770438 0.459025
vt 0.754048 0.459025
vt 0.737657 0.459025
vt 0.721267 0.459025
vt 0.704877 0.459025
vt 0.688487 0.459025
vt 0.672097 0.459025
vt 0.655707 0.459025
vt 0.639316 0.459025
vt 0.622926 0.459025
vt 0.606536 0.459025
vt 0.590146 0.459025
vt 0.573756 0.459025
vt 0.557366 0.459025
vt 0.540975 0.459025
vt 0.524585 0.459025
vt 0.327903 0.459025
vt 0.311513 0.459025
vt 0.295123 0.459025
vt 0.278733 0.459025
vt 0.262343 0.459025
vt 0.245952 0.459025
vt 0.229562 0.459025
vt 0.213172 0.459025
vt 0.196782 0.459025
vt 0.180392 0.459025
vt 0.164002 0.459025
vt 0.147611 0.459025
vt 0.131221 0.459025
vt 0.114831 0.459025
vt 0.098441 0.459025
vt 0.082051 0.459025
vt 0.065661 0.459025
vt 0.049270 0.459025
vt 0.032880 0.459025
vt 0.983510 0.475415
vt 0.967120 0.475415
vt 0.950730 0.475415
vt 0.934339 0.475415
vt 0.917949 0.475415
vt 0.901559 0.475415
vt 0.885169 0.475415
vt 0.868779 0.475415
vt 0.852389 0.475415
vt 0.835998 0.475415
vt 0.819608 0.475415
vt 0.803218 0.475415
vt 0.786828 0.475415
vt 0.770438 0.475415
vt 0.754048 0.475415
vt 0.737658 0.475415
vt 0.721267 0.475415
vt 0.704877 0.475415
vt 0.688487 0.475415
vt 0.672097 0.475415
vt 0.655707 0.475415
vt 0.639316 0.475415
vt 0.622926 0.475415
vt 0.606536 0.475415
vt 0.590146 0.475415
vt 0.573756 0.475415
vt 0.557366 0.475415
vt 0.540975 0.475415
vt 0.524585 0.475415
vt 0.000000 0.000000
vt 0.327903 0.475415
vt 0.311513 0.475415
vt 0.295123 0.475415
vt 0.278733 0.475415
vt 0.262343 0.475415
vt 0.245953 0.475415
vt 0.229562 0.475415
vt 0.213172 0.475415
vt 0.196782 0.475415
vt 0.180392 0.475415
vt 0.164002 0.475415
vt 0.147611 0.475415
vt 0.131221 0.475415
vt 0.114831 0.475415
vt 0.098441 0.475415
vt 0.082051 0.475415
vt 0.065661 0.475415
vt 0.049271 0.475415
vt 0.032880 0.475415
vt 0.983510 0.491805
vt 0.967120 0.491805
vt 0.950730 0.491805
vt 0.934339 0.491805
vt 0.917949 0.491805
vt 0.901559 0.491805
vt 0.885169 0.491805
vt 0.868779 0.491805
vt 0.852389 0.491805
vt 0.835998 0.491805
vt 0.819608 0.491805
vt 0.803218 0.491805
vt 0.786828 0.491805
vt 0.770438 0.491805
vt 0.754048 0.491805
vt 0.737658 0.491805
vt 0.721267 0.491805
vt 0.704877 0.491805
vt 0.688487 0.491805
vt 0.672097 0.491805
vt 0.655707 0.491805
vt 0.639316 0.491805
vt 0.622926 0.491805
vt 0.606536 0.491805
vt 0.590146 0.491805
vt 0.573756 0.491805
vt 0.557366 0.491805
vt 0.540975 0.491805
vt 0.524585 0.491805
vt 0.508195 0.491805
vt 0.327903 0.491805
vt 0.311513 0.491805
vt 0.295123 0.491805
vt 0.278733 0.491805
vt 0.262343 0.491805
vt 0.245953 0.491805
vt 0.229562 0.491805
vt 0.213172 0.491805
vt 0.196782 0.491805
vt 0.180392 0.491805
vt 0.164002 0.491805
vt 0.147611 0.491805
vt 0.131221 0.491805
vt 0.114831 0.491805
vt 0.098441 0.491805
vt 0.082051 0.491805
vt 0.065661 0.491805
vt 0.049271 0.491805
vt 0.032880 0.491805
vt 0.983510 0.508195
vt 0.967120 0.508195
vt 0.950730 0.508195
vt 0.934339 0.508195
vt 0.917949 0.508195
vt 0.901559 0.508195
vt 0.885169 0.508195
vt 0.868779 0.508195
vt 0.852389 0.508195
vt 0.835998 0.508195
vt 0.819608 0.508195
vt 0.803218 0.508195
vt 0.786828 0.508195
vt 0.770438 0.508195
vt 0.754048 0.508195
vt 0.737658 0.508195
vt 0.721267 0.508195
vt 0.704877 0.508195
vt 0.688487 0.508195
vt 0.672097 0.508195
vt 0.655707 0.508195
vt 0.639316 0.508195
vt 0.622926 0.508195
vt 0.606536 0.508195
vt 0.590146 0.508195
vt 0.573756 0.508195
vt 0.557366 0.508195
vt 0.540975 0.508195
vt 0.524585 0.508195
vt 0.508195 0.508195
vt 0.491805 0.508195
vt 0.360684 0.508195
vt 0.344293 0.508195
vt 0.327903 0.508195
vt 0.311513 0.508195
vt 0.295123 0.508195
vt 0.278733 0.508195
vt 0.262343 0.508195
vt 0.245953 0.508195
vt 0.229562 0.508195
vt 0.213172 0.508195
vt 0.196782 0.508195
vt 0.180392 0.508195
vt 0.164002 0.508195
vt 0.147611 0.508195
vt 0.131221 0.508195
vt 0.114831 0.508195
vt 0.098441 0.508195
vt 0.082051 0.508195
vt 0.065661 0.508195
vt 0.049271 0.508195
vt 0.032880 0.508195
vt 0.983510 0.524585
vt 0.967120 0.524585
vt 0.950730 0.524585
vt 0.934339 0.524585
vt 0.917949 0.524585
vt 0.901559 0.524585
vt 0.885169 0.524585
vt 0.868779 0.524585
vt 0.852389 0.524585
vt 0.835998 0.524585
vt 0.819608 0.524585
vt 0.803218 0.524585
vt 0.786828 0.524585
vt 0.770438 0.524585
vt 0.754048 0.524585
vt 0.737658 0.524585
vt 0.721267 0.524585
vt 0.704877 0.524585
vt 0.688487 0.524585
vt 0.672097 0.524585
vt 0.655707 0.524585
vt 0.639316 0.524585
vt 0.622926 0.524585
vt 0.606536 0.524585
vt 0.590146 0.524585
vt 0.573756 0.524585
vt 0.557366 0.524585
vt 0.540975 0.524585
vt 0.524585 0.524585
vt 0.508195 0.524585
vt 0.491805 0.524585
vt 0.475415 0.524585
vt 0.459025 0.524585
vt 0.442634 0.524585
vt 0.426244 0.524585
vt 0.409854 0.524585
vt 0.393464 0.524585
vt 0.377074 0.524585
vt 0.360684 0.524585
vt 0.344293 0.524585
vt 0.327903 0.524585
vt 0.311513 0.524585
vt 0.295123 0.524585
vt 0.278733 0.524585
vt 0.262343 0.524585
vt 0.245953 0.524585
vt 0.229562 0.524585
vt 0.213172 0.524585
vt 0.196782 0.524585
vt 0.180392 0.524585
vt 0.164002 0.524585
vt 0.147611 0.524585
vt 0.131221 0.524585
vt 0.114831 0.524585
vt 0.098441 0.524585
vt 0.082051 0.524585
vt 0.065661 0.524585
vt 0.049271 0.524585
vt 0.032880 0.524585
vt 0.983510 0.540975
vt 0.967120 0.540975
vt 0.950730 0.540975
vt 0.934339 0.540975
vt 0.917949 0.540975
vt 0.901559 0.540975
vt 0.885169 0.540975
vt 0.868779 0.540975
vt 0.852389 0.540975
vt 0.835998 0.540975
vt 0.819608 0.540975
vt 0.803218 0.540975
vt 0.786828 0.540975
vt 0.770438 0.540975
vt 0.754048 0.540975
vt 0.737658 0.540975
vt 0.721267 0.540975
vt 0.704877 0.540975
vt 0.688487 0.540975
vt 0.672097 0.540975
vt 0.655707 0.540975
vt 0.639316 0.540976
vt 0.622926 0.540976
vt 0.606536 0.540976
vt 0.590146 0.540976
vt 0.573756 0.540976
vt 0.557366 0.540976
vt 0.540975 0.540976
vt 0.524585 0.540976
vt 0.508195 0.540976
vt 0.491805 0.540976
vt 0.475415 0.540975
vt 0.459025 0.540975
vt 0.442634 0.540975
vt 0.426244 0.540975
vt 0.409854 0.540975
vt 0.393464 0.540975
vt 0.377074 0.540975
vt 0.360684 0.540975
vt 0.344293 0.540975
vt 0.327903 0.540975
vt 0.311513 0.540975
vt 0.295123 0.540975
vt 0.278733 0.540975
vt 0.262343 0.540975
vt 0.245953 0.540975
vt 0.229562 0.540975
vt 0.213172 0.540975
vt 0.196782 0.540975
vt 0.180392 0.540975
vt 0.164002 0.540975
vt 0.147611 0.540975
vt 0.131221 0.540975
vt 0.114831 0.540975
vt 0.098441 0.540975
vt 0.082051 0.540975
vt 0.065661 0.540975
vt 0.049271 0.540975
vt 0.032880 0.540975
vt 0.983510 0.557365
vt 0.967120 0.557365
vt 0.950730 0.557365
vt 0.934339 0.557365
vt 0.917949 0.557365
vt 0.901559 0.557365
vt 0.885169 0.557365
vt 0.868779 0.557365
vt 0.852389 0.557365
vt 0.835998 0.557365
vt 0.819608 0.557365
vt 0.803218 0.557365
vt 0.786828 0.557366
vt 0.770438 0.557366
vt 0.754048 0.557366
vt 0.737658 0.557366
vt 0.721267 0.557366
vt 0.704877 0.557366
vt 0.688487 0.557366
vt 0.672097 0.557366
vt 0.655707 0.557366
vt 0.639316 0.557366
vt 0.622926 0.557366
vt 0.606536 0.557366
vt 0.590146 0.557366
vt 0.573756 0.557366
vt 0.557366 0.557366
vt 0.540975 0.557366
vt 0.524585 0.557366
vt 0.508195 0.557366
vt 0.491805 0.557366
vt 0.475415 0.557366
vt 0.459025 0.557366
vt 0.442634 0.557366
vt 0.426244 0.557366
vt 0.409854 0.557366
vt 0.393464 0.557366
vt 0.377074 0.557366
vt 0.360684 0.557366
vt 0.344293 0.557365
vt 0.327903 0.557365
vt 0.311513 0.557365
vt 0.295123 0.557365
vt 0.278733 0.557365
vt 0.262343 0.557365
vt 0.245953 0.557365
vt 0.229562 0.557365
vt 0.213172 0.557365
vt 0.196782 0.557365
vt 0.180392 0.557365
vt 0.164002 0.557365
vt 0.147611 0.557365
vt 0.131221 0.557365
vt 0.114831 0.557365
vt 0.098441 0.557365
vt 0.082051 0.557365
vt 0.065661 0.557366
vt 0.049271 0.557366
vt 0.032880 0.557366
vt 0.983510 0.573756
vt 0.967120 0.573756
vt 0.950730 0.573756
vt 0.934339 0.573756
vt 0.917949 0.573756
vt 0.901559 0.573756
vt 0.885169 0.573756
vt 0.868779 0.573756
vt 0.852389 0.573756
vt 0.835998 0.573756
vt 0.819608 0.573756
vt 0.803218 0.573756
vt 0.786828 0.573756
vt 0.770438 0.573756
vt 0.754048 0.573756
vt 0.737658 0.573756
vt 0.721267 0.573756
vt 0.704877 0.573756
vt 0.688487 0.573756
vt 0.672097 0.573756
vt 0.655707 0.573756
vt 0.639316 0.573756
vt 0.622926 0.573756
vt 0.606536 0.573756
vt 0.590146 0.573756
vt 0.573756 0.573756
vt 0.557366 0.573756
vt 0.540975 0.573756
vt 0.524585 0.573756
vt 0.508195 0.573756
vt 0.491805 0.573756
vt 0.475415 0.573756
vt 0.459025 0.573756
vt 0.442634 0.573756
vt 0.426244 0.573756
vt 0.409854 0.573756
vt 0.393464 0.573756
vt 0.377074 0.573756
vt 0.360684 0.573756
vt 0.344293 0.573756
vt 0.327903 0.573756
vt 0.311513 0.573756
vt 0.295123 0.573756
vt 0.278733 0.573756
vt 0.262343 0.573756
vt 0.245953 0.573756
vt 0.229562 0.573756
vt 0.213172 0.573756
vt 0.196782 0.573756
vt 0.180392 0.573756
vt 0.164002 0.573756
vt 0.147611 0.573756
vt 0.131221 0.573756
vt 0.114831 0.573756
vt 0.098441 0.573756
vt 0.082051 0.573756
vt 0.065661 0.573756
vt 0.049271 0.573756
vt 0.032880 0.573756
vt 0.983510 0.590146
vt 0.967120 0.590146
vt 0.950730 0.590146
vt 0.934339 0.590146
vt 0.917949 0.590146
vt 0.901559 0.590146
vt 0.885169 0.590146
vt 0.868779 0.590146
vt 0.852389 0.590146
vt 0.835998 0.590146
vt 0.819608 0.590146
vt 0.803218 0.590146
vt 0.786828 0.590146
vt 0.770438 0.590146
vt 0.754048 0.590146
vt 0.737657 0.590146
vt 0.721267 0.590146
vt 0.704877 0.590146
vt 0.688487 0.590146
vt 0.672097 0.590146
vt 0.655707 0.590146
vt 0.639316 0.590146
vt 0.622926 0.590146
vt 0.606536 0.590146
vt 0.590146 0.590146
vt 0.573756 0.590146
vt 0.557366 0.590146
vt 0.540975 0.590146
vt 0.524585 0.590146
vt 0.508195 0.590146
vt 0.491805 0.590146
vt 0.475415 0.590146
vt 0.459025 0.590146
vt 0.442634 0.590146
vt 0.426244 0.590146
vt 0.409854 0.590146
vt 0.393464 0.590146
vt 0.377074 0.590146
vt 0.360684 0.590146
vt 0.344293 0.590146
vt 0.327903 0.590146
vt 0.311513 0.590146
vt 0.295123 0.590146
vt 0.278733 0.590146
vt 0.262343 0.590146
vt 0.245952 0.590146
vt 0.229562 0.590146
vt 0.213172 0.590146
vt 0.196782 0.590146
vt 0.180392 0.590146
vt 0.164002 0.590146
vt 0.147611 0.590146
vt 0.131221 0.590146
vt 0.114831 0.590146
vt 0.098441 0.590146
vt 0.082051 0.590146
vt 0.065661 0.590146
vt 0.049271 0.590146
vt 0.032880 0.590146
vt 0.983510 0.606536
vt 0.967120 0.606536
vt 0.950730 0.606536
vt 0.934339 0.606536
vt 0.917949 0.606536
vt 0.901559 0.606536
vt 0.885169 0.606536
vt 0.868779 0.606536
vt 0.852389 0.606536
vt 0.835998 0.606536
vt 0.819608 0.606536
vt 0.803218 0.606536
vt 0.786828 0.606536
vt 0.770438 0.606536
vt 0.754048 0.606536
vt 0.737657 0.606536
vt 0.721267 0.606536
vt 0.704877 0.606536
vt 0.688487 0.606536
vt 0.672097 0.606536
vt 0.655707 0.606536
vt 0.639316 0.606536
vt 0.622926 0.606536
vt 0.606536 0.606536
vt 0.590146 0.606536
vt 0.573756 0.606536
vt 0.557366 0.606536
vt 0.540975 0.606536
vt 0.524585 0.606536
vt 0.508195 0.606536
vt 0.491805 0.606536
vt 0.475415 0.606536
vt 0.459025 0.606536
vt 0.442634 0.606536
vt 0.426244 0.606536
vt 0.409854 0.606536
vt 0.393464 0.606536
vt 0.377074 0.606536
vt 0.360684 0.606536
vt 0.344293 0.606536
vt 0.327903 0.606536
vt 0.311513 0.606536
vt 0.295123 0.606536
vt 0.278733 0.606536
vt 0.262343 0.606536
vt 0.245952 0.606536
vt 0.229562 0.606536
vt 0.213172 0.606536
vt 0.196782 0.606536
vt 0.180392 0.606536
vt 0.164002 0.606536
vt 0.147611 0.606536
vt 0.131221 0.606536
vt 0.114831 0.606536
vt 0.098441 0.606536
vt 0.082051 0.606536
vt 0.065661 0.606536
vt 0.049271 0.606536
vt 0.032880 0.606536
vt 0.983510 0.622926
vt 0.967120 0.622926
vt 0.950730 0.622926
vt 0.934339 0.622926
vt 0.917949 0.622926
vt 0.901559 0.622926
vt 0.885169 0.622926
vt 0.868779 0.622926
vt 0.852389 0.622926
vt 0.835998 0.622926
vt 0.819608 0.622926
vt 0.803218 0.622926
vt 0.786828 0.622926
vt 0.770438 0.622926
vt 0.754048 0.622926
vt 0.737657 0.622926
vt 0.721267 0.622926
vt 0.704877 0.622926
vt 0.688487 0.622926
vt 0.672097 0.622926
vt 0.655707 0.622926
vt 0.639316 0.622926
vt 0.622926 0.622926
vt 0.606536 0.622926
vt 0.590146 0.622926
vt 0.573756 0.622926
vt 0.557366 0.622926
vt 0.540975 0.622926
vt 0.524585 0.622926
vt 0.508195 0.622926
vt 0.491805 0.622926
vt 0.475415 0.622926
vt 0.459025 0.622926
vt 0.442634 0.622926
vt 0.426244 0.622926
vt 0.409854 0.622926
vt 0.393464 0.622926
vt 0.377074 0.622926
vt 0.360684 0.622926
vt 0.344293 0.622926
vt 0.327903 0.622926
vt 0.311513 0.622926
vt 0.295123 0.622926
vt 0.278733 0.622926
vt 0.262343 0.622926
vt 0.245952 0.622926
vt 0.229562 0.622926
vt 0.213172 0.622926
vt 0.196782 0.622926
vt 0.180392 0.622926
vt 0.164002 0.622926
vt 0.147611 0.622926
vt 0.131221 0.622926
vt 0.114831 0.622926
vt 0.098441 0.622926
vt 0.082051 0.622926
vt 0.065661 0.622926
vt 0.049271 0.622926
vt 0.032880 0.622926
vt 0.983510 0.639316
vt 0.967120 0.639316
vt 0.950730 0.639316
vt 0.934339 0.639316
vt 0.917949 0.639316
vt 0.901559 0.639316
vt 0.885169 0.639316
vt 0.868779 0.639316
vt 0.852389 0.639316
vt 0.835998 0.639316
vt 0.819608 0.639316
vt 0.803218 0.639316
vt 0.786828 0.639316
vt 0.770438 0.639316
vt 0.754048 0.639316
vt 0.737657 0.639316
vt 0.721267 0.639316
vt 0.704877 0.639316
vt 0.688487 0.639316
vt 0.672097 0.639316
vt 0.655707 0.639316
vt 0.639316 0.639316
vt 0.622926 0.639316
vt 0.606536 0.639316
vt 0.590146 0.639316
vt 0.573756 0.639316
vt 0.557366 0.639316
vt 0.540975 0.639316
vt 0.524585 0.639316
vt 0.508195 0.639316
vt 0.491805 0.639316
vt 0.475415 0.639316
vt 0.459025 0.639316
vt 0.442634 0.639316
vt 0.426244 0.639316
vt 0.409854 0.639316
vt 0.393464 0.639316
vt 0.377074 0.639316
vt 0.360684 0.639316
vt 0.344293 0.639316
vt 0.327903 0.639316
vt 0.311513 0.639316
vt 0.295123 0.639316
vt 0.278733 0.639316
vt 0.262343 0.639316
vt 0.245952 0.639316
vt 0.229562 0.639316
vt 0.213172 0.639316
vt 0.196782 0.639316
vt 0.180392 0.639316
vt 0.164002 0.639316
vt 0.147611 0.639316
vt 0.131221 0.639316
vt 0.114831 0.639316
vt 0.098441 0.639316
vt 0.082051 0.639316
vt 0.065661 0.639316
vt 0.049271 0.639316
vt 0.032880 0.639316
vt 0.983510 0.655706
vt 0.967120 0.655706
vt 0.950730 0.655706
vt 0.934339 0.655706
vt 0.917949 0.655706
vt 0.901559 0.655706
vt 0.885169 0.655706
vt 0.868779 0.655706
vt 0.852389 0.655706
vt 0.835998 0.655706
vt 0.819608 0.655706
vt 0.803218 0.655707
vt 0.786828 0.655707
vt 0.770438 0.655707
vt 0.754048 0.655707
vt 0.737657 0.655707
vt 0.721267 0.655707
vt 0.704877 0.655707
vt 0.688487 0.655707
vt 0.672097 0.655707
vt 0.655707 0.655707
vt 0.639316 0.655707
vt 0.622926 0.655707
vt 0.606536 0.655707
vt 0.590146 0.655707
vt 0.573756 0.655706
vt 0.557366 0.655706
vt 0.540975 0.655706
vt 0.524585 0.655707
vt 0.508195 0.655707
vt 0.491805 0.655707
vt 0.475415 0.655707
vt 0.459025 0.655707
vt 0.442634 0.655707
vt 0.426244 0.655707
vt 0.409854 0.655707
vt 0.393464 0.655707
vt 0.377074 0.655707
vt 0.360684 0.655707
vt 0.344293 0.655707
vt 0.327903 0.655707
vt 0.311513 0.655707
vt 0.295123 0.655707
vt 0.278733 0.655707
vt 0.262343 0.655707
vt 0.245952 0.655707
vt 0.229562 0.655707
vt 0.213172 0.655707
vt 0.196782 0.655707
vt 0.180392 0.655707
vt 0.164002 0.655707
vt 0.147611 0.655707
vt 0.131221 0.655707
vt 0.114831 0.655707
vt 0.098441 0.655707
vt 0.082051 0.655707
vt 0.065661 0.655707
vt 0.049271 0.655707
vt 0.032880 0.655707
vt 0.983510 0.672097
vt 0.967120 0.672097
vt 0.950730 0.672097
vt 0.934339 0.672097
vt 0.917949 0.672097
vt 0.901559 0.672097
vt 0.885169 0.672097
vt 0.868779 0.672097
vt 0.852389 0.672097
vt 0.835998 0.672097
vt 0.819608 0.672097
vt 0.803218 0.672097
vt 0.786828 0.672097
vt 0.770438 0.672097
vt 0.754048 0.672097
vt 0.737657 0.672097
vt 0.721267 0.672097
vt 0.704877 0.672097
vt 0.688487 0.672097
vt 0.672097 0.672097
vt 0.655707 0.672097
vt 0.639316 0.672097
vt 0.622926 0.672097
vt 0.606536 0.672097
vt 0.590146 0.672097
vt 0.573756 0.672097
vt 0.557366 0.672097
vt 0.540975 0.672097
vt 0.524585 0.672097
vt 0.508195 0.672097
vt 0.491805 0.672097
vt 0.475415 0.672097
vt 0.459025 0.672097
vt 0.442634 0.672097
vt 0.426244 0.672097
vt 0.409854 0.672097
vt 0.393464 0.672096
vt 0.377074 0.672096
vt 0.360684 0.672096
vt 0.344293 0.672096
vt 0.327903 0.672096
vt 0.311513 0.672096
vt 0.295123 0.672096
vt 0.278733 0.672096
vt 0.262343 0.672096
vt 0.245952 0.672096
vt 0.229562 0.672096
vt 0.213172 0.672096
vt 0.196782 0.672097
vt 0.180392 0.672097
vt 0.164002 0.672097
vt 0.147611 0.672097
vt 0.131221 0.672097
vt 0.114831 0.672097
vt 0.098441 0.672097
vt 0.082051 0.672097
vt 0.065661 0.672097
vt 0.049271 0.672097
vt 0.032880 0.672097
vt 0.983510 0.688487
vt 0.967120 0.688487
vt 0.950730 0.688487
vt 0.934339 0.688487
vt 0.917949 0.688487
vt 0.901559 0.688487
vt 0.885169 0.688487
vt 0.868779 0.688487
vt 0.852389 0.688487
vt 0.835998 0.688487
vt 0.819608 0.688487
vt 0.803218 0.688487
vt 0.786828 0.688487
vt 0.770438 0.688487
vt 0.754048 0.688487
vt 0.737657 0.688487
vt 0.721267 0.688487
vt 0.704877 0.688487
vt 0.688487 0.688487
vt 0.672097 0.688487
vt 0.655707 0.688487
vt 0.639316 0.688487
vt 0.622926 0.688487
vt 0.606536 0.688487
vt 0.590146 0.688487
vt 0.573756 0.688487
vt 0.557366 0.688487
vt 0.540975 0.688487
vt 0.524585 0.688487
vt 0.508195 0.688487
vt 0.491805 0.688487
vt 0.475415 0.688487
vt 0.459025 0.688487
vt 0.442634 0.688487
vt 0.426244 0.688487
vt 0.409854 0.688487
vt 0.393464 0.688487
vt 0.377074 0.688487
vt 0.360684 0.688487
vt 0.344293 0.688487
vt 0.327903 0.688487
vt 0.311513 0.688487
vt 0.295123 0.688487
vt 0.278733 0.688487
vt 0.262343 0.688487
vt 0.245952 0.688487
vt 0.229562 0.688487
vt 0.213172 0.688487
vt 0.196782 0.688487
vt 0.180392 0.688487
vt 0.164002 0.688487
vt 0.147611 0.688487
vt 0.131221 0.688487
vt 0.114831 0.688487
vt 0.098441 0.688487
vt 0.082051 0.688487
vt 0.065661 0.688487
vt 0.049271 0.688487
vt 0.032880 0.688487
vt 0.983510 0.704877
vt 0.967120 0.704877
vt 0.950730 0.704877
vt 0.934339 0.704877
vt 0.917949 0.704877
vt 0.901559 0.704877
vt 0.885169 0.704877
vt 0.868779 0.704877
vt 0.852389 0.704877
vt 0.835998 0.704877
vt 0.819608 0.704877
vt 0.803218 0.704877
vt 0.786828 0.704877
vt 0.770438 0.704877
vt 0.754048 0.704877
vt 0.737657 0.704877
vt 0.721267 0.704877
vt 0.704877 0.704877
vt 0.688487 0.704877
vt 0.672097 0.704877
vt 0.655707 0.704877
vt 0.639316 0.704877
vt 0.622926 0.704877
vt 0.606536 0.704877
vt 0.590146 0.704877
vt 0.573756 0.704877
vt 0.557366 0.704877
vt 0.540975 0.704877
vt 0.524585 0.704877
vt 0.508195 0.704877
vt 0.491805 0.704877
vt 0.475415 0.704877
vt 0.459025 0.704877
vt 0.442634 0.704877
vt 0.426244 0.704877
vt 0.409854 0.704877
vt 0.393464 0.704877
vt 0.377074 0.704877
vt 0.360684 0.704877
vt 0.344293 0.704877
vt 0.327903 0.704877
vt 0.311513 0.704877
vt 0.295123 0.704877
vt 0.278733 0.704877
vt 0.262343 0.704877
vt 0.245952 0.704877
vt 0.229562 0.704877
vt 0.213172 0.704877
vt 0.196782 0.704877
vt 0.180392 0.704877
vt 0.164002 0.704877
vt 0.147611 0.704877
vt 0.131221 0.704877
vt 0.114831 0.704877
vt 0.098441 0.704877
vt 0.082051 0.704877
vt 0.065661 0.704877
vt 0.049271 0.704877
vt 0.032880 0.704877
vt 0.983510 0.721267
vt 0.967120 0.721267
vt 0.950729 0.721267
vt 0.934339 0.721267
vt 0.917949 0.721267
vt 0.901559 0.721267
vt 0.885169 0.721267
vt 0.868779 0.721267
vt 0.852389 0.721267
vt 0.835998 0.721267
vt 0.819608 0.721267
vt 0.803218 0.721267
vt 0.786828 0.721267
vt 0.770438 0.721267
vt 0.754048 0.721267
vt 0.737657 0.721267
vt 0.721267 0.721267
vt 0.704877 0.721267
vt 0.688487 0.721267
vt 0.672097 0.721267
vt 0.655707 0.721267
vt 0.639316 0.721267
vt 0.622926 0.721267
vt 0.606536 0.721267
vt 0.590146 0.721267
vt 0.573756 0.721267
vt 0.557366 0.721267
vt 0.540975 0.721267
vt 0.524585 0.721267
vt 0.508195 0.721267
vt 0.491805 0.721267
vt 0.475415 0.721267
vt 0.459025 0.721267
vt 0.442634 0.721267
vt 0.426244 0.721267
vt 0.409854 0.721267
vt 0.393464 0.721267
vt 0.377074 0.721267
vt 0.360684 0.721267
vt 0.344293 0.721267
vt 0.327903 0.721267
vt 0.311513 0.721267
vt 0.295123 0.721267
vt 0.278733 0.721267
vt 0.262343 0.721267
vt 0.245952 0.721267
vt 0.229562 0.721267
vt 0.213172 0.721267
vt 0.196782 0.721267
vt 0.180392 0.721267
vt 0.164002 0.721267
vt 0.147611 0.721267
vt 0.131221 0.721267
vt 0.114831 0.721267
vt 0.098441 0.721267
vt 0.082051 0.721267
vt 0.065661 0.721267
vt 0.049271 0.721267
vt 0.032880 0.721267
vt 0.983510 0.737657
vt 0.967120 0.737657
vt 0.950729 0.737657
vt 0.934339 0.737657
vt 0.917949 0.737657
vt 0.901559 0.737657
vt 0.885169 0.737657
vt 0.868779 0.737657
vt 0.852389 0.737657
vt 0.835998 0.737657
vt 0.819608 0.737657
vt 0.803218 0.737657
vt 0.786828 0.737657
vt 0.770438 0.737657
vt 0.754048 0.737657
vt 0.737657 0.737657
vt 0.721267 0.737657
vt 0.704877 0.737657
vt 0.688487 0.737657
vt 0.672097 0.737657
vt 0.655707 0.737657
vt 0.639316 0.737657
vt 0.622926 0.737657
vt 0.606536 0.737657
vt 0.590146 0.737657
vt 0.573756 0.737657
vt 0.557366 0.737657
vt 0.540975 0.737657
vt 0.524585 0.737657
vt 0.508195 0.737657
vt 0.491805 0.737657
vt 0.475415 0.737657
vt 0.459025 0.737657
vt 0.442634 0.737657
vt 0.426244 0.737657
vt 0.409854 0.737657
vt 0.393464 0.737657
vt 0.377074 0.737657
vt 0.360684 0.737657
vt 0.344293 0.737657
vt 0.327903 0.737657
vt 0.311513 0.737657
vt 0.295123 0.737657
vt 0.278733 0.737657
vt 0.262343 0.737657
vt 0.245952 0.737657
vt 0.229562 0.737657
vt 0.213172 0.737657
vt 0.196782 0.737657
vt 0.180392 0.737657
vt 0.164002 0.737657
vt 0.147611 0.737657
vt 0.131221 0.737657
vt 0.114831 0.737657
vt 0.098441 0.737657
vt 0.082051 0.737657
vt 0.065661 0.737657
vt 0.049271 0.737657
vt 0.032880 0.737657
vt 0.983510 0.754047
vt 0.967120 0.754047
vt 0.950729 0.754047
vt 0.934339 0.754047
vt 0.917949 0.754047
vt 0.901559 0.754047
vt 0.885169 0.754047
vt 0.868779 0.754047
vt 0.852389 0.754047
vt 0.835998 0.754047
vt 0.819608 0.754047
vt 0.803218 0.754047
vt 0.786828 0.754047
vt 0.770438 0.754048
vt 0.754048 0.754048
vt 0.737657 0.754048
vt 0.721267 0.754048
vt 0.704877 0.754048
vt 0.688487 0.754048
vt 0.672097 0.754048
vt 0.655707 0.754048
vt 0.639316 0.754048
vt 0.622926 0.754048
vt 0.606536 0.754048
vt 0.590146 0.754048
vt 0.573756 0.754048
vt 0.557366 0.754048
vt 0.540975 0.754048
vt 0.524585 0.754048
vt 0.508195 0.754048
vt 0.491805 0.754048
vt 0.475415 0.754048
vt 0.459025 0.754048
vt 0.442634 0.754048
vt 0.426244 0.754048
vt 0.409854 0.754048
vt 0.393464 0.754048
vt 0.377074 0.754048
vt 0.360684 0.754048
vt 0.344293 0.754048
vt 0.327903 0.754048
vt 0.311513 0.754048
vt 0.295123 0.754048
vt 0.278733 0.754048
vt 0.262343 0.754048
vt 0.245952 0.754048
vt 0.229562 0.754048
vt 0.213172 0.754048
vt 0.196782 0.754048
vt 0.180392 0.754048
vt 0.164002 0.754048
vt 0.147611 0.754048
vt 0.131221 0.754048
vt 0.114831 0.754048
vt 0.098441 0.754048
vt 0.082051 0.754048
vt 0.065661 0.754048
vt 0.049271 0.754048
vt 0.032880 0.754048
vt 0.983510 0.770437
vt 0.967120 0.770437
vt 0.950729 0.770437
vt 0.934339 0.770437
vt 0.917949 0.770437
vt 0.901559 0.770437
vt 0.885169 0.770438
vt 0.868779 0.770438
vt 0.852389 0.770438
vt 0.835998 0.770438
vt 0.819608 0.770438
vt 0.803218 0.770438
vt 0.786828 0.770438
vt 0.770438 0.770438
vt 0.754048 0.770438
vt 0.737657 0.770438
vt 0.721267 0.770438
vt 0.704877 0.770438
vt 0.688487 0.770438
vt 0.672097 0.770438
vt 0.655707 0.770438
vt 0.639316 0.770438
vt 0.622926 0.770438
vt 0.606536 0.770438
vt 0.590146 0.770438
vt 0.573756 0.770438
vt 0.557366 0.770438
vt 0.540975 0.770438
vt 0.524585 0.770438
vt 0.508195 0.770438
vt 0.491805 0.770438
vt 0.475415 0.770438
vt 0.459025 0.770438
vt 0.442634 0.770438
vt 0.426244 0.770438
vt 0.409854 0.770438
vt 0.393464 0.770438
vt 0.377074 0.770438
vt 0.360684 0.770438
vt 0.344293 0.770438
vt 0.327903 0.770438
vt 0.311513 0.770438
vt 0.295123 0.770438
vt 0.278733 0.770438
vt 0.262343 0.770438
vt 0.245952 0.770438
vt 0.229562 0.770438
vt 0.213172 0.770438
vt 0.196782 0.770438
vt 0.180392 0.770438
vt 0.164002 0.770438
vt 0.147611 0.770438
vt 0.131221 0.770438
vt 0.114831 0.770438
vt 0.098441 0.770438
vt 0.082051 0.770438
vt 0.065661 0.770438
vt 0.049271 0.770438
vt 0.032880 0.770438
vt 0.983510 0.786828
vt 0.967120 0.786828
vt 0.950729 0.786828
vt 0.934339 0.786828
vt 0.917949 0.786828
vt 0.901559 0.786828
vt 0.885169 0.786828
vt 0.868779 0.786828
vt 0.852389 0.786828
vt 0.835998 0.786828
vt 0.819608 0.786828
vt 0.803218 0.786828
vt 0.786828 0.786828
vt 0.770438 0.786828
vt 0.754048 0.786828
vt 0.737657 0.786828
vt 0.721267 0.786828
vt 0.704877 0.786828
vt 0.688487 0.786828
vt 0.672097 0.786828
vt 0.655707 0.786828
vt 0.639316 0.786828
vt 0.622926 0.786828
vt 0.606536 0.786828
vt 0.590146 0.786828
vt 0.573756 0.786828
vt 0.557366 0.786828
vt 0.540975 0.786828
vt 0.524585 0.786828
vt 0.508195 0.786828
vt 0.491805 0.786828
vt 0.475415 0.786828
vt 0.459025 0.786828
vt 0.442634 0.786828
vt 0.426244 0.786828
vt 0.409854 0.786828
vt 0.393464 0.786828
vt 0.377074 0.786828
vt 0.360684 0.786828
vt 0.344293 0.786828
vt 0.327903 0.786828
vt 0.311513 0.786828
vt 0.295123 0.786828
vt 0.278733 0.786828
vt 0.262343 0.786828
vt 0.245952 0.786828
vt 0.229562 0.786828
vt 0.213172 0.786828
vt 0.196782 0.786828
vt 0.180392 0.786828
vt 0.164002 0.786828
vt 0.147611 0.786828
vt 0.131221 0.786828
vt 0.114831 0.786828
vt 0.098441 0.786828
vt 0.082051 0.786828
vt 0.065661 0.786828
vt 0.049271 0.786828
vt 0.032880 0.786828
vt 0.983510 0.803218
vt 0.967120 0.803218
vt 0.950729 0.803218
vt 0.934339 0.803218
vt 0.917949 0.803218
vt 0.901559 0.803218
vt 0.885169 0.803218
vt 0.868779 0.803218
vt 0.852389 0.803218
vt 0.835998 0.803218
vt 0.819608 0.803218
vt 0.803218 0.803218
vt 0.786828 0.803218
vt 0.770438 0.803218
vt 0.754048 0.803218
vt 0.737657 0.803218
vt 0.721267 0.803218
vt 0.704877 0.803218
vt 0.688487 0.803218
vt 0.672097 0.803218
vt 0.655707 0.803218
vt 0.639316 0.803218
vt 0.622926 0.803218
vt 0.606536 0.803218
vt 0.590146 0.803218
vt 0.573756 0.803218
vt 0.557366 0.803218
vt 0.540975 0.803218
vt 0.524585 0.803218
vt 0.508195 0.803218
vt 0.491805 0.803218
vt 0.475415 0.803218
vt 0.459025 0.803218
vt 0.442634 0.803218
vt 0.426244 0.803218
vt 0.409854 0.803218
vt 0.393464 0.803218
vt 0.377074 0.803218
vt 0.360684 0.803218
vt 0.344293 0.803218
vt 0.327903 0.803218
vt 0.311513 0.803218
vt 0.295123 0.803218
vt 0.278733 0.803218
vt 0.262343 0.803218
vt 0.245952 0.803218
vt 0.229562 0.803218
vt 0.213172 0.803218
vt 0.196782 0.803218
vt 0.180392 0.803218
vt 0.164002 0.803218
vt 0.147611 0.803218
vt 0.131221 0.803218
vt 0.114831 0.803218
vt 0.098441 0.803218
vt 0.082051 0.803218
vt 0.065661 0.803218
vt 0.049271 0.803218
vt 0.032880 0.803218
vt 0.983510 0.819608
vt 0.967120 0.819608
vt 0.950730 0.819608
vt 0.934339 0.819608
vt 0.917949 0.819608
vt 0.901559 0.819608
vt 0.885169 0.819608
vt 0.868779 0.819608
vt 0.852389 0.819608
vt 0.835998 0.819608
vt 0.819608 0.819608
vt 0.803218 0.819608
vt 0.786828 0.819608
vt 0.770438 0.819608
vt 0.754048 0.819608
vt 0.737657 0.819608
vt 0.721267 0.819608
vt 0.704877 0.819608
vt 0.688487 0.819608
vt 0.672097 0.819608
vt 0.655707 0.819608
vt 0.639316 0.819608
vt 0.622926 0.819608
vt 0.606536 0.819608
vt 0.590146 0.819608
vt 0.573756 0.819608
vt 0.557366 0.819608
vt 0.540975 0.819608
vt 0.524585 0.819608
vt 0.508195 0.819608
vt 0.491805 0.819608
vt 0.475415 0.819608
vt 0.459025 0.819608
vt 0.442634 0.819608
vt 0.426244 0.819608
vt 0.409854 0.819608
vt 0.393464 0.819608
vt 0.377074 0.819608
vt 0.360684 0.819608
vt 0.344293 0.819608
vt 0.327903 0.819608
vt 0.311513 0.819608
vt 0.295123 0.819608
vt 0.278733 0.819608
vt 0.262343 0.819608
vt 0.245952 0.819608
vt 0.229562 0.819608
vt 0.213172 0.819608
vt 0.196782 0.819608
vt 0.180392 0.819608
vt 0.164002 0.819608
vt 0.147611 0.819608
vt 0.131221 0.819608
vt 0.114831 0.819608
vt 0.098441 0.819608
vt 0.082051 0.819608
vt 0.065661 0.819608
vt 0.049271 0.819608
vt 0.032880 0.819608
vt 0.983510 0.835998
vt 0.967120 0.835998
vt 0.950730 0.835998
vt 0.934339 0.835998
vt 0.917949 0.835998
vt 0.901559 0.835998
vt 0.885169 0.835998
vt 0.868779 0.835998
vt 0.852389 0.835998
vt 0.835998 0.835998
vt 0.819608 0.835998
vt 0.803218 0.835998
vt 0.786828 0.835998
vt 0.770438 0.835998
vt 0.754048 0.835998
vt 0.737657 0.835998
vt 0.721267 0.835998
vt 0.704877 0.835998
vt 0.688487 0.835998
vt 0.672097 0.835998
vt 0.655707 0.835998
vt 0.639316 0.835998
vt 0.622926 0.835998
vt 0.606536 0.835998
vt 0.590146 0.835998
vt 0.573756 0.835998
vt 0.557366 0.835998
vt 0.540975 0.835998
vt 0.524585 0.835998
vt 0.508195 0.835998
vt 0.491805 0.835998
vt 0.475415 0.835998
vt 0.459025 0.835998
vt 0.442634 0.835998
vt 0.426244 0.835998
vt 0.409854 0.835998
vt 0.393464 0.835998
vt 0.377074 0.835998
vt 0.360684 0.835998
vt 0.344293 0.835998
vt 0.327903 0.835998
vt 0.311513 0.835998
vt 0.295123 0.835998
vt 0.278733 0.835998
vt 0.262343 0.835998
vt 0.245953 0.835998
vt 0.229562 0.835998
vt 0.213172 0.835998
vt 0.196782 0.835998
vt 0.180392 0.835998
vt 0.164002 0.835998
vt 0.147612 0.835998
vt 0.131221 0.835998
vt 0.114831 0.835998
vt 0.098441 0.835998
vt 0.082051 0.835998
vt 0.065661 0.835998
vt 0.049271 0.835998
vt 0.032880 0.835998
vt 0.983510 0.852388
vt 0.967120 0.852388
vt 0.950730 0.852388
vt 0.934339 0.852388
vt 0.917949 0.852389
vt 0.901559 0.852389
vt 0.885169 0.852389
vt 0.868779 0.852389
vt 0.852389 0.852389
vt 0.835998 0.852389
vt 0.819608 0.852389
vt 0.803218 0.852389
vt 0.786828 0.852389
vt 0.770438 0.852389
vt 0.754048 0.852389
vt 0.737657 0.852389
vt 0.721267 0.852389
vt 0.704877 0.852389
vt 0.688487 0.852389
vt 0.672097 0.852389
vt 0.655707 0.852389
vt 0.639316 0.852389
vt 0.622926 0.852389
vt 0.606536 0.852389
vt 0.590146 0.852389
vt 0.573756 0.852389
vt 0.557366 0.852389
vt 0.540975 0.852389
vt 0.524585 0.852389
vt 0.508195 0.852389
vt 0.491805 0.852389
vt 0.475415 0.852389
vt 0.459025 0.852389
vt 0.442634 0.852389
vt 0.426244 0.852389
vt 0.409854 0.852389
vt 0.393464 0.852389
vt 0.377074 0.852389
vt 0.360684 0.852389
vt 0.344293 0.852389
vt 0.327903 0.852389
vt 0.311513 0.852389
vt 0.295123 0.852389
vt 0.278733 0.852389
vt 0.262343 0.852389
vt 0.245953 0.852389
vt 0.229562 0.852389
vt 0.213172 0.852389
vt 0.196782 0.852389
vt 0.180392 0.852389
vt 0.164002 0.852389
vt 0.147612 0.852389
vt 0.131221 0.852389
vt 0.114831 0.852389
vt 0.098441 0.852389
vt 0.082051 0.852389
vt 0.065661 0.852389
vt 0.049271 0.852389
vt 0.032880 0.852388
vt 0.983510 0.868779
vt 0.967120 0.868779
vt 0.950730 0.868779
vt 0.934339 0.868779
vt 0.917949 0.868779
vt 0.901559 0.868779
vt 0.885169 0.868779
vt 0.868779 0.868779
vt 0.852389 0.868779
vt 0.835998 0.868779
vt 0.819608 0.868779
vt 0.803218 0.868779
vt 0.786828 0.868779
vt 0.770438 0.868779
vt 0.754048 0.868779
vt 0.737657 0.868779
vt 0.721267 0.868779
vt 0.704877 0.868779
vt 0.688487 0.868779
vt 0.672097 0.868779
vt 0.655707 0.868779
vt 0.639316 0.868779
vt 0.622926 0.868779
vt 0.606536 0.868779
vt 0.590146 0.868779
vt 0.573756 0.868779
vt 0.557366 0.868779
vt 0.540975 0.868779
vt 0.524585 0.868779
vt 0.508195 0.868779
vt 0.491805 0.868779
vt 0.475415 0.868779
vt 0.459025 0.868779
vt 0.442634 0.868779
vt 0.426244 0.868779
vt 0.409854 0.868779
vt 0.393464 0.868779
vt 0.377074 0.868779
vt 0.360684 0.868779
vt 0.344293 0.868779
vt 0.327903 0.868779
vt 0.311513 0.868779
vt 0.295123 0.868779
vt 0.278733 0.868779
vt 0.262343 0.868779
vt 0.245953 0.868779
vt 0.229562 0.868779
vt 0.213172 0.868779
vt 0.196782 0.868779
vt 0.180392 0.868779
vt 0.164002 0.868779
vt 0.147612 0.868779
vt 0.131221 0.868779
vt 0.114831 0.868779
vt 0.098441 0.868779
vt 0.082051 0.868779
vt 0.065661 0.868779
vt 0.049271 0.868779
vt 0.032880 0.868779
vt 0.983510 0.885169
vt 0.967120 0.885169
vt 0.950730 0.885169
vt 0.934339 0.885169
vt 0.917949 0.885169
vt 0.901559 0.885169
vt 0.885169 0.885169
vt 0.868779 0.885169
vt 0.852389 0.885169
vt 0.835998 0.885169
vt 0.819608 0.885169
vt 0.803218 0.885169
vt 0.786828 0.885169
vt 0.770438 0.885169
vt 0.754048 0.885169
vt 0.737657 0.885169
vt 0.721267 0.885169
vt 0.704877 0.885169
vt 0.688487 0.885169
vt 0.672097 0.885169
vt 0.655707 0.885169
vt 0.639316 0.885169
vt 0.622926 0.885169
vt 0.606536 0.885169
vt 0.590146 0.885169
vt 0.573756 0.885169
vt 0.557366 0.885169
vt 0.540975 0.885169
vt 0.524585 0.885169
vt 0.508195 0.885169
vt 0.491805 0.885169
vt 0.475415 0.885169
vt 0.459025 0.885169
vt 0.442634 0.885169
vt 0.426244 0.885169
vt 0.409854 0.885169
vt 0.393464 0.885169
vt 0.377074 0.885169
vt 0.360684 0.885169
vt 0.344293 0.885169
vt 0.327903 0.885169
vt 0.311513 0.885169
vt 0.295123 0.885169
vt 0.278733 0.885169
vt 0.262343 0.885169
vt 0.245953 0.885169
vt 0.229562 0.885169
vt 0.213172 0.885169
vt 0.196782 0.885169
vt 0.180392 0.885169
vt 0.164002 0.885169
vt 0.147612 0.885169
vt 0.131221 0.885169
vt 0.114831 0.885169
vt 0.098441 0.885169
vt 0.082051 0.885169
vt 0.065661 0.885169
vt 0.049271 0.885169
vt 0.032880 0.885169
vt 0.983510 0.901559
vt 0.967120 0.901559
vt 0.950730 0.901559
vt 0.934339 0.901559
vt 0.917949 0.901559
vt 0.901559 0.901559
vt 0.885169 0.901559
vt 0.868779 0.901559
vt 0.852389 0.901559
vt 0.835998 0.901559
vt 0.819608 0.901559
vt 0.803218 0.901559
vt 0.786828 0.901559
vt 0.770438 0.901559
vt 0.754048 0.901559
vt 0.737657 0.901559
vt 0.721267 0.901559
vt 0.704877 0.901559
vt 0.688487 0.901559
vt 0.672097 0.901559
vt 0.655707 0.901559
vt 0.639316 0.901559
vt 0.622926 0.901559
vt 0.606536 0.901559
vt 0.590146 0.901559
vt 0.573756 0.901559
vt 0.557366 0.901559
vt 0.540975 0.901559
vt 0.524585 0.901559
vt 0.508195 0.901559
vt 0.491805 0.901559
vt 0.475415 0.901559
vt 0.459025 0.901559
vt 0.442634 0.901559
vt 0.426244 0.901559
vt 0.409854 0.901559
vt 0.393464 0.901559
vt 0.377074 0.901559
vt 0.360684 0.901559
vt 0.344293 0.901559
vt 0.327903 0.901559
vt 0.311513 0.901559
vt 0.295123 0.901559
vt 0.278733 0.901559
vt 0.262343 0.901559
vt 0.245953 0.901559
vt 0.229562 0.901559
vt 0.213172 0.901559
vt 0.196782 0.901559
vt 0.180392 0.901559
vt 0.164002 0.901559
vt 0.147612 0.901559
vt 0.131221 0.901559
vt 0.114831 0.901559
vt 0.098441 0.901559
vt 0.082051 0.901559
vt 0.065661 0.901559
vt 0.049271 0.901559
vt 0.032880 0.901559
vt 0.983510 0.917949
vt 0.967120 0.917949
vt 0.950730 0.917949
vt 0.934339 0.917949
vt 0.917949 0.917949
vt 0.901559 0.917949
vt 0.885169 0.917949
vt 0.868779 0.917949
vt 0.852389 0.917949
vt 0.835998 0.917949
vt 0.819608 0.917949
vt 0.803218 0.917949
vt 0.786828 0.917949
vt 0.770438 0.917949
vt 0.754048 0.917949
vt 0.737657 0.917949
vt 0.721267 0.917949
vt 0.704877 0.917949
vt 0.688487 0.917949
vt 0.672097 0.917949
vt 0.655707 0.917949
vt 0.639316 0.917949
vt 0.622926 0.917949
vt 0.606536 0.917949
vt 0.590146 0.917949
vt 0.573756 0.917949
vt 0.557366 0.917949
vt 0.540975 0.917949
vt 0.524585 0.917949
vt 0.508195 0.917949
vt 0.491805 0.917949
vt 0.475415 0.917949
vt 0.459025 0.917949
vt 0.442634 0.917949
vt 0.426244 0.917949
vt 0.409854 0.917949
vt 0.393464 0.917949
vt 0.377074 0.917949
vt 0.360684 0.917949
vt 0.344293 0.917949
vt 0.327903 0.917949
vt 0.311513 0.917949
vt 0.295123 0.917949
vt 0.278733 0.917949
vt 0.262343 0.917949
vt 0.245953 0.917949
vt 0.229562 0.917949
vt 0.213172 0.917949
vt 0.196782 0.917949
vt 0.180392 0.917949
vt 0.164002 0.917949
vt 0.147612 0.917949
vt 0.131221 0.917949
vt 0.114831 0.917949
vt 0.098441 0.917949
vt 0.082051 0.917949
vt 0.065661 0.917949
vt 0.049271 0.917949
vt 0.032880 0.917949
vt 0.983510 0.934339
vt 0.967120 0.934339
vt 0.950730 0.934339
vt 0.934339 0.934339
vt 0.917949 0.934339
vt 0.901559 0.934339
vt 0.885169 0.934339
vt 0.868779 0.934339
vt 0.852389 0.934339
vt 0.835998 0.934339
vt 0.819608 0.934339
vt 0.803218 0.934339
vt 0.786828 0.934339
vt 0.770438 0.934339
vt 0.754048 0.934339
vt 0.737657 0.934339
vt 0.721267 0.934339
vt 0.704877 0.934339
vt 0.688487 0.934339
vt 0.672097 0.934339
vt 0.655707 0.934339
vt 0.639316 0.934339
vt 0.622926 0.934339
vt 0.606536 0.934339
vt 0.590146 0.934339
vt 0.573756 0.934339
vt 0.557366 0.934339
vt 0.540975 0.934339
vt 0.524585 0.934339
vt 0.508195 0.934339
vt 0.491805 0.934339
vt 0.475415 0.934339
vt 0.459025 0.934339
vt 0.442634 0.934339
vt 0.426244 0.934339
vt 0.409854 0.934339
vt 0.393464 0.934339
vt 0.377074 0.934339
vt 0.360684 0.934339
vt 0.344293 0.934339
vt 0.327903 0.934339
vt 0.311513 0.934339
vt 0.295123 0.934339
vt 0.278733 0.934339
vt 0.262343 0.934339
vt 0.245953 0.934339
vt 0.229562 0.934339
vt 0.213172 0.934339
vt 0.196782 0.934339
vt 0.180392 0.934339
vt 0.164002 0.934339
vt 0.147612 0.934339
vt 0.131221 0.934339
vt 0.114831 0.934339
vt 0.098441 0.934339
vt 0.082051 0.934339
vt 0.065661 0.934339
vt 0.049271 0.934339
vt 0.032880 0.934339
vt 0.983510 0.950729
vt 0.967120 0.950729
vt 0.950730 0.950729
vt 0.934339 0.950729
vt 0.917949 0.950729
vt 0.901559 0.950729
vt 0.885169 0.950729
vt 0.868779 0.950729
vt 0.852389 0.950729
vt 0.835998 0.950729
vt 0.819608 0.950729
vt 0.803218 0.950729
vt 0.786828 0.950729
vt 0.770438 0.950729
vt 0.754048 0.950729
vt 0.737657 0.950729
vt 0.721267 0.950729
vt 0.704877 0.950729
vt 0.688487 0.950729
vt 0.672097 0.950729
vt 0.655707 0.950729
vt 0.639316 0.950730
vt 0.622926 0.950730
vt 0.606536 0.950729
vt 0.590146 0.950729
vt 0.573756 0.950729
vt 0.557366 0.950729
vt 0.540975 0.950729
vt 0.524585 0.950729
vt 0.508195 0.950729
vt 0.491805 0.950729
vt 0.475415 0.950729
vt 0.459025 0.950729
vt 0.442634 0.950729
vt 0.426244 0.950729
vt 0.409854 0.950729
vt 0.393464 0.950729
vt 0.377074 0.950729
vt 0.360684 0.950729
vt 0.344293 0.950729
vt 0.327903 0.950729
vt 0.311513 0.950729
vt 0.295123 0.950729
vt 0.278733 0.950729
vt 0.262343 0.950729
vt 0.245953 0.950729
vt 0.229562 0.950729
vt 0.213172 0.950729
vt 0.196782 0.950729
vt 0.180392 0.950729
vt 0.164002 0.950729
vt 0.147612 0.950729
vt 0.131221 0.950729
vt 0.114831 0.950729
vt 0.098441 0.950729
vt 0.082051 0.950729
vt 0.065661 0.950729
vt 0.049271 0.950729
vt 0.032880 0.950729
vt 0.983510 0.967120
vt 0.967120 0.967120
vt 0.950730 0.967120
vt 0.934339 0.967120
vt 0.917949 0.967120
vt 0.901559 0.967120
vt 0.885169 0.967120
vt 0.868779 0.967120
vt 0.852389 0.967120
vt 0.835998 0.967120
vt 0.819608 0.967120
vt 0.803218 0.967120
vt 0.786828 0.967120
vt 0.770438 0.967120
vt 0.754048 0.967120
vt 0.737657 0.967120
vt 0.721267 0.967120
vt 0.704877 0.967120
vt 0.688487 0.967120
vt 0.672097 0.967120
vt 0.655707 0.967120
vt 0.639316 0.967120
vt 0.622926 0.967120
vt 0.606536 0.967120
vt 0.590146 0.967120
vt 0.573756 0.967120
vt 0.557366 0.967120
vt 0.540975 0.967120
vt 0.524585 0.967120
vt 0.508195 0.967120
vt 0.491805 0.967120
vt 0.475415 0.967120
vt 0.459025 0.967120
vt 0.442634 0.967120
vt 0.426244 0.967120
vt 0.409854 0.967120
vt 0.393464 0.967120
vt 0.377074 0.967120
vt 0.360684 0.967120
vt 0.344293 0.967120
vt 0.327903 0.967120
vt 0.311513 0.967120
vt 0.295123 0.967120
vt 0.278733 0.967120
vt 0.262343 0.967120
vt 0.245953 0.967120
vt 0.229562 0.967120
vt 0.213172 0.967120
vt 0.196782 0.967120
vt 0.180392 0.967120
vt 0.164002 0.967120
vt 0.147612 0.967120
vt 0.131221 0.967120
vt 0.114831 0.967120
vt 0.098441 0.967120
vt 0.082051 0.967120
vt 0.065661 0.967120
vt 0.049271 0.967120
vt 0.032880 0.967120
vt 0.983510 0.983510
vt 0.967120 0.983510
vt 0.950730 0.983510
vt 0.934339 0.983510
vt 0.917949 0.983510
vt 0.901559 0.983510
vt 0.885169 0.983510
vt 0.868779 0.983510
vt 0.852389 0.983510
vt 0.835998 0.983510
vt 0.819608 0.983510
vt 0.803218 0.983510
vt 0.786828 0.983510
vt 0.770438 0.983510
vt 0.754048 0.983510
vt 0.737657 0.983510
vt 0.721267 0.983510
vt 0.704877 0.983510
vt 0.688487 0.983510
vt 0.672097 0.983510
vt 0.655707 0.983510
vt 0.639316 0.983510
vt 0.622926 0.983510
vt 0.606536 0.983510
vt 0.590146 0.983510
vt 0.573756 0.983510
vt 0.557366 0.983510
vt 0.540975 0.983510
vt 0.524585 0.983510
vt 0.508195 0.983510
vt 0.491805 0.983510
vt 0.475415 0.983510
vt 0.459025 0.983510
vt 0.442634 0.983510
vt 0.426244 0.983510
vt 0.409854 0.983510
vt 0.393464 0.983510
vt 0.377074 0.983510
vt 0.360684 0.983510
vt 0.344293 0.983510
vt 0.327903 0.983510
vt 0.311513 0.983510
vt 0.295123 0.983510
vt 0.278733 0.983510
vt 0.262343 0.983510
vt 0.245953 0.983510
vt 0.229562 0.983510
vt 0.213172 0.983510
vt 0.196782 0.983510
vt 0.180392 0.983510
vt 0.164002 0.983510
vt 0.147612 0.983510
vt 0.131221 0.983510
vt 0.114831 0.983510
vt 0.098441 0.983510
vt 0.082051 0.983510
vt 0.065661 0.983510
vt 0.049271 0.983510
vt 0.032880 0.983510
vt 1.000000 0.000000
vt 1.000000 1.000000
vt 0.000000 1.000000
vt 0.639316 0.196782
vt 0.622926 0.196782
vt 0.606536 0.196782
vt 0.590146 0.196782
vt 0.573756 0.196782
vt 0.672097 0.213172
vt 0.655707 0.213172
vt 0.639316 0.213172
vt 0.622926 0.213172
vt 0.606536 0.213172
vt 0.590146 0.213172
vt 0.573756 0.213172
vt 0.491805 0.213172
vt 0.475415 0.213172
vt 0.459025 0.213172
vt 0.442634 0.213172
vt 0.426244 0.213172
vt 0.409854 0.213172
vt 0.704877 0.229562
vt 0.688487 0.229562
vt 0.672097 0.229562
vt 0.655707 0.229562
vt 0.639316 0.229562
vt 0.622926 0.229562
vt 0.606536 0.229562
vt 0.524585 0.229562
vt 0.508195 0.229562
vt 0.491805 0.229562
vt 0.475415 0.229562
vt 0.459025 0.229562
vt 0.442634 0.229562
vt 0.426244 0.229562
vt 0.409854 0.229562
vt 0.393464 0.229562
vt 0.377074 0.229562
vt 0.360684 0.229562
vt 0.704877 0.245952
vt 0.688487 0.245952
vt 0.672097 0.245952
vt 0.655707 0.245952
vt 0.639316 0.245952
vt 0.622926 0.245952
vt 0.606536 0.245952
vt 0.524585 0.245952
vt 0.508195 0.245952
vt 0.491805 0.245952
vt 0.475415 0.245952
vt 0.459025 0.245952
vt 0.442634 0.245952
vt 0.426244 0.245952
vt 0.409854 0.245952
vt 0.393464 0.245952
vt 0.377074 0.245952
vt 0.360684 0.245952
vt 0.803218 0.262343
vt 0.786828 0.262343
vt 0.770438 0.262343
vt 0.754048 0.262343
vt 0.737658 0.262343
vt 0.721267 0.262343
vt 0.704877 0.262343
vt 0.688487 0.262343
vt 0.672097 0.262343
vt 0.655707 0.262343
vt 0.639316 0.262343
vt 0.622926 0.262343
vt 0.606536 0.262343
vt 0.590146 0.262343
vt 0.573756 0.262343
vt 0.557366 0.262343
vt 0.540975 0.262343
vt 0.524585 0.262343
vt 0.508195 0.262343
vt 0.491805 0.262343
vt 0.475415 0.262343
vt 0.459025 0.262343
vt 0.442634 0.262343
vt 0.426244 0.262343
vt 0.409854 0.262343
vt 0.393464 0.262343
vt 0.819608 0.278733
vt 0.803218 0.278733
vt 0.786828 0.278733
vt 0.770438 0.278733
vt 0.754048 0.278733
vt 0.737658 0.278733
vt 0.721267 0.278733
vt 0.704877 0.278733
vt 0.688487 0.278733
vt 0.672097 0.278733
vt 0.655707 0.278733
vt 0.639316 0.278733
vt 0.622926 0.278733
vt 0.606536 0.278733
vt 0.590146 0.278733
vt 0.573756 0.278733
vt 0.557366 0.278733
vt 0.540975 0.278733
vt 0.524585 0.278733
vt 0.803218 0.295123
vt 0.737658 0.295123
vt 0.721267 0.295123
vt 0.704877 0.295123
vt 0.688487 0.295123
vt 0.672097 0.295123
vt 0.655707 0.295123
vt 0.639316 0.295123
vt 0.622926 0.295123
vt 0.606536 0.295123
vt 0.590146 0.295123
vt 0.573756 0.295123
vt 0.557366 0.295123
vt 0.540975 0.295123
vt 0.524585 0.295123
vt 0.721267 0.311513
vt 0.704877 0.311513
vt 0.688487 0.311513
vt 0.672097 0.311513
vt 0.655707 0.311513
vt 0.639316 0.311513
vt 0.622926 0.311513
vt 0.606536 0.311513
vt 0.590146 0.311513
vt 0.573756 0.311513
vt 0.557366 0.311513
vt 0.540975 0.311513
vt 0.524585 0.311513
vt 0.721267 0.327903
vt 0.704877 0.327903
vt 0.688487 0.327903
vt 0.672097 0.327903
vt 0.655707 0.327903
vt 0.639316 0.327903
vt 0.622926 0.327903
vt 0.606536 0.327903
vt 0.590146 0.327903
vt 0.475415 0.327903
vt 0.459025 0.327903
vt 0.442634 0.327903
vt 0.426244 0.327903
vt 0.409854 0.327903
vt 0.393464 0.327903
vt 0.377074 0.327903
vt 0.360684 0.327903
vt 0.344293 0.327903
vt 0.327903 0.327903
vt 0.311513 0.327903
vt 0.295123 0.327903
vt 0.245952 0.327903
vt 0.229562 0.327903
vt 0.213172 0.327903
vt 0.196782 0.327903
vt 0.180392 0.327903
vt 0.164002 0.327903
vt 0.147611 0.327903
vt 0.131221 0.327903
vt 0.114831 0.327903
vt 0.098441 0.327903
vt 0.737658 0.344293
vt 0.721267 0.344293
vt 0.704877 0.344293
vt 0.688487 0.344293
vt 0.672097 0.344293
vt 0.655707 0.344293
vt 0.508195 0.344293
vt 0.491805 0.344293
vt 0.475415 0.344293
vt 0.459025 0.344293
vt 0.442634 0.344293
vt 0.426244 0.344293
vt 0.409854 0.344293
vt 0.393464 0.344293
vt 0.377074 0.344293
vt 0.360684 0.344293
vt 0.344293 0.344293
vt 0.327903 0.344293
vt 0.311513 0.344293
vt 0.295123 0.344293
vt 0.278733 0.344293
vt 0.262343 0.344293
vt 0.245953 0.344293
vt 0.229562 0.344293
vt 0.213172 0.344293
vt 0.196782 0.344293
vt 0.180392 0.344293
vt 0.164002 0.344293
vt 0.147611 0.344293
vt 0.131221 0.344293
vt 0.114831 0.344293
vt 0.098441 0.344293
vt 0.737658 0.360684
vt 0.721267 0.360684
vt 0.704877 0.360684
vt 0.688487 0.360684
vt 0.672097 0.360684
vt 0.524585 0.360684
vt 0.508195 0.360684
vt 0.491805 0.360684
vt 0.475415 0.360684
vt 0.459025 0.360684
vt 0.442634 0.360684
vt 0.426244 0.360684
vt 0.409854 0.360684
vt 0.393464 0.360684
vt 0.377074 0.360684
vt 0.360684 0.360684
vt 0.344293 0.360684
vt 0.327903 0.360684
vt 0.311513 0.360684
vt 0.295123 0.360684
vt 0.278733 0.360684
vt 0.262343 0.360684
vt 0.245953 0.360684
vt 0.229562 0.360684
vt 0.213172 0.360684
vt 0.196782 0.360684
vt 0.180392 0.360684
vt 0.164002 0.360684
vt 0.147611 0.360684
vt 0.131221 0.360684
vt 0.114831 0.360684
vt 0.098441 0.360684
vt 0.557366 0.377074
vt 0.540975 0.377074
vt 0.524585 0.377074
vt 0.508195 0.377074
vt 0.491805 0.377074
vt 0.475415 0.377074
vt 0.459025 0.377074
vt 0.442634 0.377074
vt 0.426244 0.377074
vt 0.409854 0.377074
vt 0.393464 0.377074
vt 0.377074 0.377074
vt 0.360684 0.377074
vt 0.344293 0.377074
vt 0.295123 0.377074
vt 0.278733 0.377074
vt 0.262343 0.377074
vt 0.245953 0.377074
vt 0.229562 0.377074
vt 0.213172 0.377074
vt 0.196782 0.377074
vt 0.180392 0.377074
vt 0.164002 0.377074
vt 0.147611 0.377074
vt 0.131221 0.377074
vt 0.114831 0.377074
vt 0.557366 0.393464
vt 0.540975 0.393464
vt 0.524585 0.393464
vt 0.508195 0.393464
vt 0.491805 0.393464
vt 0.475415 0.393464
vt 0.459025 0.393464
vt 0.442634 0.393464
vt 0.426244 0.393464
vt 0.409854 0.393464
vt 0.393464 0.393464
vt 0.377074 0.393464
vt 0.360684 0.393464
vt 0.295123 0.393464
vt 0.278733 0.393464
vt 0.262343 0.393464
vt 0.245953 0.393464
vt 0.229562 0.393464
vt 0.213172 0.393464
vt 0.196782 0.393464
vt 0.180392 0.393464
vt 0.164002 0.393464
vt 0.147611 0.393464
vt 0.131221 0.393464
vt 0.114831 0.393464
vt 0.540975 0.409854
vt 0.524585 0.409854
vt 0.508195 0.409854
vt 0.491805 0.409854
vt 0.475415 0.409854
vt 0.459025 0.409854
vt 0.442634 0.409854
vt 0.426244 0.409854
vt 0.409854 0.409854
vt 0.393464 0.409854
vt 0.377074 0.409854
vt 0.360684 0.409854
vt 0.295123 0.409854
vt 0.278733 0.409854
vt 0.262343 0.409854
vt 0.245953 0.409854
vt 0.229562 0.409854
vt 0.213172 0.409854
vt 0.196782 0.409854
vt 0.180392 0.409854
vt 0.164002 0.409854
vt 0.147611 0.409854
vt 0.131221 0.409854
vt 0.475415 0.426244
vt 0.459025 0.426244
vt 0.442634 0.426244
vt 0.426244 0.426244
vt 0.409854 0.426244
vt 0.393464 0.426244
vt 0.377074 0.426244
vt 0.360684 0.426244
vt 0.229562 0.426244
vt 0.213172 0.426244
vt 0.475415 0.442634
vt 0.459025 0.442634
vt 0.442634 0.442634
vt 0.426244 0.442634
vt 0.409854 0.442634
vt 0.393464 0.442634
vt 0.377074 0.442634
vt 0.360684 0.442634
vt 0.491805 0.459025
vt 0.475415 0.459025
vt 0.459025 0.459025
vt 0.442634 0.459025
vt 0.426244 0.459025
vt 0.409854 0.459025
vt 0.393464 0.459025
vt 0.377074 0.459025
vt 0.360684 0.459025
vt 0.475415 0.475415
vt 0.459025 0.475415
vt 0.442634 0.475415
vt 0.426244 0.475415
vt 0.409854 0.475415
vt 0.393464 0.475415
vt 0.377074 0.475415
vt 0.360684 0.475415
vt 0.459025 0.491805
vt 0.442634 0.491805
vt 0.426244 0.491805
vt 0.409854 0.491805
vt 0.393464 0.491805
s 0
usemtl Material.002
f 3516/1/1 192/2/1 11/3/1 193/4/1
f 5/5/2 6/6/2 10/6/2 132/7/2 131/8/2 130/9/2 129/10/2 128/11/2 127/12/2 126/13/2 125/14/2 124/15/2 123/16/2 122/17/2 121/18/2 120/19/2 119/20/2 118/21/2 117/22/2 116/23/2 115/24/2 114/25/2 113/26/2 112/27/2 111/28/2 110/29/2 109/30/2 108/31/2 107/32/2 106/33/2 105/34/2 104/35/2 103/36/2 102/37/2 101/38/2 100/39/2 99/40/2 98/41/2 97/42/2 96/43/2 95/44/2 94/45/2 93/46/2 92/47/2 91/48/2 90/49/2 89/50/2 88/51/2 87/52/2 86/53/2 85/54/2 84/55/2 83/56/2 82/57/2 81/58/2 80/59/2 79/60/2 78/61/2 77/62/2 76/63/2 75/64/2 74/65/2 73/66/2 9/5/2
f 6/6/3 8/3/3 11/3/3 192/2/3 191/67/3 190/68/3 189/69/3 188/70/3 187/71/3 186/72/3 185/73/3 184/74/3 183/75/3 182/76/3 181/77/3 180/78/3 179/79/3 178/80/3 177/81/3 176/82/3 175/83/3 174/84/3 173/85/3 172/86/3 171/87/3 170/88/3 169/89/3 168/90/3 167/91/3 166/92/3 165/93/3 164/94/3 163/95/3 162/96/3 161/97/3 160/98/3 159/99/3 158/100/3 157/101/3 156/102/3 155/103/3 154/104/3 153/105/3 152/106/3 151/107/3 150/108/3 149/109/3 148/110/3 147/111/3 146/112/3 145/113/3 144/114/3 143/115/3 142/116/3 141/117/3 140/118/3 139/119/3 138/120/3 137/121/3 136/122/3 135/123/3 134/124/3 133/125/3 10/6/3
f 8/3/4 7/126/4 12/126/4 252/127/4 251/128/4 250/129/4 249/130/4 248/131/4 247/132/4 246/133/4 245/134/4 244/135/4 243/136/4 242/137/4 241/138/4 240/139/4 239/140/4 238/141/4 237/142/4 236/143/4 235/144/4 234/145/4 233/146/4 232/147/4 231/148/4 230/149/4 229/150/4 228/151/4 227/152/4 226/153/4 225/154/4 224/155/4 223/156/4 222/157/4 221/158/4 220/159/4 219/160/4 218/161/4 217/162/4 216/163/4 215/164/4 214/165/4 213/166/4 212/167/4 211/168/4 210/169/4 209/170/4 208/171/4 207/172/4 206/173/4 205/174/4 204/175/4 203/176/4 202/177/4 201/178/4 200/179/4 199/180/4 198/181/4 197/182/4 196/183/4 195/184/4 194/185/4 193/4/4 11/3/4
f 7/126/5 5/5/5 9/5/5 72/186/5 71/187/5 70/188/5 69/189/5 68/190/5 67/191/5 66/192/5 65/193/5 64/194/5 63/195/5 62/196/5 61/197/5 60/198/5 59/199/5 58/200/5 57/201/5 56/202/5 55/203/5 54/204/5 53/205/5 52/206/5 51/207/5 50/208/5 49/209/5 48/210/5 47/211/5 46/212/5 45/213/5 44/214/5 43/215/5 42/216/5 41/217/5 40/218/5 39/219/5 38/220/5 37/221/5 36/222/5 35/223/5 34/224/5 33/225/5 32/226/5 31/227/5 30/228/5 29/229/5 28/230/5 27/231/5 26/232/5 25/233/5 24/234/5 23/235/5 22/236/5 21/237/5 20/238/5 19/239/5 18/240/5 17/241/5 16/242/5 15/243/5 14/244/5 13/245/5 12/126/5
f 13/245/2 312/246/2 252/127/2 12/126/2
f 312/246/2 372/247/2 251/128/2 252/127/2
f 372/247/6 432/248/6 250/129/6 251/128/6
f 432/248/7 492/249/7 249/130/7 250/129/7
f 492/249/8 552/250/8 248/131/8 249/130/8
f 552/250/9 612/251/9 247/132/9 248/131/9
f 612/251/10 672/252/10 246/133/10 247/132/10
f 672/252/11 732/253/11 245/134/11 246/133/11
f 732/253/12 792/254/12 244/135/12 245/134/12
f 792/254/13 852/255/13 243/136/13 244/135/13
f 852/255/14 912/256/14 242/137/14 243/136/14
f 912/256/15 967/257/15 241/138/15 242/137/15
f 967/257/16 1014/258/16 240/139/16 241/138/16
f 1014/258/17 1056/259/17 239/140/17 240/139/17
f 1056/259/18 1098/260/18 238/141/18 239/140/18
f 1098/260/19 1132/261/19 237/142/19 238/141/19
f 1132/261/20 1173/262/20 236/143/20 237/142/20
f 1173/262/21 1218/263/21 235/144/21 236/143/21
f 1218/263/22 1265/264/22 234/145/22 235/144/22
f 1265/264/23 1294/265/23 233/146/23 234/145/23
f 1294/265/24 1322/266/24 232/147/24 233/146/24
f 1322/266/25 1350/267/25 231/148/25 232/147/25
f 1350/267/26 1384/268/26 230/149/26 231/148/26
f 1384/268/27 1419/269/27 229/150/27 230/149/27
f 1419/269/28 1456/270/28 228/151/28 229/150/28
f 1456/270/29 1506/271/29 227/152/29 228/151/29
f 1506/271/30 1558/272/30 226/153/30 227/152/30
f 1558/272/31 1609/273/31 225/154/31 226/153/31
f 1609/273/32 1661/274/32 224/155/32 225/154/32
f 1661/274/33 1716/275/33 223/156/33 224/155/33
f 1716/275/34 1776/276/34 222/157/34 223/156/34
f 1776/276/35 1836/277/35 221/158/35 222/157/35
f 1836/277/36 1896/278/36 220/159/36 221/158/36
f 1896/278/37 1956/279/37 219/160/37 220/159/37
f 1956/279/2 2016/280/2 218/161/2 219/160/2
f 2016/280/2 2076/281/2 217/162/2 218/161/2
f 2076/281/2 2136/282/2 216/163/2 217/162/2
f 2136/282/38 2196/283/38 215/164/38 216/163/38
f 2196/283/39 2256/284/39 214/165/39 215/164/39
f 2256/284/40 2316/285/40 213/166/40 214/165/40
f 2316/285/41 2376/286/41 212/167/41 213/166/41
f 2376/286/42 2436/287/42 211/168/42 212/167/42
f 2436/287/43 2496/288/43 210/169/43 211/168/43
f 2496/288/44 2556/289/44 209/170/44 210/169/44
f 2556/289/45 2616/290/45 208/171/45 209/170/45
f 2616/290/46 2676/291/46 207/172/46 208/171/46
f 2676/291/47 2736/292/47 206/173/47 207/172/47
f 2736/292/48 2796/293/48 205/174/48 206/173/48
f 2796/293/49 2856/294/49 204/175/49 205/174/49
f 2856/294/50 2916/295/50 203/176/50 204/175/50
f 2916/295/51 2976/296/51 202/177/51 203/176/51
f 2976/296/52 3036/297/52 201/178/52 202/177/52
f 3036/297/53 3096/298/53 200/179/53 201/178/53
f 3096/298/54 3156/299/54 199/180/54 200/179/54
f 3156/299/55 3216/300/55 198/181/55 199/180/55
f 3216/300/56 3276/301/56 197/182/56 198/181/56
f 3276/301/57 3336/302/57 196/183/57 197/182/57
f 3336/302/58 3396/303/58 195/184/58 196/183/58
f 3396/303/59 3456/304/59 194/185/59 195/184/59
f 3456/304/60 3516/1/60 193/4/60 194/185/60
f 9/5/2 73/66/2 253/305/2 72/186/2
f 72/186/2 253/305/2 254/306/2 71/187/2
f 71/187/2 254/306/2 255/307/2 70/188/2
f 70/188/2 255/307/2 256/308/2 69/189/2
f 69/189/2 256/308/2 257/309/2 68/190/2
f 68/190/2 257/309/2 258/310/2 67/191/2
f 67/191/2 258/310/2 259/311/2 66/192/2
f 66/192/2 259/311/2 260/312/2 65/193/2
f 65/193/2 260/312/2 261/313/2 64/194/2
f 64/194/2 261/313/2 262/314/2 63/195/2
f 63/195/2 262/314/2 263/315/2 62/196/2
f 62/196/2 263/315/2 264/316/2 61/197/2
f 61/197/2 264/316/2 265/317/2 60/198/2
f 60/198/2 265/317/2 266/318/2 59/199/2
f 59/199/2 266/318/2 267/319/2 58/200/2
f 58/200/2 267/319/2 268/320/2 57/201/2
f 57/201/2 268/320/2 269/321/2 56/202/2
f 56/202/61 269/321/61 270/322/61 55/203/61
f 55/203/62 270/322/62 271/323/62 54/204/62
f 54/204/63 271/323/63 272/324/63 53/205/63
f 53/205/64 272/324/64 273/325/64 52/206/64
f 52/206/65 273/325/65 274/326/65 51/207/65
f 51/207/66 274/326/66 275/327/66 50/208/66
f 50/208/67 275/327/67 276/328/67 49/209/67
f 49/209/68 276/328/68 277/329/68 48/210/68
f 48/210/69 277/329/69 278/330/69 47/211/69
f 47/211/70 278/330/70 279/331/70 46/212/70
f 46/212/71 279/331/71 280/332/71 45/213/71
f 45/213/72 280/332/72 281/333/72 44/214/72
f 44/214/73 281/333/73 282/334/73 43/215/73
f 43/215/74 282/334/74 283/335/74 42/216/74
f 42/216/75 283/335/75 284/336/75 41/217/75
f 41/217/76 284/336/76 285/337/76 40/218/76
f 40/218/77 285/337/77 286/338/77 39/219/77
f 39/219/78 286/338/78 287/339/78 38/220/78
f 38/220/79 287/339/79 288/340/79 37/221/79
f 37/221/2 288/340/2 289/341/2 36/222/2
f 36/222/2 289/341/2 290/342/2 35/223/2
f 35/223/2 290/342/2 291/343/2 34/224/2
f 34/224/2 291/343/2 292/344/2 33/225/2
f 33/225/80 292/344/80 293/345/80 32/226/80
f 32/226/81 293/345/81 294/346/81 31/227/81
f 31/227/82 294/346/82 295/347/82 30/228/82
f 30/228/83 295/347/83 296/348/83 29/229/83
f 29/229/84 296/348/84 297/349/84 28/230/84
f 28/230/85 297/349/85 298/350/85 27/231/85
f 27/231/86 298/350/86 299/351/86 26/232/86
f 26/232/87 299/351/87 300/352/87 25/233/87
f 25/233/88 300/352/88 301/353/88 24/234/88
f 24/234/89 301/353/89 302/354/89 23/235/89
f 23/235/90 302/354/90 303/355/90 22/236/90
f 22/236/91 303/355/91 304/356/91 21/237/91
f 21/237/92 304/356/92 305/357/92 20/238/92
f 20/238/93 305/357/93 306/358/93 19/239/93
f 19/239/94 306/358/94 307/359/94 18/240/94
f 18/240/95 307/359/95 308/360/95 17/241/95
f 17/241/96 308/360/96 309/361/96 16/242/96
f 16/242/2 309/361/2 310/362/2 15/243/2
f 15/243/2 310/362/2 311/363/2 14/244/2
f 14/244/2 311/363/2 312/246/2 13/245/2
f 73/66/2 74/65/2 313/364/2 253/305/2
f 253/305/2 313/364/2 314/365/2 254/306/2
f 254/306/2 314/365/2 315/366/2 255/307/2
f 255/307/2 315/366/2 316/367/2 256/308/2
f 256/308/2 316/367/2 317/368/2 257/309/2
f 257/309/2 317/368/2 318/369/2 258/310/2
f 258/310/2 318/369/2 319/370/2 259/311/2
f 259/311/97 319/370/97 320/371/97 260/312/97
f 260/312/98 320/371/98 321/372/98 261/313/98
f 261/313/99 321/372/99 322/373/99 262/314/99
f 262/314/100 322/373/100 323/374/100 263/315/100
f 263/315/101 323/374/101 324/375/101 264/316/101
f 264/316/102 324/375/102 325/376/102 265/317/102
f 265/317/103 325/376/103 326/377/103 266/318/103
f 266/318/104 326/377/104 327/378/104 267/319/104
f 267/319/105 327/378/105 328/379/105 268/320/105
f 268/320/96 328/379/96 329/380/96 269/321/96
f 269/321/106 329/380/106 330/381/106 270/322/106
f 270/322/107 330/381/107 331/382/107 271/323/107
f 271/323/108 331/382/108 332/383/108 272/324/108
f 272/324/109 332/383/109 333/384/109 273/325/109
f 273/325/110 333/384/110 334/385/110 274/326/110
f 274/326/111 334/385/111 335/386/111 275/327/111
f 275/327/112 335/386/112 336/387/112 276/328/112
f 276/328/113 336/387/113 337/388/113 277/329/113
f 277/329/114 337/388/114 338/389/114 278/330/114
f 278/330/115 338/389/115 339/390/115 279/331/115
f 279/331/116 339/390/116 340/391/116 280/332/116
f 280/332/117 340/391/117 341/392/117 281/333/117
f 281/333/118 341/392/118 342/393/118 282/334/118
f 282/334/119 342/393/119 343/394/119 283/335/119
f 283/335/120 343/394/120 344/395/120 284/336/120
f 284/336/121 344/395/121 345/396/121 285/337/121
f 285/337/122 345/396/122 346/397/122 286/338/122
f 286/338/123 346/397/123 347/398/123 287/339/123
f 287/339/124 347/398/124 348/399/124 288/340/124
f 288/340/125 348/399/125 349/400/125 289/341/125
f 289/341/2 349/400/2 350/401/2 290/342/2
f 290/342/2 350/401/2 351/402/2 291/343/2
f 291/343/2 351/402/2 352/403/2 292/344/2
f 292/344/126 352/403/126 353/404/126 293/345/126
f 293/345/127 353/404/127 354/405/127 294/346/127
f 294/346/128 354/405/128 355/406/128 295/347/128
f 295/347/129 355/406/129 356/407/129 296/348/129
f 296/348/130 356/407/130 357/408/130 297/349/130
f 297/349/131 357/408/131 358/409/131 298/350/131
f 298/350/132 358/409/132 359/410/132 299/351/132
f 299/351/133 359/410/133 360/411/133 300/352/133
f 300/352/134 360/411/134 361/412/134 301/353/134
f 301/353/135 361/412/135 362/413/135 302/354/135
f 302/354/136 362/413/136 363/414/136 303/355/136
f 303/355/137 363/414/137 364/415/137 304/356/137
f 304/356/138 364/415/138 365/416/138 305/357/138
f 305/357/139 365/416/139 366/417/139 306/358/139
f 306/358/140 366/417/140 367/418/140 307/359/140
f 307/359/141 367/418/141 368/419/141 308/360/141
f 308/360/142 368/419/142 369/420/142 309/361/142
f 309/361/2 369/420/2 370/421/2 310/362/2
f 310/362/2 370/421/2 371/422/2 311/363/2
f 311/363/2 371/422/2 372/247/2 312/246/2
f 74/65/2 75/64/2 373/423/2 313/364/2
f 313/364/2 373/423/2 374/424/2 314/365/2
f 314/365/143 374/424/143 375/425/143 315/366/143
f 315/366/144 375/425/144 376/426/144 316/367/144
f 316/367/145 376/426/145 377/427/145 317/368/145
f 317/368/146 377/427/146 378/428/146 318/369/146
f 318/369/2 378/428/2 379/429/2 319/370/2
f 319/370/147 379/429/147 380/430/147 320/371/147
f 320/371/148 380/430/148 381/431/148 321/372/148
f 321/372/149 381/431/149 382/432/149 322/373/149
f 322/373/150 382/432/150 383/433/150 323/374/150
f 323/374/151 383/433/151 384/434/151 324/375/151
f 324/375/152 384/434/152 385/435/152 325/376/152
f 325/376/153 385/435/153 386/436/153 326/377/153
f 326/377/154 386/436/154 387/437/154 327/378/154
f 327/378/155 387/437/155 388/438/155 328/379/155
f 328/379/156 388/438/156 389/439/156 329/380/156
f 329/380/157 389/439/157 390/440/157 330/381/157
f 330/381/158 390/440/158 391/441/158 331/382/158
f 331/382/159 391/441/159 392/442/159 332/383/159
f 332/383/160 392/442/160 393/443/160 333/384/160
f 333/384/161 393/443/161 394/444/161 334/385/161
f 334/385/162 394/444/162 395/445/162 335/386/162
f 335/386/163 395/445/163 396/446/163 336/387/163
f 336/387/164 396/446/164 397/447/164 337/388/164
f 337/388/165 397/447/165 398/448/165 338/389/165
f 338/389/166 398/448/166 399/449/166 339/390/166
f 339/390/167 399/449/167 400/450/167 340/391/167
f 340/391/168 400/450/168 401/451/168 341/392/168
f 341/392/169 401/451/169 402/452/169 342/393/169
f 342/393/170 402/452/170 403/453/170 343/394/170
f 343/394/171 403/453/171 404/454/171 344/395/171
f 344/395/172 404/454/172 405/455/172 345/396/172
f 345/396/173 405/455/173 406/456/173 346/397/173
f 346/397/174 406/456/174 407/457/174 347/398/174
f 347/398/175 407/457/175 408/458/175 348/399/175
f 348/399/176 408/458/176 409/459/176 349/400/176
f 349/400/177 409/459/177 410/460/177 350/401/177
f 350/401/178 410/460/178 411/461/178 351/402/178
f 351/402/2 411/461/2 412/462/2 352/403/2
f 352/403/179 412/462/179 413/463/179 353/404/179
f 353/404/180 413/463/180 414/464/180 354/405/180
f 354/405/181 414/464/181 415/465/181 355/406/181
f 355/406/182 415/465/182 416/466/182 356/407/182
f 356/407/183 416/466/183 417/467/183 357/408/183
f 357/408/184 417/467/184 418/468/184 358/409/184
f 358/409/185 418/468/185 419/469/185 359/410/185
f 359/410/186 419/469/186 420/470/186 360/411/186
f 360/411/187 420/470/187 421/471/187 361/412/187
f 361/412/188 421/471/188 422/472/188 362/413/188
f 362/413/189 422/472/189 423/473/189 363/414/189
f 363/414/190 423/473/190 424/474/190 364/415/190
f 364/415/191 424/474/191 425/475/191 365/416/191
f 365/416/192 425/475/192 426/476/192 366/417/192
f 366/417/193 426/476/193 427/477/193 367/418/193
f 367/418/194 427/477/194 428/478/194 368/419/194
f 368/419/195 428/478/195 429/479/195 369/420/195
f 369/420/196 429/479/196 430/480/196 370/421/196
f 370/421/197 430/480/197 431/481/197 371/422/197
f 371/422/198 431/481/198 432/248/198 372/247/198
f 75/64/2 76/63/2 433/482/2 373/423/2
f 373/423/199 433/482/199 434/483/199 374/424/199
f 374/424/200 434/483/200 435/484/200 375/425/200
f 375/425/201 435/484/201 436/485/201 376/426/201
f 376/426/202 436/485/202 437/486/202 377/427/202
f 377/427/203 437/486/203 438/487/203 378/428/203
f 378/428/204 438/487/204 439/488/204 379/429/204
f 379/429/205 439/488/205 440/489/205 380/430/205
f 380/430/206 440/489/206 441/490/206 381/431/206
f 381/431/207 441/490/207 442/491/207 382/432/207
f 382/432/208 442/491/208 443/492/208 383/433/208
f 383/433/209 443/492/209 444/493/209 384/434/209
f 384/434/210 444/493/210 445/494/210 385/435/210
f 385/435/211 445/494/211 446/495/211 386/436/211
f 386/436/212 446/495/212 447/496/212 387/437/212
f 387/437/213 447/496/213 448/497/213 388/438/213
f 388/438/214 448/497/214 449/498/214 389/439/214
f 389/439/215 449/498/215 450/499/215 390/440/215
f 390/440/216 450/499/216 451/500/216 391/441/216
f 391/441/217 451/500/217 452/501/217 392/442/217
f 392/442/218 452/501/218 453/502/218 393/443/218
f 393/443/219 453/502/219 454/503/219 394/444/219
f 394/444/220 454/503/220 455/504/220 395/445/220
f 395/445/221 455/504/221 456/505/221 396/446/221
f 396/446/222 456/505/222 457/506/222 397/447/222
f 397/447/223 457/506/223 458/507/223 398/448/223
f 398/448/224 458/507/224 459/508/224 399/449/224
f 399/449/225 459/508/225 460/509/225 400/450/225
f 400/450/226 460/509/226 461/510/226 401/451/226
f 401/451/227 461/510/227 462/511/227 402/452/227
f 402/452/228 462/511/228 463/512/228 403/453/228
f 403/453/229 463/512/229 464/513/229 404/454/229
f 404/454/230 464/513/230 465/514/230 405/455/230
f 405/455/231 465/514/231 466/515/231 406/456/231
f 406/456/232 466/515/232 467/516/232 407/457/232
f 407/457/233 467/516/233 468/517/233 408/458/233
f 408/458/234 468/517/234 469/518/234 409/459/234
f 409/459/235 469/518/235 470/519/235 410/460/235
f 410/460/236 470/519/236 471/520/236 411/461/236
f 411/461/2 471/520/2 472/521/2 412/462/2
f 412/462/237 472/521/237 473/522/237 413/463/237
f 413/463/238 473/522/238 474/523/238 414/464/238
f 414/464/239 474/523/239 475/524/239 415/465/239
f 415/465/240 475/524/240 476/525/240 416/466/240
f 416/466/241 476/525/241 477/526/241 417/467/241
f 417/467/242 477/526/242 478/527/242 418/468/242
f 418/468/243 478/527/243 479/528/243 419/469/243
f 419/469/244 479/528/244 480/529/244 420/470/244
f 420/470/245 480/529/245 481/530/245 421/471/245
f 421/471/246 481/530/246 482/531/246 422/472/246
f 422/472/247 482/531/247 483/532/247 423/473/247
f 423/473/248 483/532/248 484/533/248 424/474/248
f 424/474/249 484/533/249 485/534/249 425/475/249
f 425/475/250 485/534/250 486/535/250 426/476/250
f 426/476/251 486/535/251 487/536/251 427/477/251
f 427/477/252 487/536/252 488/537/252 428/478/252
f 428/478/253 488/537/253 489/538/253 429/479/253
f 429/479/254 489/538/254 490/539/254 430/480/254
f 430/480/255 490/539/255 491/540/255 431/481/255
f 431/481/256 491/540/256 492/249/256 432/248/256
f 76/63/2 77/62/2 493/541/2 433/482/2
f 433/482/257 493/541/257 494/542/257 434/483/257
f 434/483/258 494/542/258 495/543/258 435/484/258
f 435/484/259 495/543/259 496/544/259 436/485/259
f 436/485/260 496/544/260 497/545/260 437/486/260
f 437/486/261 497/545/261 498/546/261 438/487/261
f 438/487/262 498/546/262 499/547/262 439/488/262
f 439/488/263 499/547/263 500/548/263 440/489/263
f 440/489/264 500/548/264 501/549/264 441/490/264
f 441/490/265 501/549/265 502/550/265 442/491/265
f 442/491/266 502/550/266 503/551/266 443/492/266
f 443/492/267 503/551/267 504/552/267 444/493/267
f 444/493/268 504/552/268 505/553/268 445/494/268
f 445/494/269 505/553/269 506/554/269 446/495/269
f 446/495/270 506/554/270 507/555/270 447/496/270
f 447/496/271 507/555/271 508/556/271 448/497/271
f 448/497/272 508/556/272 509/557/272 449/498/272
f 449/498/273 509/557/273 510/558/273 450/499/273
f 450/499/274 510/558/274 511/559/274 451/500/274
f 451/500/275 511/559/275 512/560/275 452/501/275
f 452/501/276 512/560/276 513/561/276 453/502/276
f 453/502/277 513/561/277 514/562/277 454/503/277
f 454/503/278 514/562/278 515/563/278 455/504/278
f 455/504/279 515/563/279 516/564/279 456/505/279
f 456/505/280 516/564/280 517/565/280 457/506/280
f 457/506/281 517/565/281 518/566/281 458/507/281
f 458/507/282 518/566/282 519/567/282 459/508/282
f 459/508/283 519/567/283 520/568/283 460/509/283
f 460/509/284 520/568/284 521/569/284 461/510/284
f 461/510/285 521/569/285 522/570/285 462/511/285
f 462/511/286 522/570/286 523/571/286 463/512/286
f 463/512/287 523/571/287 524/572/287 464/513/287
f 464/513/288 524/572/288 525/573/288 465/514/288
f 465/514/289 525/573/289 526/574/289 466/515/289
f 466/515/290 526/574/290 527/575/290 467/516/290
f 467/516/291 527/575/291 528/576/291 468/517/291
f 468/517/292 528/576/292 529/577/292 469/518/292
f 469/518/293 529/577/293 530/578/293 470/519/293
f 470/519/294 530/578/294 531/579/294 471/520/294
f 471/520/295 531/579/295 532/580/295 472/521/295
f 472/521/2 532/580/2 533/581/2 473/522/2
f 473/522/296 533/581/296 534/582/296 474/523/296
f 474/523/297 534/582/297 535/583/297 475/524/297
f 475/524/298 535/583/298 536/584/298 476/525/298
f 476/525/299 536/584/299 537/585/299 477/526/299
f 477/526/300 537/585/300 538/586/300 478/527/300
f 478/527/301 538/586/301 539/587/301 479/528/301
f 479/528/302 539/587/302 540/588/302 480/529/302
f 480/529/303 540/588/303 541/589/303 481/530/303
f 481/530/304 541/589/304 542/590/304 482/531/304
f 482/531/305 542/590/305 543/591/305 483/532/305
f 483/532/306 543/591/306 544/592/306 484/533/306
f 484/533/307 544/592/307 545/593/307 485/534/307
f 485/534/308 545/593/308 546/594/308 486/535/308
f 486/535/309 546/594/309 547/595/309 487/536/309
f 487/536/310 547/595/310 548/596/310 488/537/310
f 488/537/311 548/596/311 549/597/311 489/538/311
f 489/538/312 549/597/312 550/598/312 490/539/312
f 490/539/313 550/598/313 551/599/313 491/540/313
f 491/540/314 551/599/314 552/250/314 492/249/314
f 77/62/2 78/61/2 553/600/2 493/541/2
f 493/541/315 553/600/315 554/601/315 494/542/315
f 494/542/316 554/601/316 555/602/316 495/543/316
f 495/543/317 555/602/317 556/603/317 496/544/317
f 496/544/318 556/603/318 557/604/318 497/545/318
f 497/545/319 557/604/319 558/605/319 498/546/319
f 498/546/320 558/605/320 559/606/320 499/547/320
f 499/547/321 559/606/321 560/607/321 500/548/321
f 500/548/322 560/607/322 561/608/322 501/549/322
f 501/549/323 561/608/323 562/609/323 502/550/323
f 502/550/324 562/609/324 563/610/324 503/551/324
f 503/551/325 563/610/325 564/611/325 504/552/325
f 504/552/326 564/611/326 565/612/326 505/553/326
f 505/553/327 565/612/327 566/613/327 506/554/327
f 506/554/328 566/613/328 567/614/328 507/555/328
f 507/555/329 567/614/329 568/615/329 508/556/329
f 508/556/330 568/615/330 569/616/330 509/557/330
f 509/557/331 569/616/331 570/617/331 510/558/331
f 510/558/332 570/617/332 571/618/332 511/559/332
f 511/559/333 571/618/333 572/619/333 512/560/333
f 512/560/334 572/619/334 573/620/334 513/561/334
f 513/561/335 573/620/335 574/621/335 514/562/335
f 514/562/336 574/621/336 575/622/336 515/563/336
f 515/563/337 575/622/337 576/623/337 516/564/337
f 516/564/338 576/623/338 577/624/338 517/565/338
f 517/565/339 577/624/339 578/625/339 518/566/339
f 518/566/340 578/625/340 579/626/340 519/567/340
f 519/567/341 579/626/341 580/627/341 520/568/341
f 520/568/342 580/627/342 581/628/342 521/569/342
f 521/569/343 581/628/343 582/629/343 522/570/343
f 522/570/344 582/629/344 583/630/344 523/571/344
f 523/571/345 583/630/345 584/631/345 524/572/345
f 524/572/346 584/631/346 585/632/346 525/573/346
f 525/573/347 585/632/347 586/633/347 526/574/347
f 526/574/348 586/633/348 587/634/348 527/575/348
f 527/575/349 587/634/349 588/635/349 528/576/349
f 528/576/350 588/635/350 589/636/350 529/577/350
f 529/577/351 589/636/351 590/637/351 530/578/351
f 530/578/352 590/637/352 591/638/352 531/579/352
f 531/579/353 591/638/353 592/639/353 532/580/353
f 532/580/2 592/639/2 593/640/2 533/581/2
f 533/581/354 593/640/354 594/641/354 534/582/354
f 534/582/355 594/641/355 595/642/355 535/583/355
f 535/583/356 595/642/356 596/643/356 536/584/356
f 536/584/357 596/643/357 597/644/357 537/585/357
f 537/585/358 597/644/358 598/645/358 538/586/358
f 538/586/359 598/645/359 599/646/359 539/587/359
f 539/587/360 599/646/360 600/647/360 540/588/360
f 540/588/361 600/647/361 601/648/361 541/589/361
f 541/589/362 601/648/362 602/649/362 542/590/362
f 542/590/363 602/649/363 603/650/363 543/591/363
f 543/591/364 603/650/364 604/651/364 544/592/364
f 544/592/365 604/651/365 605/652/365 545/593/365
f 545/593/366 605/652/366 606/653/366 546/594/366
f 546/594/367 606/653/367 607/654/367 547/595/367
f 547/595/368 607/654/368 608/655/368 548/596/368
f 548/596/369 608/655/369 609/656/369 549/597/369
f 549/597/370 609/656/370 610/657/370 550/598/370
f 550/598/371 610/657/371 611/658/371 551/599/371
f 551/599/372 611/658/372 612/251/372 552/250/372
f 78/61/2 79/60/2 613/659/2 553/600/2
f 553/600/373 613/659/373 614/660/373 554/601/373
f 554/601/374 614/660/374 615/661/374 555/602/374
f 555/602/375 615/661/375 616/662/375 556/603/375
f 556/603/376 616/662/376 617/663/376 557/604/376
f 557/604/377 617/663/377 618/664/377 558/605/377
f 558/605/378 618/664/378 619/665/378 559/606/378
f 559/606/379 619/665/379 620/666/379 560/607/379
f 560/607/380 620/666/380 621/667/380 561/608/380
f 561/608/381 621/667/381 622/668/381 562/609/381
f 562/609/382 622/668/382 623/669/382 563/610/382
f 563/610/383 623/669/383 624/670/383 564/611/383
f 564/611/384 624/670/384 625/671/384 565/612/384
f 565/612/385 625/671/385 626/672/385 566/613/385
f 566/613/386 626/672/386 627/673/386 567/614/386
f 567/614/387 627/673/387 628/674/387 568/615/387
f 568/615/388 628/674/388 629/675/388 569/616/388
f 569/616/389 629/675/389 630/676/389 570/617/389
f 570/617/390 630/676/390 631/677/390 571/618/390
f 571/618/391 631/677/391 632/678/391 572/619/391
f 572/619/392 632/678/392 633/679/392 573/620/392
f 573/620/393 633/679/393 634/680/393 574/621/393
f 574/621/394 634/680/394 635/681/394 575/622/394
f 575/622/395 635/681/395 636/682/395 576/623/395
f 576/623/396 636/682/396 637/683/396 577/624/396
f 577/624/397 637/683/397 638/684/397 578/625/397
f 578/625/398 638/684/398 639/685/398 579/626/398
f 579/626/399 639/685/399 640/686/399 580/627/399
f 580/627/400 640/686/400 641/687/400 581/628/400
f 581/628/401 641/687/401 642/688/401 582/629/401
f 582/629/2 642/688/2 643/689/2 583/630/2
f 583/630/402 643/689/402 644/690/402 584/631/402
f 584/631/403 644/690/403 645/691/403 585/632/403
f 585/632/404 645/691/404 646/692/404 586/633/404
f 586/633/405 646/692/405 647/693/405 587/634/405
f 587/634/406 647/693/406 648/694/406 588/635/406
f 588/635/407 648/694/407 649/695/407 589/636/407
f 589/636/408 649/695/408 650/696/408 590/637/408
f 590/637/409 650/696/409 651/697/409 591/638/409
f 591/638/410 651/697/410 652/698/410 592/639/410
f 592/639/411 652/698/411 653/699/411 593/640/411
f 593/640/412 653/699/412 654/700/412 594/641/412
f 594/641/413 654/700/413 655/701/413 595/642/413
f 595/642/414 655/701/414 656/702/414 596/643/414
f 596/643/415 656/702/415 657/703/415 597/644/415
f 597/644/416 657/703/416 658/704/416 598/645/416
f 598/645/417 658/704/417 659/705/417 599/646/417
f 599/646/418 659/705/418 660/706/418 600/647/418
f 600/647/419 660/706/419 661/707/419 601/648/419
f 601/648/420 661/707/420 662/708/420 602/649/420
f 602/649/421 662/708/421 663/709/421 603/650/421
f 603/650/422 663/709/422 664/710/422 604/651/422
f 604/651/423 664/710/423 665/711/423 605/652/423
f 605/652/424 665/711/424 666/712/424 606/653/424
f 606/653/425 666/712/425 667/713/425 607/654/425
f 607/654/426 667/713/426 668/714/426 608/655/426
f 608/655/427 668/714/427 669/715/427 609/656/427
f 609/656/428 669/715/428 670/716/428 610/657/428
f 610/657/429 670/716/429 671/717/429 611/658/429
f 611/658/430 671/717/430 672/252/430 612/251/430
f 79/60/2 80/59/2 673/718/2 613/659/2
f 613/659/2 673/718/2 674/719/2 614/660/2
f 614/660/431 674/719/431 675/720/431 615/661/431
f 615/661/432 675/720/432 676/721/432 616/662/432
f 616/662/433 676/721/433 677/722/433 617/663/433
f 617/663/434 677/722/434 678/723/434 618/664/434
f 618/664/435 678/723/435 679/724/435 619/665/435
f 619/665/436 679/724/436 680/725/436 620/666/436
f 620/666/437 680/725/437 681/726/437 621/667/437
f 621/667/438 681/726/438 682/727/438 622/668/438
f 622/668/439 682/727/439 683/728/439 623/669/439
f 623/669/440 683/728/440 684/729/440 624/670/440
f 624/670/441 684/729/441 685/730/441 625/671/441
f 625/671/442 685/730/442 686/731/442 626/672/442
f 626/672/2 686/731/2 687/732/2 627/673/2
f 627/673/2 687/732/2 688/733/2 628/674/2
f 628/674/443 688/733/443 689/734/443 629/675/443
f 629/675/444 689/734/444 690/735/444 630/676/444
f 630/676/445 690/735/445 691/736/445 631/677/445
f 631/677/446 691/736/446 692/737/446 632/678/446
f 632/678/447 692/737/447 693/738/447 633/679/447
f 633/679/2 693/738/2 694/739/2 634/680/2
f 634/680/2 694/739/2 695/740/2 635/681/2
f 635/681/373 695/740/373 696/741/373 636/682/373
f 636/682/448 696/741/448 697/742/448 637/683/448
f 637/683/449 697/742/449 698/743/449 638/684/449
f 638/684/450 698/743/450 699/744/450 639/685/450
f 639/685/2 699/744/2 700/745/2 640/686/2
f 640/686/2 700/745/2 701/746/2 641/687/2
f 641/687/2 701/746/2 702/747/2 642/688/2
f 642/688/2 702/747/2 703/748/2 643/689/2
f 643/689/2 703/748/2 704/749/2 644/690/2
f 644/690/451 704/749/451 705/750/451 645/691/451
f 645/691/452 705/750/452 706/751/452 646/692/452
f 646/692/453 706/751/453 707/752/453 647/693/453
f 647/693/454 707/752/454 708/753/454 648/694/454
f 648/694/455 708/753/455 709/754/455 649/695/455
f 649/695/456 709/754/456 710/755/456 650/696/456
f 650/696/457 710/755/457 711/756/457 651/697/457
f 651/697/458 711/756/458 712/757/458 652/698/458
f 652/698/459 712/757/459 713/758/459 653/699/459
f 653/699/460 713/758/460 714/759/460 654/700/460
f 654/700/461 714/759/461 715/760/461 655/701/461
f 655/701/462 715/760/462 716/761/462 656/702/462
f 656/702/463 716/761/463 717/762/463 657/703/463
f 657/703/464 717/762/464 718/763/464 658/704/464
f 658/704/465 718/763/465 719/764/465 659/705/465
f 659/705/466 719/764/466 720/765/466 660/706/466
f 660/706/467 720/765/467 721/766/467 661/707/467
f 661/707/468 721/766/468 722/767/468 662/708/468
f 662/708/469 722/767/469 723/768/469 663/709/469
f 663/709/470 723/768/470 724/769/470 664/710/470
f 664/710/471 724/769/471 725/770/471 665/711/471
f 665/711/472 725/770/472 726/771/472 666/712/472
f 666/712/473 726/771/473 727/772/473 667/713/473
f 667/713/474 727/772/474 728/773/474 668/714/474
f 668/714/475 728/773/475 729/774/475 669/715/475
f 669/715/476 729/774/476 730/775/476 670/716/476
f 670/716/477 730/775/477 731/776/477 671/717/477
f 671/717/478 731/776/478 732/253/478 672/252/478
f 80/59/2 81/58/2 733/777/2 673/718/2
f 673/718/2 733/777/2 734/778/2 674/719/2
f 674/719/2 734/778/2 735/779/2 675/720/2
f 675/720/2 735/779/2 736/780/2 676/721/2
f 676/721/2 736/780/2 737/781/2 677/722/2
f 677/722/2 737/781/2 738/782/2 678/723/2
f 678/723/479 738/782/479 739/783/479 679/724/479
f 679/724/480 739/783/480 740/784/480 680/725/480
f 680/725/481 740/784/481 741/785/481 681/726/481
f 681/726/482 741/785/482 742/786/482 682/727/482
f 682/727/483 742/786/483 743/787/483 683/728/483
f 683/728/484 743/787/484 744/788/484 684/729/484
f 684/729/2 744/788/2 745/789/2 685/730/2
f 685/730/2 745/789/2 746/790/2 686/731/2
f 686/731/2 746/790/2 747/791/2 687/732/2
f 687/732/2 747/791/2 748/792/2 688/733/2
f 688/733/2 748/792/2 749/793/2 689/734/2
f 689/734/2 749/793/2 750/794/2 690/735/2
f 690/735/2 750/794/2 751/795/2 691/736/2
f 691/736/2 751/795/2 752/796/2 692/737/2
f 692/737/2 752/796/2 753/797/2 693/738/2
f 693/738/2 753/797/2 754/798/2 694/739/2
f 694/739/2 754/798/2 755/799/2 695/740/2
f 695/740/2 755/799/2 756/800/2 696/741/2
f 696/741/2 756/800/2 757/801/2 697/742/2
f 697/742/2 757/801/2 758/802/2 698/743/2
f 698/743/2 758/802/2 759/803/2 699/744/2
f 699/744/2 759/803/2 760/804/2 700/745/2
f 700/745/2 760/804/2 761/805/2 701/746/2
f 701/746/2 761/805/2 762/806/2 702/747/2
f 702/747/2 762/806/2 763/807/2 703/748/2
f 703/748/2 763/807/2 764/808/2 704/749/2
f 704/749/485 764/808/485 765/809/485 705/750/485
f 705/750/486 765/809/486 766/810/486 706/751/486
f 706/751/487 766/810/487 767/811/487 707/752/487
f 707/752/488 767/811/488 768/812/488 708/753/488
f 708/753/489 768/812/489 769/813/489 709/754/489
f 709/754/490 769/813/490 770/814/490 710/755/490
f 710/755/491 770/814/491 771/815/491 711/756/491
f 711/756/492 771/815/492 772/816/492 712/757/492
f 712/757/493 772/816/493 773/817/493 713/758/493
f 713/758/494 773/817/494 774/818/494 714/759/494
f 714/759/495 774/818/495 775/819/495 715/760/495
f 715/760/496 775/819/496 776/820/496 716/761/496
f 716/761/497 776/820/497 777/821/497 717/762/497
f 717/762/498 777/821/498 778/822/498 718/763/498
f 718/763/499 778/822/499 779/823/499 719/764/499
f 719/764/500 779/823/500 780/824/500 720/765/500
f 720/765/501 780/824/501 781/825/501 721/766/501
f 721/766/502 781/825/502 782/826/502 722/767/502
f 722/767/503 782/826/503 783/827/503 723/768/503
f 723/768/504 783/827/504 784/828/504 724/769/504
f 724/769/505 784/828/505 785/829/505 725/770/505
f 725/770/506 785/829/506 786/830/506 726/771/506
f 726/771/507 786/830/507 787/831/507 727/772/507
f 727/772/508 787/831/508 788/832/508 728/773/508
f 728/773/509 788/832/509 789/833/509 729/774/509
f 729/774/510 789/833/510 790/834/510 730/775/510
f 730/775/511 790/834/511 791/835/511 731/776/511
f 731/776/512 791/835/512 792/254/512 732/253/512
f 81/58/2 82/57/2 793/836/2 733/777/2
f 733/777/2 793/836/2 794/837/2 734/778/2
f 734/778/2 794/837/2 795/838/2 735/779/2
f 735/779/2 795/838/2 796/839/2 736/780/2
f 736/780/2 796/839/2 797/840/2 737/781/2
f 737/781/2 797/840/2 798/841/2 738/782/2
f 738/782/513 798/841/513 799/842/513 739/783/513
f 739/783/514 799/842/514 800/843/514 740/784/514
f 740/784/515 800/843/515 801/844/515 741/785/515
f 741/785/516 801/844/516 802/845/516 742/786/516
f 742/786/517 802/845/517 803/846/517 743/787/517
f 743/787/518 803/846/518 804/847/518 744/788/518
f 744/788/2 804/847/2 805/848/2 745/789/2
f 745/789/2 805/848/2 806/849/2 746/790/2
f 746/790/2 806/849/2 807/850/2 747/791/2
f 747/791/2 807/850/2 808/851/2 748/792/2
f 748/792/2 808/851/2 809/852/2 749/793/2
f 749/793/2 809/852/2 810/853/2 750/794/2
f 750/794/2 810/853/2 811/854/2 751/795/2
f 751/795/2 811/854/2 812/855/2 752/796/2
f 752/796/2 812/855/2 813/856/2 753/797/2
f 753/797/2 813/856/2 814/857/2 754/798/2
f 754/798/2 814/857/2 815/858/2 755/799/2
f 755/799/2 815/858/2 816/859/2 756/800/2
f 756/800/2 816/859/2 817/860/2 757/801/2
f 757/801/2 817/860/2 818/861/2 758/802/2
f 758/802/2 818/861/2 819/862/2 759/803/2
f 759/803/2 819/862/2 820/863/2 760/804/2
f 760/804/2 820/863/2 821/864/2 761/805/2
f 761/805/2 821/864/2 822/865/2 762/806/2
f 762/806/2 822/865/2 823/866/2 763/807/2
f 763/807/2 823/866/2 824/867/2 764/808/2
f 764/808/2 824/867/2 825/868/2 765/809/2
f 765/809/519 825/868/519 826/869/519 766/810/519
f 766/810/520 826/869/520 827/870/520 767/811/520
f 767/811/521 827/870/521 828/871/521 768/812/521
f 768/812/522 828/871/522 829/872/522 769/813/522
f 769/813/523 829/872/523 830/873/523 770/814/523
f 770/814/524 830/873/524 831/874/524 771/815/524
f 771/815/525 831/874/525 832/875/525 772/816/525
f 772/816/526 832/875/526 833/876/526 773/817/526
f 773/817/527 833/876/527 834/877/527 774/818/527
f 774/818/528 834/877/528 835/878/528 775/819/528
f 775/819/529 835/878/529 836/879/529 776/820/529
f 776/820/530 836/879/530 837/880/530 777/821/530
f 777/821/531 837/880/531 838/881/531 778/822/531
f 778/822/532 838/881/532 839/882/532 779/823/532
f 779/823/533 839/882/533 840/883/533 780/824/533
f 780/824/534 840/883/534 841/884/534 781/825/534
f 781/825/535 841/884/535 842/885/535 782/826/535
f 782/826/536 842/885/536 843/886/536 783/827/536
f 783/827/537 843/886/537 844/887/537 784/828/537
f 784/828/538 844/887/538 845/888/538 785/829/538
f 785/829/539 845/888/539 846/889/539 786/830/539
f 786/830/540 846/889/540 847/890/540 787/831/540
f 787/831/541 847/890/541 848/891/541 788/832/541
f 788/832/542 848/891/542 849/892/542 789/833/542
f 789/833/543 849/892/543 850/893/543 790/834/543
f 790/834/544 850/893/544 851/894/544 791/835/544
f 791/835/545 851/894/545 852/255/545 792/254/545
f 82/57/2 83/56/2 853/895/2 793/836/2
f 793/836/2 853/895/2 854/896/2 794/837/2
f 794/837/2 854/896/2 855/897/2 795/838/2
f 795/838/2 855/897/2 856/898/2 796/839/2
f 796/839/2 856/898/2 857/899/2 797/840/2
f 797/840/2 857/899/2 858/900/2 798/841/2
f 798/841/546 858/900/546 859/901/546 799/842/546
f 799/842/547 859/901/547 860/902/547 800/843/547
f 800/843/548 860/902/548 861/903/548 801/844/548
f 801/844/549 861/903/549 862/904/549 802/845/549
f 802/845/550 862/904/550 863/905/550 803/846/550
f 803/846/551 863/905/551 864/906/551 804/847/551
f 804/847/2 864/906/2 865/907/2 805/848/2
f 805/848/2 865/907/2 866/908/2 806/849/2
f 806/849/2 866/908/2 867/909/2 807/850/2
f 807/850/2 867/909/2 868/910/2 808/851/2
f 808/851/2 868/910/2 869/911/2 809/852/2
f 809/852/2 869/911/2 870/912/2 810/853/2
f 810/853/2 870/912/2 871/913/2 811/854/2
f 811/854/2 871/913/2 872/914/2 812/855/2
f 812/855/2 872/914/2 873/915/2 813/856/2
f 813/856/2 873/915/2 874/916/2 814/857/2
f 814/857/2 874/916/2 875/917/2 815/858/2
f 815/858/2 875/917/2 876/918/2 816/859/2
f 816/859/2 876/918/2 877/919/2 817/860/2
f 817/860/2 877/919/2 878/920/2 818/861/2
f 818/861/2 878/920/2 879/921/2 819/862/2
f 819/862/2 879/921/2 880/922/2 820/863/2
f 820/863/2 880/922/2 881/923/2 821/864/2
f 821/864/2 881/923/2 882/924/2 822/865/2
f 822/865/2 882/924/2 883/925/2 823/866/2
f 823/866/2 883/925/2 884/926/2 824/867/2
f 824/867/2 884/926/2 885/927/2 825/868/2
f 825/868/2 885/927/2 886/928/2 826/869/2
f 826/869/552 886/928/552 887/929/552 827/870/552
f 827/870/553 887/929/553 888/930/553 828/871/553
f 828/871/554 888/930/554 889/931/554 829/872/554
f 829/872/555 889/931/555 890/932/555 830/873/555
f 830/873/556 890/932/556 891/933/556 831/874/556
f 831/874/557 891/933/557 892/934/557 832/875/557
f 832/875/558 892/934/558 893/935/558 833/876/558
f 833/876/559 893/935/559 894/936/559 834/877/559
f 834/877/560 894/936/560 895/937/560 835/878/560
f 835/878/561 895/937/561 896/938/561 836/879/561
f 836/879/562 896/938/562 897/939/562 837/880/562
f 837/880/563 897/939/563 898/940/563 838/881/563
f 838/881/564 898/940/564 899/941/564 839/882/564
f 839/882/565 899/941/565 900/942/565 840/883/565
f 840/883/566 900/942/566 901/943/566 841/884/566
f 841/884/567 901/943/567 902/944/567 842/885/567
f 842/885/568 902/944/568 903/945/568 843/886/568
f 843/886/569 903/945/569 904/946/569 844/887/569
f 844/887/570 904/946/570 905/947/570 845/888/570
f 845/888/571 905/947/571 906/948/571 846/889/571
f 846/889/572 906/948/572 907/949/572 847/890/572
f 847/890/573 907/949/573 908/950/573 848/891/573
f 848/891/574 908/950/574 909/951/574 849/892/574
f 849/892/575 909/951/575 910/952/575 850/893/575
f 850/893/576 910/952/576 911/953/576 851/894/576
f 851/894/577 911/953/577 912/256/577 852/255/577
f 83/56/2 84/55/2 913/954/2 853/895/2
f 853/895/2 913/954/2 914/955/2 854/896/2
f 854/896/2 914/955/2 915/956/2 855/897/2
f 855/897/578 915/956/578 916/957/578 856/898/578
f 856/898/579 916/957/579 917/958/579 857/899/579
f 857/899/580 917/958/580 918/959/580 858/900/580
f 858/900/581 918/959/581 919/960/581 859/901/581
f 859/901/582 919/960/582 920/961/582 860/902/582
f 860/902/583 920/961/583 921/962/583 861/903/583
f 861/903/584 921/962/584 922/963/584 862/904/584
f 862/904/585 922/963/585 923/964/585 863/905/585
f 863/905/586 923/964/586 924/965/586 864/906/586
f 864/906/2 924/965/2 925/966/2 865/907/2
f 865/907/2 925/966/2 926/967/2 866/908/2
f 866/908/2 926/967/2 927/968/2 867/909/2
f 867/909/2 927/968/2 928/969/2 868/910/2
f 868/910/2 928/969/2 929/970/2 869/911/2
f 869/911/2 929/970/2 930/971/2 870/912/2
f 870/912/2 930/971/2 931/972/2 871/913/2
f 871/913/2 931/972/2 932/973/2 872/914/2
f 872/914/2 932/973/2 933/974/2 873/915/2
f 879/921/2 934/975/2 935/976/2 880/922/2
f 880/922/2 935/976/2 936/977/2 881/923/2
f 881/923/2 936/977/2 937/978/2 882/924/2
f 882/924/2 937/978/2 938/979/2 883/925/2
f 883/925/2 938/979/2 939/980/2 884/926/2
f 884/926/2 939/980/2 940/981/2 885/927/2
f 885/927/2 940/981/2 941/982/2 886/928/2
f 886/928/2 941/982/2 942/983/2 887/929/2
f 887/929/2 942/983/2 943/984/2 888/930/2
f 888/930/2 943/984/2 944/985/2 889/931/2
f 889/931/587 944/985/587 945/986/587 890/932/587
f 890/932/588 945/986/588 946/987/588 891/933/588
f 891/933/589 946/987/589 947/988/589 892/934/589
f 892/934/590 947/988/590 948/989/590 893/935/590
f 893/935/591 948/989/591 949/990/591 894/936/591
f 894/936/592 949/990/592 950/991/592 895/937/592
f 895/937/593 950/991/593 951/992/593 896/938/593
f 896/938/594 951/992/594 952/993/594 897/939/594
f 897/939/595 952/993/595 953/994/595 898/940/595
f 898/940/596 953/994/596 954/995/596 899/941/596
f 899/941/597 954/995/597 955/996/597 900/942/597
f 900/942/598 955/996/598 956/997/598 901/943/598
f 901/943/599 956/997/599 957/998/599 902/944/599
f 902/944/600 957/998/600 958/999/600 903/945/600
f 903/945/601 958/999/601 959/1000/601 904/946/601
f 904/946/602 959/1000/602 960/1001/602 905/947/602
f 905/947/603 960/1001/603 961/1002/603 906/948/603
f 906/948/604 961/1002/604 962/1003/604 907/949/604
f 907/949/605 962/1003/605 963/1004/605 908/950/605
f 908/950/606 963/1004/606 964/1005/606 909/951/606
f 909/951/607 964/1005/607 965/1006/607 910/952/607
f 910/952/608 965/1006/608 966/1007/608 911/953/608
f 911/953/609 966/1007/609 967/257/609 912/256/609
f 84/55/2 85/54/2 968/1008/2 913/954/2
f 913/954/2 968/1008/2 969/1009/2 914/955/2
f 914/955/2 969/1009/2 970/1010/2 915/956/2
f 915/956/610 970/1010/610 971/1011/610 916/957/610
f 916/957/611 971/1011/611 972/1012/611 917/958/611
f 917/958/612 972/1012/612 973/1013/612 918/959/612
f 918/959/613 973/1013/613 974/1014/613 919/960/613
f 919/960/614 974/1014/614 975/1015/614 920/961/614
f 920/961/615 975/1015/615 976/1016/615 921/962/615
f 921/962/616 976/1016/616 977/1017/616 922/963/616
f 922/963/617 977/1017/617 978/1018/617 923/964/617
f 923/964/618 978/1018/618 979/1019/618 924/965/618
f 924/965/619 979/1019/619 980/1020/619 925/966/619
f 925/966/2 980/1020/2 981/1021/2 926/967/2
f 926/967/2 981/1021/2 982/1022/2 927/968/2
f 927/968/2 982/1022/2 983/1023/2 928/969/2
f 928/969/2 983/1023/2 984/1024/2 929/970/2
f 929/970/2 984/1024/2 985/1025/2 930/971/2
f 930/971/2 985/1025/2 986/1026/2 931/972/2
f 934/975/2 987/1027/2 988/1028/2 935/976/2
f 935/976/2 988/1028/2 989/1029/2 936/977/2
f 936/977/2 989/1029/2 990/1030/2 937/978/2
f 944/985/620 991/1031/620 992/1032/620 945/986/620
f 945/986/621 992/1032/621 993/1033/621 946/987/621
f 946/987/622 993/1033/622 994/1034/622 947/988/622
f 947/988/623 994/1034/623 995/1035/623 948/989/623
f 948/989/624 995/1035/624 996/1036/624 949/990/624
f 949/990/625 996/1036/625 997/1037/625 950/991/625
f 950/991/626 997/1037/626 998/1038/626 951/992/626
f 951/992/627 998/1038/627 999/1039/627 952/993/627
f 952/993/628 999/1039/628 1000/1040/628 953/994/628
f 953/994/629 1000/1040/629 1001/1041/629 954/995/629
f 954/995/630 1001/1041/630 1002/1042/630 955/996/630
f 955/996/631 1002/1042/631 1003/1043/631 956/997/631
f 956/997/632 1003/1043/632 1004/1044/632 957/998/632
f 957/998/633 1004/1044/633 1005/1045/633 958/999/633
f 958/999/634 1005/1045/634 1006/1046/634 959/1000/634
f 959/1000/635 1006/1046/635 1007/1047/635 960/1001/635
f 960/1001/636 1007/1047/636 1008/1048/636 961/1002/636
f 961/1002/637 1008/1048/637 1009/1049/637 962/1003/637
f 962/1003/638 1009/1049/638 1010/1050/638 963/1004/638
f 963/1004/639 1010/1050/639 1011/1051/639 964/1005/639
f 964/1005/640 1011/1051/640 1012/1052/640 965/1006/640
f 965/1006/641 1012/1052/641 1013/1053/641 966/1007/641
f 966/1007/642 1013/1053/642 1014/258/642 967/257/642
f 85/54/2 86/53/2 1015/1054/2 968/1008/2
f 968/1008/2 1015/1054/2 1016/1055/2 969/1009/2
f 969/1009/2 1016/1055/2 1017/1056/2 970/1010/2
f 970/1010/643 1017/1056/643 1018/1057/643 971/1011/643
f 971/1011/644 1018/1057/644 1019/1058/644 972/1012/644
f 972/1012/645 1019/1058/645 1020/1059/645 973/1013/645
f 973/1013/646 1020/1059/646 1021/1060/646 974/1014/646
f 974/1014/647 1021/1060/647 1022/1061/647 975/1015/647
f 975/1015/648 1022/1061/648 1023/1062/648 976/1016/648
f 976/1016/649 1023/1062/649 1024/1063/649 977/1017/649
f 977/1017/650 1024/1063/650 1025/1064/650 978/1018/650
f 978/1018/651 1025/1064/651 1026/1065/651 979/1019/651
f 979/1019/652 1026/1065/652 1027/1066/652 980/1020/652
f 980/1020/2 1027/1066/2 1028/1067/2 981/1021/2
f 981/1021/2 1028/1067/2 1029/1068/2 982/1022/2
f 982/1022/2 1029/1068/2 1030/1069/2 983/1023/2
f 983/1023/2 1030/1069/2 1031/1070/2 984/1024/2
f 987/1027/2 1034/1071/2 1035/1072/2 988/1028/2
f 994/1034/653 1036/1073/653 1037/1074/653 995/1035/653
f 995/1035/654 1037/1074/654 1038/1075/654 996/1036/654
f 996/1036/655 1038/1075/655 1039/1076/655 997/1037/655
f 997/1037/656 1039/1076/656 1040/1077/656 998/1038/656
f 998/1038/657 1040/1077/657 1041/1078/657 999/1039/657
f 999/1039/658 1041/1078/658 1042/1079/658 1000/1040/658
f 1000/1040/659 1042/1079/659 1043/1080/659 1001/1041/659
f 1001/1041/660 1043/1080/660 1044/1081/660 1002/1042/660
f 1002/1042/661 1044/1081/661 1045/1082/661 1003/1043/661
f 1003/1043/662 1045/1082/662 1046/1083/662 1004/1044/662
f 1004/1044/663 1046/1083/663 1047/1084/663 1005/1045/663
f 1005/1045/664 1047/1084/664 1048/1085/664 1006/1046/664
f 1006/1046/665 1048/1085/665 1049/1086/665 1007/1047/665
f 1007/1047/666 1049/1086/666 1050/1087/666 1008/1048/666
f 1008/1048/667 1050/1087/667 1051/1088/667 1009/1049/667
f 1009/1049/668 1051/1088/668 1052/1089/668 1010/1050/668
f 1010/1050/669 1052/1089/669 1053/1090/669 1011/1051/669
f 1011/1051/670 1053/1090/670 1054/1091/670 1012/1052/670
f 1012/1052/671 1054/1091/671 1055/1092/671 1013/1053/671
f 1013/1053/672 1055/1092/672 1056/259/672 1014/258/672
f 86/53/2 87/52/2 1057/1093/2 1015/1054/2
f 1015/1054/2 1057/1093/2 1058/1094/2 1016/1055/2
f 1016/1055/2 1058/1094/2 1059/1095/2 1017/1056/2
f 1017/1056/673 1059/1095/673 1060/1096/673 1018/1057/673
f 1018/1057/674 1060/1096/674 1061/1097/674 1019/1058/674
f 1019/1058/675 1061/1097/675 1062/1098/675 1020/1059/675
f 1020/1059/676 1062/1098/676 1063/1099/676 1021/1060/676
f 1021/1060/677 1063/1099/677 1064/1100/677 1022/1061/677
f 1022/1061/678 1064/1100/678 1065/1101/678 1023/1062/678
f 1023/1062/679 1065/1101/679 1066/1102/679 1024/1063/679
f 1024/1063/680 1066/1102/680 1067/1103/680 1025/1064/680
f 1025/1064/681 1067/1103/681 1068/1104/681 1026/1065/681
f 1026/1065/682 1068/1104/682 1069/1105/682 1027/1066/682
f 1027/1066/2 1069/1105/2 1070/1106/2 1028/1067/2
f 1028/1067/2 1070/1106/2 1071/1107/2 1029/1068/2
f 1029/1068/2 1071/1107/2 1072/1108/2 1030/1069/2
f 1030/1069/2 1072/1108/2 1073/1109/2 1031/1070/2
f 1032/1110/2 1074/1111/2 1075/1112/2 1033/1113/2
f 1033/1113/2 1075/1112/2 1076/1114/2 1034/1071/2
f 1034/1071/2 1076/1114/2 1077/1115/2 1035/1072/2
f 1036/1073/683 1078/1116/683 1079/1117/683 1037/1074/683
f 1037/1074/684 1079/1117/684 1080/1118/684 1038/1075/684
f 1038/1075/685 1080/1118/685 1081/1119/685 1039/1076/685
f 1039/1076/686 1081/1119/686 1082/1120/686 1040/1077/686
f 1040/1077/687 1082/1120/687 1083/1121/687 1041/1078/687
f 1041/1078/688 1083/1121/688 1084/1122/688 1042/1079/688
f 1042/1079/689 1084/1122/689 1085/1123/689 1043/1080/689
f 1043/1080/690 1085/1123/690 1086/1124/690 1044/1081/690
f 1044/1081/691 1086/1124/691 1087/1125/691 1045/1082/691
f 1045/1082/692 1087/1125/692 1088/1126/692 1046/1083/692
f 1046/1083/693 1088/1126/693 1089/1127/693 1047/1084/693
f 1047/1084/694 1089/1127/694 1090/1128/694 1048/1085/694
f 1048/1085/695 1090/1128/695 1091/1129/695 1049/1086/695
f 1049/1086/696 1091/1129/696 1092/1130/696 1050/1087/696
f 1050/1087/697 1092/1130/697 1093/1131/697 1051/1088/697
f 1051/1088/698 1093/1131/698 1094/1132/698 1052/1089/698
f 1052/1089/699 1094/1132/699 1095/1133/699 1053/1090/699
f 1053/1090/700 1095/1133/700 1096/1134/700 1054/1091/700
f 1054/1091/701 1096/1134/701 1097/1135/701 1055/1092/701
f 1055/1092/702 1097/1135/702 1098/260/702 1056/259/702
f 87/52/2 88/51/2 1099/1136/2 1057/1093/2
f 1057/1093/2 1099/1136/2 1100/1137/2 1058/1094/2
f 1058/1094/2 1100/1137/2 1101/1138/2 1059/1095/2
f 1059/1095/703 1101/1138/703 1102/1139/703 1060/1096/703
f 1060/1096/704 1102/1139/704 1103/1140/704 1061/1097/704
f 1061/1097/705 1103/1140/705 1104/1141/705 1062/1098/705
f 1062/1098/706 1104/1141/706 1105/1142/706 1063/1099/706
f 1063/1099/707 1105/1142/707 1106/1143/707 1064/1100/707
f 1064/1100/708 1106/1143/708 1107/1144/708 1065/1101/708
f 1065/1101/709 1107/1144/709 1108/1145/709 1066/1102/709
f 1066/1102/710 1108/1145/710 1109/1146/710 1067/1103/710
f 1078/1116/2 1112/1147/2 1113/1148/2 1079/1117/2
f 1079/1117/711 1113/1148/711 1114/1149/711 1080/1118/711
f 1080/1118/712 1114/1149/712 1115/1150/712 1081/1119/712
f 1081/1119/713 1115/1150/713 1116/1151/713 1082/1120/713
f 1082/1120/714 1116/1151/714 1117/1152/714 1083/1121/714
f 1083/1121/715 1117/1152/715 1118/1153/715 1084/1122/715
f 1084/1122/716 1118/1153/716 1119/1154/716 1085/1123/716
f 1085/1123/717 1119/1154/717 1120/1155/717 1086/1124/717
f 1086/1124/718 1120/1155/718 1121/1156/718 1087/1125/718
f 1087/1125/719 1121/1156/719 1122/1157/719 1088/1126/719
f 1088/1126/720 1122/1157/720 1123/1158/720 1089/1127/720
f 1089/1127/721 1123/1158/721 1124/1159/721 1090/1128/721
f 1090/1128/722 1124/1159/722 1125/1160/722 1091/1129/722
f 1091/1129/723 1125/1160/723 1126/1161/723 1092/1130/723
f 1092/1130/724 1126/1161/724 1127/1162/724 1093/1131/724
f 1093/1131/725 1127/1162/725 1128/1163/725 1094/1132/725
f 1094/1132/726 1128/1163/726 1129/1164/726 1095/1133/726
f 1095/1133/727 1129/1164/727 1130/1165/727 1096/1134/727
f 1096/1134/728 1130/1165/728 1131/1166/728 1097/1135/728
f 1097/1135/729 1131/1166/729 1132/261/729 1098/260/729
f 88/51/2 89/50/2 1133/1167/2 1099/1136/2
f 1099/1136/2 1133/1167/2 1134/1168/2 1100/1137/2
f 1100/1137/2 1134/1168/2 1135/1169/2 1101/1138/2
f 1101/1138/730 1135/1169/730 1136/1170/730 1102/1139/730
f 1102/1139/731 1136/1170/731 1137/1171/731 1103/1140/731
f 1103/1140/732 1137/1171/732 1138/1172/732 1104/1141/732
f 1104/1141/733 1138/1172/733 1139/1173/733 1105/1142/733
f 1105/1142/734 1139/1173/734 1140/1174/734 1106/1143/734
f 1106/1143/735 1140/1174/735 1141/1175/735 1107/1144/735
f 1107/1144/2 1141/1175/2 1142/1176/2 1108/1145/2
f 1110/1177/2 1151/1178/2 1152/1179/2 1111/1180/2
f 1111/1180/2 1152/1179/2 1153/1181/2 1112/1147/2
f 1112/1147/2 1153/1181/2 1154/1182/2 1113/1148/2
f 1113/1148/736 1154/1182/736 1155/1183/736 1114/1149/736
f 1114/1149/737 1155/1183/737 1156/1184/737 1115/1150/737
f 1115/1150/738 1156/1184/738 1157/1185/738 1116/1151/738
f 1116/1151/739 1157/1185/739 1158/1186/739 1117/1152/739
f 1117/1152/740 1158/1186/740 1159/1187/740 1118/1153/740
f 1118/1153/741 1159/1187/741 1160/1188/741 1119/1154/741
f 1119/1154/742 1160/1188/742 1161/1189/742 1120/1155/742
f 1120/1155/743 1161/1189/743 1162/1190/743 1121/1156/743
f 1121/1156/744 1162/1190/744 1163/1191/744 1122/1157/744
f 1122/1157/2 1163/1191/2 1164/1192/2 1123/1158/2
f 1123/1158/745 1164/1192/745 1165/1193/745 1124/1159/745
f 1124/1159/746 1165/1193/746 1166/1194/746 1125/1160/746
f 1125/1160/747 1166/1194/747 1167/1195/747 1126/1161/747
f 1126/1161/748 1167/1195/748 1168/1196/748 1127/1162/748
f 1127/1162/749 1168/1196/749 1169/1197/749 1128/1163/749
f 1128/1163/750 1169/1197/750 1170/1198/750 1129/1164/750
f 1129/1164/751 1170/1198/751 1171/1199/751 1130/1165/751
f 1130/1165/752 1171/1199/752 1172/1200/752 1131/1166/752
f 1131/1166/753 1172/1200/753 1173/262/753 1132/261/753
f 89/50/2 90/49/2 1174/1201/2 1133/1167/2
f 1133/1167/2 1174/1201/2 1175/1202/2 1134/1168/2
f 1134/1168/754 1175/1202/754 1176/1203/754 1135/1169/754
f 1135/1169/755 1176/1203/755 1177/1204/755 1136/1170/755
f 1136/1170/756 1177/1204/756 1178/1205/756 1137/1171/756
f 1137/1171/757 1178/1205/757 1179/1206/757 1138/1172/757
f 1138/1172/758 1179/1206/758 1180/1207/758 1139/1173/758
f 1139/1173/759 1180/1207/759 1181/1208/759 1140/1174/759
f 1140/1174/760 1181/1208/760 1182/1209/760 1141/1175/760
f 1141/1175/2 1182/1209/2 1183/1210/2 1142/1176/2
f 1143/1211/2 1188/1212/2 1189/1213/2 1144/1214/2
f 1144/1214/2 1189/1213/2 1190/1215/2 1145/1216/2
f 1145/1216/2 1190/1215/2 1191/1217/2 1146/1218/2
f 1147/1219/2 1192/1220/2 1193/1221/2 1148/1222/2
f 1148/1222/2 1193/1221/2 1194/1223/2 1149/1224/2
f 1149/1224/2 1194/1223/2 1195/1225/2 1150/1226/2
f 1150/1226/2 1195/1225/2 1196/1227/2 1151/1178/2
f 1151/1178/2 1196/1227/2 1197/1228/2 1152/1179/2
f 1152/1179/2 1197/1228/2 1198/1229/2 1153/1181/2
f 1153/1181/2 1198/1229/2 1199/1230/2 1154/1182/2
f 1154/1182/761 1199/1230/761 1200/1231/761 1155/1183/761
f 1155/1183/762 1200/1231/762 1201/1232/762 1156/1184/762
f 1156/1184/763 1201/1232/763 1202/1233/763 1157/1185/763
f 1157/1185/764 1202/1233/764 1203/1234/764 1158/1186/764
f 1158/1186/765 1203/1234/765 1204/1235/765 1159/1187/765
f 1159/1187/766 1204/1235/766 1205/1236/766 1160/1188/766
f 1160/1188/767 1205/1236/767 1206/1237/767 1161/1189/767
f 1161/1189/768 1206/1237/768 1207/1238/768 1162/1190/768
f 1162/1190/769 1207/1238/769 1208/1239/769 1163/1191/769
f 1163/1191/2 1208/1239/2 1209/1240/2 1164/1192/2
f 1164/1192/770 1209/1240/770 1210/1241/770 1165/1193/770
f 1165/1193/771 1210/1241/771 1211/1242/771 1166/1194/771
f 1166/1194/772 1211/1242/772 1212/1243/772 1167/1195/772
f 1167/1195/773 1212/1243/773 1213/1244/773 1168/1196/773
f 1168/1196/774 1213/1244/774 1214/1245/774 1169/1197/774
f 1169/1197/775 1214/1245/775 1215/1246/775 1170/1198/775
f 1170/1198/776 1215/1246/776 1216/1247/776 1171/1199/776
f 1171/1199/777 1216/1247/777 1217/1248/777 1172/1200/777
f 1172/1200/778 1217/1248/778 1218/263/778 1173/262/778
f 90/49/2 91/48/2 1219/1249/2 1174/1201/2
f 1174/1201/2 1219/1249/2 1220/1250/2 1175/1202/2
f 1175/1202/779 1220/1250/779 1221/1251/779 1176/1203/779
f 1176/1203/780 1221/1251/780 1222/1252/780 1177/1204/780
f 1177/1204/781 1222/1252/781 1223/1253/781 1178/1205/781
f 1178/1205/782 1223/1253/782 1224/1254/782 1179/1206/782
f 1179/1206/783 1224/1254/783 1225/1255/783 1180/1207/783
f 1180/1207/784 1225/1255/784 1226/1256/784 1181/1208/784
f 1181/1208/785 1226/1256/785 1227/1257/785 1182/1209/785
f 1182/1209/786 1227/1257/786 1228/1258/786 1183/1210/786
f 1183/1210/787 1228/1258/787 1229/1259/787 1184/1260/787
f 1185/1261/2 1231/1262/2 1232/1263/2 1186/1264/2
f 1186/1264/2 1232/1263/2 1233/1265/2 1187/1266/2
f 1188/1212/2 1235/1267/2 1236/1268/2 1189/1213/2
f 1189/1213/2 1236/1268/2 1237/1269/2 1190/1215/2
f 1190/1215/2 1237/1269/2 1238/1270/2 1191/1217/2
f 1191/1217/2 1238/1270/2 1239/1271/2 1192/1220/2
f 1192/1220/2 1239/1271/2 1240/1272/2 1193/1221/2
f 1193/1221/2 1240/1272/2 1241/1273/2 1194/1223/2
f 1194/1223/2 1241/1273/2 1242/1274/2 1195/1225/2
f 1195/1225/2 1242/1274/2 1243/1275/2 1196/1227/2
f 1196/1227/2 1243/1275/2 1244/1276/2 1197/1228/2
f 1197/1228/2 1244/1276/2 1245/1277/2 1198/1229/2
f 1198/1229/2 1245/1277/2 1246/1278/2 1199/1230/2
f 1199/1230/788 1246/1278/788 1247/1279/788 1200/1231/788
f 1200/1231/789 1247/1279/789 1248/1280/789 1201/1232/789
f 1201/1232/790 1248/1280/790 1249/1281/790 1202/1233/790
f 1202/1233/791 1249/1281/791 1250/1282/791 1203/1234/791
f 1203/1234/792 1250/1282/792 1251/1283/792 1204/1235/792
f 1204/1235/793 1251/1283/793 1252/1284/793 1205/1236/793
f 1205/1236/794 1252/1284/794 1253/1285/794 1206/1237/794
f 1206/1237/795 1253/1285/795 1254/1286/795 1207/1238/795
f 1207/1238/796 1254/1286/796 1255/1287/796 1208/1239/796
f 1208/1239/797 1255/1287/797 1256/1288/797 1209/1240/797
f 1209/1240/798 1256/1288/798 1257/1289/798 1210/1241/798
f 1210/1241/799 1257/1289/799 1258/1290/799 1211/1242/799
f 1211/1242/800 1258/1290/800 1259/1291/800 1212/1243/800
f 1212/1243/801 1259/1291/801 1260/1292/801 1213/1244/801
f 1213/1244/802 1260/1292/802 1261/1293/802 1214/1245/802
f 1214/1245/803 1261/1293/803 1262/1294/803 1215/1246/803
f 1215/1246/804 1262/1294/804 1263/1295/804 1216/1247/804
f 1216/1247/805 1263/1295/805 1264/1296/805 1217/1248/805
f 1217/1248/806 1264/1296/806 1265/264/806 1218/263/806
f 91/48/2 92/47/2 1266/1297/2 1219/1249/2
f 1219/1249/2 1266/1297/2 1267/1298/2 1220/1250/2
f 1220/1250/807 1267/1298/807 1268/1299/807 1221/1251/807
f 1221/1251/808 1268/1299/808 1269/1300/808 1222/1252/808
f 1222/1252/809 1269/1300/809 1270/1301/809 1223/1253/809
f 1223/1253/810 1270/1301/810 1271/1302/810 1224/1254/810
f 1224/1254/811 1271/1302/811 1272/1303/811 1225/1255/811
f 1225/1255/812 1272/1303/812 1273/1304/812 1226/1256/812
f 1226/1256/813 1273/1304/813 1274/1305/813 1227/1257/813
f 1227/1257/814 1274/1305/814 1275/1306/814 1228/1258/814
f 1228/1258/815 1275/1306/815 1276/1307/815 1229/1259/815
f 1229/1259/816 1276/1307/816 1277/1308/816 1230/1309/816
f 1230/1309/2 1277/1308/2 1278/1310/2 1231/1262/2
f 1231/1262/2 1278/1310/2 1279/1311/2 1232/1263/2
f 1232/1263/2 1279/1311/2 1280/1312/2 1233/1265/2
f 1233/1265/2 1280/1312/2 1281/1313/2 1234/1314/2
f 1235/1267/2 1286/1315/2 1287/1316/2 1236/1268/2
f 1249/1281/817 1288/1317/817 1289/1318/817 1250/1282/817
f 1261/1293/818 1290/1319/818 1291/1320/818 1262/1294/818
f 1262/1294/819 1291/1320/819 1292/1321/819 1263/1295/819
f 1263/1295/820 1292/1321/820 1293/1322/820 1264/1296/820
f 1264/1296/821 1293/1322/821 1294/265/821 1265/264/821
f 92/47/2 93/46/2 1295/1323/2 1266/1297/2
f 1266/1297/2 1295/1323/2 1296/1324/2 1267/1298/2
f 1267/1298/822 1296/1324/822 1297/1325/822 1268/1299/822
f 1268/1299/823 1297/1325/823 1298/1326/823 1269/1300/823
f 1269/1300/824 1298/1326/824 1299/1327/824 1270/1301/824
f 1270/1301/825 1299/1327/825 1300/1328/825 1271/1302/825
f 1271/1302/826 1300/1328/826 1301/1329/826 1272/1303/826
f 1272/1303/2 1301/1329/2 1302/1330/2 1273/1304/2
f 1273/1304/827 1302/1330/827 1303/1331/827 1274/1305/827
f 1274/1305/828 1303/1331/828 1304/1332/828 1275/1306/828
f 1275/1306/829 1304/1332/829 1305/1333/829 1276/1307/829
f 1276/1307/830 1305/1333/830 1306/1334/830 1277/1308/830
f 1277/1308/2 1306/1334/2 1307/1335/2 1278/1310/2
f 1278/1310/2 1307/1335/2 1308/1336/2 1279/1311/2
f 1279/1311/2 1308/1336/2 1309/1337/2 1280/1312/2
f 1282/1338/2 1314/1339/2 1315/1340/2 1283/1341/2
f 1283/1341/2 1315/1340/2 1316/1342/2 1284/1343/2
f 1284/1343/2 1316/1342/2 1317/1344/2 1285/1345/2
f 1290/1319/831 1318/1346/831 1319/1347/831 1291/1320/831
f 1291/1320/832 1319/1347/832 1320/1348/832 1292/1321/832
f 1292/1321/833 1320/1348/833 1321/1349/833 1293/1322/833
f 1293/1322/834 1321/1349/834 1322/266/834 1294/265/834
f 93/46/2 94/45/2 1323/1350/2 1295/1323/2
f 1295/1323/2 1323/1350/2 1324/1351/2 1296/1324/2
f 1296/1324/835 1324/1351/835 1325/1352/835 1297/1325/835
f 1297/1325/836 1325/1352/836 1326/1353/836 1298/1326/836
f 1298/1326/837 1326/1353/837 1327/1354/837 1299/1327/837
f 1299/1327/838 1327/1354/838 1328/1355/838 1300/1328/838
f 1300/1328/839 1328/1355/839 1329/1356/839 1301/1329/839
f 1301/1329/2 1329/1356/2 1330/1357/2 1302/1330/2
f 1302/1330/840 1330/1357/840 1331/1358/840 1303/1331/840
f 1303/1331/841 1331/1358/841 1332/1359/841 1304/1332/841
f 1304/1332/842 1332/1359/842 1333/1360/842 1305/1333/842
f 1305/1333/843 1333/1360/843 1334/1361/843 1306/1334/843
f 1306/1334/844 1334/1361/844 1335/1362/844 1307/1335/844
f 1307/1335/2 1335/1362/2 1336/1363/2 1308/1336/2
f 1308/1336/2 1336/1363/2 1337/1364/2 1309/1337/2
f 1588/1365/2 1639/1366/2 4023/1366/2 4012/1365/2
f 1076/1114/2 1075/1112/2 3608/1112/2 3609/1114/2
f 1075/1112/2 1074/1111/2 3607/1111/2 3608/1112/2
f 931/972/2 986/1026/2 3547/1026/2 3528/972/2
f 1287/1316/2 1286/1315/2 3766/1315/2 3767/1316/2
f 1250/1282/2 1289/1318/2 3781/1318/2 3739/1282/2
f 1379/1367/2 1380/1368/2 3910/1368/2 3909/1367/2
f 1310/1369/2 1339/1370/2 1340/1371/2 1311/1372/2
f 1311/1372/2 1340/1371/2 1341/1373/2 1312/1374/2
f 1312/1374/2 1341/1373/2 1342/1375/2 1313/1376/2
f 1313/1376/2 1342/1375/2 1343/1377/2 1314/1339/2
f 1314/1339/2 1343/1377/2 1344/1378/2 1315/1340/2
f 1315/1340/2 1344/1378/2 1345/1379/2 1316/1342/2
f 1288/1317/2 1249/1281/2 3738/1281/2 3780/1317/2
f 994/1034/2 993/1033/2 3567/1033/2 3568/1034/2
f 1316/1342/2 1345/1379/2 3844/1379/2 3805/1342/2
f 1538/1380/2 1488/1381/2 3983/1381/2 4007/1380/2
f 1284/1343/2 1285/1345/2 3765/1345/2 3764/1343/2
f 993/1033/2 992/1032/2 3566/1032/2 3567/1033/2
f 1451/1382/2 1414/1383/2 3940/1383/2 3969/1382/2
f 1283/1341/2 1284/1343/2 3764/1343/2 3763/1341/2
f 992/1032/2 991/1031/2 3565/1031/2 3566/1032/2
f 1282/1338/2 1283/1341/2 3763/1341/2 3762/1338/2
f 1112/1147/2 1078/1116/2 3622/1116/2 3653/1147/2
f 1073/1109/2 1072/1108/2 3598/1108/2 3599/1109/2
f 1695/1384/2 1696/1385/2 4043/1385/2 4042/1384/2
f 1339/1370/2 1310/1369/2 3800/1369/2 3841/1370/2
f 1072/1108/2 1071/1107/2 3597/1107/2 3598/1108/2
f 1694/1386/2 1695/1384/2 4042/1384/2 4041/1386/2
f 1071/1107/2 1070/1106/2 3596/1106/2 3597/1107/2
f 1070/1106/2 1069/1105/2 3595/1105/2 3596/1106/2
f 1069/1105/2 1068/1104/2 3594/1104/2 3595/1105/2
f 1487/1387/2 1537/1388/2 3998/1388/2 3974/1387/2
f 990/1030/2 989/1029/2 3557/1029/2 3558/1030/2
f 1068/1104/2 1067/1103/2 3593/1103/2 3594/1104/2
f 989/1029/2 988/1028/2 3556/1028/2 3557/1029/2
f 1445/1389/2 1446/1390/2 3942/1390/2 3941/1389/2
f 1236/1268/2 1287/1316/2 3767/1316/2 3725/1268/2
f 1309/1337/2 1337/1364/2 3834/1364/2 3793/1337/2
f 1191/1217/2 1192/1220/2 3705/1220/2 3704/1217/2
f 1692/1391/2 1693/1392/2 4035/1392/2 4034/1391/2
f 1318/1346/845 1346/1393/845 1347/1394/845 1319/1347/845
f 1319/1347/846 1347/1394/846 1348/1395/846 1320/1348/846
f 1320/1348/847 1348/1395/847 1349/1396/847 1321/1349/847
f 1321/1349/848 1349/1396/848 1350/267/848 1322/266/848
f 94/45/2 95/44/2 1351/1397/2 1323/1350/2
f 1323/1350/2 1351/1397/2 1352/1398/2 1324/1351/2
f 1324/1351/849 1352/1398/849 1353/1399/849 1325/1352/849
f 1325/1352/850 1353/1399/850 1354/1400/850 1326/1353/850
f 1326/1353/851 1354/1400/851 1355/1401/851 1327/1354/851
f 1327/1354/852 1355/1401/852 1356/1402/852 1328/1355/852
f 1328/1355/853 1356/1402/853 1357/1403/853 1329/1356/853
f 1329/1356/2 1357/1403/2 1358/1404/2 1330/1357/2
f 1330/1357/854 1358/1404/854 1359/1405/854 1331/1358/854
f 1331/1358/855 1359/1405/855 1360/1406/855 1332/1359/855
f 1332/1359/856 1360/1406/856 1361/1407/856 1333/1360/856
f 1333/1360/857 1361/1407/857 1362/1408/857 1334/1361/857
f 1334/1361/858 1362/1408/858 1363/1409/858 1335/1362/858
f 1335/1362/2 1363/1409/2 1364/1410/2 1336/1363/2
f 1336/1363/2 1364/1410/2 1365/1411/2 1337/1364/2
f 1281/1313/2 1280/1312/2 3751/1312/2 3752/1313/2
f 1377/1412/2 1378/1413/2 3896/1413/2 3895/1412/2
f 1286/1315/2 1235/1267/2 3724/1267/2 3766/1315/2
f 1413/1414/2 1449/1415/2 3956/1415/2 3927/1414/2
f 1380/1368/2 1346/1393/2 3872/1393/2 3910/1368/2
f 1447/1416/2 1411/1417/2 3925/1417/2 3955/1416/2
f 1338/1418/2 1371/1419/2 1372/1420/2 1339/1370/2
f 1339/1370/2 1372/1420/2 1373/1421/2 1340/1371/2
f 1340/1371/2 1373/1421/2 1374/1422/2 1341/1373/2
f 1341/1373/2 1374/1422/2 1375/1423/2 1342/1375/2
f 1342/1375/2 1375/1423/2 1376/1424/2 1343/1377/2
f 1036/1073/2 994/1034/2 3568/1034/2 3592/1073/2
f 986/1026/2 985/1025/2 3546/1025/2 3547/1026/2
f 985/1025/2 984/1024/2 3545/1024/2 3546/1025/2
f 1111/1180/2 1112/1147/2 3653/1147/2 3652/1180/2
f 1192/1220/2 1147/1219/2 3678/1219/2 3705/1220/2
f 1110/1177/2 1111/1180/2 3652/1180/2 3651/1177/2
f 1146/1218/2 1191/1217/2 3704/1217/2 3677/1218/2
f 1499/1425/2 1500/1426/2 3996/1426/2 3995/1425/2
f 1234/1314/2 1281/1313/2 3752/1313/2 3710/1314/2
f 1498/1427/2 1499/1425/2 3995/1425/2 3994/1427/2
f 1497/1428/2 1498/1427/2 3994/1427/2 3993/1428/2
f 1696/1385/2 1641/1429/2 4033/1429/2 4043/1385/2
f 1188/1212/2 1143/1211/2 3674/1211/2 3703/1212/2
f 1496/1430/2 1497/1428/2 3993/1428/2 3992/1430/2
f 1410/1431/2 1445/1389/2 3941/1389/2 3911/1431/2
f 879/921/2 878/920/2 3526/920/2 3527/921/2
f 1495/1432/2 1496/1430/2 3992/1430/2 3991/1432/2
f 878/920/2 877/919/2 3525/919/2 3526/920/2
f 1318/1346/2 1290/1319/2 3792/1319/2 3833/1346/2
f 988/1028/2 1035/1072/2 3580/1072/2 3556/1028/2
f 1186/1264/2 1187/1266/2 3688/1266/2 3687/1264/2
f 877/919/2 876/918/2 3524/918/2 3525/919/2
f 1034/1071/2 987/1027/2 3555/1027/2 3579/1071/2
f 1067/1103/2 1109/1146/2 3624/1146/2 3593/1103/2
f 1185/1261/2 1186/1264/2 3687/1264/2 3686/1261/2
f 876/918/2 875/917/2 3523/917/2 3524/918/2
f 1370/1433/2 1371/1419/2 3879/1419/2 3878/1433/2
f 875/917/2 874/916/2 3522/916/2 3523/917/2
f 1261/1293/2 1260/1292/2 3749/1292/2 3750/1293/2
f 1369/1434/2 1370/1433/2 3878/1433/2 3877/1434/2
f 1346/1393/859 1380/1368/859 1381/1435/859 1347/1394/859
f 1347/1394/860 1381/1435/860 1382/1436/860 1348/1395/860
f 1348/1395/861 1382/1436/861 1383/1437/861 1349/1396/861
f 1349/1396/862 1383/1437/862 1384/268/862 1350/267/862
f 95/44/2 96/43/2 1385/1438/2 1351/1397/2
f 1351/1397/2 1385/1438/2 1386/1439/2 1352/1398/2
f 1352/1398/863 1386/1439/863 1387/1440/863 1353/1399/863
f 1353/1399/864 1387/1440/864 1388/1441/864 1354/1400/864
f 1354/1400/865 1388/1441/865 1389/1442/865 1355/1401/865
f 1355/1401/866 1389/1442/866 1390/1443/866 1356/1402/866
f 1356/1402/867 1390/1443/867 1391/1444/867 1357/1403/867
f 1357/1403/868 1391/1444/868 1392/1445/868 1358/1404/868
f 1358/1404/869 1392/1445/869 1393/1446/869 1359/1405/869
f 1359/1405/870 1393/1446/870 1394/1447/870 1360/1406/870
f 1360/1406/871 1394/1447/871 1395/1448/871 1361/1407/871
f 1361/1407/872 1395/1448/872 1396/1449/872 1362/1408/872
f 1362/1408/873 1396/1449/873 1397/1450/873 1363/1409/873
f 1363/1409/2 1397/1450/2 1398/1451/2 1364/1410/2
f 1364/1410/2 1398/1451/2 1399/1452/2 1365/1411/2
f 1365/1411/2 1399/1452/2 1400/1453/2 1366/1454/2
f 1366/1454/2 1400/1453/2 1401/1455/2 1367/1456/2
f 1367/1456/2 1401/1455/2 1402/1457/2 1368/1458/2
f 1368/1458/2 1402/1457/2 1403/1459/2 1369/1434/2
f 1369/1434/2 1403/1459/2 1404/1460/2 1370/1433/2
f 1370/1433/2 1404/1460/2 1405/1461/2 1371/1419/2
f 1371/1419/2 1405/1461/2 1406/1462/2 1372/1420/2
f 1372/1420/2 1406/1462/2 1407/1463/2 1373/1421/2
f 1373/1421/2 1407/1463/2 1408/1464/2 1374/1422/2
f 1374/1422/2 1408/1464/2 1409/1465/2 1375/1423/2
f 1375/1423/2 1409/1465/2 1410/1431/2 1376/1424/2
f 1493/1466/2 1494/1467/2 3988/1467/2 3987/1466/2
f 874/916/2 873/915/2 3521/915/2 3522/916/2
f 1260/1292/2 1259/1291/2 3748/1291/2 3749/1292/2
f 1368/1458/2 1369/1434/2 3877/1434/2 3876/1458/2
f 1492/1468/2 1493/1466/2 3987/1466/2 3986/1468/2
f 1183/1210/2 1184/1260/2 3684/1260/2 3683/1210/2
f 1259/1291/2 1258/1290/2 3747/1290/2 3748/1291/2
f 1367/1456/2 1368/1458/2 3876/1458/2 3875/1456/2
f 1491/1469/2 1492/1468/2 3986/1468/2 3985/1469/2
f 1258/1290/2 1257/1289/2 3746/1289/2 3747/1290/2
f 1366/1454/2 1367/1456/2 3875/1456/2 3874/1454/2
f 1490/1470/2 1491/1469/2 3985/1469/2 3984/1470/2
f 1640/1471/2 1692/1391/2 4034/1391/2 4024/1471/2
f 1257/1289/2 1256/1288/2 3745/1288/2 3746/1289/2
f 1365/1411/2 1366/1454/2 3874/1454/2 3873/1411/2
f 1377/1412/2 1412/1472/2 1413/1414/2 1378/1413/2
f 1256/1288/2 1255/1287/2 3744/1287/2 3745/1288/2
f 1255/1287/2 1254/1286/2 3743/1286/2 3744/1287/2
f 1254/1286/2 1253/1285/2 3742/1285/2 3743/1286/2
f 1253/1285/2 1252/1284/2 3741/1284/2 3742/1285/2
f 984/1024/2 1031/1070/2 3569/1070/2 3545/1024/2
f 1252/1284/2 1251/1283/2 3740/1283/2 3741/1284/2
f 1317/1344/2 1316/1342/2 3805/1342/2 3806/1344/2
f 1251/1283/2 1250/1282/2 3739/1282/2 3740/1283/2
f 1589/1473/2 1538/1380/2 4007/1380/2 4022/1473/2
f 1343/1377/2 1376/1424/2 3880/1424/2 3842/1377/2
f 1249/1281/2 1248/1280/2 3737/1280/2 3738/1281/2
f 1500/1426/2 1450/1474/2 3968/1474/2 3996/1426/2
f 1313/1376/2 1314/1339/2 3804/1339/2 3803/1376/2
f 1379/1367/874 1414/1383/874 1415/1475/874 1380/1368/874
f 1380/1368/875 1415/1475/875 1416/1476/875 1381/1435/875
f 1381/1435/876 1416/1476/876 1417/1477/876 1382/1436/876
f 1382/1436/877 1417/1477/877 1418/1478/877 1383/1437/877
f 1383/1437/878 1418/1478/878 1419/269/878 1384/268/878
f 96/43/2 97/42/2 1420/1479/2 1385/1438/2
f 1385/1438/2 1420/1479/2 1421/1480/2 1386/1439/2
f 1386/1439/879 1421/1480/879 1422/1481/879 1387/1440/879
f 1387/1440/880 1422/1481/880 1423/1482/880 1388/1441/880
f 1388/1441/881 1423/1482/881 1424/1483/881 1389/1442/881
f 1389/1442/882 1424/1483/882 1425/1484/882 1390/1443/882
f 1390/1443/883 1425/1484/883 1426/1485/883 1391/1444/883
f 1391/1444/884 1426/1485/884 1427/1486/884 1392/1445/884
f 1392/1445/885 1427/1486/885 1428/1487/885 1393/1446/885
f 1393/1446/886 1428/1487/886 1429/1488/886 1394/1447/886
f 1394/1447/887 1429/1488/887 1430/1489/887 1395/1448/887
f 1395/1448/888 1430/1489/888 1431/1490/888 1396/1449/888
f 1396/1449/889 1431/1490/889 1432/1491/889 1397/1450/889
f 1397/1450/2 1432/1491/2 1433/1492/2 1398/1451/2
f 1398/1451/2 1433/1492/2 1434/1493/2 1399/1452/2
f 1399/1452/2 1434/1493/2 1435/1494/2 1400/1453/2
f 1400/1453/2 1435/1494/2 1436/1495/2 1401/1455/2
f 1401/1455/2 1436/1495/2 1437/1496/2 1402/1457/2
f 1402/1457/2 1437/1496/2 1438/1497/2 1403/1459/2
f 1403/1459/2 1438/1497/2 1439/1498/2 1404/1460/2
f 1404/1460/2 1439/1498/2 1440/1499/2 1405/1461/2
f 1405/1461/2 1440/1499/2 1441/1500/2 1406/1462/2
f 1406/1462/2 1441/1500/2 1442/1501/2 1407/1463/2
f 1407/1463/2 1442/1501/2 1443/1502/2 1408/1464/2
f 1408/1464/2 1443/1502/2 1444/1503/2 1409/1465/2
f 1409/1465/2 1444/1503/2 1445/1389/2 1410/1431/2
f 1248/1280/2 1247/1279/2 3736/1279/2 3737/1280/2
f 1312/1374/2 1313/1376/2 3803/1376/2 3802/1374/2
f 1247/1279/2 1246/1278/2 3735/1278/2 3736/1279/2
f 1311/1372/2 1312/1374/2 3802/1374/2 3801/1372/2
f 934/975/2 879/921/2 3527/921/2 3536/975/2
f 1142/1176/2 1183/1210/2 3683/1210/2 3654/1176/2
f 1246/1278/2 1245/1277/2 3734/1277/2 3735/1278/2
f 1310/1369/2 1311/1372/2 3801/1372/2 3800/1369/2
f 1486/1504/2 1487/1387/2 3974/1387/2 3973/1504/2
f 1151/1178/2 1110/1177/2 3651/1177/2 3682/1178/2
f 1753/1505/2 1754/1506/2 4050/1506/2 4049/1505/2
f 1245/1277/2 1244/1276/2 3733/1276/2 3734/1277/2
f 1485/1507/2 1486/1504/2 3973/1504/2 3972/1507/2
f 1371/1419/2 1338/1418/2 3840/1418/2 3879/1419/2
f 1411/1417/2 1447/1416/2 1448/1508/2 1412/1472/2
f 1412/1472/2 1448/1508/2 1449/1415/2 1413/1414/2
f 1752/1509/2 1753/1505/2 4049/1505/2 4048/1509/2
f 1244/1276/2 1243/1275/2 3732/1275/2 3733/1276/2
f 1484/1510/2 1485/1507/2 3972/1507/2 3971/1510/2
f 1751/1511/2 1752/1509/2 4048/1509/2 4047/1511/2
f 1243/1275/2 1242/1274/2 3731/1274/2 3732/1275/2
f 1483/1512/2 1484/1510/2 3971/1510/2 3970/1512/2
f 1750/1513/2 1751/1511/2 4047/1511/2 4046/1513/2
f 1242/1274/2 1241/1273/2 3730/1273/2 3731/1274/2
f 1109/1146/2 1108/1145/2 3623/1145/2 3624/1146/2
f 1749/1514/2 1750/1513/2 4046/1513/2 4045/1514/2
f 1241/1273/2 1240/1272/2 3729/1272/2 3730/1273/2
f 1536/1515/2 1588/1365/2 4012/1365/2 3997/1515/2
f 873/915/2 933/974/2 3530/974/2 3521/915/2
f 1414/1383/890 1451/1382/890 1452/1516/890 1415/1475/890
f 1415/1475/891 1452/1516/891 1453/1517/891 1416/1476/891
f 1416/1476/892 1453/1517/892 1454/1518/892 1417/1477/892
f 1417/1477/893 1454/1518/893 1455/1519/893 1418/1478/893
f 1418/1478/894 1455/1519/894 1456/270/894 1419/269/894
f 97/42/2 98/41/2 1457/1520/2 1420/1479/2
f 1420/1479/2 1457/1520/2 1458/1521/2 1421/1480/2
f 1421/1480/895 1458/1521/895 1459/1522/895 1422/1481/895
f 1422/1481/896 1459/1522/896 1460/1523/896 1423/1482/896
f 1423/1482/897 1460/1523/897 1461/1524/897 1424/1483/897
f 1424/1483/898 1461/1524/898 1462/1525/898 1425/1484/898
f 1425/1484/899 1462/1525/899 1463/1526/899 1426/1485/899
f 1426/1485/900 1463/1526/900 1464/1527/900 1427/1486/900
f 1427/1486/2 1464/1527/2 1465/1528/2 1428/1487/2
f 1428/1487/2 1465/1528/2 1466/1529/2 1429/1488/2
f 1429/1488/2 1466/1529/2 1467/1530/2 1430/1489/2
f 1430/1489/2 1467/1530/2 1468/1531/2 1431/1490/2
f 1431/1490/2 1468/1531/2 1469/1532/2 1432/1491/2
f 1432/1491/2 1469/1532/2 1470/1533/2 1433/1492/2
f 1433/1492/2 1470/1533/2 1471/1534/2 1434/1493/2
f 1434/1493/2 1471/1534/2 1472/1535/2 1435/1494/2
f 1435/1494/2 1472/1535/2 1473/1536/2 1436/1495/2
f 1436/1495/2 1473/1536/2 1474/1537/2 1437/1496/2
f 1437/1496/2 1474/1537/2 1475/1538/2 1438/1497/2
f 1438/1497/2 1475/1538/2 1476/1539/2 1439/1498/2
f 1439/1498/2 1476/1539/2 1477/1540/2 1440/1499/2
f 1440/1499/2 1477/1540/2 1478/1541/2 1441/1500/2
f 1441/1500/2 1478/1541/2 1479/1542/2 1442/1501/2
f 1442/1501/2 1479/1542/2 1480/1543/2 1443/1502/2
f 1443/1502/2 1480/1543/2 1481/1544/2 1444/1503/2
f 1444/1503/2 1481/1544/2 1482/1545/2 1445/1389/2
f 1445/1389/2 1482/1545/2 1483/1512/2 1446/1390/2
f 1748/1546/2 1749/1514/2 4045/1514/2 4044/1546/2
f 1240/1272/2 1239/1271/2 3728/1271/2 3729/1272/2
f 1033/1113/2 1034/1071/2 3579/1071/2 3578/1113/2
f 1239/1271/2 1238/1270/2 3727/1270/2 3728/1271/2
f 1032/1110/2 1033/1113/2 3578/1113/2 3577/1110/2
f 1337/1364/2 1365/1411/2 3873/1411/2 3834/1364/2
f 1238/1270/2 1237/1269/2 3726/1269/2 3727/1270/2
f 1411/1417/2 1412/1472/2 3926/1472/2 3925/1417/2
f 1449/1415/2 1490/1470/2 3984/1470/2 3956/1415/2
f 1237/1269/2 1236/1268/2 3725/1268/2 3726/1269/2
f 1285/1345/2 1317/1344/2 3806/1344/2 3765/1345/2
f 1488/1381/2 1447/1416/2 3955/1416/2 3983/1381/2
f 1414/1383/2 1379/1367/2 3909/1367/2 3940/1383/2
f 1447/1416/2 1488/1381/2 1489/1547/2 1448/1508/2
f 1448/1508/2 1489/1547/2 1490/1470/2 1449/1415/2
f 1314/1339/2 1282/1338/2 3762/1338/2 3804/1339/2
f 944/985/2 943/984/2 3543/984/2 3544/985/2
f 1078/1116/2 1036/1073/2 3592/1073/2 3622/1116/2
f 943/984/2 942/983/2 3542/983/2 3543/984/2
f 942/983/2 941/982/2 3541/982/2 3542/983/2
f 941/982/2 940/981/2 3540/981/2 3541/982/2
f 940/981/2 939/980/2 3539/980/2 3540/981/2
f 939/980/2 938/979/2 3538/979/2 3539/980/2
f 938/979/2 937/978/2 3537/978/2 3538/979/2
f 1150/1226/2 1151/1178/2 3682/1178/2 3681/1226/2
f 1149/1224/2 1150/1226/2 3681/1226/2 3680/1224/2
f 1148/1222/2 1149/1224/2 3680/1224/2 3679/1222/2
f 1450/1474/901 1500/1426/901 1501/1548/901 1451/1382/901
f 1451/1382/902 1501/1548/902 1502/1549/902 1452/1516/902
f 1452/1516/903 1502/1549/903 1503/1550/903 1453/1517/903
f 1453/1517/904 1503/1550/904 1504/1551/904 1454/1518/904
f 1454/1518/905 1504/1551/905 1505/1552/905 1455/1519/905
f 1455/1519/906 1505/1552/906 1506/271/906 1456/270/906
f 98/41/2 99/40/2 1507/1553/2 1457/1520/2
f 1457/1520/2 1507/1553/2 1508/1554/2 1458/1521/2
f 1458/1521/907 1508/1554/907 1509/1555/907 1459/1522/907
f 1459/1522/908 1509/1555/908 1510/1556/908 1460/1523/908
f 1460/1523/909 1510/1556/909 1511/1557/909 1461/1524/909
f 1461/1524/910 1511/1557/910 1512/1558/910 1462/1525/910
f 1462/1525/911 1512/1558/911 1513/1559/911 1463/1526/911
f 1463/1526/2 1513/1559/2 1514/1560/2 1464/1527/2
f 1464/1527/2 1514/1560/2 1515/1561/2 1465/1528/2
f 1465/1528/2 1515/1561/2 1516/1562/2 1466/1529/2
f 1466/1529/2 1516/1562/2 1517/1563/2 1467/1530/2
f 1467/1530/2 1517/1563/2 1518/1564/2 1468/1531/2
f 1468/1531/2 1518/1564/2 1519/1565/2 1469/1532/2
f 1469/1532/2 1519/1565/2 1520/1566/2 1470/1533/2
f 1470/1533/2 1520/1566/2 1521/1567/2 1471/1534/2
f 1471/1534/2 1521/1567/2 1522/1568/2 1472/1535/2
f 1472/1535/2 1522/1568/2 1523/1569/2 1473/1536/2
f 1473/1536/2 1523/1569/2 1524/1570/2 1474/1537/2
f 1474/1537/2 1524/1570/2 1525/1571/2 1475/1538/2
f 1475/1538/2 1525/1571/2 1526/1572/2 1476/1539/2
f 1476/1539/2 1526/1572/2 1527/1573/2 1477/1540/2
f 1477/1540/2 1527/1573/2 1528/1574/2 1478/1541/2
f 1478/1541/2 1528/1574/2 1529/1575/2 1479/1542/2
f 1479/1542/2 1529/1575/2 1530/1576/2 1480/1543/2
f 1480/1543/2 1530/1576/2 1531/1577/2 1481/1544/2
f 1481/1544/2 1531/1577/2 1532/1578/2 1482/1545/2
f 1482/1545/2 1532/1578/2 1533/1579/2 1483/1512/2
f 1483/1512/2 1533/1579/2 1534/1580/2 1484/1510/2
f 1484/1510/2 1534/1580/2 1535/1581/2 1485/1507/2
f 1485/1507/2 1535/1581/2 1536/1515/2 1486/1504/2
f 1486/1504/2 1536/1515/2 1537/1388/2 1487/1387/2
f 1280/1312/2 1309/1337/2 3793/1337/2 3751/1312/2
f 1147/1219/2 1148/1222/2 3679/1222/2 3678/1219/2
f 1446/1390/2 1483/1512/2 3970/1512/2 3942/1390/2
f 1235/1267/2 1188/1212/2 3703/1212/2 3724/1267/2
f 1378/1413/2 1413/1414/2 3927/1414/2 3896/1413/2
f 1233/1265/2 1234/1314/2 3710/1314/2 3709/1265/2
f 1546/1582/2 1547/1583/2 4011/1583/2 4010/1582/2
f 1754/1506/2 1694/1386/2 4041/1386/2 4050/1506/2
f 1145/1216/2 1146/1218/2 3677/1218/2 3676/1216/2
f 1488/1381/2 1538/1380/2 1539/1584/2 1489/1547/2
f 1489/1547/2 1539/1584/2 1540/1585/2 1490/1470/2
f 1490/1470/2 1540/1585/2 1541/1586/2 1491/1469/2
f 1491/1469/912 1541/1586/912 1542/1587/912 1492/1468/912
f 1492/1468/913 1542/1587/913 1543/1588/913 1493/1466/913
f 1493/1466/914 1543/1588/914 1544/1589/914 1494/1467/914
f 1639/1366/2 1640/1471/2 4024/1471/2 4023/1366/2
f 1412/1472/2 1377/1412/2 3895/1412/2 3926/1472/2
f 1545/1590/2 1546/1582/2 4010/1582/2 4009/1590/2
f 1495/1432/915 1547/1583/915 1548/1591/915 1496/1430/915
f 1496/1430/916 1548/1591/916 1549/1592/916 1497/1428/916
f 1497/1428/917 1549/1592/917 1550/1593/917 1498/1427/917
f 1498/1427/918 1550/1593/918 1551/1594/918 1499/1425/918
f 1499/1425/919 1551/1594/919 1552/1595/919 1500/1426/919
f 1500/1426/920 1552/1595/920 1553/1596/920 1501/1548/920
f 1501/1548/921 1553/1596/921 1554/1597/921 1502/1549/921
f 1502/1549/922 1554/1597/922 1555/1598/922 1503/1550/922
f 1503/1550/923 1555/1598/923 1556/1599/923 1504/1551/923
f 1504/1551/924 1556/1599/924 1557/1600/924 1505/1552/924
f 1505/1552/925 1557/1600/925 1558/272/925 1506/271/925
f 99/40/2 100/39/2 1559/1601/2 1507/1553/2
f 1507/1553/2 1559/1601/2 1560/1602/2 1508/1554/2
f 1508/1554/926 1560/1602/926 1561/1603/926 1509/1555/926
f 1509/1555/927 1561/1603/927 1562/1604/927 1510/1556/927
f 1510/1556/928 1562/1604/928 1563/1605/928 1511/1557/928
f 1511/1557/929 1563/1605/929 1564/1606/929 1512/1558/929
f 1512/1558/2 1564/1606/2 1565/1607/2 1513/1559/2
f 1513/1559/2 1565/1607/2 1566/1608/2 1514/1560/2
f 1514/1560/2 1566/1608/2 1567/1609/2 1515/1561/2
f 1515/1561/2 1567/1609/2 1568/1610/2 1516/1562/2
f 1516/1562/2 1568/1610/2 1569/1611/2 1517/1563/2
f 1517/1563/2 1569/1611/2 1570/1612/2 1518/1564/2
f 1518/1564/2 1570/1612/2 1571/1613/2 1519/1565/2
f 1519/1565/2 1571/1613/2 1572/1614/2 1520/1566/2
f 1520/1566/2 1572/1614/2 1573/1615/2 1521/1567/2
f 1521/1567/2 1573/1615/2 1574/1616/2 1522/1568/2
f 1522/1568/2 1574/1616/2 1575/1617/2 1523/1569/2
f 1523/1569/2 1575/1617/2 1576/1618/2 1524/1570/2
f 1524/1570/2 1576/1618/2 1577/1619/2 1525/1571/2
f 1525/1571/2 1577/1619/2 1578/1620/2 1526/1572/2
f 1526/1572/2 1578/1620/2 1579/1621/2 1527/1573/2
f 1527/1573/2 1579/1621/2 1580/1622/2 1528/1574/2
f 1528/1574/2 1580/1622/2 1581/1623/2 1529/1575/2
f 1529/1575/2 1581/1623/2 1582/1624/2 1530/1576/2
f 1530/1576/2 1582/1624/2 1583/1625/2 1531/1577/2
f 1531/1577/2 1583/1625/2 1584/1626/2 1532/1578/2
f 1532/1578/2 1584/1626/2 1585/1627/2 1533/1579/2
f 1533/1579/2 1585/1627/2 1586/1628/2 1534/1580/2
f 1534/1580/2 1586/1628/2 1587/1629/2 1535/1581/2
f 1535/1581/2 1587/1629/2 1588/1365/2 1536/1515/2
f 1346/1393/2 1318/1346/2 3833/1346/2 3872/1393/2
f 1035/1072/2 1077/1115/2 3610/1115/2 3580/1072/2
f 1144/1214/2 1145/1216/2 3676/1216/2 3675/1214/2
f 1544/1589/2 1545/1590/2 4009/1590/2 4008/1589/2
f 1143/1211/2 1144/1214/2 3675/1214/2 3674/1211/2
f 1230/1309/2 1231/1262/2 3708/1262/2 3707/1309/2
f 1108/1145/2 1142/1176/2 3654/1176/2 3623/1145/2
f 1229/1259/2 1230/1309/2 3707/1309/2 3706/1259/2
f 1074/1111/2 1032/1110/2 3577/1110/2 3607/1111/2
f 933/974/2 932/973/2 3529/973/2 3530/974/2
f 1538/1380/2 1589/1473/2 1590/1630/2 1539/1584/2
f 1539/1584/2 1590/1630/2 1591/1631/2 1540/1585/2
f 1540/1585/2 1591/1631/2 1592/1632/2 1541/1586/2
f 1541/1586/930 1592/1632/930 1593/1633/930 1542/1587/930
f 1542/1587/931 1593/1633/931 1594/1634/931 1543/1588/931
f 1543/1588/932 1594/1634/932 1595/1635/932 1544/1589/932
f 1544/1589/933 1595/1635/933 1596/1636/933 1545/1590/933
f 1545/1590/934 1596/1636/934 1597/1637/934 1546/1582/934
f 1546/1582/935 1597/1637/935 1598/1638/935 1547/1583/935
f 1547/1583/936 1598/1638/936 1599/1639/936 1548/1591/936
f 1548/1591/937 1599/1639/937 1600/1640/937 1549/1592/937
f 1549/1592/938 1600/1640/938 1601/1641/938 1550/1593/938
f 1550/1593/2 1601/1641/2 1602/1642/2 1551/1594/2
f 1551/1594/939 1602/1642/939 1603/1643/939 1552/1595/939
f 1552/1595/940 1603/1643/940 1604/1644/940 1553/1596/940
f 1553/1596/941 1604/1644/941 1605/1645/941 1554/1597/941
f 1554/1597/942 1605/1645/942 1606/1646/942 1555/1598/942
f 1555/1598/943 1606/1646/943 1607/1647/943 1556/1599/943
f 1556/1599/944 1607/1647/944 1608/1648/944 1557/1600/944
f 1557/1600/945 1608/1648/945 1609/273/945 1558/272/945
f 100/39/2 101/38/2 1610/1649/2 1559/1601/2
f 1559/1601/2 1610/1649/2 1611/1650/2 1560/1602/2
f 1560/1602/946 1611/1650/946 1612/1651/946 1561/1603/946
f 1561/1603/947 1612/1651/947 1613/1652/947 1562/1604/947
f 1562/1604/948 1613/1652/948 1614/1653/948 1563/1605/948
f 1563/1605/949 1614/1653/949 1615/1654/949 1564/1606/949
f 1564/1606/2 1615/1654/2 1616/1655/2 1565/1607/2
f 1565/1607/2 1616/1655/2 1617/1656/2 1566/1608/2
f 1566/1608/2 1617/1656/2 1618/1657/2 1567/1609/2
f 1567/1609/2 1618/1657/2 1619/1658/2 1568/1610/2
f 1568/1610/2 1619/1658/2 1620/1659/2 1569/1611/2
f 1569/1611/2 1620/1659/2 1621/1660/2 1570/1612/2
f 1570/1612/2 1621/1660/2 1622/1661/2 1571/1613/2
f 1571/1613/2 1622/1661/2 1623/1662/2 1572/1614/2
f 1572/1614/2 1623/1662/2 1624/1663/2 1573/1615/2
f 1573/1615/2 1624/1663/2 1625/1664/2 1574/1616/2
f 1574/1616/2 1625/1664/2 1626/1665/2 1575/1617/2
f 1575/1617/2 1626/1665/2 1627/1666/2 1576/1618/2
f 1576/1618/2 1627/1666/2 1628/1667/2 1577/1619/2
f 1577/1619/2 1628/1667/2 1629/1668/2 1578/1620/2
f 1578/1620/2 1629/1668/2 1630/1669/2 1579/1621/2
f 1579/1621/2 1630/1669/2 1631/1670/2 1580/1622/2
f 1580/1622/2 1631/1670/2 1632/1671/2 1581/1623/2
f 1581/1623/2 1632/1671/2 1633/1672/2 1582/1624/2
f 1582/1624/2 1633/1672/2 1634/1673/2 1583/1625/2
f 1583/1625/2 1634/1673/2 1635/1674/2 1584/1626/2
f 1584/1626/2 1635/1674/2 1636/1675/2 1585/1627/2
f 1585/1627/2 1636/1675/2 1637/1676/2 1586/1628/2
f 1586/1628/2 1637/1676/2 1638/1677/2 1587/1629/2
f 1587/1629/2 1638/1677/2 1639/1366/2 1588/1365/2
f 932/973/2 931/972/2 3528/972/2 3529/973/2
f 1693/1392/2 1748/1546/2 4044/1546/2 4035/1392/2
f 991/1031/2 944/985/2 3544/985/2 3565/1031/2
f 1450/1474/2 1451/1382/2 3969/1382/2 3968/1474/2
f 4/1678/2 3/1678/2 3517/1678/2 3520/1678/2
f 1031/1070/2 1073/1109/2 3599/1109/2 3569/1070/2
f 1345/1379/2 1344/1378/2 3843/1378/2 3844/1379/2
f 2/1678/2 4/1678/2 3520/1678/2 3519/1678/2
f 1289/1318/2 1288/1317/2 3780/1317/2 3781/1318/2
f 1187/1266/2 1233/1265/2 3709/1265/2 3688/1266/2
f 1589/1473/2 1641/1429/2 1642/1679/2 1590/1630/2
f 1590/1630/2 1642/1679/2 1643/1680/2 1591/1631/2
f 1591/1631/2 1643/1680/2 1644/1681/2 1592/1632/2
f 1592/1632/950 1644/1681/950 1645/1682/950 1593/1633/950
f 1593/1633/951 1645/1682/951 1646/1683/951 1594/1634/951
f 1594/1634/952 1646/1683/952 1647/1684/952 1595/1635/952
f 1595/1635/953 1647/1684/953 1648/1685/953 1596/1636/953
f 1596/1636/954 1648/1685/954 1649/1686/954 1597/1637/954
f 1597/1637/955 1649/1686/955 1650/1687/955 1598/1638/955
f 1598/1638/956 1650/1687/956 1651/1688/956 1599/1639/956
f 1599/1639/957 1651/1688/957 1652/1689/957 1600/1640/957
f 1600/1640/958 1652/1689/958 1653/1690/958 1601/1641/958
f 1601/1641/959 1653/1690/959 1654/1691/959 1602/1642/959
f 1602/1642/960 1654/1691/960 1655/1692/960 1603/1643/960
f 1603/1643/961 1655/1692/961 1656/1693/961 1604/1644/961
f 1604/1644/962 1656/1693/962 1657/1694/962 1605/1645/962
f 1605/1645/963 1657/1694/963 1658/1695/963 1606/1646/963
f 1606/1646/964 1658/1695/964 1659/1696/964 1607/1647/964
f 1607/1647/965 1659/1696/965 1660/1697/965 1608/1648/965
f 1608/1648/966 1660/1697/966 1661/274/966 1609/273/966
f 101/38/2 102/37/2 1662/1698/2 1610/1649/2
f 1610/1649/967 1662/1698/967 1663/1699/967 1611/1650/967
f 1611/1650/968 1663/1699/968 1664/1700/968 1612/1651/968
f 1612/1651/969 1664/1700/969 1665/1701/969 1613/1652/969
f 1613/1652/970 1665/1701/970 1666/1702/970 1614/1653/970
f 1614/1653/971 1666/1702/971 1667/1703/971 1615/1654/971
f 1615/1654/2 1667/1703/2 1668/1704/2 1616/1655/2
f 1616/1655/2 1668/1704/2 1669/1705/2 1617/1656/2
f 1617/1656/2 1669/1705/2 1670/1706/2 1618/1657/2
f 1618/1657/2 1670/1706/2 1671/1707/2 1619/1658/2
f 1619/1658/2 1671/1707/2 1672/1708/2 1620/1659/2
f 1620/1659/2 1672/1708/2 1673/1709/2 1621/1660/2
f 1621/1660/2 1673/1709/2 1674/1710/2 1622/1661/2
f 1622/1661/2 1674/1710/2 1675/1711/2 1623/1662/2
f 1623/1662/2 1675/1711/2 1676/1712/2 1624/1663/2
f 1624/1663/2 1676/1712/2 1677/1713/2 1625/1664/2
f 1625/1664/2 1677/1713/2 1678/1714/2 1626/1665/2
f 1626/1665/2 1678/1714/2 1679/1715/2 1627/1666/2
f 1627/1666/2 1679/1715/2 1680/1716/2 1628/1667/2
f 1628/1667/2 1680/1716/2 1681/1717/2 1629/1668/2
f 1629/1668/2 1681/1717/2 1682/1718/2 1630/1669/2
f 1630/1669/2 1682/1718/2 1683/1719/2 1631/1670/2
f 1631/1670/2 1683/1719/2 1684/1720/2 1632/1671/2
f 1632/1671/2 1684/1720/2 1685/1721/2 1633/1672/2
f 1633/1672/2 1685/1721/2 1686/1722/2 1634/1673/2
f 1634/1673/2 1686/1722/2 1687/1723/2 1635/1674/2
f 1635/1674/2 1687/1723/2 1688/1724/2 1636/1675/2
f 1636/1675/2 1688/1724/2 1689/1725/2 1637/1676/2
f 1637/1676/2 1689/1725/2 1690/1726/2 1638/1677/2
f 1638/1677/2 1690/1726/2 1691/1727/2 1639/1366/2
f 1639/1366/2 1691/1727/2 1692/1391/2 1640/1471/2
f 1344/1378/2 1343/1377/2 3842/1377/2 3843/1378/2
f 1/1678/2 2/1678/2 3519/1678/2 3518/1678/2
f 1641/1429/2 1589/1473/2 4022/1473/2 4033/1429/2
f 937/978/2 990/1030/2 3558/1030/2 3537/978/2
f 3/1678/2 1/1678/2 3518/1678/2 3517/1678/2
f 1376/1424/2 1410/1431/2 3911/1431/2 3880/1424/2
f 1231/1262/2 1185/1261/2 3686/1261/2 3708/1262/2
f 1290/1319/2 1261/1293/2 3750/1293/2 3792/1319/2
f 1184/1260/2 1229/1259/2 3706/1259/2 3684/1260/2
f 1641/1429/2 1696/1385/2 1697/1728/2 1642/1679/2
f 1642/1679/2 1697/1728/2 1698/1729/2 1643/1680/2
f 1643/1680/2 1698/1729/2 1699/1730/2 1644/1681/2
f 1644/1681/972 1699/1730/972 1700/1731/972 1645/1682/972
f 1645/1682/973 1700/1731/973 1701/1732/973 1646/1683/973
f 1646/1683/974 1701/1732/974 1702/1733/974 1647/1684/974
f 1647/1684/975 1702/1733/975 1703/1734/975 1648/1685/975
f 1648/1685/976 1703/1734/976 1704/1735/976 1649/1686/976
f 1649/1686/977 1704/1735/977 1705/1736/977 1650/1687/977
f 1650/1687/978 1705/1736/978 1706/1737/978 1651/1688/978
f 1651/1688/979 1706/1737/979 1707/1738/979 1652/1689/979
f 1652/1689/980 1707/1738/980 1708/1739/980 1653/1690/980
f 1653/1690/981 1708/1739/981 1709/1740/981 1654/1691/981
f 1654/1691/982 1709/1740/982 1710/1741/982 1655/1692/982
f 1655/1692/983 1710/1741/983 1711/1742/983 1656/1693/983
f 1656/1693/984 1711/1742/984 1712/1743/984 1657/1694/984
f 1657/1694/985 1712/1743/985 1713/1744/985 1658/1695/985
f 1658/1695/986 1713/1744/986 1714/1745/986 1659/1696/986
f 1659/1696/987 1714/1745/987 1715/1746/987 1660/1697/987
f 1660/1697/988 1715/1746/988 1716/275/988 1661/274/988
f 102/37/2 103/36/2 1717/1747/2 1662/1698/2
f 1662/1698/989 1717/1747/989 1718/1748/989 1663/1699/989
f 1663/1699/990 1718/1748/990 1719/1749/990 1664/1700/990
f 1664/1700/991 1719/1749/991 1720/1750/991 1665/1701/991
f 1665/1701/992 1720/1750/992 1721/1751/992 1666/1702/992
f 1666/1702/993 1721/1751/993 1722/1752/993 1667/1703/993
f 1667/1703/2 1722/1752/2 1723/1753/2 1668/1704/2
f 1668/1704/2 1723/1753/2 1724/1754/2 1669/1705/2
f 1669/1705/2 1724/1754/2 1725/1755/2 1670/1706/2
f 1670/1706/2 1725/1755/2 1726/1756/2 1671/1707/2
f 1671/1707/2 1726/1756/2 1727/1757/2 1672/1708/2
f 1672/1708/2 1727/1757/2 1728/1758/2 1673/1709/2
f 1673/1709/2 1728/1758/2 1729/1759/2 1674/1710/2
f 1674/1710/2 1729/1759/2 1730/1760/2 1675/1711/2
f 1675/1711/2 1730/1760/2 1731/1761/2 1676/1712/2
f 1676/1712/2 1731/1761/2 1732/1762/2 1677/1713/2
f 1677/1713/2 1732/1762/2 1733/1763/2 1678/1714/2
f 1678/1714/2 1733/1763/2 1734/1764/2 1679/1715/2
f 1679/1715/2 1734/1764/2 1735/1765/2 1680/1716/2
f 1680/1716/2 1735/1765/2 1736/1766/2 1681/1717/2
f 1681/1717/2 1736/1766/2 1737/1767/2 1682/1718/2
f 1682/1718/2 1737/1767/2 1738/1768/2 1683/1719/2
f 1683/1719/2 1738/1768/2 1739/1769/2 1684/1720/2
f 1684/1720/2 1739/1769/2 1740/1770/2 1685/1721/2
f 1685/1721/2 1740/1770/2 1741/1771/2 1686/1722/2
f 1686/1722/2 1741/1771/2 1742/1772/2 1687/1723/2
f 1687/1723/2 1742/1772/2 1743/1773/2 1688/1724/2
f 1688/1724/2 1743/1773/2 1744/1774/2 1689/1725/2
f 1689/1725/2 1744/1774/2 1745/1775/2 1690/1726/2
f 1690/1726/2 1745/1775/2 1746/1776/2 1691/1727/2
f 1691/1727/2 1746/1776/2 1747/1777/2 1692/1391/2
f 1692/1391/2 1747/1777/2 1748/1546/2 1693/1392/2
f 987/1027/2 934/975/2 3536/975/2 3555/1027/2
f 1537/1388/2 1536/1515/2 3997/1515/2 3998/1388/2
f 1338/1418/2 1339/1370/2 3841/1370/2 3840/1418/2
f 1547/1583/2 1495/1432/2 3991/1432/2 4011/1583/2
f 1077/1115/2 1076/1114/2 3609/1114/2 3610/1115/2
f 1494/1467/2 1544/1589/2 4008/1589/2 3988/1467/2
f 1694/1386/2 1754/1506/2 1755/1778/2 1695/1384/2
f 1695/1384/2 1755/1778/2 1756/1779/2 1696/1385/2
f 1696/1385/2 1756/1779/2 1757/1780/2 1697/1728/2
f 1697/1728/2 1757/1780/2 1758/1781/2 1698/1729/2
f 1698/1729/2 1758/1781/2 1759/1782/2 1699/1730/2
f 1699/1730/2 1759/1782/2 1760/1783/2 1700/1731/2
f 1700/1731/994 1760/1783/994 1761/1784/994 1701/1732/994
f 1701/1732/995 1761/1784/995 1762/1785/995 1702/1733/995
f 1702/1733/996 1762/1785/996 1763/1786/996 1703/1734/996
f 1703/1734/997 1763/1786/997 1764/1787/997 1704/1735/997
f 1704/1735/998 1764/1787/998 1765/1788/998 1705/1736/998
f 1705/1736/999 1765/1788/999 1766/1789/999 1706/1737/999
f 1706/1737/1000 1766/1789/1000 1767/1790/1000 1707/1738/1000
f 1707/1738/1001 1767/1790/1001 1768/1791/1001 1708/1739/1001
f 1708/1739/1002 1768/1791/1002 1769/1792/1002 1709/1740/1002
f 1709/1740/1003 1769/1792/1003 1770/1793/1003 1710/1741/1003
f 1710/1741/1004 1770/1793/1004 1771/1794/1004 1711/1742/1004
f 1711/1742/1005 1771/1794/1005 1772/1795/1005 1712/1743/1005
f 1712/1743/1006 1772/1795/1006 1773/1796/1006 1713/1744/1006
f 1713/1744/1007 1773/1796/1007 1774/1797/1007 1714/1745/1007
f 1714/1745/1008 1774/1797/1008 1775/1798/1008 1715/1746/1008
f 1715/1746/1009 1775/1798/1009 1776/276/1009 1716/275/1009
f 103/36/1010 104/35/1010 1777/1799/1010 1717/1747/1010
f 1717/1747/1011 1777/1799/1011 1778/1800/1011 1718/1748/1011
f 1718/1748/1012 1778/1800/1012 1779/1801/1012 1719/1749/1012
f 1719/1749/1013 1779/1801/1013 1780/1802/1013 1720/1750/1013
f 1720/1750/1014 1780/1802/1014 1781/1803/1014 1721/1751/1014
f 1721/1751/1015 1781/1803/1015 1782/1804/1015 1722/1752/1015
f 1722/1752/2 1782/1804/2 1783/1805/2 1723/1753/2
f 1723/1753/2 1783/1805/2 1784/1806/2 1724/1754/2
f 1724/1754/2 1784/1806/2 1785/1807/2 1725/1755/2
f 1725/1755/2 1785/1807/2 1786/1808/2 1726/1756/2
f 1726/1756/2 1786/1808/2 1787/1809/2 1727/1757/2
f 1727/1757/2 1787/1809/2 1788/1810/2 1728/1758/2
f 1728/1758/2 1788/1810/2 1789/1811/2 1729/1759/2
f 1729/1759/2 1789/1811/2 1790/1812/2 1730/1760/2
f 1730/1760/2 1790/1812/2 1791/1813/2 1731/1761/2
f 1731/1761/2 1791/1813/2 1792/1814/2 1732/1762/2
f 1732/1762/2 1792/1814/2 1793/1815/2 1733/1763/2
f 1733/1763/2 1793/1815/2 1794/1816/2 1734/1764/2
f 1734/1764/2 1794/1816/2 1795/1817/2 1735/1765/2
f 1735/1765/2 1795/1817/2 1796/1818/2 1736/1766/2
f 1736/1766/2 1796/1818/2 1797/1819/2 1737/1767/2
f 1737/1767/2 1797/1819/2 1798/1820/2 1738/1768/2
f 1738/1768/2 1798/1820/2 1799/1821/2 1739/1769/2
f 1739/1769/2 1799/1821/2 1800/1822/2 1740/1770/2
f 1740/1770/2 1800/1822/2 1801/1823/2 1741/1771/2
f 1741/1771/2 1801/1823/2 1802/1824/2 1742/1772/2
f 1742/1772/2 1802/1824/2 1803/1825/2 1743/1773/2
f 1743/1773/2 1803/1825/2 1804/1826/2 1744/1774/2
f 1744/1774/2 1804/1826/2 1805/1827/2 1745/1775/2
f 1745/1775/2 1805/1827/2 1806/1828/2 1746/1776/2
f 1746/1776/2 1806/1828/2 1807/1829/2 1747/1777/2
f 1747/1777/2 1807/1829/2 1808/1830/2 1748/1546/2
f 1748/1546/2 1808/1830/2 1809/1831/2 1749/1514/2
f 1749/1514/2 1809/1831/2 1810/1832/2 1750/1513/2
f 1750/1513/2 1810/1832/2 1811/1833/2 1751/1511/2
f 1751/1511/2 1811/1833/2 1812/1834/2 1752/1509/2
f 1752/1509/2 1812/1834/2 1813/1835/2 1753/1505/2
f 1753/1505/2 1813/1835/2 1814/1836/2 1754/1506/2
f 1754/1506/2 1814/1836/2 1815/1837/2 1755/1778/2
f 1755/1778/2 1815/1837/2 1816/1838/2 1756/1779/2
f 1756/1779/2 1816/1838/2 1817/1839/2 1757/1780/2
f 1757/1780/2 1817/1839/2 1818/1840/2 1758/1781/2
f 1758/1781/2 1818/1840/2 1819/1841/2 1759/1782/2
f 1759/1782/2 1819/1841/2 1820/1842/2 1760/1783/2
f 1760/1783/2 1820/1842/2 1821/1843/2 1761/1784/2
f 1761/1784/2 1821/1843/2 1822/1844/2 1762/1785/2
f 1762/1785/1016 1822/1844/1016 1823/1845/1016 1763/1786/1016
f 1763/1786/1017 1823/1845/1017 1824/1846/1017 1764/1787/1017
f 1764/1787/1018 1824/1846/1018 1825/1847/1018 1765/1788/1018
f 1765/1788/1019 1825/1847/1019 1826/1848/1019 1766/1789/1019
f 1766/1789/1020 1826/1848/1020 1827/1849/1020 1767/1790/1020
f 1767/1790/1021 1827/1849/1021 1828/1850/1021 1768/1791/1021
f 1768/1791/1022 1828/1850/1022 1829/1851/1022 1769/1792/1022
f 1769/1792/1023 1829/1851/1023 1830/1852/1023 1770/1793/1023
f 1770/1793/1024 1830/1852/1024 1831/1853/1024 1771/1794/1024
f 1771/1794/1025 1831/1853/1025 1832/1854/1025 1772/1795/1025
f 1772/1795/1026 1832/1854/1026 1833/1855/1026 1773/1796/1026
f 1773/1796/1027 1833/1855/1027 1834/1856/1027 1774/1797/1027
f 1774/1797/1028 1834/1856/1028 1835/1857/1028 1775/1798/1028
f 1775/1798/1029 1835/1857/1029 1836/277/1029 1776/276/1029
f 104/35/1030 105/34/1030 1837/1858/1030 1777/1799/1030
f 1777/1799/1031 1837/1858/1031 1838/1859/1031 1778/1800/1031
f 1778/1800/1032 1838/1859/1032 1839/1860/1032 1779/1801/1032
f 1779/1801/1033 1839/1860/1033 1840/1861/1033 1780/1802/1033
f 1780/1802/1034 1840/1861/1034 1841/1862/1034 1781/1803/1034
f 1781/1803/1035 1841/1862/1035 1842/1863/1035 1782/1804/1035
f 1782/1804/2 1842/1863/2 1843/1864/2 1783/1805/2
f 1783/1805/2 1843/1864/2 1844/1865/2 1784/1806/2
f 1784/1806/2 1844/1865/2 1845/1866/2 1785/1807/2
f 1785/1807/2 1845/1866/2 1846/1867/2 1786/1808/2
f 1786/1808/2 1846/1867/2 1847/1868/2 1787/1809/2
f 1787/1809/2 1847/1868/2 1848/1869/2 1788/1810/2
f 1788/1810/2 1848/1869/2 1849/1870/2 1789/1811/2
f 1789/1811/2 1849/1870/2 1850/1871/2 1790/1812/2
f 1790/1812/2 1850/1871/2 1851/1872/2 1791/1813/2
f 1791/1813/2 1851/1872/2 1852/1873/2 1792/1814/2
f 1792/1814/2 1852/1873/2 1853/1874/2 1793/1815/2
f 1793/1815/2 1853/1874/2 1854/1875/2 1794/1816/2
f 1794/1816/2 1854/1875/2 1855/1876/2 1795/1817/2
f 1795/1817/2 1855/1876/2 1856/1877/2 1796/1818/2
f 1796/1818/2 1856/1877/2 1857/1878/2 1797/1819/2
f 1797/1819/2 1857/1878/2 1858/1879/2 1798/1820/2
f 1798/1820/2 1858/1879/2 1859/1880/2 1799/1821/2
f 1799/1821/2 1859/1880/2 1860/1881/2 1800/1822/2
f 1800/1822/2 1860/1881/2 1861/1882/2 1801/1823/2
f 1801/1823/2 1861/1882/2 1862/1883/2 1802/1824/2
f 1802/1824/2 1862/1883/2 1863/1884/2 1803/1825/2
f 1803/1825/2 1863/1884/2 1864/1885/2 1804/1826/2
f 1804/1826/2 1864/1885/2 1865/1886/2 1805/1827/2
f 1805/1827/2 1865/1886/2 1866/1887/2 1806/1828/2
f 1806/1828/2 1866/1887/2 1867/1888/2 1807/1829/2
f 1807/1829/2 1867/1888/2 1868/1889/2 1808/1830/2
f 1808/1830/2 1868/1889/2 1869/1890/2 1809/1831/2
f 1809/1831/2 1869/1890/2 1870/1891/2 1810/1832/2
f 1810/1832/2 1870/1891/2 1871/1892/2 1811/1833/2
f 1811/1833/2 1871/1892/2 1872/1893/2 1812/1834/2
f 1812/1834/2 1872/1893/2 1873/1894/2 1813/1835/2
f 1813/1835/2 1873/1894/2 1874/1895/2 1814/1836/2
f 1814/1836/2 1874/1895/2 1875/1896/2 1815/1837/2
f 1815/1837/2 1875/1896/2 1876/1897/2 1816/1838/2
f 1816/1838/2 1876/1897/2 1877/1898/2 1817/1839/2
f 1817/1839/2 1877/1898/2 1878/1899/2 1818/1840/2
f 1818/1840/2 1878/1899/2 1879/1900/2 1819/1841/2
f 1819/1841/2 1879/1900/2 1880/1901/2 1820/1842/2
f 1820/1842/2 1880/1901/2 1881/1902/2 1821/1843/2
f 1821/1843/2 1881/1902/2 1882/1903/2 1822/1844/2
f 1822/1844/2 1882/1903/2 1883/1904/2 1823/1845/2
f 1823/1845/1036 1883/1904/1036 1884/1905/1036 1824/1846/1036
f 1824/1846/1037 1884/1905/1037 1885/1906/1037 1825/1847/1037
f 1825/1847/1038 1885/1906/1038 1886/1907/1038 1826/1848/1038
f 1826/1848/1039 1886/1907/1039 1887/1908/1039 1827/1849/1039
f 1827/1849/1040 1887/1908/1040 1888/1909/1040 1828/1850/1040
f 1828/1850/1041 1888/1909/1041 1889/1910/1041 1829/1851/1041
f 1829/1851/1042 1889/1910/1042 1890/1911/1042 1830/1852/1042
f 1830/1852/1043 1890/1911/1043 1891/1912/1043 1831/1853/1043
f 1831/1853/1044 1891/1912/1044 1892/1913/1044 1832/1854/1044
f 1832/1854/1045 1892/1913/1045 1893/1914/1045 1833/1855/1045
f 1833/1855/1046 1893/1914/1046 1894/1915/1046 1834/1856/1046
f 1834/1856/1047 1894/1915/1047 1895/1916/1047 1835/1857/1047
f 1835/1857/1048 1895/1916/1048 1896/278/1048 1836/277/1048
f 105/34/1049 106/33/1049 1897/1917/1049 1837/1858/1049
f 1837/1858/1050 1897/1917/1050 1898/1918/1050 1838/1859/1050
f 1838/1859/1051 1898/1918/1051 1899/1919/1051 1839/1860/1051
f 1839/1860/1052 1899/1919/1052 1900/1920/1052 1840/1861/1052
f 1840/1861/1053 1900/1920/1053 1901/1921/1053 1841/1862/1053
f 1841/1862/1054 1901/1921/1054 1902/1922/1054 1842/1863/1054
f 1842/1863/2 1902/1922/2 1903/1923/2 1843/1864/2
f 1843/1864/2 1903/1923/2 1904/1924/2 1844/1865/2
f 1844/1865/2 1904/1924/2 1905/1925/2 1845/1866/2
f 1845/1866/2 1905/1925/2 1906/1926/2 1846/1867/2
f 1846/1867/2 1906/1926/2 1907/1927/2 1847/1868/2
f 1847/1868/2 1907/1927/2 1908/1928/2 1848/1869/2
f 1848/1869/2 1908/1928/2 1909/1929/2 1849/1870/2
f 1849/1870/2 1909/1929/2 1910/1930/2 1850/1871/2
f 1850/1871/2 1910/1930/2 1911/1931/2 1851/1872/2
f 1851/1872/2 1911/1931/2 1912/1932/2 1852/1873/2
f 1852/1873/2 1912/1932/2 1913/1933/2 1853/1874/2
f 1853/1874/2 1913/1933/2 1914/1934/2 1854/1875/2
f 1854/1875/2 1914/1934/2 1915/1935/2 1855/1876/2
f 1855/1876/2 1915/1935/2 1916/1936/2 1856/1877/2
f 1856/1877/2 1916/1936/2 1917/1937/2 1857/1878/2
f 1857/1878/2 1917/1937/2 1918/1938/2 1858/1879/2
f 1858/1879/2 1918/1938/2 1919/1939/2 1859/1880/2
f 1859/1880/2 1919/1939/2 1920/1940/2 1860/1881/2
f 1860/1881/2 1920/1940/2 1921/1941/2 1861/1882/2
f 1861/1882/2 1921/1941/2 1922/1942/2 1862/1883/2
f 1862/1883/2 1922/1942/2 1923/1943/2 1863/1884/2
f 1863/1884/2 1923/1943/2 1924/1944/2 1864/1885/2
f 1864/1885/2 1924/1944/2 1925/1945/2 1865/1886/2
f 1865/1886/2 1925/1945/2 1926/1946/2 1866/1887/2
f 1866/1887/2 1926/1946/2 1927/1947/2 1867/1888/2
f 1867/1888/2 1927/1947/2 1928/1948/2 1868/1889/2
f 1868/1889/2 1928/1948/2 1929/1949/2 1869/1890/2
f 1869/1890/2 1929/1949/2 1930/1950/2 1870/1891/2
f 1870/1891/2 1930/1950/2 1931/1951/2 1871/1892/2
f 1871/1892/2 1931/1951/2 1932/1952/2 1872/1893/2
f 1872/1893/2 1932/1952/2 1933/1953/2 1873/1894/2
f 1873/1894/2 1933/1953/2 1934/1954/2 1874/1895/2
f 1874/1895/2 1934/1954/2 1935/1955/2 1875/1896/2
f 1875/1896/2 1935/1955/2 1936/1956/2 1876/1897/2
f 1876/1897/2 1936/1956/2 1937/1957/2 1877/1898/2
f 1877/1898/2 1937/1957/2 1938/1958/2 1878/1899/2
f 1878/1899/2 1938/1958/2 1939/1959/2 1879/1900/2
f 1879/1900/2 1939/1959/2 1940/1960/2 1880/1901/2
f 1880/1901/2 1940/1960/2 1941/1961/2 1881/1902/2
f 1881/1902/2 1941/1961/2 1942/1962/2 1882/1903/2
f 1882/1903/2 1942/1962/2 1943/1963/2 1883/1904/2
f 1883/1904/1055 1943/1963/1055 1944/1964/1055 1884/1905/1055
f 1884/1905/1056 1944/1964/1056 1945/1965/1056 1885/1906/1056
f 1885/1906/1057 1945/1965/1057 1946/1966/1057 1886/1907/1057
f 1886/1907/1058 1946/1966/1058 1947/1967/1058 1887/1908/1058
f 1887/1908/1059 1947/1967/1059 1948/1968/1059 1888/1909/1059
f 1888/1909/1060 1948/1968/1060 1949/1969/1060 1889/1910/1060
f 1889/1910/1061 1949/1969/1061 1950/1970/1061 1890/1911/1061
f 1890/1911/1062 1950/1970/1062 1951/1971/1062 1891/1912/1062
f 1891/1912/1063 1951/1971/1063 1952/1972/1063 1892/1913/1063
f 1892/1913/1064 1952/1972/1064 1953/1973/1064 1893/1914/1064
f 1893/1914/1065 1953/1973/1065 1954/1974/1065 1894/1915/1065
f 1894/1915/1066 1954/1974/1066 1955/1975/1066 1895/1916/1066
f 1895/1916/1067 1955/1975/1067 1956/279/1067 1896/278/1067
f 106/33/1068 107/32/1068 1957/1976/1068 1897/1917/1068
f 1897/1917/1069 1957/1976/1069 1958/1977/1069 1898/1918/1069
f 1898/1918/1070 1958/1977/1070 1959/1978/1070 1899/1919/1070
f 1899/1919/1071 1959/1978/1071 1960/1979/1071 1900/1920/1071
f 1900/1920/1072 1960/1979/1072 1961/1980/1072 1901/1921/1072
f 1901/1921/1 1961/1980/1 1962/1981/1 1902/1922/1
f 1902/1922/2 1962/1981/2 1963/1982/2 1903/1923/2
f 1903/1923/2 1963/1982/2 1964/1983/2 1904/1924/2
f 1904/1924/2 1964/1983/2 1965/1984/2 1905/1925/2
f 1905/1925/2 1965/1984/2 1966/1985/2 1906/1926/2
f 1906/1926/2 1966/1985/2 1967/1986/2 1907/1927/2
f 1907/1927/2 1967/1986/2 1968/1987/2 1908/1928/2
f 1908/1928/2 1968/1987/2 1969/1988/2 1909/1929/2
f 1909/1929/2 1969/1988/2 1970/1989/2 1910/1930/2
f 1910/1930/2 1970/1989/2 1971/1990/2 1911/1931/2
f 1911/1931/2 1971/1990/2 1972/1991/2 1912/1932/2
f 1912/1932/2 1972/1991/2 1973/1992/2 1913/1933/2
f 1913/1933/2 1973/1992/2 1974/1993/2 1914/1934/2
f 1914/1934/2 1974/1993/2 1975/1994/2 1915/1935/2
f 1915/1935/2 1975/1994/2 1976/1995/2 1916/1936/2
f 1916/1936/2 1976/1995/2 1977/1996/2 1917/1937/2
f 1917/1937/2 1977/1996/2 1978/1997/2 1918/1938/2
f 1918/1938/2 1978/1997/2 1979/1998/2 1919/1939/2
f 1919/1939/2 1979/1998/2 1980/1999/2 1920/1940/2
f 1920/1940/2 1980/1999/2 1981/2000/2 1921/1941/2
f 1921/1941/2 1981/2000/2 1982/2001/2 1922/1942/2
f 1922/1942/2 1982/2001/2 1983/2002/2 1923/1943/2
f 1923/1943/2 1983/2002/2 1984/2003/2 1924/1944/2
f 1924/1944/2 1984/2003/2 1985/2004/2 1925/1945/2
f 1925/1945/2 1985/2004/2 1986/2005/2 1926/1946/2
f 1926/1946/2 1986/2005/2 1987/2006/2 1927/1947/2
f 1927/1947/2 1987/2006/2 1988/2007/2 1928/1948/2
f 1928/1948/2 1988/2007/2 1989/2008/2 1929/1949/2
f 1929/1949/2 1989/2008/2 1990/2009/2 1930/1950/2
f 1930/1950/2 1990/2009/2 1991/2010/2 1931/1951/2
f 1931/1951/2 1991/2010/2 1992/2011/2 1932/1952/2
f 1932/1952/2 1992/2011/2 1993/2012/2 1933/1953/2
f 1933/1953/2 1993/2012/2 1994/2013/2 1934/1954/2
f 1934/1954/2 1994/2013/2 1995/2014/2 1935/1955/2
f 1935/1955/2 1995/2014/2 1996/2015/2 1936/1956/2
f 1936/1956/2 1996/2015/2 1997/2016/2 1937/1957/2
f 1937/1957/2 1997/2016/2 1998/2017/2 1938/1958/2
f 1938/1958/2 1998/2017/2 1999/2018/2 1939/1959/2
f 1939/1959/2 1999/2018/2 2000/2019/2 1940/1960/2
f 1940/1960/2 2000/2019/2 2001/2020/2 1941/1961/2
f 1941/1961/2 2001/2020/2 2002/2021/2 1942/1962/2
f 1942/1962/2 2002/2021/2 2003/2022/2 1943/1963/2
f 1943/1963/1073 2003/2022/1073 2004/2023/1073 1944/1964/1073
f 1944/1964/1074 2004/2023/1074 2005/2024/1074 1945/1965/1074
f 1945/1965/1075 2005/2024/1075 2006/2025/1075 1946/1966/1075
f 1946/1966/1076 2006/2025/1076 2007/2026/1076 1947/1967/1076
f 1947/1967/1077 2007/2026/1077 2008/2027/1077 1948/1968/1077
f 1948/1968/1078 2008/2027/1078 2009/2028/1078 1949/1969/1078
f 1949/1969/1079 2009/2028/1079 2010/2029/1079 1950/1970/1079
f 1950/1970/1080 2010/2029/1080 2011/2030/1080 1951/1971/1080
f 1951/1971/1081 2011/2030/1081 2012/2031/1081 1952/1972/1081
f 1952/1972/1082 2012/2031/1082 2013/2032/1082 1953/1973/1082
f 1953/1973/1083 2013/2032/1083 2014/2033/1083 1954/1974/1083
f 1954/1974/1084 2014/2033/1084 2015/2034/1084 1955/1975/1084
f 1955/1975/1085 2015/2034/1085 2016/280/1085 1956/279/1085
f 107/32/2 108/31/2 2017/2035/2 1957/1976/2
f 1957/1976/1086 2017/2035/1086 2018/2036/1086 1958/1977/1086
f 1958/1977/1087 2018/2036/1087 2019/2037/1087 1959/1978/1087
f 1959/1978/1088 2019/2037/1088 2020/2038/1088 1960/1979/1088
f 1960/1979/1089 2020/2038/1089 2021/2039/1089 1961/1980/1089
f 1961/1980/2 2021/2039/2 2022/2040/2 1962/1981/2
f 1962/1981/2 2022/2040/2 2023/2041/2 1963/1982/2
f 1963/1982/2 2023/2041/2 2024/2042/2 1964/1983/2
f 1964/1983/2 2024/2042/2 2025/2043/2 1965/1984/2
f 1965/1984/2 2025/2043/2 2026/2044/2 1966/1985/2
f 1966/1985/2 2026/2044/2 2027/2045/2 1967/1986/2
f 1967/1986/2 2027/2045/2 2028/2046/2 1968/1987/2
f 1968/1987/2 2028/2046/2 2029/2047/2 1969/1988/2
f 1969/1988/2 2029/2047/2 2030/2048/2 1970/1989/2
f 1970/1989/2 2030/2048/2 2031/2049/2 1971/1990/2
f 1971/1990/2 2031/2049/2 2032/2050/2 1972/1991/2
f 1972/1991/2 2032/2050/2 2033/2051/2 1973/1992/2
f 1973/1992/2 2033/2051/2 2034/2052/2 1974/1993/2
f 1974/1993/2 2034/2052/2 2035/2053/2 1975/1994/2
f 1975/1994/2 2035/2053/2 2036/2054/2 1976/1995/2
f 1976/1995/2 2036/2054/2 2037/2055/2 1977/1996/2
f 1977/1996/2 2037/2055/2 2038/2056/2 1978/1997/2
f 1978/1997/2 2038/2056/2 2039/2057/2 1979/1998/2
f 1979/1998/2 2039/2057/2 2040/2058/2 1980/1999/2
f 1980/1999/2 2040/2058/2 2041/2059/2 1981/2000/2
f 1981/2000/2 2041/2059/2 2042/2060/2 1982/2001/2
f 1982/2001/2 2042/2060/2 2043/2061/2 1983/2002/2
f 1983/2002/2 2043/2061/2 2044/2062/2 1984/2003/2
f 1984/2003/2 2044/2062/2 2045/2063/2 1985/2004/2
f 1985/2004/2 2045/2063/2 2046/2064/2 1986/2005/2
f 1986/2005/2 2046/2064/2 2047/2065/2 1987/2006/2
f 1987/2006/2 2047/2065/2 2048/2066/2 1988/2007/2
f 1988/2007/2 2048/2066/2 2049/2067/2 1989/2008/2
f 1989/2008/2 2049/2067/2 2050/2068/2 1990/2009/2
f 1990/2009/2 2050/2068/2 2051/2069/2 1991/2010/2
f 1991/2010/2 2051/2069/2 2052/2070/2 1992/2011/2
f 1992/2011/2 2052/2070/2 2053/2071/2 1993/2012/2
f 1993/2012/2 2053/2071/2 2054/2072/2 1994/2013/2
f 1994/2013/2 2054/2072/2 2055/2073/2 1995/2014/2
f 1995/2014/2 2055/2073/2 2056/2074/2 1996/2015/2
f 1996/2015/2 2056/2074/2 2057/2075/2 1997/2016/2
f 1997/2016/2 2057/2075/2 2058/2076/2 1998/2017/2
f 1998/2017/2 2058/2076/2 2059/2077/2 1999/2018/2
f 1999/2018/2 2059/2077/2 2060/2078/2 2000/2019/2
f 2000/2019/2 2060/2078/2 2061/2079/2 2001/2020/2
f 2001/2020/2 2061/2079/2 2062/2080/2 2002/2021/2
f 2002/2021/2 2062/2080/2 2063/2081/2 2003/2022/2
f 2003/2022/1090 2063/2081/1090 2064/2082/1090 2004/2023/1090
f 2004/2023/1091 2064/2082/1091 2065/2083/1091 2005/2024/1091
f 2005/2024/1092 2065/2083/1092 2066/2084/1092 2006/2025/1092
f 2006/2025/1093 2066/2084/1093 2067/2085/1093 2007/2026/1093
f 2007/2026/1094 2067/2085/1094 2068/2086/1094 2008/2027/1094
f 2008/2027/1095 2068/2086/1095 2069/2087/1095 2009/2028/1095
f 2009/2028/1096 2069/2087/1096 2070/2088/1096 2010/2029/1096
f 2010/2029/1097 2070/2088/1097 2071/2089/1097 2011/2030/1097
f 2011/2030/1098 2071/2089/1098 2072/2090/1098 2012/2031/1098
f 2012/2031/1099 2072/2090/1099 2073/2091/1099 2013/2032/1099
f 2013/2032/2 2073/2091/2 2074/2092/2 2014/2033/2
f 2014/2033/2 2074/2092/2 2075/2093/2 2015/2034/2
f 2015/2034/2 2075/2093/2 2076/281/2 2016/280/2
f 108/31/2 109/30/2 2077/2094/2 2017/2035/2
f 2017/2035/2 2077/2094/2 2078/2095/2 2018/2036/2
f 2018/2036/2 2078/2095/2 2079/2096/2 2019/2037/2
f 2019/2037/1100 2079/2096/1100 2080/2097/1100 2020/2038/1100
f 2020/2038/1101 2080/2097/1101 2081/2098/1101 2021/2039/1101
f 2021/2039/1102 2081/2098/1102 2082/2099/1102 2022/2040/1102
f 2022/2040/1103 2082/2099/1103 2083/2100/1103 2023/2041/1103
f 2023/2041/2 2083/2100/2 2084/2101/2 2024/2042/2
f 2024/2042/2 2084/2101/2 2085/2102/2 2025/2043/2
f 2025/2043/2 2085/2102/2 2086/2103/2 2026/2044/2
f 2026/2044/2 2086/2103/2 2087/2104/2 2027/2045/2
f 2027/2045/2 2087/2104/2 2088/2105/2 2028/2046/2
f 2028/2046/2 2088/2105/2 2089/2106/2 2029/2047/2
f 2029/2047/2 2089/2106/2 2090/2107/2 2030/2048/2
f 2030/2048/2 2090/2107/2 2091/2108/2 2031/2049/2
f 2031/2049/2 2091/2108/2 2092/2109/2 2032/2050/2
f 2032/2050/2 2092/2109/2 2093/2110/2 2033/2051/2
f 2033/2051/2 2093/2110/2 2094/2111/2 2034/2052/2
f 2034/2052/2 2094/2111/2 2095/2112/2 2035/2053/2
f 2035/2053/2 2095/2112/2 2096/2113/2 2036/2054/2
f 2036/2054/2 2096/2113/2 2097/2114/2 2037/2055/2
f 2037/2055/2 2097/2114/2 2098/2115/2 2038/2056/2
f 2038/2056/2 2098/2115/2 2099/2116/2 2039/2057/2
f 2039/2057/2 2099/2116/2 2100/2117/2 2040/2058/2
f 2040/2058/2 2100/2117/2 2101/2118/2 2041/2059/2
f 2041/2059/2 2101/2118/2 2102/2119/2 2042/2060/2
f 2042/2060/2 2102/2119/2 2103/2120/2 2043/2061/2
f 2043/2061/2 2103/2120/2 2104/2121/2 2044/2062/2
f 2044/2062/2 2104/2121/2 2105/2122/2 2045/2063/2
f 2045/2063/2 2105/2122/2 2106/2123/2 2046/2064/2
f 2046/2064/2 2106/2123/2 2107/2124/2 2047/2065/2
f 2047/2065/2 2107/2124/2 2108/2125/2 2048/2066/2
f 2048/2066/2 2108/2125/2 2109/2126/2 2049/2067/2
f 2049/2067/2 2109/2126/2 2110/2127/2 2050/2068/2
f 2050/2068/2 2110/2127/2 2111/2128/2 2051/2069/2
f 2051/2069/2 2111/2128/2 2112/2129/2 2052/2070/2
f 2052/2070/2 2112/2129/2 2113/2130/2 2053/2071/2
f 2053/2071/2 2113/2130/2 2114/2131/2 2054/2072/2
f 2054/2072/2 2114/2131/2 2115/2132/2 2055/2073/2
f 2055/2073/2 2115/2132/2 2116/2133/2 2056/2074/2
f 2056/2074/2 2116/2133/2 2117/2134/2 2057/2075/2
f 2057/2075/2 2117/2134/2 2118/2135/2 2058/2076/2
f 2058/2076/2 2118/2135/2 2119/2136/2 2059/2077/2
f 2059/2077/2 2119/2136/2 2120/2137/2 2060/2078/2
f 2060/2078/2 2120/2137/2 2121/2138/2 2061/2079/2
f 2061/2079/2 2121/2138/2 2122/2139/2 2062/2080/2
f 2062/2080/2 2122/2139/2 2123/2140/2 2063/2081/2
f 2063/2081/1104 2123/2140/1104 2124/2141/1104 2064/2082/1104
f 2064/2082/1105 2124/2141/1105 2125/2142/1105 2065/2083/1105
f 2065/2083/1106 2125/2142/1106 2126/2143/1106 2066/2084/1106
f 2066/2084/1107 2126/2143/1107 2127/2144/1107 2067/2085/1107
f 2067/2085/1108 2127/2144/1108 2128/2145/1108 2068/2086/1108
f 2068/2086/1109 2128/2145/1109 2129/2146/1109 2069/2087/1109
f 2069/2087/1110 2129/2146/1110 2130/2147/1110 2070/2088/1110
f 2070/2088/1111 2130/2147/1111 2131/2148/1111 2071/2089/1111
f 2071/2089/1112 2131/2148/1112 2132/2149/1112 2072/2090/1112
f 2072/2090/980 2132/2149/980 2133/2150/980 2073/2091/980
f 2073/2091/2 2133/2150/2 2134/2151/2 2074/2092/2
f 2074/2092/2 2134/2151/2 2135/2152/2 2075/2093/2
f 2075/2093/2 2135/2152/2 2136/282/2 2076/281/2
f 109/30/2 110/29/2 2137/2153/2 2077/2094/2
f 2077/2094/2 2137/2153/2 2138/2154/2 2078/2095/2
f 2078/2095/1113 2138/2154/1113 2139/2155/1113 2079/2096/1113
f 2079/2096/1114 2139/2155/1114 2140/2156/1114 2080/2097/1114
f 2080/2097/1115 2140/2156/1115 2141/2157/1115 2081/2098/1115
f 2081/2098/1116 2141/2157/1116 2142/2158/1116 2082/2099/1116
f 2082/2099/1117 2142/2158/1117 2143/2159/1117 2083/2100/1117
f 2083/2100/1118 2143/2159/1118 2144/2160/1118 2084/2101/1118
f 2084/2101/2 2144/2160/2 2145/2161/2 2085/2102/2
f 2085/2102/2 2145/2161/2 2146/2162/2 2086/2103/2
f 2086/2103/2 2146/2162/2 2147/2163/2 2087/2104/2
f 2087/2104/2 2147/2163/2 2148/2164/2 2088/2105/2
f 2088/2105/2 2148/2164/2 2149/2165/2 2089/2106/2
f 2089/2106/2 2149/2165/2 2150/2166/2 2090/2107/2
f 2090/2107/2 2150/2166/2 2151/2167/2 2091/2108/2
f 2091/2108/2 2151/2167/2 2152/2168/2 2092/2109/2
f 2092/2109/2 2152/2168/2 2153/2169/2 2093/2110/2
f 2093/2110/2 2153/2169/2 2154/2170/2 2094/2111/2
f 2094/2111/2 2154/2170/2 2155/2171/2 2095/2112/2
f 2095/2112/2 2155/2171/2 2156/2172/2 2096/2113/2
f 2096/2113/2 2156/2172/2 2157/2173/2 2097/2114/2
f 2097/2114/2 2157/2173/2 2158/2174/2 2098/2115/2
f 2098/2115/2 2158/2174/2 2159/2175/2 2099/2116/2
f 2099/2116/2 2159/2175/2 2160/2176/2 2100/2117/2
f 2100/2117/2 2160/2176/2 2161/2177/2 2101/2118/2
f 2101/2118/2 2161/2177/2 2162/2178/2 2102/2119/2
f 2102/2119/2 2162/2178/2 2163/2179/2 2103/2120/2
f 2103/2120/2 2163/2179/2 2164/2180/2 2104/2121/2
f 2104/2121/2 2164/2180/2 2165/2181/2 2105/2122/2
f 2105/2122/2 2165/2181/2 2166/2182/2 2106/2123/2
f 2106/2123/2 2166/2182/2 2167/2183/2 2107/2124/2
f 2107/2124/2 2167/2183/2 2168/2184/2 2108/2125/2
f 2108/2125/2 2168/2184/2 2169/2185/2 2109/2126/2
f 2109/2126/2 2169/2185/2 2170/2186/2 2110/2127/2
f 2110/2127/2 2170/2186/2 2171/2187/2 2111/2128/2
f 2111/2128/2 2171/2187/2 2172/2188/2 2112/2129/2
f 2112/2129/2 2172/2188/2 2173/2189/2 2113/2130/2
f 2113/2130/2 2173/2189/2 2174/2190/2 2114/2131/2
f 2114/2131/2 2174/2190/2 2175/2191/2 2115/2132/2
f 2115/2132/2 2175/2191/2 2176/2192/2 2116/2133/2
f 2116/2133/2 2176/2192/2 2177/2193/2 2117/2134/2
f 2117/2134/2 2177/2193/2 2178/2194/2 2118/2135/2
f 2118/2135/2 2178/2194/2 2179/2195/2 2119/2136/2
f 2119/2136/2 2179/2195/2 2180/2196/2 2120/2137/2
f 2120/2137/2 2180/2196/2 2181/2197/2 2121/2138/2
f 2121/2138/2 2181/2197/2 2182/2198/2 2122/2139/2
f 2122/2139/2 2182/2198/2 2183/2199/2 2123/2140/2
f 2123/2140/2 2183/2199/2 2184/2200/2 2124/2141/2
f 2124/2141/1119 2184/2200/1119 2185/2201/1119 2125/2142/1119
f 2125/2142/1120 2185/2201/1120 2186/2202/1120 2126/2143/1120
f 2126/2143/1121 2186/2202/1121 2187/2203/1121 2127/2144/1121
f 2127/2144/1122 2187/2203/1122 2188/2204/1122 2128/2145/1122
f 2128/2145/1123 2188/2204/1123 2189/2205/1123 2129/2146/1123
f 2129/2146/1124 2189/2205/1124 2190/2206/1124 2130/2147/1124
f 2130/2147/1125 2190/2206/1125 2191/2207/1125 2131/2148/1125
f 2131/2148/1126 2191/2207/1126 2192/2208/1126 2132/2149/1126
f 2132/2149/2 2192/2208/2 2193/2209/2 2133/2150/2
f 2133/2150/2 2193/2209/2 2194/2210/2 2134/2151/2
f 2134/2151/1127 2194/2210/1127 2195/2211/1127 2135/2152/1127
f 2135/2152/1128 2195/2211/1128 2196/283/1128 2136/282/1128
f 110/29/2 111/28/2 2197/2212/2 2137/2153/2
f 2137/2153/2 2197/2212/2 2198/2213/2 2138/2154/2
f 2138/2154/1129 2198/2213/1129 2199/2214/1129 2139/2155/1129
f 2139/2155/1130 2199/2214/1130 2200/2215/1130 2140/2156/1130
f 2140/2156/1131 2200/2215/1131 2201/2216/1131 2141/2157/1131
f 2141/2157/1132 2201/2216/1132 2202/2217/1132 2142/2158/1132
f 2142/2158/1133 2202/2217/1133 2203/2218/1133 2143/2159/1133
f 2143/2159/1134 2203/2218/1134 2204/2219/1134 2144/2160/1134
f 2144/2160/2 2204/2219/2 2205/2220/2 2145/2161/2
f 2145/2161/2 2205/2220/2 2206/2221/2 2146/2162/2
f 2146/2162/2 2206/2221/2 2207/2222/2 2147/2163/2
f 2147/2163/2 2207/2222/2 2208/2223/2 2148/2164/2
f 2148/2164/2 2208/2223/2 2209/2224/2 2149/2165/2
f 2149/2165/2 2209/2224/2 2210/2225/2 2150/2166/2
f 2150/2166/2 2210/2225/2 2211/2226/2 2151/2167/2
f 2151/2167/2 2211/2226/2 2212/2227/2 2152/2168/2
f 2152/2168/2 2212/2227/2 2213/2228/2 2153/2169/2
f 2153/2169/2 2213/2228/2 2214/2229/2 2154/2170/2
f 2154/2170/2 2214/2229/2 2215/2230/2 2155/2171/2
f 2155/2171/2 2215/2230/2 2216/2231/2 2156/2172/2
f 2156/2172/2 2216/2231/2 2217/2232/2 2157/2173/2
f 2157/2173/2 2217/2232/2 2218/2233/2 2158/2174/2
f 2158/2174/2 2218/2233/2 2219/2234/2 2159/2175/2
f 2159/2175/2 2219/2234/2 2220/2235/2 2160/2176/2
f 2160/2176/2 2220/2235/2 2221/2236/2 2161/2177/2
f 2161/2177/2 2221/2236/2 2222/2237/2 2162/2178/2
f 2162/2178/2 2222/2237/2 2223/2238/2 2163/2179/2
f 2163/2179/2 2223/2238/2 2224/2239/2 2164/2180/2
f 2164/2180/2 2224/2239/2 2225/2240/2 2165/2181/2
f 2165/2181/2 2225/2240/2 2226/2241/2 2166/2182/2
f 2166/2182/2 2226/2241/2 2227/2242/2 2167/2183/2
f 2167/2183/2 2227/2242/2 2228/2243/2 2168/2184/2
f 2168/2184/2 2228/2243/2 2229/2244/2 2169/2185/2
f 2169/2185/2 2229/2244/2 2230/2245/2 2170/2186/2
f 2170/2186/2 2230/2245/2 2231/2246/2 2171/2187/2
f 2171/2187/2 2231/2246/2 2232/2247/2 2172/2188/2
f 2172/2188/2 2232/2247/2 2233/2248/2 2173/2189/2
f 2173/2189/2 2233/2248/2 2234/2249/2 2174/2190/2
f 2174/2190/2 2234/2249/2 2235/2250/2 2175/2191/2
f 2175/2191/2 2235/2250/2 2236/2251/2 2176/2192/2
f 2176/2192/2 2236/2251/2 2237/2252/2 2177/2193/2
f 2177/2193/2 2237/2252/2 2238/2253/2 2178/2194/2
f 2178/2194/2 2238/2253/2 2239/2254/2 2179/2195/2
f 2179/2195/2 2239/2254/2 2240/2255/2 2180/2196/2
f 2180/2196/2 2240/2255/2 2241/2256/2 2181/2197/2
f 2181/2197/2 2241/2256/2 2242/2257/2 2182/2198/2
f 2182/2198/1135 2242/2257/1135 2243/2258/1135 2183/2199/1135
f 2183/2199/1136 2243/2258/1136 2244/2259/1136 2184/2200/1136
f 2184/2200/1137 2244/2259/1137 2245/2260/1137 2185/2201/1137
f 2185/2201/1138 2245/2260/1138 2246/2261/1138 2186/2202/1138
f 2186/2202/1139 2246/2261/1139 2247/2262/1139 2187/2203/1139
f 2187/2203/1140 2247/2262/1140 2248/2263/1140 2188/2204/1140
f 2188/2204/1141 2248/2263/1141 2249/2264/1141 2189/2205/1141
f 2189/2205/1142 2249/2264/1142 2250/2265/1142 2190/2206/1142
f 2190/2206/1143 2250/2265/1143 2251/2266/1143 2191/2207/1143
f 2191/2207/2 2251/2266/2 2252/2267/2 2192/2208/2
f 2192/2208/2 2252/2267/2 2253/2268/2 2193/2209/2
f 2193/2209/1144 2253/2268/1144 2254/2269/1144 2194/2210/1144
f 2194/2210/1145 2254/2269/1145 2255/2270/1145 2195/2211/1145
f 2195/2211/1146 2255/2270/1146 2256/284/1146 2196/283/1146
f 111/28/2 112/27/2 2257/2271/2 2197/2212/2
f 2197/2212/2 2257/2271/2 2258/2272/2 2198/2213/2
f 2198/2213/1147 2258/2272/1147 2259/2273/1147 2199/2214/1147
f 2199/2214/1148 2259/2273/1148 2260/2274/1148 2200/2215/1148
f 2200/2215/1149 2260/2274/1149 2261/2275/1149 2201/2216/1149
f 2201/2216/1150 2261/2275/1150 2262/2276/1150 2202/2217/1150
f 2202/2217/1151 2262/2276/1151 2263/2277/1151 2203/2218/1151
f 2203/2218/1152 2263/2277/1152 2264/2278/1152 2204/2219/1152
f 2204/2219/2 2264/2278/2 2265/2279/2 2205/2220/2
f 2205/2220/2 2265/2279/2 2266/2280/2 2206/2221/2
f 2206/2221/2 2266/2280/2 2267/2281/2 2207/2222/2
f 2207/2222/2 2267/2281/2 2268/2282/2 2208/2223/2
f 2208/2223/2 2268/2282/2 2269/2283/2 2209/2224/2
f 2209/2224/2 2269/2283/2 2270/2284/2 2210/2225/2
f 2210/2225/2 2270/2284/2 2271/2285/2 2211/2226/2
f 2211/2226/2 2271/2285/2 2272/2286/2 2212/2227/2
f 2212/2227/2 2272/2286/2 2273/2287/2 2213/2228/2
f 2213/2228/2 2273/2287/2 2274/2288/2 2214/2229/2
f 2214/2229/2 2274/2288/2 2275/2289/2 2215/2230/2
f 2215/2230/2 2275/2289/2 2276/2290/2 2216/2231/2
f 2216/2231/2 2276/2290/2 2277/2291/2 2217/2232/2
f 2217/2232/2 2277/2291/2 2278/2292/2 2218/2233/2
f 2218/2233/2 2278/2292/2 2279/2293/2 2219/2234/2
f 2219/2234/2 2279/2293/2 2280/2294/2 2220/2235/2
f 2220/2235/2 2280/2294/2 2281/2295/2 2221/2236/2
f 2221/2236/2 2281/2295/2 2282/2296/2 2222/2237/2
f 2222/2237/2 2282/2296/2 2283/2297/2 2223/2238/2
f 2223/2238/2 2283/2297/2 2284/2298/2 2224/2239/2
f 2224/2239/2 2284/2298/2 2285/2299/2 2225/2240/2
f 2225/2240/2 2285/2299/2 2286/2300/2 2226/2241/2
f 2226/2241/2 2286/2300/2 2287/2301/2 2227/2242/2
f 2227/2242/2 2287/2301/2 2288/2302/2 2228/2243/2
f 2228/2243/2 2288/2302/2 2289/2303/2 2229/2244/2
f 2229/2244/2 2289/2303/2 2290/2304/2 2230/2245/2
f 2230/2245/2 2290/2304/2 2291/2305/2 2231/2246/2
f 2231/2246/2 2291/2305/2 2292/2306/2 2232/2247/2
f 2232/2247/2 2292/2306/2 2293/2307/2 2233/2248/2
f 2233/2248/2 2293/2307/2 2294/2308/2 2234/2249/2
f 2234/2249/2 2294/2308/2 2295/2309/2 2235/2250/2
f 2235/2250/2 2295/2309/2 2296/2310/2 2236/2251/2
f 2236/2251/2 2296/2310/2 2297/2311/2 2237/2252/2
f 2237/2252/2 2297/2311/2 2298/2312/2 2238/2253/2
f 2238/2253/2 2298/2312/2 2299/2313/2 2239/2254/2
f 2239/2254/2 2299/2313/2 2300/2314/2 2240/2255/2
f 2240/2255/2 2300/2314/2 2301/2315/2 2241/2256/2
f 2241/2256/2 2301/2315/2 2302/2316/2 2242/2257/2
f 2242/2257/1153 2302/2316/1153 2303/2317/1153 2243/2258/1153
f 2243/2258/1154 2303/2317/1154 2304/2318/1154 2244/2259/1154
f 2244/2259/1155 2304/2318/1155 2305/2319/1155 2245/2260/1155
f 2245/2260/1156 2305/2319/1156 2306/2320/1156 2246/2261/1156
f 2246/2261/1157 2306/2320/1157 2307/2321/1157 2247/2262/1157
f 2247/2262/1158 2307/2321/1158 2308/2322/1158 2248/2263/1158
f 2248/2263/1159 2308/2322/1159 2309/2323/1159 2249/2264/1159
f 2249/2264/1160 2309/2323/1160 2310/2324/1160 2250/2265/1160
f 2250/2265/2 2310/2324/2 2311/2325/2 2251/2266/2
f 2251/2266/2 2311/2325/2 2312/2326/2 2252/2267/2
f 2252/2267/1161 2312/2326/1161 2313/2327/1161 2253/2268/1161
f 2253/2268/1162 2313/2327/1162 2314/2328/1162 2254/2269/1162
f 2254/2269/1163 2314/2328/1163 2315/2329/1163 2255/2270/1163
f 2255/2270/1164 2315/2329/1164 2316/285/1164 2256/284/1164
f 112/27/2 113/26/2 2317/2330/2 2257/2271/2
f 2257/2271/2 2317/2330/2 2318/2331/2 2258/2272/2
f 2258/2272/2 2318/2331/2 2319/2332/2 2259/2273/2
f 2259/2273/1165 2319/2332/1165 2320/2333/1165 2260/2274/1165
f 2260/2274/1166 2320/2333/1166 2321/2334/1166 2261/2275/1166
f 2261/2275/1167 2321/2334/1167 2322/2335/1167 2262/2276/1167
f 2262/2276/1168 2322/2335/1168 2323/2336/1168 2263/2277/1168
f 2263/2277/2 2323/2336/2 2324/2337/2 2264/2278/2
f 2264/2278/2 2324/2337/2 2325/2338/2 2265/2279/2
f 2265/2279/2 2325/2338/2 2326/2339/2 2266/2280/2
f 2266/2280/2 2326/2339/2 2327/2340/2 2267/2281/2
f 2267/2281/2 2327/2340/2 2328/2341/2 2268/2282/2
f 2268/2282/2 2328/2341/2 2329/2342/2 2269/2283/2
f 2269/2283/2 2329/2342/2 2330/2343/2 2270/2284/2
f 2270/2284/2 2330/2343/2 2331/2344/2 2271/2285/2
f 2271/2285/2 2331/2344/2 2332/2345/2 2272/2286/2
f 2272/2286/2 2332/2345/2 2333/2346/2 2273/2287/2
f 2273/2287/2 2333/2346/2 2334/2347/2 2274/2288/2
f 2274/2288/2 2334/2347/2 2335/2348/2 2275/2289/2
f 2275/2289/2 2335/2348/2 2336/2349/2 2276/2290/2
f 2276/2290/2 2336/2349/2 2337/2350/2 2277/2291/2
f 2277/2291/2 2337/2350/2 2338/2351/2 2278/2292/2
f 2278/2292/2 2338/2351/2 2339/2352/2 2279/2293/2
f 2279/2293/2 2339/2352/2 2340/2353/2 2280/2294/2
f 2280/2294/2 2340/2353/2 2341/2354/2 2281/2295/2
f 2281/2295/2 2341/2354/2 2342/2355/2 2282/2296/2
f 2282/2296/2 2342/2355/2 2343/2356/2 2283/2297/2
f 2283/2297/2 2343/2356/2 2344/2357/2 2284/2298/2
f 2284/2298/2 2344/2357/2 2345/2358/2 2285/2299/2
f 2285/2299/2 2345/2358/2 2346/2359/2 2286/2300/2
f 2286/2300/2 2346/2359/2 2347/2360/2 2287/2301/2
f 2287/2301/2 2347/2360/2 2348/2361/2 2288/2302/2
f 2288/2302/2 2348/2361/2 2349/2362/2 2289/2303/2
f 2289/2303/2 2349/2362/2 2350/2363/2 2290/2304/2
f 2290/2304/2 2350/2363/2 2351/2364/2 2291/2305/2
f 2291/2305/2 2351/2364/2 2352/2365/2 2292/2306/2
f 2292/2306/2 2352/2365/2 2353/2366/2 2293/2307/2
f 2293/2307/2 2353/2366/2 2354/2367/2 2294/2308/2
f 2294/2308/2 2354/2367/2 2355/2368/2 2295/2309/2
f 2295/2309/2 2355/2368/2 2356/2369/2 2296/2310/2
f 2296/2310/2 2356/2369/2 2357/2370/2 2297/2311/2
f 2297/2311/2 2357/2370/2 2358/2371/2 2298/2312/2
f 2298/2312/2 2358/2371/2 2359/2372/2 2299/2313/2
f 2299/2313/2 2359/2372/2 2360/2373/2 2300/2314/2
f 2300/2314/2 2360/2373/2 2361/2374/2 2301/2315/2
f 2301/2315/959 2361/2374/959 2362/2375/959 2302/2316/959
f 2302/2316/1169 2362/2375/1169 2363/2376/1169 2303/2317/1169
f 2303/2317/1170 2363/2376/1170 2364/2377/1170 2304/2318/1170
f 2304/2318/1171 2364/2377/1171 2365/2378/1171 2305/2319/1171
f 2305/2319/1172 2365/2378/1172 2366/2379/1172 2306/2320/1172
f 2306/2320/1173 2366/2379/1173 2367/2380/1173 2307/2321/1173
f 2307/2321/1174 2367/2380/1174 2368/2381/1174 2308/2322/1174
f 2308/2322/1175 2368/2381/1175 2369/2382/1175 2309/2323/1175
f 2309/2323/1176 2369/2382/1176 2370/2383/1176 2310/2324/1176
f 2310/2324/1177 2370/2383/1177 2371/2384/1177 2311/2325/1177
f 2311/2325/1178 2371/2384/1178 2372/2385/1178 2312/2326/1178
f 2312/2326/1179 2372/2385/1179 2373/2386/1179 2313/2327/1179
f 2313/2327/1180 2373/2386/1180 2374/2387/1180 2314/2328/1180
f 2314/2328/1181 2374/2387/1181 2375/2388/1181 2315/2329/1181
f 2315/2329/1182 2375/2388/1182 2376/286/1182 2316/285/1182
f 113/26/2 114/25/2 2377/2389/2 2317/2330/2
f 2317/2330/2 2377/2389/2 2378/2390/2 2318/2331/2
f 2318/2331/1183 2378/2390/1183 2379/2391/1183 2319/2332/1183
f 2319/2332/1184 2379/2391/1184 2380/2392/1184 2320/2333/1184
f 2320/2333/1185 2380/2392/1185 2381/2393/1185 2321/2334/1185
f 2321/2334/1186 2381/2393/1186 2382/2394/1186 2322/2335/1186
f 2322/2335/2 2382/2394/2 2383/2395/2 2323/2336/2
f 2323/2336/2 2383/2395/2 2384/2396/2 2324/2337/2
f 2324/2337/2 2384/2396/2 2385/2397/2 2325/2338/2
f 2325/2338/2 2385/2397/2 2386/2398/2 2326/2339/2
f 2326/2339/2 2386/2398/2 2387/2399/2 2327/2340/2
f 2327/2340/2 2387/2399/2 2388/2400/2 2328/2341/2
f 2328/2341/2 2388/2400/2 2389/2401/2 2329/2342/2
f 2329/2342/2 2389/2401/2 2390/2402/2 2330/2343/2
f 2330/2343/2 2390/2402/2 2391/2403/2 2331/2344/2
f 2331/2344/2 2391/2403/2 2392/2404/2 2332/2345/2
f 2332/2345/2 2392/2404/2 2393/2405/2 2333/2346/2
f 2333/2346/2 2393/2405/2 2394/2406/2 2334/2347/2
f 2334/2347/2 2394/2406/2 2395/2407/2 2335/2348/2
f 2335/2348/2 2395/2407/2 2396/2408/2 2336/2349/2
f 2336/2349/2 2396/2408/2 2397/2409/2 2337/2350/2
f 2337/2350/2 2397/2409/2 2398/2410/2 2338/2351/2
f 2338/2351/2 2398/2410/2 2399/2411/2 2339/2352/2
f 2339/2352/2 2399/2411/2 2400/2412/2 2340/2353/2
f 2340/2353/2 2400/2412/2 2401/2413/2 2341/2354/2
f 2341/2354/2 2401/2413/2 2402/2414/2 2342/2355/2
f 2342/2355/2 2402/2414/2 2403/2415/2 2343/2356/2
f 2343/2356/2 2403/2415/2 2404/2416/2 2344/2357/2
f 2344/2357/2 2404/2416/2 2405/2417/2 2345/2358/2
f 2345/2358/2 2405/2417/2 2406/2418/2 2346/2359/2
f 2346/2359/2 2406/2418/2 2407/2419/2 2347/2360/2
f 2347/2360/2 2407/2419/2 2408/2420/2 2348/2361/2
f 2348/2361/2 2408/2420/2 2409/2421/2 2349/2362/2
f 2349/2362/2 2409/2421/2 2410/2422/2 2350/2363/2
f 2350/2363/2 2410/2422/2 2411/2423/2 2351/2364/2
f 2351/2364/2 2411/2423/2 2412/2424/2 2352/2365/2
f 2352/2365/2 2412/2424/2 2413/2425/2 2353/2366/2
f 2353/2366/2 2413/2425/2 2414/2426/2 2354/2367/2
f 2354/2367/2 2414/2426/2 2415/2427/2 2355/2368/2
f 2355/2368/2 2415/2427/2 2416/2428/2 2356/2369/2
f 2356/2369/2 2416/2428/2 2417/2429/2 2357/2370/2
f 2357/2370/2 2417/2429/2 2418/2430/2 2358/2371/2
f 2358/2371/2 2418/2430/2 2419/2431/2 2359/2372/2
f 2359/2372/2 2419/2431/2 2420/2432/2 2360/2373/2
f 2360/2373/2 2420/2432/2 2421/2433/2 2361/2374/2
f 2361/2374/485 2421/2433/485 2422/2434/485 2362/2375/485
f 2362/2375/1187 2422/2434/1187 2423/2435/1187 2363/2376/1187
f 2363/2376/1188 2423/2435/1188 2424/2436/1188 2364/2377/1188
f 2364/2377/1189 2424/2436/1189 2425/2437/1189 2365/2378/1189
f 2365/2378/1190 2425/2437/1190 2426/2438/1190 2366/2379/1190
f 2366/2379/1191 2426/2438/1191 2427/2439/1191 2367/2380/1191
f 2367/2380/1192 2427/2439/1192 2428/2440/1192 2368/2381/1192
f 2368/2381/1193 2428/2440/1193 2429/2441/1193 2369/2382/1193
f 2369/2382/1194 2429/2441/1194 2430/2442/1194 2370/2383/1194
f 2370/2383/1195 2430/2442/1195 2431/2443/1195 2371/2384/1195
f 2371/2384/1196 2431/2443/1196 2432/2444/1196 2372/2385/1196
f 2372/2385/1197 2432/2444/1197 2433/2445/1197 2373/2386/1197
f 2373/2386/1198 2433/2445/1198 2434/2446/1198 2374/2387/1198
f 2374/2387/1199 2434/2446/1199 2435/2447/1199 2375/2388/1199
f 2375/2388/1200 2435/2447/1200 2436/287/1200 2376/286/1200
f 114/25/2 115/24/2 2437/2448/2 2377/2389/2
f 2377/2389/1201 2437/2448/1201 2438/2449/1201 2378/2390/1201
f 2378/2390/1202 2438/2449/1202 2439/2450/1202 2379/2391/1202
f 2379/2391/1203 2439/2450/1203 2440/2451/1203 2380/2392/1203
f 2380/2392/1204 2440/2451/1204 2441/2452/1204 2381/2393/1204
f 2381/2393/1205 2441/2452/1205 2442/2453/1205 2382/2394/1205
f 2382/2394/2 2442/2453/2 2443/2454/2 2383/2395/2
f 2383/2395/2 2443/2454/2 2444/2455/2 2384/2396/2
f 2384/2396/2 2444/2455/2 2445/2456/2 2385/2397/2
f 2385/2397/2 2445/2456/2 2446/2457/2 2386/2398/2
f 2386/2398/2 2446/2457/2 2447/2458/2 2387/2399/2
f 2387/2399/2 2447/2458/2 2448/2459/2 2388/2400/2
f 2388/2400/2 2448/2459/2 2449/2460/2 2389/2401/2
f 2389/2401/2 2449/2460/2 2450/2461/2 2390/2402/2
f 2390/2402/2 2450/2461/2 2451/2462/2 2391/2403/2
f 2391/2403/2 2451/2462/2 2452/2463/2 2392/2404/2
f 2392/2404/2 2452/2463/2 2453/2464/2 2393/2405/2
f 2393/2405/2 2453/2464/2 2454/2465/2 2394/2406/2
f 2394/2406/2 2454/2465/2 2455/2466/2 2395/2407/2
f 2395/2407/2 2455/2466/2 2456/2467/2 2396/2408/2
f 2396/2408/2 2456/2467/2 2457/2468/2 2397/2409/2
f 2397/2409/2 2457/2468/2 2458/2469/2 2398/2410/2
f 2398/2410/2 2458/2469/2 2459/2470/2 2399/2411/2
f 2399/2411/2 2459/2470/2 2460/2471/2 2400/2412/2
f 2400/2412/2 2460/2471/2 2461/2472/2 2401/2413/2
f 2401/2413/2 2461/2472/2 2462/2473/2 2402/2414/2
f 2402/2414/2 2462/2473/2 2463/2474/2 2403/2415/2
f 2403/2415/2 2463/2474/2 2464/2475/2 2404/2416/2
f 2404/2416/2 2464/2475/2 2465/2476/2 2405/2417/2
f 2405/2417/2 2465/2476/2 2466/2477/2 2406/2418/2
f 2406/2418/2 2466/2477/2 2467/2478/2 2407/2419/2
f 2407/2419/2 2467/2478/2 2468/2479/2 2408/2420/2
f 2408/2420/2 2468/2479/2 2469/2480/2 2409/2421/2
f 2409/2421/2 2469/2480/2 2470/2481/2 2410/2422/2
f 2410/2422/2 2470/2481/2 2471/2482/2 2411/2423/2
f 2411/2423/2 2471/2482/2 2472/2483/2 2412/2424/2
f 2412/2424/2 2472/2483/2 2473/2484/2 2413/2425/2
f 2413/2425/2 2473/2484/2 2474/2485/2 2414/2426/2
f 2414/2426/2 2474/2485/2 2475/2486/2 2415/2427/2
f 2415/2427/2 2475/2486/2 2476/2487/2 2416/2428/2
f 2416/2428/2 2476/2487/2 2477/2488/2 2417/2429/2
f 2417/2429/2 2477/2488/2 2478/2489/2 2418/2430/2
f 2418/2430/2 2478/2489/2 2479/2490/2 2419/2431/2
f 2419/2431/2 2479/2490/2 2480/2491/2 2420/2432/2
f 2420/2432/2 2480/2491/2 2481/2492/2 2421/2433/2
f 2421/2433/2 2481/2492/2 2482/2493/2 2422/2434/2
f 2422/2434/1206 2482/2493/1206 2483/2494/1206 2423/2435/1206
f 2423/2435/1207 2483/2494/1207 2484/2495/1207 2424/2436/1207
f 2424/2436/1208 2484/2495/1208 2485/2496/1208 2425/2437/1208
f 2425/2437/1209 2485/2496/1209 2486/2497/1209 2426/2438/1209
f 2426/2438/1210 2486/2497/1210 2487/2498/1210 2427/2439/1210
f 2427/2439/1211 2487/2498/1211 2488/2499/1211 2428/2440/1211
f 2428/2440/1212 2488/2499/1212 2489/2500/1212 2429/2441/1212
f 2429/2441/1213 2489/2500/1213 2490/2501/1213 2430/2442/1213
f 2430/2442/1214 2490/2501/1214 2491/2502/1214 2431/2443/1214
f 2431/2443/1215 2491/2502/1215 2492/2503/1215 2432/2444/1215
f 2432/2444/1216 2492/2503/1216 2493/2504/1216 2433/2445/1216
f 2433/2445/1217 2493/2504/1217 2494/2505/1217 2434/2446/1217
f 2434/2446/1218 2494/2505/1218 2495/2506/1218 2435/2447/1218
f 2435/2447/1219 2495/2506/1219 2496/288/1219 2436/287/1219
f 115/24/2 116/23/2 2497/2507/2 2437/2448/2
f 2437/2448/1220 2497/2507/1220 2498/2508/1220 2438/2449/1220
f 2438/2449/1221 2498/2508/1221 2499/2509/1221 2439/2450/1221
f 2439/2450/1222 2499/2509/1222 2500/2510/1222 2440/2451/1222
f 2440/2451/1223 2500/2510/1223 2501/2511/1223 2441/2452/1223
f 2441/2452/1224 2501/2511/1224 2502/2512/1224 2442/2453/1224
f 2442/2453/1225 2502/2512/1225 2503/2513/1225 2443/2454/1225
f 2443/2454/2 2503/2513/2 2504/2514/2 2444/2455/2
f 2444/2455/2 2504/2514/2 2505/2515/2 2445/2456/2
f 2445/2456/2 2505/2515/2 2506/2516/2 2446/2457/2
f 2446/2457/2 2506/2516/2 2507/2517/2 2447/2458/2
f 2447/2458/2 2507/2517/2 2508/2518/2 2448/2459/2
f 2448/2459/2 2508/2518/2 2509/2519/2 2449/2460/2
f 2449/2460/2 2509/2519/2 2510/2520/2 2450/2461/2
f 2450/2461/2 2510/2520/2 2511/2521/2 2451/2462/2
f 2451/2462/2 2511/2521/2 2512/2522/2 2452/2463/2
f 2452/2463/2 2512/2522/2 2513/2523/2 2453/2464/2
f 2453/2464/2 2513/2523/2 2514/2524/2 2454/2465/2
f 2454/2465/2 2514/2524/2 2515/2525/2 2455/2466/2
f 2455/2466/2 2515/2525/2 2516/2526/2 2456/2467/2
f 2456/2467/2 2516/2526/2 2517/2527/2 2457/2468/2
f 2457/2468/2 2517/2527/2 2518/2528/2 2458/2469/2
f 2458/2469/2 2518/2528/2 2519/2529/2 2459/2470/2
f 2459/2470/2 2519/2529/2 2520/2530/2 2460/2471/2
f 2460/2471/2 2520/2530/2 2521/2531/2 2461/2472/2
f 2461/2472/2 2521/2531/2 2522/2532/2 2462/2473/2
f 2462/2473/2 2522/2532/2 2523/2533/2 2463/2474/2
f 2463/2474/2 2523/2533/2 2524/2534/2 2464/2475/2
f 2464/2475/2 2524/2534/2 2525/2535/2 2465/2476/2
f 2465/2476/2 2525/2535/2 2526/2536/2 2466/2477/2
f 2466/2477/2 2526/2536/2 2527/2537/2 2467/2478/2
f 2467/2478/2 2527/2537/2 2528/2538/2 2468/2479/2
f 2468/2479/2 2528/2538/2 2529/2539/2 2469/2480/2
f 2469/2480/2 2529/2539/2 2530/2540/2 2470/2481/2
f 2470/2481/2 2530/2540/2 2531/2541/2 2471/2482/2
f 2471/2482/2 2531/2541/2 2532/2542/2 2472/2483/2
f 2472/2483/2 2532/2542/2 2533/2543/2 2473/2484/2
f 2473/2484/2 2533/2543/2 2534/2544/2 2474/2485/2
f 2474/2485/2 2534/2544/2 2535/2545/2 2475/2486/2
f 2475/2486/2 2535/2545/2 2536/2546/2 2476/2487/2
f 2476/2487/2 2536/2546/2 2537/2547/2 2477/2488/2
f 2477/2488/2 2537/2547/2 2538/2548/2 2478/2489/2
f 2478/2489/2 2538/2548/2 2539/2549/2 2479/2490/2
f 2479/2490/2 2539/2549/2 2540/2550/2 2480/2491/2
f 2480/2491/2 2540/2550/2 2541/2551/2 2481/2492/2
f 2481/2492/2 2541/2551/2 2542/2552/2 2482/2493/2
f 2482/2493/2 2542/2552/2 2543/2553/2 2483/2494/2
f 2483/2494/2 2543/2553/2 2544/2554/2 2484/2495/2
f 2484/2495/1226 2544/2554/1226 2545/2555/1226 2485/2496/1226
f 2485/2496/1227 2545/2555/1227 2546/2556/1227 2486/2497/1227
f 2486/2497/1228 2546/2556/1228 2547/2557/1228 2487/2498/1228
f 2487/2498/1229 2547/2557/1229 2548/2558/1229 2488/2499/1229
f 2488/2499/1230 2548/2558/1230 2549/2559/1230 2489/2500/1230
f 2489/2500/1231 2549/2559/1231 2550/2560/1231 2490/2501/1231
f 2490/2501/1232 2550/2560/1232 2551/2561/1232 2491/2502/1232
f 2491/2502/1233 2551/2561/1233 2552/2562/1233 2492/2503/1233
f 2492/2503/1234 2552/2562/1234 2553/2563/1234 2493/2504/1234
f 2493/2504/1235 2553/2563/1235 2554/2564/1235 2494/2505/1235
f 2494/2505/1236 2554/2564/1236 2555/2565/1236 2495/2506/1236
f 2495/2506/1237 2555/2565/1237 2556/289/1237 2496/288/1237
f 116/23/2 117/22/2 2557/2566/2 2497/2507/2
f 2497/2507/1238 2557/2566/1238 2558/2567/1238 2498/2508/1238
f 2498/2508/1239 2558/2567/1239 2559/2568/1239 2499/2509/1239
f 2499/2509/1240 2559/2568/1240 2560/2569/1240 2500/2510/1240
f 2500/2510/1241 2560/2569/1241 2561/2570/1241 2501/2511/1241
f 2501/2511/1242 2561/2570/1242 2562/2571/1242 2502/2512/1242
f 2502/2512/1243 2562/2571/1243 2563/2572/1243 2503/2513/1243
f 2503/2513/2 2563/2572/2 2564/2573/2 2504/2514/2
f 2504/2514/2 2564/2573/2 2565/2574/2 2505/2515/2
f 2505/2515/2 2565/2574/2 2566/2575/2 2506/2516/2
f 2506/2516/2 2566/2575/2 2567/2576/2 2507/2517/2
f 2507/2517/2 2567/2576/2 2568/2577/2 2508/2518/2
f 2508/2518/2 2568/2577/2 2569/2578/2 2509/2519/2
f 2509/2519/2 2569/2578/2 2570/2579/2 2510/2520/2
f 2510/2520/2 2570/2579/2 2571/2580/2 2511/2521/2
f 2511/2521/2 2571/2580/2 2572/2581/2 2512/2522/2
f 2512/2522/2 2572/2581/2 2573/2582/2 2513/2523/2
f 2513/2523/2 2573/2582/2 2574/2583/2 2514/2524/2
f 2514/2524/2 2574/2583/2 2575/2584/2 2515/2525/2
f 2515/2525/2 2575/2584/2 2576/2585/2 2516/2526/2
f 2516/2526/2 2576/2585/2 2577/2586/2 2517/2527/2
f 2517/2527/2 2577/2586/2 2578/2587/2 2518/2528/2
f 2518/2528/2 2578/2587/2 2579/2588/2 2519/2529/2
f 2519/2529/2 2579/2588/2 2580/2589/2 2520/2530/2
f 2520/2530/2 2580/2589/2 2581/2590/2 2521/2531/2
f 2521/2531/2 2581/2590/2 2582/2591/2 2522/2532/2
f 2522/2532/2 2582/2591/2 2583/2592/2 2523/2533/2
f 2523/2533/2 2583/2592/2 2584/2593/2 2524/2534/2
f 2524/2534/2 2584/2593/2 2585/2594/2 2525/2535/2
f 2525/2535/2 2585/2594/2 2586/2595/2 2526/2536/2
f 2526/2536/2 2586/2595/2 2587/2596/2 2527/2537/2
f 2527/2537/2 2587/2596/2 2588/2597/2 2528/2538/2
f 2528/2538/2 2588/2597/2 2589/2598/2 2529/2539/2
f 2529/2539/2 2589/2598/2 2590/2599/2 2530/2540/2
f 2530/2540/2 2590/2599/2 2591/2600/2 2531/2541/2
f 2531/2541/2 2591/2600/2 2592/2601/2 2532/2542/2
f 2532/2542/2 2592/2601/2 2593/2602/2 2533/2543/2
f 2533/2543/2 2593/2602/2 2594/2603/2 2534/2544/2
f 2534/2544/2 2594/2603/2 2595/2604/2 2535/2545/2
f 2535/2545/2 2595/2604/2 2596/2605/2 2536/2546/2
f 2536/2546/2 2596/2605/2 2597/2606/2 2537/2547/2
f 2537/2547/2 2597/2606/2 2598/2607/2 2538/2548/2
f 2538/2548/2 2598/2607/2 2599/2608/2 2539/2549/2
f 2539/2549/2 2599/2608/2 2600/2609/2 2540/2550/2
f 2540/2550/2 2600/2609/2 2601/2610/2 2541/2551/2
f 2541/2551/2 2601/2610/2 2602/2611/2 2542/2552/2
f 2542/2552/2 2602/2611/2 2603/2612/2 2543/2553/2
f 2543/2553/2 2603/2612/2 2604/2613/2 2544/2554/2
f 2544/2554/1244 2604/2613/1244 2605/2614/1244 2545/2555/1244
f 2545/2555/1245 2605/2614/1245 2606/2615/1245 2546/2556/1245
f 2546/2556/1246 2606/2615/1246 2607/2616/1246 2547/2557/1246
f 2547/2557/1247 2607/2616/1247 2608/2617/1247 2548/2558/1247
f 2548/2558/1248 2608/2617/1248 2609/2618/1248 2549/2559/1248
f 2549/2559/1249 2609/2618/1249 2610/2619/1249 2550/2560/1249
f 2550/2560/1250 2610/2619/1250 2611/2620/1250 2551/2561/1250
f 2551/2561/1251 2611/2620/1251 2612/2621/1251 2552/2562/1251
f 2552/2562/1252 2612/2621/1252 2613/2622/1252 2553/2563/1252
f 2553/2563/1253 2613/2622/1253 2614/2623/1253 2554/2564/1253
f 2554/2564/1254 2614/2623/1254 2615/2624/1254 2555/2565/1254
f 2555/2565/1255 2615/2624/1255 2616/290/1255 2556/289/1255
f 117/22/2 118/21/2 2617/2625/2 2557/2566/2
f 2557/2566/1256 2617/2625/1256 2618/2626/1256 2558/2567/1256
f 2558/2567/1257 2618/2626/1257 2619/2627/1257 2559/2568/1257
f 2559/2568/1258 2619/2627/1258 2620/2628/1258 2560/2569/1258
f 2560/2569/1259 2620/2628/1259 2621/2629/1259 2561/2570/1259
f 2561/2570/1260 2621/2629/1260 2622/2630/1260 2562/2571/1260
f 2562/2571/2 2622/2630/2 2623/2631/2 2563/2572/2
f 2563/2572/2 2623/2631/2 2624/2632/2 2564/2573/2
f 2564/2573/2 2624/2632/2 2625/2633/2 2565/2574/2
f 2565/2574/2 2625/2633/2 2626/2634/2 2566/2575/2
f 2566/2575/2 2626/2634/2 2627/2635/2 2567/2576/2
f 2567/2576/2 2627/2635/2 2628/2636/2 2568/2577/2
f 2568/2577/2 2628/2636/2 2629/2637/2 2569/2578/2
f 2569/2578/2 2629/2637/2 2630/2638/2 2570/2579/2
f 2570/2579/2 2630/2638/2 2631/2639/2 2571/2580/2
f 2571/2580/2 2631/2639/2 2632/2640/2 2572/2581/2
f 2572/2581/2 2632/2640/2 2633/2641/2 2573/2582/2
f 2573/2582/2 2633/2641/2 2634/2642/2 2574/2583/2
f 2574/2583/2 2634/2642/2 2635/2643/2 2575/2584/2
f 2575/2584/2 2635/2643/2 2636/2644/2 2576/2585/2
f 2576/2585/2 2636/2644/2 2637/2645/2 2577/2586/2
f 2577/2586/2 2637/2645/2 2638/2646/2 2578/2587/2
f 2578/2587/2 2638/2646/2 2639/2647/2 2579/2588/2
f 2579/2588/2 2639/2647/2 2640/2648/2 2580/2589/2
f 2580/2589/2 2640/2648/2 2641/2649/2 2581/2590/2
f 2581/2590/2 2641/2649/2 2642/2650/2 2582/2591/2
f 2582/2591/2 2642/2650/2 2643/2651/2 2583/2592/2
f 2583/2592/2 2643/2651/2 2644/2652/2 2584/2593/2
f 2584/2593/2 2644/2652/2 2645/2653/2 2585/2594/2
f 2585/2594/2 2645/2653/2 2646/2654/2 2586/2595/2
f 2586/2595/2 2646/2654/2 2647/2655/2 2587/2596/2
f 2587/2596/2 2647/2655/2 2648/2656/2 2588/2597/2
f 2588/2597/2 2648/2656/2 2649/2657/2 2589/2598/2
f 2589/2598/2 2649/2657/2 2650/2658/2 2590/2599/2
f 2590/2599/2 2650/2658/2 2651/2659/2 2591/2600/2
f 2591/2600/2 2651/2659/2 2652/2660/2 2592/2601/2
f 2592/2601/2 2652/2660/2 2653/2661/2 2593/2602/2
f 2593/2602/2 2653/2661/2 2654/2662/2 2594/2603/2
f 2594/2603/2 2654/2662/2 2655/2663/2 2595/2604/2
f 2595/2604/2 2655/2663/2 2656/2664/2 2596/2605/2
f 2596/2605/2 2656/2664/2 2657/2665/2 2597/2606/2
f 2597/2606/2 2657/2665/2 2658/2666/2 2598/2607/2
f 2598/2607/2 2658/2666/2 2659/2667/2 2599/2608/2
f 2599/2608/2 2659/2667/2 2660/2668/2 2600/2609/2
f 2600/2609/2 2660/2668/2 2661/2669/2 2601/2610/2
f 2601/2610/2 2661/2669/2 2662/2670/2 2602/2611/2
f 2602/2611/2 2662/2670/2 2663/2671/2 2603/2612/2
f 2603/2612/2 2663/2671/2 2664/2672/2 2604/2613/2
f 2604/2613/1261 2664/2672/1261 2665/2673/1261 2605/2614/1261
f 2605/2614/1262 2665/2673/1262 2666/2674/1262 2606/2615/1262
f 2606/2615/1263 2666/2674/1263 2667/2675/1263 2607/2616/1263
f 2607/2616/1264 2667/2675/1264 2668/2676/1264 2608/2617/1264
f 2608/2617/1265 2668/2676/1265 2669/2677/1265 2609/2618/1265
f 2609/2618/1266 2669/2677/1266 2670/2678/1266 2610/2619/1266
f 2610/2619/1267 2670/2678/1267 2671/2679/1267 2611/2620/1267
f 2611/2620/1268 2671/2679/1268 2672/2680/1268 2612/2621/1268
f 2612/2621/1269 2672/2680/1269 2673/2681/1269 2613/2622/1269
f 2613/2622/1270 2673/2681/1270 2674/2682/1270 2614/2623/1270
f 2614/2623/1271 2674/2682/1271 2675/2683/1271 2615/2624/1271
f 2615/2624/1272 2675/2683/1272 2676/291/1272 2616/290/1272
f 118/21/2 119/20/2 2677/2684/2 2617/2625/2
f 2617/2625/1273 2677/2684/1273 2678/2685/1273 2618/2626/1273
f 2618/2626/1274 2678/2685/1274 2679/2686/1274 2619/2627/1274
f 2619/2627/1275 2679/2686/1275 2680/2687/1275 2620/2628/1275
f 2620/2628/1276 2680/2687/1276 2681/2688/1276 2621/2629/1276
f 2621/2629/1277 2681/2688/1277 2682/2689/1277 2622/2630/1277
f 2622/2630/1278 2682/2689/1278 2683/2690/1278 2623/2631/1278
f 2623/2631/2 2683/2690/2 2684/2691/2 2624/2632/2
f 2624/2632/2 2684/2691/2 2685/2692/2 2625/2633/2
f 2625/2633/2 2685/2692/2 2686/2693/2 2626/2634/2
f 2626/2634/2 2686/2693/2 2687/2694/2 2627/2635/2
f 2627/2635/2 2687/2694/2 2688/2695/2 2628/2636/2
f 2628/2636/2 2688/2695/2 2689/2696/2 2629/2637/2
f 2629/2637/2 2689/2696/2 2690/2697/2 2630/2638/2
f 2630/2638/2 2690/2697/2 2691/2698/2 2631/2639/2
f 2631/2639/2 2691/2698/2 2692/2699/2 2632/2640/2
f 2632/2640/2 2692/2699/2 2693/2700/2 2633/2641/2
f 2633/2641/2 2693/2700/2 2694/2701/2 2634/2642/2
f 2634/2642/2 2694/2701/2 2695/2702/2 2635/2643/2
f 2635/2643/2 2695/2702/2 2696/2703/2 2636/2644/2
f 2636/2644/2 2696/2703/2 2697/2704/2 2637/2645/2
f 2637/2645/2 2697/2704/2 2698/2705/2 2638/2646/2
f 2638/2646/2 2698/2705/2 2699/2706/2 2639/2647/2
f 2639/2647/2 2699/2706/2 2700/2707/2 2640/2648/2
f 2640/2648/2 2700/2707/2 2701/2708/2 2641/2649/2
f 2641/2649/2 2701/2708/2 2702/2709/2 2642/2650/2
f 2642/2650/2 2702/2709/2 2703/2710/2 2643/2651/2
f 2643/2651/2 2703/2710/2 2704/2711/2 2644/2652/2
f 2644/2652/2 2704/2711/2 2705/2712/2 2645/2653/2
f 2645/2653/2 2705/2712/2 2706/2713/2 2646/2654/2
f 2646/2654/2 2706/2713/2 2707/2714/2 2647/2655/2
f 2647/2655/2 2707/2714/2 2708/2715/2 2648/2656/2
f 2648/2656/2 2708/2715/2 2709/2716/2 2649/2657/2
f 2649/2657/2 2709/2716/2 2710/2717/2 2650/2658/2
f 2650/2658/2 2710/2717/2 2711/2718/2 2651/2659/2
f 2651/2659/2 2711/2718/2 2712/2719/2 2652/2660/2
f 2652/2660/2 2712/2719/2 2713/2720/2 2653/2661/2
f 2653/2661/2 2713/2720/2 2714/2721/2 2654/2662/2
f 2654/2662/2 2714/2721/2 2715/2722/2 2655/2663/2
f 2655/2663/2 2715/2722/2 2716/2723/2 2656/2664/2
f 2656/2664/2 2716/2723/2 2717/2724/2 2657/2665/2
f 2657/2665/2 2717/2724/2 2718/2725/2 2658/2666/2
f 2658/2666/2 2718/2725/2 2719/2726/2 2659/2667/2
f 2659/2667/2 2719/2726/2 2720/2727/2 2660/2668/2
f 2660/2668/2 2720/2727/2 2721/2728/2 2661/2669/2
f 2661/2669/2 2721/2728/2 2722/2729/2 2662/2670/2
f 2662/2670/2 2722/2729/2 2723/2730/2 2663/2671/2
f 2663/2671/2 2723/2730/2 2724/2731/2 2664/2672/2
f 2664/2672/1279 2724/2731/1279 2725/2732/1279 2665/2673/1279
f 2665/2673/1280 2725/2732/1280 2726/2733/1280 2666/2674/1280
f 2666/2674/1281 2726/2733/1281 2727/2734/1281 2667/2675/1281
f 2667/2675/1282 2727/2734/1282 2728/2735/1282 2668/2676/1282
f 2668/2676/1283 2728/2735/1283 2729/2736/1283 2669/2677/1283
f 2669/2677/1284 2729/2736/1284 2730/2737/1284 2670/2678/1284
f 2670/2678/1285 2730/2737/1285 2731/2738/1285 2671/2679/1285
f 2671/2679/1286 2731/2738/1286 2732/2739/1286 2672/2680/1286
f 2672/2680/1287 2732/2739/1287 2733/2740/1287 2673/2681/1287
f 2673/2681/1288 2733/2740/1288 2734/2741/1288 2674/2682/1288
f 2674/2682/1289 2734/2741/1289 2735/2742/1289 2675/2683/1289
f 2675/2683/1290 2735/2742/1290 2736/292/1290 2676/291/1290
f 119/20/2 120/19/2 2737/2743/2 2677/2684/2
f 2677/2684/1291 2737/2743/1291 2738/2744/1291 2678/2685/1291
f 2678/2685/1292 2738/2744/1292 2739/2745/1292 2679/2686/1292
f 2679/2686/1293 2739/2745/1293 2740/2746/1293 2680/2687/1293
f 2680/2687/1294 2740/2746/1294 2741/2747/1294 2681/2688/1294
f 2681/2688/1295 2741/2747/1295 2742/2748/1295 2682/2689/1295
f 2682/2689/1296 2742/2748/1296 2743/2749/1296 2683/2690/1296
f 2683/2690/2 2743/2749/2 2744/2750/2 2684/2691/2
f 2684/2691/2 2744/2750/2 2745/2751/2 2685/2692/2
f 2685/2692/2 2745/2751/2 2746/2752/2 2686/2693/2
f 2686/2693/2 2746/2752/2 2747/2753/2 2687/2694/2
f 2687/2694/2 2747/2753/2 2748/2754/2 2688/2695/2
f 2688/2695/2 2748/2754/2 2749/2755/2 2689/2696/2
f 2689/2696/2 2749/2755/2 2750/2756/2 2690/2697/2
f 2690/2697/2 2750/2756/2 2751/2757/2 2691/2698/2
f 2691/2698/2 2751/2757/2 2752/2758/2 2692/2699/2
f 2692/2699/2 2752/2758/2 2753/2759/2 2693/2700/2
f 2693/2700/2 2753/2759/2 2754/2760/2 2694/2701/2
f 2694/2701/2 2754/2760/2 2755/2761/2 2695/2702/2
f 2695/2702/2 2755/2761/2 2756/2762/2 2696/2703/2
f 2696/2703/2 2756/2762/2 2757/2763/2 2697/2704/2
f 2697/2704/2 2757/2763/2 2758/2764/2 2698/2705/2
f 2698/2705/2 2758/2764/2 2759/2765/2 2699/2706/2
f 2699/2706/2 2759/2765/2 2760/2766/2 2700/2707/2
f 2700/2707/2 2760/2766/2 2761/2767/2 2701/2708/2
f 2701/2708/2 2761/2767/2 2762/2768/2 2702/2709/2
f 2702/2709/2 2762/2768/2 2763/2769/2 2703/2710/2
f 2703/2710/2 2763/2769/2 2764/2770/2 2704/2711/2
f 2704/2711/2 2764/2770/2 2765/2771/2 2705/2712/2
f 2705/2712/2 2765/2771/2 2766/2772/2 2706/2713/2
f 2706/2713/2 2766/2772/2 2767/2773/2 2707/2714/2
f 2707/2714/2 2767/2773/2 2768/2774/2 2708/2715/2
f 2708/2715/2 2768/2774/2 2769/2775/2 2709/2716/2
f 2709/2716/2 2769/2775/2 2770/2776/2 2710/2717/2
f 2710/2717/2 2770/2776/2 2771/2777/2 2711/2718/2
f 2711/2718/2 2771/2777/2 2772/2778/2 2712/2719/2
f 2712/2719/2 2772/2778/2 2773/2779/2 2713/2720/2
f 2713/2720/2 2773/2779/2 2774/2780/2 2714/2721/2
f 2714/2721/2 2774/2780/2 2775/2781/2 2715/2722/2
f 2715/2722/2 2775/2781/2 2776/2782/2 2716/2723/2
f 2716/2723/2 2776/2782/2 2777/2783/2 2717/2724/2
f 2717/2724/2 2777/2783/2 2778/2784/2 2718/2725/2
f 2718/2725/2 2778/2784/2 2779/2785/2 2719/2726/2
f 2719/2726/2 2779/2785/2 2780/2786/2 2720/2727/2
f 2720/2727/2 2780/2786/2 2781/2787/2 2721/2728/2
f 2721/2728/2 2781/2787/2 2782/2788/2 2722/2729/2
f 2722/2729/2 2782/2788/2 2783/2789/2 2723/2730/2
f 2723/2730/2 2783/2789/2 2784/2790/2 2724/2731/2
f 2724/2731/2 2784/2790/2 2785/2791/2 2725/2732/2
f 2725/2732/1297 2785/2791/1297 2786/2792/1297 2726/2733/1297
f 2726/2733/1298 2786/2792/1298 2787/2793/1298 2727/2734/1298
f 2727/2734/1299 2787/2793/1299 2788/2794/1299 2728/2735/1299
f 2728/2735/1300 2788/2794/1300 2789/2795/1300 2729/2736/1300
f 2729/2736/1301 2789/2795/1301 2790/2796/1301 2730/2737/1301
f 2730/2737/1302 2790/2796/1302 2791/2797/1302 2731/2738/1302
f 2731/2738/1303 2791/2797/1303 2792/2798/1303 2732/2739/1303
f 2732/2739/1304 2792/2798/1304 2793/2799/1304 2733/2740/1304
f 2733/2740/1305 2793/2799/1305 2794/2800/1305 2734/2741/1305
f 2734/2741/1306 2794/2800/1306 2795/2801/1306 2735/2742/1306
f 2735/2742/1307 2795/2801/1307 2796/293/1307 2736/292/1307
f 120/19/2 121/18/2 2797/2802/2 2737/2743/2
f 2737/2743/1308 2797/2802/1308 2798/2803/1308 2738/2744/1308
f 2738/2744/1309 2798/2803/1309 2799/2804/1309 2739/2745/1309
f 2739/2745/1310 2799/2804/1310 2800/2805/1310 2740/2746/1310
f 2740/2746/1311 2800/2805/1311 2801/2806/1311 2741/2747/1311
f 2741/2747/1312 2801/2806/1312 2802/2807/1312 2742/2748/1312
f 2742/2748/1313 2802/2807/1313 2803/2808/1313 2743/2749/1313
f 2743/2749/2 2803/2808/2 2804/2809/2 2744/2750/2
f 2744/2750/2 2804/2809/2 2805/2810/2 2745/2751/2
f 2745/2751/2 2805/2810/2 2806/2811/2 2746/2752/2
f 2746/2752/2 2806/2811/2 2807/2812/2 2747/2753/2
f 2747/2753/2 2807/2812/2 2808/2813/2 2748/2754/2
f 2748/2754/2 2808/2813/2 2809/2814/2 2749/2755/2
f 2749/2755/2 2809/2814/2 2810/2815/2 2750/2756/2
f 2750/2756/2 2810/2815/2 2811/2816/2 2751/2757/2
f 2751/2757/2 2811/2816/2 2812/2817/2 2752/2758/2
f 2752/2758/2 2812/2817/2 2813/2818/2 2753/2759/2
f 2753/2759/2 2813/2818/2 2814/2819/2 2754/2760/2
f 2754/2760/2 2814/2819/2 2815/2820/2 2755/2761/2
f 2755/2761/2 2815/2820/2 2816/2821/2 2756/2762/2
f 2756/2762/2 2816/2821/2 2817/2822/2 2757/2763/2
f 2757/2763/2 2817/2822/2 2818/2823/2 2758/2764/2
f 2758/2764/2 2818/2823/2 2819/2824/2 2759/2765/2
f 2759/2765/2 2819/2824/2 2820/2825/2 2760/2766/2
f 2760/2766/2 2820/2825/2 2821/2826/2 2761/2767/2
f 2761/2767/2 2821/2826/2 2822/2827/2 2762/2768/2
f 2762/2768/2 2822/2827/2 2823/2828/2 2763/2769/2
f 2763/2769/2 2823/2828/2 2824/2829/2 2764/2770/2
f 2764/2770/2 2824/2829/2 2825/2830/2 2765/2771/2
f 2765/2771/2 2825/2830/2 2826/2831/2 2766/2772/2
f 2766/2772/2 2826/2831/2 2827/2832/2 2767/2773/2
f 2767/2773/2 2827/2832/2 2828/2833/2 2768/2774/2
f 2768/2774/2 2828/2833/2 2829/2834/2 2769/2775/2
f 2769/2775/2 2829/2834/2 2830/2835/2 2770/2776/2
f 2770/2776/2 2830/2835/2 2831/2836/2 2771/2777/2
f 2771/2777/2 2831/2836/2 2832/2837/2 2772/2778/2
f 2772/2778/2 2832/2837/2 2833/2838/2 2773/2779/2
f 2773/2779/2 2833/2838/2 2834/2839/2 2774/2780/2
f 2774/2780/2 2834/2839/2 2835/2840/2 2775/2781/2
f 2775/2781/2 2835/2840/2 2836/2841/2 2776/2782/2
f 2776/2782/2 2836/2841/2 2837/2842/2 2777/2783/2
f 2777/2783/2 2837/2842/2 2838/2843/2 2778/2784/2
f 2778/2784/2 2838/2843/2 2839/2844/2 2779/2785/2
f 2779/2785/2 2839/2844/2 2840/2845/2 2780/2786/2
f 2780/2786/2 2840/2845/2 2841/2846/2 2781/2787/2
f 2781/2787/2 2841/2846/2 2842/2847/2 2782/2788/2
f 2782/2788/2 2842/2847/2 2843/2848/2 2783/2789/2
f 2783/2789/2 2843/2848/2 2844/2849/2 2784/2790/2
f 2784/2790/2 2844/2849/2 2845/2850/2 2785/2791/2
f 2785/2791/2 2845/2850/2 2846/2851/2 2786/2792/2
f 2786/2792/1314 2846/2851/1314 2847/2852/1314 2787/2793/1314
f 2787/2793/1315 2847/2852/1315 2848/2853/1315 2788/2794/1315
f 2788/2794/1316 2848/2853/1316 2849/2854/1316 2789/2795/1316
f 2789/2795/1317 2849/2854/1317 2850/2855/1317 2790/2796/1317
f 2790/2796/1318 2850/2855/1318 2851/2856/1318 2791/2797/1318
f 2791/2797/1319 2851/2856/1319 2852/2857/1319 2792/2798/1319
f 2792/2798/1320 2852/2857/1320 2853/2858/1320 2793/2799/1320
f 2793/2799/1321 2853/2858/1321 2854/2859/1321 2794/2800/1321
f 2794/2800/1322 2854/2859/1322 2855/2860/1322 2795/2801/1322
f 2795/2801/1323 2855/2860/1323 2856/294/1323 2796/293/1323
f 121/18/2 122/17/2 2857/2861/2 2797/2802/2
f 2797/2802/2 2857/2861/2 2858/2862/2 2798/2803/2
f 2798/2803/1324 2858/2862/1324 2859/2863/1324 2799/2804/1324
f 2799/2804/1325 2859/2863/1325 2860/2864/1325 2800/2805/1325
f 2800/2805/1326 2860/2864/1326 2861/2865/1326 2801/2806/1326
f 2801/2806/1327 2861/2865/1327 2862/2866/1327 2802/2807/1327
f 2802/2807/2 2862/2866/2 2863/2867/2 2803/2808/2
f 2803/2808/2 2863/2867/2 2864/2868/2 2804/2809/2
f 2804/2809/2 2864/2868/2 2865/2869/2 2805/2810/2
f 2805/2810/2 2865/2869/2 2866/2870/2 2806/2811/2
f 2806/2811/2 2866/2870/2 2867/2871/2 2807/2812/2
f 2807/2812/2 2867/2871/2 2868/2872/2 2808/2813/2
f 2808/2813/2 2868/2872/2 2869/2873/2 2809/2814/2
f 2809/2814/2 2869/2873/2 2870/2874/2 2810/2815/2
f 2810/2815/2 2870/2874/2 2871/2875/2 2811/2816/2
f 2811/2816/2 2871/2875/2 2872/2876/2 2812/2817/2
f 2812/2817/2 2872/2876/2 2873/2877/2 2813/2818/2
f 2813/2818/2 2873/2877/2 2874/2878/2 2814/2819/2
f 2814/2819/2 2874/2878/2 2875/2879/2 2815/2820/2
f 2815/2820/2 2875/2879/2 2876/2880/2 2816/2821/2
f 2816/2821/2 2876/2880/2 2877/2881/2 2817/2822/2
f 2817/2822/2 2877/2881/2 2878/2882/2 2818/2823/2
f 2818/2823/2 2878/2882/2 2879/2883/2 2819/2824/2
f 2819/2824/1328 2879/2883/1328 2880/2884/1328 2820/2825/1328
f 2820/2825/1329 2880/2884/1329 2881/2885/1329 2821/2826/1329
f 2821/2826/1330 2881/2885/1330 2882/2886/1330 2822/2827/1330
f 2822/2827/1331 2882/2886/1331 2883/2887/1331 2823/2828/1331
f 2823/2828/1332 2883/2887/1332 2884/2888/1332 2824/2829/1332
f 2824/2829/2 2884/2888/2 2885/2889/2 2825/2830/2
f 2825/2830/2 2885/2889/2 2886/2890/2 2826/2831/2
f 2826/2831/2 2886/2890/2 2887/2891/2 2827/2832/2
f 2827/2832/2 2887/2891/2 2888/2892/2 2828/2833/2
f 2828/2833/2 2888/2892/2 2889/2893/2 2829/2834/2
f 2829/2834/2 2889/2893/2 2890/2894/2 2830/2835/2
f 2830/2835/2 2890/2894/2 2891/2895/2 2831/2836/2
f 2831/2836/2 2891/2895/2 2892/2896/2 2832/2837/2
f 2832/2837/2 2892/2896/2 2893/2897/2 2833/2838/2
f 2833/2838/2 2893/2897/2 2894/2898/2 2834/2839/2
f 2834/2839/2 2894/2898/2 2895/2899/2 2835/2840/2
f 2835/2840/2 2895/2899/2 2896/2900/2 2836/2841/2
f 2836/2841/2 2896/2900/2 2897/2901/2 2837/2842/2
f 2837/2842/2 2897/2901/2 2898/2902/2 2838/2843/2
f 2838/2843/1333 2898/2902/1333 2899/2903/1333 2839/2844/1333
f 2839/2844/1334 2899/2903/1334 2900/2904/1334 2840/2845/1334
f 2840/2845/1335 2900/2904/1335 2901/2905/1335 2841/2846/1335
f 2841/2846/1336 2901/2905/1336 2902/2906/1336 2842/2847/1336
f 2842/2847/2 2902/2906/2 2903/2907/2 2843/2848/2
f 2843/2848/2 2903/2907/2 2904/2908/2 2844/2849/2
f 2844/2849/2 2904/2908/2 2905/2909/2 2845/2850/2
f 2845/2850/2 2905/2909/2 2906/2910/2 2846/2851/2
f 2846/2851/2 2906/2910/2 2907/2911/2 2847/2852/2
f 2847/2852/2 2907/2911/2 2908/2912/2 2848/2853/2
f 2848/2853/2 2908/2912/2 2909/2913/2 2849/2854/2
f 2849/2854/2 2909/2913/2 2910/2914/2 2850/2855/2
f 2850/2855/1337 2910/2914/1337 2911/2915/1337 2851/2856/1337
f 2851/2856/1338 2911/2915/1338 2912/2916/1338 2852/2857/1338
f 2852/2857/1339 2912/2916/1339 2913/2917/1339 2853/2858/1339
f 2853/2858/1340 2913/2917/1340 2914/2918/1340 2854/2859/1340
f 2854/2859/1341 2914/2918/1341 2915/2919/1341 2855/2860/1341
f 2855/2860/1342 2915/2919/1342 2916/295/1342 2856/294/1342
f 122/17/2 123/16/2 2917/2920/2 2857/2861/2
f 2857/2861/2 2917/2920/2 2918/2921/2 2858/2862/2
f 2858/2862/2 2918/2921/2 2919/2922/2 2859/2863/2
f 2859/2863/2 2919/2922/2 2920/2923/2 2860/2864/2
f 2860/2864/1343 2920/2923/1343 2921/2924/1343 2861/2865/1343
f 2861/2865/1344 2921/2924/1344 2922/2925/1344 2862/2866/1344
f 2862/2866/1345 2922/2925/1345 2923/2926/1345 2863/2867/1345
f 2863/2867/1346 2923/2926/1346 2924/2927/1346 2864/2868/1346
f 2864/2868/1347 2924/2927/1347 2925/2928/1347 2865/2869/1347
f 2865/2869/1348 2925/2928/1348 2926/2929/1348 2866/2870/1348
f 2866/2870/1349 2926/2929/1349 2927/2930/1349 2867/2871/1349
f 2867/2871/1350 2927/2930/1350 2928/2931/1350 2868/2872/1350
f 2868/2872/1351 2928/2931/1351 2929/2932/1351 2869/2873/1351
f 2869/2873/1352 2929/2932/1352 2930/2933/1352 2870/2874/1352
f 2870/2874/2 2930/2933/2 2931/2934/2 2871/2875/2
f 2871/2875/2 2931/2934/2 2932/2935/2 2872/2876/2
f 2872/2876/2 2932/2935/2 2933/2936/2 2873/2877/2
f 2873/2877/2 2933/2936/2 2934/2937/2 2874/2878/2
f 2874/2878/2 2934/2937/2 2935/2938/2 2875/2879/2
f 2875/2879/2 2935/2938/2 2936/2939/2 2876/2880/2
f 2876/2880/2 2936/2939/2 2937/2940/2 2877/2881/2
f 2877/2881/2 2937/2940/2 2938/2941/2 2878/2882/2
f 2878/2882/1353 2938/2941/1353 2939/2942/1353 2879/2883/1353
f 2879/2883/1354 2939/2942/1354 2940/2943/1354 2880/2884/1354
f 2880/2884/1355 2940/2943/1355 2941/2944/1355 2881/2885/1355
f 2881/2885/1356 2941/2944/1356 2942/2945/1356 2882/2886/1356
f 2882/2886/1357 2942/2945/1357 2943/2946/1357 2883/2887/1357
f 2883/2887/1358 2943/2946/1358 2944/2947/1358 2884/2888/1358
f 2884/2888/1359 2944/2947/1359 2945/2948/1359 2885/2889/1359
f 2885/2889/2 2945/2948/2 2946/2949/2 2886/2890/2
f 2886/2890/2 2946/2949/2 2947/2950/2 2887/2891/2
f 2887/2891/2 2947/2950/2 2948/2951/2 2888/2892/2
f 2888/2892/2 2948/2951/2 2949/2952/2 2889/2893/2
f 2889/2893/2 2949/2952/2 2950/2953/2 2890/2894/2
f 2890/2894/2 2950/2953/2 2951/2954/2 2891/2895/2
f 2891/2895/2 2951/2954/2 2952/2955/2 2892/2896/2
f 2892/2896/2 2952/2955/2 2953/2956/2 2893/2897/2
f 2893/2897/2 2953/2956/2 2954/2957/2 2894/2898/2
f 2894/2898/2 2954/2957/2 2955/2958/2 2895/2899/2
f 2895/2899/2 2955/2958/2 2956/2959/2 2896/2900/2
f 2896/2900/1360 2956/2959/1360 2957/2960/1360 2897/2901/1360
f 2897/2901/1361 2957/2960/1361 2958/2961/1361 2898/2902/1361
f 2898/2902/1362 2958/2961/1362 2959/2962/1362 2899/2903/1362
f 2899/2903/1363 2959/2962/1363 2960/2963/1363 2900/2904/1363
f 2900/2904/1364 2960/2963/1364 2961/2964/1364 2901/2905/1364
f 2901/2905/1365 2961/2964/1365 2962/2965/1365 2902/2906/1365
f 2902/2906/1366 2962/2965/1366 2963/2966/1366 2903/2907/1366
f 2903/2907/2 2963/2966/2 2964/2967/2 2904/2908/2
f 2904/2908/2 2964/2967/2 2965/2968/2 2905/2909/2
f 2905/2909/2 2965/2968/2 2966/2969/2 2906/2910/2
f 2906/2910/2 2966/2969/2 2967/2970/2 2907/2911/2
f 2907/2911/2 2967/2970/2 2968/2971/2 2908/2912/2
f 2908/2912/2 2968/2971/2 2969/2972/2 2909/2913/2
f 2909/2913/1367 2969/2972/1367 2970/2973/1367 2910/2914/1367
f 2910/2914/1368 2970/2973/1368 2971/2974/1368 2911/2915/1368
f 2911/2915/1369 2971/2974/1369 2972/2975/1369 2912/2916/1369
f 2912/2916/1370 2972/2975/1370 2973/2976/1370 2913/2917/1370
f 2913/2917/1371 2973/2976/1371 2974/2977/1371 2914/2918/1371
f 2914/2918/1372 2974/2977/1372 2975/2978/1372 2915/2919/1372
f 2915/2919/1373 2975/2978/1373 2976/296/1373 2916/295/1373
f 123/16/2 124/15/2 2977/2979/2 2917/2920/2
f 2917/2920/2 2977/2979/2 2978/2980/2 2918/2921/2
f 2918/2921/2 2978/2980/2 2979/2981/2 2919/2922/2
f 2919/2922/1374 2979/2981/1374 2980/2982/1374 2920/2923/1374
f 2920/2923/1375 2980/2982/1375 2981/2983/1375 2921/2924/1375
f 2921/2924/1376 2981/2983/1376 2982/2984/1376 2922/2925/1376
f 2922/2925/1377 2982/2984/1377 2983/2985/1377 2923/2926/1377
f 2923/2926/1378 2983/2985/1378 2984/2986/1378 2924/2927/1378
f 2924/2927/1379 2984/2986/1379 2985/2987/1379 2925/2928/1379
f 2925/2928/1380 2985/2987/1380 2986/2988/1380 2926/2929/1380
f 2926/2929/1381 2986/2988/1381 2987/2989/1381 2927/2930/1381
f 2927/2930/1382 2987/2989/1382 2988/2990/1382 2928/2931/1382
f 2928/2931/1383 2988/2990/1383 2989/2991/1383 2929/2932/1383
f 2929/2932/1384 2989/2991/1384 2990/2992/1384 2930/2933/1384
f 2930/2933/1385 2990/2992/1385 2991/2993/1385 2931/2934/1385
f 2931/2934/2 2991/2993/2 2992/2994/2 2932/2935/2
f 2932/2935/2 2992/2994/2 2993/2995/2 2933/2936/2
f 2933/2936/2 2993/2995/2 2994/2996/2 2934/2937/2
f 2934/2937/2 2994/2996/2 2995/2997/2 2935/2938/2
f 2935/2938/2 2995/2997/2 2996/2998/2 2936/2939/2
f 2936/2939/2 2996/2998/2 2997/2999/2 2937/2940/2
f 2937/2940/2 2997/2999/2 2998/3000/2 2938/2941/2
f 2938/2941/1386 2998/3000/1386 2999/3001/1386 2939/2942/1386
f 2939/2942/1387 2999/3001/1387 3000/3002/1387 2940/2943/1387
f 2940/2943/1388 3000/3002/1388 3001/3003/1388 2941/2944/1388
f 2941/2944/1389 3001/3003/1389 3002/3004/1389 2942/2945/1389
f 2942/2945/1390 3002/3004/1390 3003/3005/1390 2943/2946/1390
f 2943/2946/1391 3003/3005/1391 3004/3006/1391 2944/2947/1391
f 2944/2947/1392 3004/3006/1392 3005/3007/1392 2945/2948/1392
f 2945/2948/1393 3005/3007/1393 3006/3008/1393 2946/2949/1393
f 2946/2949/1394 3006/3008/1394 3007/3009/1394 2947/2950/1394
f 2947/2950/1395 3007/3009/1395 3008/3010/1395 2948/2951/1395
f 2948/2951/1396 3008/3010/1396 3009/3011/1396 2949/2952/1396
f 2949/2952/1397 3009/3011/1397 3010/3012/1397 2950/2953/1397
f 2950/2953/2 3010/3012/2 3011/3013/2 2951/2954/2
f 2951/2954/2 3011/3013/2 3012/3014/2 2952/2955/2
f 2952/2955/2 3012/3014/2 3013/3015/2 2953/2956/2
f 2953/2956/2 3013/3015/2 3014/3016/2 2954/2957/2
f 2954/2957/2 3014/3016/2 3015/3017/2 2955/2958/2
f 2955/2958/1398 3015/3017/1398 3016/3018/1398 2956/2959/1398
f 2956/2959/1399 3016/3018/1399 3017/3019/1399 2957/2960/1399
f 2957/2960/1400 3017/3019/1400 3018/3020/1400 2958/2961/1400
f 2958/2961/1401 3018/3020/1401 3019/3021/1401 2959/2962/1401
f 2959/2962/1402 3019/3021/1402 3020/3022/1402 2960/2963/1402
f 2960/2963/1403 3020/3022/1403 3021/3023/1403 2961/2964/1403
f 2961/2964/1404 3021/3023/1404 3022/3024/1404 2962/2965/1404
f 2962/2965/1405 3022/3024/1405 3023/3025/1405 2963/2966/1405
f 2963/2966/1406 3023/3025/1406 3024/3026/1406 2964/2967/1406
f 2964/2967/2 3024/3026/2 3025/3027/2 2965/2968/2
f 2965/2968/2 3025/3027/2 3026/3028/2 2966/2969/2
f 2966/2969/2 3026/3028/2 3027/3029/2 2967/2970/2
f 2967/2970/1407 3027/3029/1407 3028/3030/1407 2968/2971/1407
f 2968/2971/1408 3028/3030/1408 3029/3031/1408 2969/2972/1408
f 2969/2972/1409 3029/3031/1409 3030/3032/1409 2970/2973/1409
f 2970/2973/1410 3030/3032/1410 3031/3033/1410 2971/2974/1410
f 2971/2974/1411 3031/3033/1411 3032/3034/1411 2972/2975/1411
f 2972/2975/1412 3032/3034/1412 3033/3035/1412 2973/2976/1412
f 2973/2976/1413 3033/3035/1413 3034/3036/1413 2974/2977/1413
f 2974/2977/1414 3034/3036/1414 3035/3037/1414 2975/2978/1414
f 2975/2978/1415 3035/3037/1415 3036/297/1415 2976/296/1415
f 124/15/2 125/14/2 3037/3038/2 2977/2979/2
f 2977/2979/2 3037/3038/2 3038/3039/2 2978/2980/2
f 2978/2980/2 3038/3039/2 3039/3040/2 2979/2981/2
f 2979/2981/1416 3039/3040/1416 3040/3041/1416 2980/2982/1416
f 2980/2982/1417 3040/3041/1417 3041/3042/1417 2981/2983/1417
f 2981/2983/1418 3041/3042/1418 3042/3043/1418 2982/2984/1418
f 2982/2984/1419 3042/3043/1419 3043/3044/1419 2983/2985/1419
f 2983/2985/1420 3043/3044/1420 3044/3045/1420 2984/2986/1420
f 2984/2986/1421 3044/3045/1421 3045/3046/1421 2985/2987/1421
f 2985/2987/1422 3045/3046/1422 3046/3047/1422 2986/2988/1422
f 2986/2988/1423 3046/3047/1423 3047/3048/1423 2987/2989/1423
f 2987/2989/1424 3047/3048/1424 3048/3049/1424 2988/2990/1424
f 2988/2990/1425 3048/3049/1425 3049/3050/1425 2989/2991/1425
f 2989/2991/1426 3049/3050/1426 3050/3051/1426 2990/2992/1426
f 2990/2992/1427 3050/3051/1427 3051/3052/1427 2991/2993/1427
f 2991/2993/1428 3051/3052/1428 3052/3053/1428 2992/2994/1428
f 2992/2994/2 3052/3053/2 3053/3054/2 2993/2995/2
f 2993/2995/1429 3053/3054/1429 3054/3055/1429 2994/2996/1429
f 2994/2996/1430 3054/3055/1430 3055/3056/1430 2995/2997/1430
f 2995/2997/1431 3055/3056/1431 3056/3057/1431 2996/2998/1431
f 2996/2998/1397 3056/3057/1397 3057/3058/1397 2997/2999/1397
f 2997/2999/1432 3057/3058/1432 3058/3059/1432 2998/3000/1432
f 2998/3000/1433 3058/3059/1433 3059/3060/1433 2999/3001/1433
f 2999/3001/1434 3059/3060/1434 3060/3061/1434 3000/3002/1434
f 3000/3002/1435 3060/3061/1435 3061/3062/1435 3001/3003/1435
f 3001/3003/1436 3061/3062/1436 3062/3063/1436 3002/3004/1436
f 3002/3004/1437 3062/3063/1437 3063/3064/1437 3003/3005/1437
f 3003/3005/1438 3063/3064/1438 3064/3065/1438 3004/3006/1438
f 3004/3006/1439 3064/3065/1439 3065/3066/1439 3005/3007/1439
f 3005/3007/1440 3065/3066/1440 3066/3067/1440 3006/3008/1440
f 3006/3008/1441 3066/3067/1441 3067/3068/1441 3007/3009/1441
f 3007/3009/1442 3067/3068/1442 3068/3069/1442 3008/3010/1442
f 3008/3010/1443 3068/3069/1443 3069/3070/1443 3009/3011/1443
f 3009/3011/1444 3069/3070/1444 3070/3071/1444 3010/3012/1444
f 3010/3012/1445 3070/3071/1445 3071/3072/1445 3011/3013/1445
f 3011/3013/1446 3071/3072/1446 3072/3073/1446 3012/3014/1446
f 3012/3014/1447 3072/3073/1447 3073/3074/1447 3013/3015/1447
f 3013/3015/1448 3073/3074/1448 3074/3075/1448 3014/3016/1448
f 3014/3016/1449 3074/3075/1449 3075/3076/1449 3015/3017/1449
f 3015/3017/1450 3075/3076/1450 3076/3077/1450 3016/3018/1450
f 3016/3018/1451 3076/3077/1451 3077/3078/1451 3017/3019/1451
f 3017/3019/1452 3077/3078/1452 3078/3079/1452 3018/3020/1452
f 3018/3020/1453 3078/3079/1453 3079/3080/1453 3019/3021/1453
f 3019/3021/1454 3079/3080/1454 3080/3081/1454 3020/3022/1454
f 3020/3022/1455 3080/3081/1455 3081/3082/1455 3021/3023/1455
f 3021/3023/1456 3081/3082/1456 3082/3083/1456 3022/3024/1456
f 3022/3024/1457 3082/3083/1457 3083/3084/1457 3023/3025/1457
f 3023/3025/1458 3083/3084/1458 3084/3085/1458 3024/3026/1458
f 3024/3026/2 3084/3085/2 3085/3086/2 3025/3027/2
f 3025/3027/2 3085/3086/2 3086/3087/2 3026/3028/2
f 3026/3028/1459 3086/3087/1459 3087/3088/1459 3027/3029/1459
f 3027/3029/1460 3087/3088/1460 3088/3089/1460 3028/3030/1460
f 3028/3030/1461 3088/3089/1461 3089/3090/1461 3029/3031/1461
f 3029/3031/1462 3089/3090/1462 3090/3091/1462 3030/3032/1462
f 3030/3032/1463 3090/3091/1463 3091/3092/1463 3031/3033/1463
f 3031/3033/1464 3091/3092/1464 3092/3093/1464 3032/3034/1464
f 3032/3034/1465 3092/3093/1465 3093/3094/1465 3033/3035/1465
f 3033/3035/1466 3093/3094/1466 3094/3095/1466 3034/3036/1466
f 3034/3036/1467 3094/3095/1467 3095/3096/1467 3035/3037/1467
f 3035/3037/1468 3095/3096/1468 3096/298/1468 3036/297/1468
f 125/14/2 126/13/2 3097/3097/2 3037/3038/2
f 3037/3038/2 3097/3097/2 3098/3098/2 3038/3039/2
f 3038/3039/2 3098/3098/2 3099/3099/2 3039/3040/2
f 3039/3040/972 3099/3099/972 3100/3100/972 3040/3041/972
f 3040/3041/1469 3100/3100/1469 3101/3101/1469 3041/3042/1469
f 3041/3042/1470 3101/3101/1470 3102/3102/1470 3042/3043/1470
f 3042/3043/1471 3102/3102/1471 3103/3103/1471 3043/3044/1471
f 3043/3044/1472 3103/3103/1472 3104/3104/1472 3044/3045/1472
f 3044/3045/1473 3104/3104/1473 3105/3105/1473 3045/3046/1473
f 3045/3046/1474 3105/3105/1474 3106/3106/1474 3046/3047/1474
f 3046/3047/1475 3106/3106/1475 3107/3107/1475 3047/3048/1475
f 3047/3048/1476 3107/3107/1476 3108/3108/1476 3048/3049/1476
f 3048/3049/1477 3108/3108/1477 3109/3109/1477 3049/3050/1477
f 3049/3050/1478 3109/3109/1478 3110/3110/1478 3050/3051/1478
f 3050/3051/1479 3110/3110/1479 3111/3111/1479 3051/3052/1479
f 3051/3052/1480 3111/3111/1480 3112/3112/1480 3052/3053/1480
f 3052/3053/1481 3112/3112/1481 3113/3113/1481 3053/3054/1481
f 3053/3054/1482 3113/3113/1482 3114/3114/1482 3054/3055/1482
f 3054/3055/1483 3114/3114/1483 3115/3115/1483 3055/3056/1483
f 3055/3056/1484 3115/3115/1484 3116/3116/1484 3056/3057/1484
f 3056/3057/1485 3116/3116/1485 3117/3117/1485 3057/3058/1485
f 3057/3058/1486 3117/3117/1486 3118/3118/1486 3058/3059/1486
f 3058/3059/1487 3118/3118/1487 3119/3119/1487 3059/3060/1487
f 3059/3060/1488 3119/3119/1488 3120/3120/1488 3060/3061/1488
f 3060/3061/1489 3120/3120/1489 3121/3121/1489 3061/3062/1489
f 3061/3062/1490 3121/3121/1490 3122/3122/1490 3062/3063/1490
f 3062/3063/1491 3122/3122/1491 3123/3123/1491 3063/3064/1491
f 3063/3064/1492 3123/3123/1492 3124/3124/1492 3064/3065/1492
f 3064/3065/1493 3124/3124/1493 3125/3125/1493 3065/3066/1493
f 3065/3066/1494 3125/3125/1494 3126/3126/1494 3066/3067/1494
f 3066/3067/1495 3126/3126/1495 3127/3127/1495 3067/3068/1495
f 3067/3068/1496 3127/3127/1496 3128/3128/1496 3068/3069/1496
f 3068/3069/1497 3128/3128/1497 3129/3129/1497 3069/3070/1497
f 3069/3070/1498 3129/3129/1498 3130/3130/1498 3070/3071/1498
f 3070/3071/1499 3130/3130/1499 3131/3131/1499 3071/3072/1499
f 3071/3072/1500 3131/3131/1500 3132/3132/1500 3072/3073/1500
f 3072/3073/1501 3132/3132/1501 3133/3133/1501 3073/3074/1501
f 3073/3074/1502 3133/3133/1502 3134/3134/1502 3074/3075/1502
f 3074/3075/1503 3134/3134/1503 3135/3135/1503 3075/3076/1503
f 3075/3076/1504 3135/3135/1504 3136/3136/1504 3076/3077/1504
f 3076/3077/1505 3136/3136/1505 3137/3137/1505 3077/3078/1505
f 3077/3078/1506 3137/3137/1506 3138/3138/1506 3078/3079/1506
f 3078/3079/1507 3138/3138/1507 3139/3139/1507 3079/3080/1507
f 3079/3080/1508 3139/3139/1508 3140/3140/1508 3080/3081/1508
f 3080/3081/1509 3140/3140/1509 3141/3141/1509 3081/3082/1509
f 3081/3082/1510 3141/3141/1510 3142/3142/1510 3082/3083/1510
f 3082/3083/1511 3142/3142/1511 3143/3143/1511 3083/3084/1511
f 3083/3084/1512 3143/3143/1512 3144/3144/1512 3084/3085/1512
f 3084/3085/2 3144/3144/2 3145/3145/2 3085/3086/2
f 3085/3086/1513 3145/3145/1513 3146/3146/1513 3086/3087/1513
f 3086/3087/1514 3146/3146/1514 3147/3147/1514 3087/3088/1514
f 3087/3088/1515 3147/3147/1515 3148/3148/1515 3088/3089/1515
f 3088/3089/1516 3148/3148/1516 3149/3149/1516 3089/3090/1516
f 3089/3090/1517 3149/3149/1517 3150/3150/1517 3090/3091/1517
f 3090/3091/1518 3150/3150/1518 3151/3151/1518 3091/3092/1518
f 3091/3092/1519 3151/3151/1519 3152/3152/1519 3092/3093/1519
f 3092/3093/1520 3152/3152/1520 3153/3153/1520 3093/3094/1520
f 3093/3094/1521 3153/3153/1521 3154/3154/1521 3094/3095/1521
f 3094/3095/1522 3154/3154/1522 3155/3155/1522 3095/3096/1522
f 3095/3096/1523 3155/3155/1523 3156/299/1523 3096/298/1523
f 126/13/2 127/12/2 3157/3156/2 3097/3097/2
f 3097/3097/2 3157/3156/2 3158/3157/2 3098/3098/2
f 3098/3098/2 3158/3157/2 3159/3158/2 3099/3099/2
f 3099/3099/1524 3159/3158/1524 3160/3159/1524 3100/3100/1524
f 3100/3100/1525 3160/3159/1525 3161/3160/1525 3101/3101/1525
f 3101/3101/1526 3161/3160/1526 3162/3161/1526 3102/3102/1526
f 3102/3102/1527 3162/3161/1527 3163/3162/1527 3103/3103/1527
f 3103/3103/1528 3163/3162/1528 3164/3163/1528 3104/3104/1528
f 3104/3104/1529 3164/3163/1529 3165/3164/1529 3105/3105/1529
f 3105/3105/1530 3165/3164/1530 3166/3165/1530 3106/3106/1530
f 3106/3106/1531 3166/3165/1531 3167/3166/1531 3107/3107/1531
f 3107/3107/1532 3167/3166/1532 3168/3167/1532 3108/3108/1532
f 3108/3108/1533 3168/3167/1533 3169/3168/1533 3109/3109/1533
f 3109/3109/1534 3169/3168/1534 3170/3169/1534 3110/3110/1534
f 3110/3110/1535 3170/3169/1535 3171/3170/1535 3111/3111/1535
f 3111/3111/1536 3171/3170/1536 3172/3171/1536 3112/3112/1536
f 3112/3112/1537 3172/3171/1537 3173/3172/1537 3113/3113/1537
f 3113/3113/1538 3173/3172/1538 3174/3173/1538 3114/3114/1538
f 3114/3114/1539 3174/3173/1539 3175/3174/1539 3115/3115/1539
f 3115/3115/1540 3175/3174/1540 3176/3175/1540 3116/3116/1540
f 3116/3116/1541 3176/3175/1541 3177/3176/1541 3117/3117/1541
f 3117/3117/1542 3177/3176/1542 3178/3177/1542 3118/3118/1542
f 3118/3118/1543 3178/3177/1543 3179/3178/1543 3119/3119/1543
f 3119/3119/1544 3179/3178/1544 3180/3179/1544 3120/3120/1544
f 3120/3120/1545 3180/3179/1545 3181/3180/1545 3121/3121/1545
f 3121/3121/1546 3181/3180/1546 3182/3181/1546 3122/3122/1546
f 3122/3122/1547 3182/3181/1547 3183/3182/1547 3123/3123/1547
f 3123/3123/1548 3183/3182/1548 3184/3183/1548 3124/3124/1548
f 3124/3124/1549 3184/3183/1549 3185/3184/1549 3125/3125/1549
f 3125/3125/1550 3185/3184/1550 3186/3185/1550 3126/3126/1550
f 3126/3126/1551 3186/3185/1551 3187/3186/1551 3127/3127/1551
f 3127/3127/1552 3187/3186/1552 3188/3187/1552 3128/3128/1552
f 3128/3128/1553 3188/3187/1553 3189/3188/1553 3129/3129/1553
f 3129/3129/1554 3189/3188/1554 3190/3189/1554 3130/3130/1554
f 3130/3130/1555 3190/3189/1555 3191/3190/1555 3131/3131/1555
f 3131/3131/1556 3191/3190/1556 3192/3191/1556 3132/3132/1556
f 3132/3132/1557 3192/3191/1557 3193/3192/1557 3133/3133/1557
f 3133/3133/1558 3193/3192/1558 3194/3193/1558 3134/3134/1558
f 3134/3134/1559 3194/3193/1559 3195/3194/1559 3135/3135/1559
f 3135/3135/1560 3195/3194/1560 3196/3195/1560 3136/3136/1560
f 3136/3136/1561 3196/3195/1561 3197/3196/1561 3137/3137/1561
f 3137/3137/1562 3197/3196/1562 3198/3197/1562 3138/3138/1562
f 3138/3138/1563 3198/3197/1563 3199/3198/1563 3139/3139/1563
f 3139/3139/1564 3199/3198/1564 3200/3199/1564 3140/3140/1564
f 3140/3140/1565 3200/3199/1565 3201/3200/1565 3141/3141/1565
f 3141/3141/1566 3201/3200/1566 3202/3201/1566 3142/3142/1566
f 3142/3142/1567 3202/3201/1567 3203/3202/1567 3143/3143/1567
f 3143/3143/1568 3203/3202/1568 3204/3203/1568 3144/3144/1568
f 3144/3144/1569 3204/3203/1569 3205/3204/1569 3145/3145/1569
f 3145/3145/1570 3205/3204/1570 3206/3205/1570 3146/3146/1570
f 3146/3146/1571 3206/3205/1571 3207/3206/1571 3147/3147/1571
f 3147/3147/1572 3207/3206/1572 3208/3207/1572 3148/3148/1572
f 3148/3148/1573 3208/3207/1573 3209/3208/1573 3149/3149/1573
f 3149/3149/1574 3209/3208/1574 3210/3209/1574 3150/3150/1574
f 3150/3150/1575 3210/3209/1575 3211/3210/1575 3151/3151/1575
f 3151/3151/1576 3211/3210/1576 3212/3211/1576 3152/3152/1576
f 3152/3152/1577 3212/3211/1577 3213/3212/1577 3153/3153/1577
f 3153/3153/1578 3213/3212/1578 3214/3213/1578 3154/3154/1578
f 3154/3154/1579 3214/3213/1579 3215/3214/1579 3155/3155/1579
f 3155/3155/1580 3215/3214/1580 3216/300/1580 3156/299/1580
f 127/12/2 128/11/2 3217/3215/2 3157/3156/2
f 3157/3156/2 3217/3215/2 3218/3216/2 3158/3157/2
f 3158/3157/1581 3218/3216/1581 3219/3217/1581 3159/3158/1581
f 3159/3158/1582 3219/3217/1582 3220/3218/1582 3160/3159/1582
f 3160/3159/1583 3220/3218/1583 3221/3219/1583 3161/3160/1583
f 3161/3160/1584 3221/3219/1584 3222/3220/1584 3162/3161/1584
f 3162/3161/1585 3222/3220/1585 3223/3221/1585 3163/3162/1585
f 3163/3162/1586 3223/3221/1586 3224/3222/1586 3164/3163/1586
f 3164/3163/1587 3224/3222/1587 3225/3223/1587 3165/3164/1587
f 3165/3164/1588 3225/3223/1588 3226/3224/1588 3166/3165/1588
f 3166/3165/1589 3226/3224/1589 3227/3225/1589 3167/3166/1589
f 3167/3166/1590 3227/3225/1590 3228/3226/1590 3168/3167/1590
f 3168/3167/1591 3228/3226/1591 3229/3227/1591 3169/3168/1591
f 3169/3168/1592 3229/3227/1592 3230/3228/1592 3170/3169/1592
f 3170/3169/1593 3230/3228/1593 3231/3229/1593 3171/3170/1593
f 3171/3170/1594 3231/3229/1594 3232/3230/1594 3172/3171/1594
f 3172/3171/1595 3232/3230/1595 3233/3231/1595 3173/3172/1595
f 3173/3172/1596 3233/3231/1596 3234/3232/1596 3174/3173/1596
f 3174/3173/1597 3234/3232/1597 3235/3233/1597 3175/3174/1597
f 3175/3174/1598 3235/3233/1598 3236/3234/1598 3176/3175/1598
f 3176/3175/1599 3236/3234/1599 3237/3235/1599 3177/3176/1599
f 3177/3176/1600 3237/3235/1600 3238/3236/1600 3178/3177/1600
f 3178/3177/1601 3238/3236/1601 3239/3237/1601 3179/3178/1601
f 3179/3178/1602 3239/3237/1602 3240/3238/1602 3180/3179/1602
f 3180/3179/1603 3240/3238/1603 3241/3239/1603 3181/3180/1603
f 3181/3180/1604 3241/3239/1604 3242/3240/1604 3182/3181/1604
f 3182/3181/1605 3242/3240/1605 3243/3241/1605 3183/3182/1605
f 3183/3182/1606 3243/3241/1606 3244/3242/1606 3184/3183/1606
f 3184/3183/1607 3244/3242/1607 3245/3243/1607 3185/3184/1607
f 3185/3184/1608 3245/3243/1608 3246/3244/1608 3186/3185/1608
f 3186/3185/1609 3246/3244/1609 3247/3245/1609 3187/3186/1609
f 3187/3186/1610 3247/3245/1610 3248/3246/1610 3188/3187/1610
f 3188/3187/1611 3248/3246/1611 3249/3247/1611 3189/3188/1611
f 3189/3188/1612 3249/3247/1612 3250/3248/1612 3190/3189/1612
f 3190/3189/1613 3250/3248/1613 3251/3249/1613 3191/3190/1613
f 3191/3190/1614 3251/3249/1614 3252/3250/1614 3192/3191/1614
f 3192/3191/1615 3252/3250/1615 3253/3251/1615 3193/3192/1615
f 3193/3192/1616 3253/3251/1616 3254/3252/1616 3194/3193/1616
f 3194/3193/1617 3254/3252/1617 3255/3253/1617 3195/3194/1617
f 3195/3194/1618 3255/3253/1618 3256/3254/1618 3196/3195/1618
f 3196/3195/1619 3256/3254/1619 3257/3255/1619 3197/3196/1619
f 3197/3196/1620 3257/3255/1620 3258/3256/1620 3198/3197/1620
f 3198/3197/1621 3258/3256/1621 3259/3257/1621 3199/3198/1621
f 3199/3198/1622 3259/3257/1622 3260/3258/1622 3200/3199/1622
f 3200/3199/1623 3260/3258/1623 3261/3259/1623 3201/3200/1623
f 3201/3200/1624 3261/3259/1624 3262/3260/1624 3202/3201/1624
f 3202/3201/1625 3262/3260/1625 3263/3261/1625 3203/3202/1625
f 3203/3202/1626 3263/3261/1626 3264/3262/1626 3204/3203/1626
f 3204/3203/1627 3264/3262/1627 3265/3263/1627 3205/3204/1627
f 3205/3204/1628 3265/3263/1628 3266/3264/1628 3206/3205/1628
f 3206/3205/1629 3266/3264/1629 3267/3265/1629 3207/3206/1629
f 3207/3206/1630 3267/3265/1630 3268/3266/1630 3208/3207/1630
f 3208/3207/1631 3268/3266/1631 3269/3267/1631 3209/3208/1631
f 3209/3208/1632 3269/3267/1632 3270/3268/1632 3210/3209/1632
f 3210/3209/1633 3270/3268/1633 3271/3269/1633 3211/3210/1633
f 3211/3210/1634 3271/3269/1634 3272/3270/1634 3212/3211/1634
f 3212/3211/1635 3272/3270/1635 3273/3271/1635 3213/3212/1635
f 3213/3212/1636 3273/3271/1636 3274/3272/1636 3214/3213/1636
f 3214/3213/1637 3274/3272/1637 3275/3273/1637 3215/3214/1637
f 3215/3214/1638 3275/3273/1638 3276/301/1638 3216/300/1638
f 128/11/2 129/10/2 3277/3274/2 3217/3215/2
f 3217/3215/2 3277/3274/2 3278/3275/2 3218/3216/2
f 3218/3216/1639 3278/3275/1639 3279/3276/1639 3219/3217/1639
f 3219/3217/1640 3279/3276/1640 3280/3277/1640 3220/3218/1640
f 3220/3218/1641 3280/3277/1641 3281/3278/1641 3221/3219/1641
f 3221/3219/1642 3281/3278/1642 3282/3279/1642 3222/3220/1642
f 3222/3220/1643 3282/3279/1643 3283/3280/1643 3223/3221/1643
f 3223/3221/1644 3283/3280/1644 3284/3281/1644 3224/3222/1644
f 3224/3222/1645 3284/3281/1645 3285/3282/1645 3225/3223/1645
f 3225/3223/2 3285/3282/2 3286/3283/2 3226/3224/2
f 3226/3224/2 3286/3283/2 3287/3284/2 3227/3225/2
f 3227/3225/1646 3287/3284/1646 3288/3285/1646 3228/3226/1646
f 3228/3226/1647 3288/3285/1647 3289/3286/1647 3229/3227/1647
f 3229/3227/1648 3289/3286/1648 3290/3287/1648 3230/3228/1648
f 3230/3228/1649 3290/3287/1649 3291/3288/1649 3231/3229/1649
f 3231/3229/1650 3291/3288/1650 3292/3289/1650 3232/3230/1650
f 3232/3230/1651 3292/3289/1651 3293/3290/1651 3233/3231/1651
f 3233/3231/1652 3293/3290/1652 3294/3291/1652 3234/3232/1652
f 3234/3232/1653 3294/3291/1653 3295/3292/1653 3235/3233/1653
f 3235/3233/1654 3295/3292/1654 3296/3293/1654 3236/3234/1654
f 3236/3234/1655 3296/3293/1655 3297/3294/1655 3237/3235/1655
f 3237/3235/1656 3297/3294/1656 3298/3295/1656 3238/3236/1656
f 3238/3236/1657 3298/3295/1657 3299/3296/1657 3239/3237/1657
f 3239/3237/1658 3299/3296/1658 3300/3297/1658 3240/3238/1658
f 3240/3238/1659 3300/3297/1659 3301/3298/1659 3241/3239/1659
f 3241/3239/1660 3301/3298/1660 3302/3299/1660 3242/3240/1660
f 3242/3240/2 3302/3299/2 3303/3300/2 3243/3241/2
f 3243/3241/2 3303/3300/2 3304/3301/2 3244/3242/2
f 3244/3242/1661 3304/3301/1661 3305/3302/1661 3245/3243/1661
f 3245/3243/1662 3305/3302/1662 3306/3303/1662 3246/3244/1662
f 3246/3244/1663 3306/3303/1663 3307/3304/1663 3247/3245/1663
f 3247/3245/1664 3307/3304/1664 3308/3305/1664 3248/3246/1664
f 3248/3246/1665 3308/3305/1665 3309/3306/1665 3249/3247/1665
f 3249/3247/1666 3309/3306/1666 3310/3307/1666 3250/3248/1666
f 3250/3248/1667 3310/3307/1667 3311/3308/1667 3251/3249/1667
f 3251/3249/1668 3311/3308/1668 3312/3309/1668 3252/3250/1668
f 3252/3250/1669 3312/3309/1669 3313/3310/1669 3253/3251/1669
f 3253/3251/1670 3313/3310/1670 3314/3311/1670 3254/3252/1670
f 3254/3252/1671 3314/3311/1671 3315/3312/1671 3255/3253/1671
f 3255/3253/1672 3315/3312/1672 3316/3313/1672 3256/3254/1672
f 3256/3254/1673 3316/3313/1673 3317/3314/1673 3257/3255/1673
f 3257/3255/1674 3317/3314/1674 3318/3315/1674 3258/3256/1674
f 3258/3256/1675 3318/3315/1675 3319/3316/1675 3259/3257/1675
f 3259/3257/1676 3319/3316/1676 3320/3317/1676 3260/3258/1676
f 3260/3258/1677 3320/3317/1677 3321/3318/1677 3261/3259/1677
f 3261/3259/1678 3321/3318/1678 3322/3319/1678 3262/3260/1678
f 3262/3260/1679 3322/3319/1679 3323/3320/1679 3263/3261/1679
f 3263/3261/1680 3323/3320/1680 3324/3321/1680 3264/3262/1680
f 3264/3262/1681 3324/3321/1681 3325/3322/1681 3265/3263/1681
f 3265/3263/1682 3325/3322/1682 3326/3323/1682 3266/3264/1682
f 3266/3264/1683 3326/3323/1683 3327/3324/1683 3267/3265/1683
f 3267/3265/1684 3327/3324/1684 3328/3325/1684 3268/3266/1684
f 3268/3266/1685 3328/3325/1685 3329/3326/1685 3269/3267/1685
f 3269/3267/1686 3329/3326/1686 3330/3327/1686 3270/3268/1686
f 3270/3268/1687 3330/3327/1687 3331/3328/1687 3271/3269/1687
f 3271/3269/1688 3331/3328/1688 3332/3329/1688 3272/3270/1688
f 3272/3270/1689 3332/3329/1689 3333/3330/1689 3273/3271/1689
f 3273/3271/1690 3333/3330/1690 3334/3331/1690 3274/3272/1690
f 3274/3272/1691 3334/3331/1691 3335/3332/1691 3275/3273/1691
f 3275/3273/1692 3335/3332/1692 3336/302/1692 3276/301/1692
f 129/10/2 130/9/2 3337/3333/2 3277/3274/2
f 3277/3274/2 3337/3333/2 3338/3334/2 3278/3275/2
f 3278/3275/1693 3338/3334/1693 3339/3335/1693 3279/3276/1693
f 3279/3276/1694 3339/3335/1694 3340/3336/1694 3280/3277/1694
f 3280/3277/1695 3340/3336/1695 3341/3337/1695 3281/3278/1695
f 3281/3278/1696 3341/3337/1696 3342/3338/1696 3282/3279/1696
f 3282/3279/1697 3342/3338/1697 3343/3339/1697 3283/3280/1697
f 3283/3280/1698 3343/3339/1698 3344/3340/1698 3284/3281/1698
f 3284/3281/1699 3344/3340/1699 3345/3341/1699 3285/3282/1699
f 3285/3282/2 3345/3341/2 3346/3342/2 3286/3283/2
f 3286/3283/2 3346/3342/2 3347/3343/2 3287/3284/2
f 3287/3284/1700 3347/3343/1700 3348/3344/1700 3288/3285/1700
f 3288/3285/1701 3348/3344/1701 3349/3345/1701 3289/3286/1701
f 3289/3286/1702 3349/3345/1702 3350/3346/1702 3290/3287/1702
f 3290/3287/1703 3350/3346/1703 3351/3347/1703 3291/3288/1703
f 3291/3288/1704 3351/3347/1704 3352/3348/1704 3292/3289/1704
f 3292/3289/1705 3352/3348/1705 3353/3349/1705 3293/3290/1705
f 3293/3290/1706 3353/3349/1706 3354/3350/1706 3294/3291/1706
f 3294/3291/1707 3354/3350/1707 3355/3351/1707 3295/3292/1707
f 3295/3292/1708 3355/3351/1708 3356/3352/1708 3296/3293/1708
f 3296/3293/1709 3356/3352/1709 3357/3353/1709 3297/3294/1709
f 3297/3294/1710 3357/3353/1710 3358/3354/1710 3298/3295/1710
f 3298/3295/1711 3358/3354/1711 3359/3355/1711 3299/3296/1711
f 3299/3296/1712 3359/3355/1712 3360/3356/1712 3300/3297/1712
f 3300/3297/1713 3360/3356/1713 3361/3357/1713 3301/3298/1713
f 3301/3298/1714 3361/3357/1714 3362/3358/1714 3302/3299/1714
f 3302/3299/2 3362/3358/2 3363/3359/2 3303/3300/2
f 3303/3300/2 3363/3359/2 3364/3360/2 3304/3301/2
f 3304/3301/1715 3364/3360/1715 3365/3361/1715 3305/3302/1715
f 3305/3302/1716 3365/3361/1716 3366/3362/1716 3306/3303/1716
f 3306/3303/1717 3366/3362/1717 3367/3363/1717 3307/3304/1717
f 3307/3304/1718 3367/3363/1718 3368/3364/1718 3308/3305/1718
f 3308/3305/1719 3368/3364/1719 3369/3365/1719 3309/3306/1719
f 3309/3306/1720 3369/3365/1720 3370/3366/1720 3310/3307/1720
f 3310/3307/1721 3370/3366/1721 3371/3367/1721 3311/3308/1721
f 3311/3308/1722 3371/3367/1722 3372/3368/1722 3312/3309/1722
f 3312/3309/1723 3372/3368/1723 3373/3369/1723 3313/3310/1723
f 3313/3310/1724 3373/3369/1724 3374/3370/1724 3314/3311/1724
f 3314/3311/1725 3374/3370/1725 3375/3371/1725 3315/3312/1725
f 3315/3312/1726 3375/3371/1726 3376/3372/1726 3316/3313/1726
f 3316/3313/1727 3376/3372/1727 3377/3373/1727 3317/3314/1727
f 3317/3314/1728 3377/3373/1728 3378/3374/1728 3318/3315/1728
f 3318/3315/1729 3378/3374/1729 3379/3375/1729 3319/3316/1729
f 3319/3316/1730 3379/3375/1730 3380/3376/1730 3320/3317/1730
f 3320/3317/1731 3380/3376/1731 3381/3377/1731 3321/3318/1731
f 3321/3318/1732 3381/3377/1732 3382/3378/1732 3322/3319/1732
f 3322/3319/1733 3382/3378/1733 3383/3379/1733 3323/3320/1733
f 3323/3320/1734 3383/3379/1734 3384/3380/1734 3324/3321/1734
f 3324/3321/1735 3384/3380/1735 3385/3381/1735 3325/3322/1735
f 3325/3322/1736 3385/3381/1736 3386/3382/1736 3326/3323/1736
f 3326/3323/1737 3386/3382/1737 3387/3383/1737 3327/3324/1737
f 3327/3324/1738 3387/3383/1738 3388/3384/1738 3328/3325/1738
f 3328/3325/1739 3388/3384/1739 3389/3385/1739 3329/3326/1739
f 3329/3326/1740 3389/3385/1740 3390/3386/1740 3330/3327/1740
f 3330/3327/1741 3390/3386/1741 3391/3387/1741 3331/3328/1741
f 3331/3328/1742 3391/3387/1742 3392/3388/1742 3332/3329/1742
f 3332/3329/1743 3392/3388/1743 3393/3389/1743 3333/3330/1743
f 3333/3330/1744 3393/3389/1744 3394/3390/1744 3334/3331/1744
f 3334/3331/1745 3394/3390/1745 3395/3391/1745 3335/3332/1745
f 3335/3332/1746 3395/3391/1746 3396/303/1746 3336/302/1746
f 130/9/2 131/8/2 3397/3392/2 3337/3333/2
f 3337/3333/2 3397/3392/2 3398/3393/2 3338/3334/2
f 3338/3334/1747 3398/3393/1747 3399/3394/1747 3339/3335/1747
f 3339/3335/1748 3399/3394/1748 3400/3395/1748 3340/3336/1748
f 3340/3336/1749 3400/3395/1749 3401/3396/1749 3341/3337/1749
f 3341/3337/1750 3401/3396/1750 3402/3397/1750 3342/3338/1750
f 3342/3338/1751 3402/3397/1751 3403/3398/1751 3343/3339/1751
f 3343/3339/1752 3403/3398/1752 3404/3399/1752 3344/3340/1752
f 3344/3340/2 3404/3399/2 3405/3400/2 3345/3341/2
f 3345/3341/2 3405/3400/2 3406/3401/2 3346/3342/2
f 3346/3342/2 3406/3401/2 3407/3402/2 3347/3343/2
f 3347/3343/1753 3407/3402/1753 3408/3403/1753 3348/3344/1753
f 3348/3344/1754 3408/3403/1754 3409/3404/1754 3349/3345/1754
f 3349/3345/1755 3409/3404/1755 3410/3405/1755 3350/3346/1755
f 3350/3346/1756 3410/3405/1756 3411/3406/1756 3351/3347/1756
f 3351/3347/1757 3411/3406/1757 3412/3407/1757 3352/3348/1757
f 3352/3348/1758 3412/3407/1758 3413/3408/1758 3353/3349/1758
f 3353/3349/1759 3413/3408/1759 3414/3409/1759 3354/3350/1759
f 3354/3350/1760 3414/3409/1760 3415/3410/1760 3355/3351/1760
f 3355/3351/1761 3415/3410/1761 3416/3411/1761 3356/3352/1761
f 3356/3352/1762 3416/3411/1762 3417/3412/1762 3357/3353/1762
f 3357/3353/1763 3417/3412/1763 3418/3413/1763 3358/3354/1763
f 3358/3354/1764 3418/3413/1764 3419/3414/1764 3359/3355/1764
f 3359/3355/1765 3419/3414/1765 3420/3415/1765 3360/3356/1765
f 3360/3356/1766 3420/3415/1766 3421/3416/1766 3361/3357/1766
f 3361/3357/1767 3421/3416/1767 3422/3417/1767 3362/3358/1767
f 3362/3358/2 3422/3417/2 3423/3418/2 3363/3359/2
f 3363/3359/2 3423/3418/2 3424/3419/2 3364/3360/2
f 3364/3360/2 3424/3419/2 3425/3420/2 3365/3361/2
f 3365/3361/2 3425/3420/2 3426/3421/2 3366/3362/2
f 3366/3362/1768 3426/3421/1768 3427/3422/1768 3367/3363/1768
f 3367/3363/1769 3427/3422/1769 3428/3423/1769 3368/3364/1769
f 3368/3364/1770 3428/3423/1770 3429/3424/1770 3369/3365/1770
f 3369/3365/402 3429/3424/402 3430/3425/402 3370/3366/402
f 3370/3366/1771 3430/3425/1771 3431/3426/1771 3371/3367/1771
f 3371/3367/1772 3431/3426/1772 3432/3427/1772 3372/3368/1772
f 3372/3368/1773 3432/3427/1773 3433/3428/1773 3373/3369/1773
f 3373/3369/1774 3433/3428/1774 3434/3429/1774 3374/3370/1774
f 3374/3370/1775 3434/3429/1775 3435/3430/1775 3375/3371/1775
f 3375/3371/1776 3435/3430/1776 3436/3431/1776 3376/3372/1776
f 3376/3372/1777 3436/3431/1777 3437/3432/1777 3377/3373/1777
f 3377/3373/1778 3437/3432/1778 3438/3433/1778 3378/3374/1778
f 3378/3374/1779 3438/3433/1779 3439/3434/1779 3379/3375/1779
f 3379/3375/1780 3439/3434/1780 3440/3435/1780 3380/3376/1780
f 3380/3376/1781 3440/3435/1781 3441/3436/1781 3381/3377/1781
f 3381/3377/2 3441/3436/2 3442/3437/2 3382/3378/2
f 3382/3378/2 3442/3437/2 3443/3438/2 3383/3379/2
f 3383/3379/1782 3443/3438/1782 3444/3439/1782 3384/3380/1782
f 3384/3380/1783 3444/3439/1783 3445/3440/1783 3385/3381/1783
f 3385/3381/1784 3445/3440/1784 3446/3441/1784 3386/3382/1784
f 3386/3382/1785 3446/3441/1785 3447/3442/1785 3387/3383/1785
f 3387/3383/1786 3447/3442/1786 3448/3443/1786 3388/3384/1786
f 3388/3384/1787 3448/3443/1787 3449/3444/1787 3389/3385/1787
f 3389/3385/1788 3449/3444/1788 3450/3445/1788 3390/3386/1788
f 3390/3386/1789 3450/3445/1789 3451/3446/1789 3391/3387/1789
f 3391/3387/1790 3451/3446/1790 3452/3447/1790 3392/3388/1790
f 3392/3388/1791 3452/3447/1791 3453/3448/1791 3393/3389/1791
f 3393/3389/1792 3453/3448/1792 3454/3449/1792 3394/3390/1792
f 3394/3390/1793 3454/3449/1793 3455/3450/1793 3395/3391/1793
f 3395/3391/1794 3455/3450/1794 3456/304/1794 3396/303/1794
f 131/8/2 132/7/2 3457/3451/2 3397/3392/2
f 3397/3392/2 3457/3451/2 3458/3452/2 3398/3393/2
f 3398/3393/2 3458/3452/2 3459/3453/2 3399/3394/2
f 3399/3394/1795 3459/3453/1795 3460/3454/1795 3400/3395/1795
f 3400/3395/1796 3460/3454/1796 3461/3455/1796 3401/3396/1796
f 3401/3396/1797 3461/3455/1797 3462/3456/1797 3402/3397/1797
f 3402/3397/1798 3462/3456/1798 3463/3457/1798 3403/3398/1798
f 3403/3398/2 3463/3457/2 3464/3458/2 3404/3399/2
f 3404/3399/2 3464/3458/2 3465/3459/2 3405/3400/2
f 3405/3400/2 3465/3459/2 3466/3460/2 3406/3401/2
f 3406/3401/2 3466/3460/2 3467/3461/2 3407/3402/2
f 3407/3402/1799 3467/3461/1799 3468/3462/1799 3408/3403/1799
f 3408/3403/1800 3468/3462/1800 3469/3463/1800 3409/3404/1800
f 3409/3404/1801 3469/3463/1801 3470/3464/1801 3410/3405/1801
f 3410/3405/1802 3470/3464/1802 3471/3465/1802 3411/3406/1802
f 3411/3406/1803 3471/3465/1803 3472/3466/1803 3412/3407/1803
f 3412/3407/1804 3472/3466/1804 3473/3467/1804 3413/3408/1804
f 3413/3408/2 3473/3467/2 3474/3468/2 3414/3409/2
f 3414/3409/2 3474/3468/2 3475/3469/2 3415/3410/2
f 3415/3410/2 3475/3469/2 3476/3470/2 3416/3411/2
f 3416/3411/2 3476/3470/2 3477/3471/2 3417/3412/2
f 3417/3412/1805 3477/3471/1805 3478/3472/1805 3418/3413/1805
f 3418/3413/1806 3478/3472/1806 3479/3473/1806 3419/3414/1806
f 3419/3414/1807 3479/3473/1807 3480/3474/1807 3420/3415/1807
f 3420/3415/2 3480/3474/2 3481/3475/2 3421/3416/2
f 3421/3416/2 3481/3475/2 3482/3476/2 3422/3417/2
f 3422/3417/2 3482/3476/2 3483/3477/2 3423/3418/2
f 3423/3418/2 3483/3477/2 3484/3478/2 3424/3419/2
f 3424/3419/2 3484/3478/2 3485/3479/2 3425/3420/2
f 3425/3420/2 3485/3479/2 3486/3480/2 3426/3421/2
f 3426/3421/2 3486/3480/2 3487/3481/2 3427/3422/2
f 3427/3422/2 3487/3481/2 3488/3482/2 3428/3423/2
f 3428/3423/2 3488/3482/2 3489/3483/2 3429/3424/2
f 3429/3424/2 3489/3483/2 3490/3484/2 3430/3425/2
f 3430/3425/1808 3490/3484/1808 3491/3485/1808 3431/3426/1808
f 3431/3426/1809 3491/3485/1809 3492/3486/1809 3432/3427/1809
f 3432/3427/1810 3492/3486/1810 3493/3487/1810 3433/3428/1810
f 3433/3428/1811 3493/3487/1811 3494/3488/1811 3434/3429/1811
f 3434/3429/1812 3494/3488/1812 3495/3489/1812 3435/3430/1812
f 3435/3430/1813 3495/3489/1813 3496/3490/1813 3436/3431/1813
f 3436/3431/1814 3496/3490/1814 3497/3491/1814 3437/3432/1814
f 3437/3432/1815 3497/3491/1815 3498/3492/1815 3438/3433/1815
f 3438/3433/1816 3498/3492/1816 3499/3493/1816 3439/3434/1816
f 3439/3434/2 3499/3493/2 3500/3494/2 3440/3435/2
f 3440/3435/2 3500/3494/2 3501/3495/2 3441/3436/2
f 3441/3436/2 3501/3495/2 3502/3496/2 3442/3437/2
f 3442/3437/2 3502/3496/2 3503/3497/2 3443/3438/2
f 3443/3438/1817 3503/3497/1817 3504/3498/1817 3444/3439/1817
f 3444/3439/1818 3504/3498/1818 3505/3499/1818 3445/3440/1818
f 3445/3440/1819 3505/3499/1819 3506/3500/1819 3446/3441/1819
f 3446/3441/1820 3506/3500/1820 3507/3501/1820 3447/3442/1820
f 3447/3442/1821 3507/3501/1821 3508/3502/1821 3448/3443/1821
f 3448/3443/1822 3508/3502/1822 3509/3503/1822 3449/3444/1822
f 3449/3444/1823 3509/3503/1823 3510/3504/1823 3450/3445/1823
f 3450/3445/1824 3510/3504/1824 3511/3505/1824 3451/3446/1824
f 3451/3446/1825 3511/3505/1825 3512/3506/1825 3452/3447/1825
f 3452/3447/1826 3512/3506/1826 3513/3507/1826 3453/3448/1826
f 3453/3448/1827 3513/3507/1827 3514/3508/1827 3454/3449/1827
f 3454/3449/1828 3514/3508/1828 3515/3509/1828 3455/3450/1828
f 3455/3450/1829 3515/3509/1829 3516/1/1829 3456/304/1829
f 132/7/2 10/6/2 133/125/2 3457/3451/2
f 3457/3451/2 133/125/2 134/124/2 3458/3452/2
f 3458/3452/2 134/124/2 135/123/2 3459/3453/2
f 3459/3453/2 135/123/2 136/122/2 3460/3454/2
f 3460/3454/2 136/122/2 137/121/2 3461/3455/2
f 3461/3455/2 137/121/2 138/120/2 3462/3456/2
f 3462/3456/2 138/120/2 139/119/2 3463/3457/2
f 3463/3457/2 139/119/2 140/118/2 3464/3458/2
f 3464/3458/2 140/118/2 141/117/2 3465/3459/2
f 3465/3459/2 141/117/2 142/116/2 3466/3460/2
f 3466/3460/2 142/116/2 143/115/2 3467/3461/2
f 3467/3461/2 143/115/2 144/114/2 3468/3462/2
f 3468/3462/2 144/114/2 145/113/2 3469/3463/2
f 3469/3463/1830 145/113/1830 146/112/1830 3470/3464/1830
f 3470/3464/1831 146/112/1831 147/111/1831 3471/3465/1831
f 3471/3465/980 147/111/980 148/110/980 3472/3466/980
f 3472/3466/2 148/110/2 149/109/2 3473/3467/2
f 3473/3467/2 149/109/2 150/108/2 3474/3468/2
f 3474/3468/2 150/108/2 151/107/2 3475/3469/2
f 3475/3469/2 151/107/2 152/106/2 3476/3470/2
f 3476/3470/2 152/106/2 153/105/2 3477/3471/2
f 3477/3471/2 153/105/2 154/104/2 3478/3472/2
f 3478/3472/2 154/104/2 155/103/2 3479/3473/2
f 3479/3473/2 155/103/2 156/102/2 3480/3474/2
f 3480/3474/2 156/102/2 157/101/2 3481/3475/2
f 3481/3475/2 157/101/2 158/100/2 3482/3476/2
f 3482/3476/2 158/100/2 159/99/2 3483/3477/2
f 3483/3477/2 159/99/2 160/98/2 3484/3478/2
f 3484/3478/2 160/98/2 161/97/2 3485/3479/2
f 3485/3479/2 161/97/2 162/96/2 3486/3480/2
f 3486/3480/2 162/96/2 163/95/2 3487/3481/2
f 3487/3481/2 163/95/2 164/94/2 3488/3482/2
f 3488/3482/2 164/94/2 165/93/2 3489/3483/2
f 3489/3483/2 165/93/2 166/92/2 3490/3484/2
f 3490/3484/2 166/92/2 167/91/2 3491/3485/2
f 3491/3485/2 167/91/2 168/90/2 3492/3486/2
f 3492/3486/2 168/90/2 169/89/2 3493/3487/2
f 3493/3487/2 169/89/2 170/88/2 3494/3488/2
f 3494/3488/2 170/88/2 171/87/2 3495/3489/2
f 3495/3489/2 171/87/2 172/86/2 3496/3490/2
f 3496/3490/2 172/86/2 173/85/2 3497/3491/2
f 3497/3491/2 173/85/2 174/84/2 3498/3492/2
f 3498/3492/2 174/84/2 175/83/2 3499/3493/2
f 3499/3493/2 175/83/2 176/82/2 3500/3494/2
f 3500/3494/2 176/82/2 177/81/2 3501/3495/2
f 3501/3495/2 177/81/2 178/80/2 3502/3496/2
f 3502/3496/2 178/80/2 179/79/2 3503/3497/2
f 3503/3497/2 179/79/2 180/78/2 3504/3498/2
f 3504/3498/788 180/78/788 181/77/788 3505/3499/788
f 3505/3499/1832 181/77/1832 182/76/1832 3506/3500/1832
f 3506/3500/1833 182/76/1833 183/75/1833 3507/3501/1833
f 3507/3501/1834 183/75/1834 184/74/1834 3508/3502/1834
f 3508/3502/1835 184/74/1835 185/73/1835 3509/3503/1835
f 3509/3503/1836 185/73/1836 186/72/1836 3510/3504/1836
f 3510/3504/1837 186/72/1837 187/71/1837 3511/3505/1837
f 3511/3505/1838 187/71/1838 188/70/1838 3512/3506/1838
f 3512/3506/2 188/70/2 189/69/2 3513/3507/2
f 3513/3507/1814 189/69/1814 190/68/1814 3514/3508/1814
f 3514/3508/1839 190/68/1839 191/67/1839 3515/3509/1839
f 3515/3509/1840 191/67/1840 192/2/1840 3516/1/1840
f 3518/1678/2 3519/3510/2 3520/3511/2 3517/3512/2
f 3521/915/2 3530/974/2 3531/3513/2 3522/916/2
f 3522/916/2 3531/3513/2 3532/3514/2 3523/917/2
f 3523/917/2 3532/3514/2 3533/3515/2 3524/918/2
f 3524/918/2 3533/3515/2 3534/3516/2 3525/919/2
f 3525/919/2 3534/3516/2 3535/3517/2 3526/920/2
f 3526/920/2 3535/3517/2 3536/975/2 3527/921/2
f 3528/972/2 3547/1026/2 3548/3518/2 3529/973/2
f 3529/973/2 3548/3518/2 3549/3519/2 3530/974/2
f 3530/974/2 3549/3519/2 3550/3520/2 3531/3513/2
f 3531/3513/2 3550/3520/2 3551/3521/2 3532/3514/2
f 3532/3514/2 3551/3521/2 3552/3522/2 3533/3515/2
f 3533/3515/2 3552/3522/2 3553/3523/2 3534/3516/2
f 3534/3516/2 3553/3523/2 3554/3524/2 3535/3517/2
f 3535/3517/2 3554/3524/2 3555/1027/2 3536/975/2
f 3537/978/2 3558/1030/2 3559/3525/2 3538/979/2
f 3538/979/2 3559/3525/2 3560/3526/2 3539/980/2
f 3539/980/2 3560/3526/2 3561/3527/2 3540/981/2
f 3540/981/2 3561/3527/2 3562/3528/2 3541/982/2
f 3541/982/2 3562/3528/2 3563/3529/2 3542/983/2
f 3542/983/2 3563/3529/2 3564/3530/2 3543/984/2
f 3543/984/2 3564/3530/2 3565/1031/2 3544/985/2
f 3545/1024/2 3569/1070/2 3570/3531/2 3546/1025/2
f 3546/1025/2 3570/3531/2 3571/3532/2 3547/1026/2
f 3547/1026/2 3571/3532/2 3572/3533/2 3548/3518/2
f 3548/3518/2 3572/3533/2 3573/3534/2 3549/3519/2
f 3549/3519/2 3573/3534/2 3574/3535/2 3550/3520/2
f 3550/3520/2 3574/3535/2 3575/3536/2 3551/3521/2
f 3551/3521/2 3575/3536/2 3576/3537/2 3552/3522/2
f 3552/3522/2 3576/3537/2 3577/1110/2 3553/3523/2
f 3553/3523/2 3577/1110/2 3578/1113/2 3554/3524/2
f 3554/3524/2 3578/1113/2 3579/1071/2 3555/1027/2
f 3556/1028/2 3580/1072/2 3581/3538/2 3557/1029/2
f 3557/1029/2 3581/3538/2 3582/3539/2 3558/1030/2
f 3558/1030/2 3582/3539/2 3583/3540/2 3559/3525/2
f 3559/3525/2 3583/3540/2 3584/3541/2 3560/3526/2
f 3560/3526/2 3584/3541/2 3585/3542/2 3561/3527/2
f 3561/3527/2 3585/3542/2 3586/3543/2 3562/3528/2
f 3562/3528/2 3586/3543/2 3587/3544/2 3563/3529/2
f 3563/3529/2 3587/3544/2 3588/3545/2 3564/3530/2
f 3564/3530/2 3588/3545/2 3589/3546/2 3565/1031/2
f 3565/1031/2 3589/3546/2 3590/3547/2 3566/1032/2
f 3566/1032/1841 3590/3547/1841 3591/3548/1841 3567/1033/1841
f 3567/1033/1842 3591/3548/1842 3592/1073/1842 3568/1034/1842
f 3569/1070/2 3599/1109/2 3600/3549/2 3570/3531/2
f 3570/3531/2 3600/3549/2 3601/3550/2 3571/3532/2
f 3571/3532/2 3601/3550/2 3602/3551/2 3572/3533/2
f 3572/3533/2 3602/3551/2 3603/3552/2 3573/3534/2
f 3573/3534/2 3603/3552/2 3604/3553/2 3574/3535/2
f 3574/3535/2 3604/3553/2 3605/3554/2 3575/3536/2
f 3575/3536/2 3605/3554/2 3606/3555/2 3576/3537/2
f 3576/3537/2 3606/3555/2 3607/1111/2 3577/1110/2
f 3580/1072/2 3610/1115/2 3611/3556/2 3581/3538/2
f 3581/3538/2 3611/3556/2 3612/3557/2 3582/3539/2
f 3582/3539/2 3612/3557/2 3613/3558/2 3583/3540/2
f 3583/3540/2 3613/3558/2 3614/3559/2 3584/3541/2
f 3584/3541/2 3614/3559/2 3615/3560/2 3585/3542/2
f 3585/3542/2 3615/3560/2 3616/3561/2 3586/3543/2
f 3586/3543/2 3616/3561/2 3617/3562/2 3587/3544/2
f 3587/3544/2 3617/3562/2 3618/3563/2 3588/3545/2
f 3588/3545/2 3618/3563/2 3619/3564/2 3589/3546/2
f 3589/3546/2 3619/3564/2 3620/3565/2 3590/3547/2
f 3590/3547/2 3620/3565/2 3621/3566/2 3591/3548/2
f 3591/3548/1843 3621/3566/1843 3622/1116/1843 3592/1073/1843
f 3593/1103/1844 3624/1146/1844 3625/3567/1844 3594/1104/1844
f 3594/1104/2 3625/3567/2 3626/3568/2 3595/1105/2
f 3595/1105/2 3626/3568/2 3627/3569/2 3596/1106/2
f 3596/1106/2 3627/3569/2 3628/3570/2 3597/1107/2
f 3597/1107/2 3628/3570/2 3629/3571/2 3598/1108/2
f 3598/1108/2 3629/3571/2 3630/3572/2 3599/1109/2
f 3599/1109/2 3630/3572/2 3631/3573/2 3600/3549/2
f 3600/3549/2 3631/3573/2 3632/3574/2 3601/3550/2
f 3601/3550/2 3632/3574/2 3633/3575/2 3602/3551/2
f 3602/3551/2 3633/3575/2 3634/3576/2 3603/3552/2
f 3603/3552/2 3634/3576/2 3635/3577/2 3604/3553/2
f 3604/3553/2 3635/3577/2 3636/3578/2 3605/3554/2
f 3605/3554/2 3636/3578/2 3637/3579/2 3606/3555/2
f 3606/3555/2 3637/3579/2 3638/3580/2 3607/1111/2
f 3607/1111/2 3638/3580/2 3639/3581/2 3608/1112/2
f 3608/1112/2 3639/3581/2 3640/3582/2 3609/1114/2
f 3609/1114/2 3640/3582/2 3641/3583/2 3610/1115/2
f 3610/1115/2 3641/3583/2 3642/3584/2 3611/3556/2
f 3611/3556/2 3642/3584/2 3643/3585/2 3612/3557/2
f 3612/3557/2 3643/3585/2 3644/3586/2 3613/3558/2
f 3613/3558/2 3644/3586/2 3645/3587/2 3614/3559/2
f 3614/3559/2 3645/3587/2 3646/3588/2 3615/3560/2
f 3615/3560/2 3646/3588/2 3647/3589/2 3616/3561/2
f 3616/3561/2 3647/3589/2 3648/3590/2 3617/3562/2
f 3617/3562/2 3648/3590/2 3649/3591/2 3618/3563/2
f 3618/3563/2 3649/3591/2 3650/3592/2 3619/3564/2
f 3619/3564/2 3650/3592/2 3651/1177/2 3620/3565/2
f 3620/3565/2 3651/1177/2 3652/1180/2 3621/3566/2
f 3621/3566/2 3652/1180/2 3653/1147/2 3622/1116/2
f 3623/1145/2 3654/1176/2 3655/3593/2 3624/1146/2
f 3624/1146/2 3655/3593/2 3656/3594/2 3625/3567/2
f 3625/3567/2 3656/3594/2 3657/3595/2 3626/3568/2
f 3626/3568/2 3657/3595/2 3658/3596/2 3627/3569/2
f 3627/3569/2 3658/3596/2 3659/3597/2 3628/3570/2
f 3628/3570/2 3659/3597/2 3660/3598/2 3629/3571/2
f 3629/3571/2 3660/3598/2 3661/3599/2 3630/3572/2
f 3630/3572/2 3661/3599/2 3662/3600/2 3631/3573/2
f 3631/3573/2 3662/3600/2 3663/3601/2 3632/3574/2
f 3632/3574/2 3663/3601/2 3664/3602/2 3633/3575/2
f 3633/3575/2 3664/3602/2 3665/3603/2 3634/3576/2
f 3634/3576/2 3665/3603/2 3666/3604/2 3635/3577/2
f 3635/3577/2 3666/3604/2 3667/3605/2 3636/3578/2
f 3636/3578/2 3667/3605/2 3668/3606/2 3637/3579/2
f 3637/3579/2 3668/3606/2 3669/3607/2 3638/3580/2
f 3638/3580/2 3669/3607/2 3670/3608/2 3639/3581/2
f 3639/3581/2 3670/3608/2 3671/3609/2 3640/3582/2
f 3640/3582/2 3671/3609/2 3672/3610/2 3641/3583/2
f 3641/3583/2 3672/3610/2 3673/3611/2 3642/3584/2
f 3642/3584/2 3673/3611/2 3674/1211/2 3643/3585/2
f 3643/3585/2 3674/1211/2 3675/1214/2 3644/3586/2
f 3644/3586/2 3675/1214/2 3676/1216/2 3645/3587/2
f 3645/3587/2 3676/1216/2 3677/1218/2 3646/3588/2
f 3646/3588/2 3677/1218/2 3678/1219/2 3647/3589/2
f 3647/3589/2 3678/1219/2 3679/1222/2 3648/3590/2
f 3648/3590/2 3679/1222/2 3680/1224/2 3649/3591/2
f 3649/3591/2 3680/1224/2 3681/1226/2 3650/3592/2
f 3650/3592/2 3681/1226/2 3682/1178/2 3651/1177/2
f 3654/1176/2 3683/1210/2 3684/1260/2 3655/3593/2
f 3655/3593/2 3684/1260/2 3685/3612/2 3656/3594/2
f 3656/3594/2 3685/3612/2 3686/1261/2 3657/3595/2
f 3657/3595/2 3686/1261/2 3687/1264/2 3658/3596/2
f 3658/3596/2 3687/1264/2 3688/1266/2 3659/3597/2
f 3659/3597/2 3688/1266/2 3689/3613/2 3660/3598/2
f 3660/3598/2 3689/3613/2 3690/3614/2 3661/3599/2
f 3661/3599/2 3690/3614/2 3691/3615/2 3662/3600/2
f 3662/3600/2 3691/3615/2 3692/3616/2 3663/3601/2
f 3663/3601/2 3692/3616/2 3693/3617/2 3664/3602/2
f 3664/3602/2 3693/3617/2 3694/3618/2 3665/3603/2
f 3665/3603/2 3694/3618/2 3695/3619/2 3666/3604/2
f 3666/3604/2 3695/3619/2 3696/3620/2 3667/3605/2
f 3667/3605/2 3696/3620/2 3697/3621/2 3668/3606/2
f 3668/3606/2 3697/3621/2 3698/3622/2 3669/3607/2
f 3669/3607/2 3698/3622/2 3699/3623/2 3670/3608/2
f 3670/3608/2 3699/3623/2 3700/3624/2 3671/3609/2
f 3671/3609/2 3700/3624/2 3701/3625/2 3672/3610/2
f 3672/3610/2 3701/3625/2 3702/3626/2 3673/3611/2
f 3673/3611/2 3702/3626/2 3703/1212/2 3674/1211/2
f 3677/1218/2 3704/1217/2 3705/1220/2 3678/1219/2
f 3684/1260/1845 3706/1259/1845 3707/1309/1845 3685/3612/1845
f 3685/3612/2 3707/1309/2 3708/1262/2 3686/1261/2
f 3688/1266/2 3709/1265/2 3710/1314/2 3689/3613/2
f 3689/3613/2 3710/1314/2 3711/3627/2 3690/3614/2
f 3690/3614/2 3711/3627/2 3712/3628/2 3691/3615/2
f 3691/3615/2 3712/3628/2 3713/3629/2 3692/3616/2
f 3692/3616/2 3713/3629/2 3714/3630/2 3693/3617/2
f 3693/3617/2 3714/3630/2 3715/3631/2 3694/3618/2
f 3694/3618/2 3715/3631/2 3716/3632/2 3695/3619/2
f 3695/3619/2 3716/3632/2 3717/3633/2 3696/3620/2
f 3696/3620/2 3717/3633/2 3718/3634/2 3697/3621/2
f 3697/3621/2 3718/3634/2 3719/3635/2 3698/3622/2
f 3698/3622/2 3719/3635/2 3720/3636/2 3699/3623/2
f 3699/3623/2 3720/3636/2 3721/3637/2 3700/3624/2
f 3700/3624/2 3721/3637/2 3722/3638/2 3701/3625/2
f 3701/3625/2 3722/3638/2 3723/3639/2 3702/3626/2
f 3702/3626/2 3723/3639/2 3724/1267/2 3703/1212/2
f 3710/1314/2 3752/1313/2 3753/3640/2 3711/3627/2
f 3711/3627/2 3753/3640/2 3754/3641/2 3712/3628/2
f 3712/3628/2 3754/3641/2 3755/3642/2 3713/3629/2
f 3713/3629/2 3755/3642/2 3756/3643/2 3714/3630/2
f 3714/3630/2 3756/3643/2 3757/3644/2 3715/3631/2
f 3715/3631/2 3757/3644/2 3758/3645/2 3716/3632/2
f 3716/3632/2 3758/3645/2 3759/3646/2 3717/3633/2
f 3717/3633/2 3759/3646/2 3760/3647/2 3718/3634/2
f 3718/3634/2 3760/3647/2 3761/3648/2 3719/3635/2
f 3719/3635/2 3761/3648/2 3762/1338/2 3720/3636/2
f 3720/3636/2 3762/1338/2 3763/1341/2 3721/3637/2
f 3721/3637/2 3763/1341/2 3764/1343/2 3722/3638/2
f 3722/3638/2 3764/1343/2 3765/1345/2 3723/3639/2
f 3723/3639/2 3765/1345/2 3766/1315/2 3724/1267/2
f 3725/1268/2 3767/1316/2 3768/3649/2 3726/1269/2
f 3726/1269/2 3768/3649/2 3769/3650/2 3727/1270/2
f 3727/1270/2 3769/3650/2 3770/3651/2 3728/1271/2
f 3728/1271/2 3770/3651/2 3771/3652/2 3729/1272/2
f 3729/1272/2 3771/3652/2 3772/3653/2 3730/1273/2
f 3730/1273/2 3772/3653/2 3773/3654/2 3731/1274/2
f 3731/1274/2 3773/3654/2 3774/3655/2 3732/1275/2
f 3732/1275/2 3774/3655/2 3775/3656/2 3733/1276/2
f 3733/1276/2 3775/3656/2 3776/3657/2 3734/1277/2
f 3734/1277/2 3776/3657/2 3777/3658/2 3735/1278/2
f 3735/1278/2 3777/3658/2 3778/3659/2 3736/1279/2
f 3736/1279/1846 3778/3659/1846 3779/3660/1846 3737/1280/1846
f 3737/1280/1847 3779/3660/1847 3780/1317/1847 3738/1281/1847
f 3739/1282/1848 3781/1318/1848 3782/3661/1848 3740/1283/1848
f 3740/1283/1849 3782/3661/1849 3783/3662/1849 3741/1284/1849
f 3741/1284/1850 3783/3662/1850 3784/3663/1850 3742/1285/1850
f 3742/1285/1851 3784/3663/1851 3785/3664/1851 3743/1286/1851
f 3743/1286/1852 3785/3664/1852 3786/3665/1852 3744/1287/1852
f 3744/1287/1853 3786/3665/1853 3787/3666/1853 3745/1288/1853
f 3745/1288/1854 3787/3666/1854 3788/3667/1854 3746/1289/1854
f 3746/1289/1855 3788/3667/1855 3789/3668/1855 3747/1290/1855
f 3747/1290/1856 3789/3668/1856 3790/3669/1856 3748/1291/1856
f 3748/1291/1857 3790/3669/1857 3791/3670/1857 3749/1292/1857
f 3749/1292/1858 3791/3670/1858 3792/1319/1858 3750/1293/1858
f 3751/1312/2 3793/1337/2 3794/3671/2 3752/1313/2
f 3752/1313/2 3794/3671/2 3795/3672/2 3753/3640/2
f 3753/3640/2 3795/3672/2 3796/3673/2 3754/3641/2
f 3754/3641/2 3796/3673/2 3797/3674/2 3755/3642/2
f 3755/3642/2 3797/3674/2 3798/3675/2 3756/3643/2
f 3756/3643/2 3798/3675/2 3799/3676/2 3757/3644/2
f 3757/3644/2 3799/3676/2 3800/1369/2 3758/3645/2
f 3758/3645/2 3800/1369/2 3801/1372/2 3759/3646/2
f 3759/3646/2 3801/1372/2 3802/1374/2 3760/3647/2
f 3760/3647/2 3802/1374/2 3803/1376/2 3761/3648/2
f 3761/3648/2 3803/1376/2 3804/1339/2 3762/1338/2
f 3765/1345/2 3806/1344/2 3807/3677/2 3766/1315/2
f 3766/1315/2 3807/3677/2 3808/3678/2 3767/1316/2
f 3767/1316/2 3808/3678/2 3809/3679/2 3768/3649/2
f 3768/3649/2 3809/3679/2 3810/3680/2 3769/3650/2
f 3769/3650/2 3810/3680/2 3811/3681/2 3770/3651/2
f 3770/3651/2 3811/3681/2 3812/3682/2 3771/3652/2
f 3771/3652/2 3812/3682/2 3813/3683/2 3772/3653/2
f 3772/3653/2 3813/3683/2 3814/3684/2 3773/3654/2
f 3773/3654/2 3814/3684/2 3815/3685/2 3774/3655/2
f 3774/3655/2 3815/3685/2 3816/3686/2 3775/3656/2
f 3775/3656/2 3816/3686/2 3817/3687/2 3776/3657/2
f 3776/3657/2 3817/3687/2 3818/3688/2 3777/3658/2
f 3777/3658/2 3818/3688/2 3819/3689/2 3778/3659/2
f 3778/3659/2 3819/3689/2 3820/3690/2 3779/3660/2
f 3779/3660/1859 3820/3690/1859 3821/3691/1859 3780/1317/1859
f 3780/1317/1860 3821/3691/1860 3822/3692/1860 3781/1318/1860
f 3781/1318/1861 3822/3692/1861 3823/3693/1861 3782/3661/1861
f 3782/3661/1862 3823/3693/1862 3824/3694/1862 3783/3662/1862
f 3783/3662/1863 3824/3694/1863 3825/3695/1863 3784/3663/1863
f 3784/3663/980 3825/3695/980 3826/3696/980 3785/3664/980
f 3785/3664/1864 3826/3696/1864 3827/3697/1864 3786/3665/1864
f 3786/3665/1865 3827/3697/1865 3828/3698/1865 3787/3666/1865
f 3787/3666/1866 3828/3698/1866 3829/3699/1866 3788/3667/1866
f 3788/3667/1867 3829/3699/1867 3830/3700/1867 3789/3668/1867
f 3789/3668/1868 3830/3700/1868 3831/3701/1868 3790/3669/1868
f 3790/3669/1869 3831/3701/1869 3832/3702/1869 3791/3670/1869
f 3791/3670/1870 3832/3702/1870 3833/1346/1870 3792/1319/1870
f 3793/1337/2 3834/1364/2 3835/3703/2 3794/3671/2
f 3794/3671/2 3835/3703/2 3836/3704/2 3795/3672/2
f 3795/3672/2 3836/3704/2 3837/3705/2 3796/3673/2
f 3796/3673/2 3837/3705/2 3838/3706/2 3797/3674/2
f 3797/3674/2 3838/3706/2 3839/3707/2 3798/3675/2
f 3798/3675/2 3839/3707/2 3840/1418/2 3799/3676/2
f 3799/3676/2 3840/1418/2 3841/1370/2 3800/1369/2
f 3805/1342/2 3844/1379/2 3845/3708/2 3806/1344/2
f 3806/1344/2 3845/3708/2 3846/3709/2 3807/3677/2
f 3807/3677/2 3846/3709/2 3847/3710/2 3808/3678/2
f 3808/3678/2 3847/3710/2 3848/3711/2 3809/3679/2
f 3809/3679/2 3848/3711/2 3849/3712/2 3810/3680/2
f 3810/3680/2 3849/3712/2 3850/3713/2 3811/3681/2
f 3811/3681/2 3850/3713/2 3851/3714/2 3812/3682/2
f 3812/3682/2 3851/3714/2 3852/3715/2 3813/3683/2
f 3813/3683/2 3852/3715/2 3853/3716/2 3814/3684/2
f 3814/3684/2 3853/3716/2 3854/3717/2 3815/3685/2
f 3815/3685/2 3854/3717/2 3855/3718/2 3816/3686/2
f 3816/3686/2 3855/3718/2 3856/3719/2 3817/3687/2
f 3817/3687/2 3856/3719/2 3857/3720/2 3818/3688/2
f 3818/3688/2 3857/3720/2 3858/3721/2 3819/3689/2
f 3819/3689/2 3858/3721/2 3859/3722/2 3820/3690/2
f 3820/3690/2 3859/3722/2 3860/3723/2 3821/3691/2
f 3821/3691/2 3860/3723/2 3861/3724/2 3822/3692/2
f 3822/3692/2 3861/3724/2 3862/3725/2 3823/3693/2
f 3823/3693/2 3862/3725/2 3863/3726/2 3824/3694/2
f 3824/3694/2 3863/3726/2 3864/3727/2 3825/3695/2
f 3825/3695/959 3864/3727/959 3865/3728/959 3826/3696/959
f 3826/3696/1871 3865/3728/1871 3866/3729/1871 3827/3697/1871
f 3827/3697/1872 3866/3729/1872 3867/3730/1872 3828/3698/1872
f 3828/3698/1873 3867/3730/1873 3868/3731/1873 3829/3699/1873
f 3829/3699/1874 3868/3731/1874 3869/3732/1874 3830/3700/1874
f 3830/3700/1875 3869/3732/1875 3870/3733/1875 3831/3701/1875
f 3831/3701/1876 3870/3733/1876 3871/3734/1876 3832/3702/1876
f 3832/3702/1877 3871/3734/1877 3872/1393/1877 3833/1346/1877
f 3834/1364/2 3873/1411/2 3874/1454/2 3835/3703/2
f 3835/3703/2 3874/1454/2 3875/1456/2 3836/3704/2
f 3836/3704/2 3875/1456/2 3876/1458/2 3837/3705/2
f 3837/3705/2 3876/1458/2 3877/1434/2 3838/3706/2
f 3838/3706/2 3877/1434/2 3878/1433/2 3839/3707/2
f 3839/3707/2 3878/1433/2 3879/1419/2 3840/1418/2
f 3842/1377/2 3880/1424/2 3881/3735/2 3843/1378/2
f 3843/1378/2 3881/3735/2 3882/3736/2 3844/1379/2
f 3844/1379/2 3882/3736/2 3883/3737/2 3845/3708/2
f 3845/3708/2 3883/3737/2 3884/3738/2 3846/3709/2
f 3846/3709/2 3884/3738/2 3885/3739/2 3847/3710/2
f 3847/3710/2 3885/3739/2 3886/3740/2 3848/3711/2
f 3848/3711/2 3886/3740/2 3887/3741/2 3849/3712/2
f 3849/3712/2 3887/3741/2 3888/3742/2 3850/3713/2
f 3850/3713/2 3888/3742/2 3889/3743/2 3851/3714/2
f 3851/3714/2 3889/3743/2 3890/3744/2 3852/3715/2
f 3852/3715/2 3890/3744/2 3891/3745/2 3853/3716/2
f 3853/3716/2 3891/3745/2 3892/3746/2 3854/3717/2
f 3854/3717/2 3892/3746/2 3893/3747/2 3855/3718/2
f 3855/3718/2 3893/3747/2 3894/3748/2 3856/3719/2
f 3856/3719/2 3894/3748/2 3895/1412/2 3857/3720/2
f 3857/3720/2 3895/1412/2 3896/1413/2 3858/3721/2
f 3858/3721/2 3896/1413/2 3897/3749/2 3859/3722/2
f 3859/3722/2 3897/3749/2 3898/3750/2 3860/3723/2
f 3860/3723/2 3898/3750/2 3899/3751/2 3861/3724/2
f 3861/3724/2 3899/3751/2 3900/3752/2 3862/3725/2
f 3862/3725/1878 3900/3752/1878 3901/3753/1878 3863/3726/1878
f 3863/3726/1879 3901/3753/1879 3902/3754/1879 3864/3727/1879
f 3864/3727/1880 3902/3754/1880 3903/3755/1880 3865/3728/1880
f 3865/3728/1881 3903/3755/1881 3904/3756/1881 3866/3729/1881
f 3866/3729/1882 3904/3756/1882 3905/3757/1882 3867/3730/1882
f 3867/3730/1883 3905/3757/1883 3906/3758/1883 3868/3731/1883
f 3868/3731/1884 3906/3758/1884 3907/3759/1884 3869/3732/1884
f 3869/3732/1885 3907/3759/1885 3908/3760/1885 3870/3733/1885
f 3870/3733/1886 3908/3760/1886 3909/1367/1886 3871/3734/1886
f 3871/3734/1887 3909/1367/1887 3910/1368/1887 3872/1393/1887
f 3880/1424/2 3911/1431/2 3912/3761/2 3881/3735/2
f 3881/3735/2 3912/3761/2 3913/3762/2 3882/3736/2
f 3882/3736/2 3913/3762/2 3914/3763/2 3883/3737/2
f 3883/3737/2 3914/3763/2 3915/3764/2 3884/3738/2
f 3884/3738/2 3915/3764/2 3916/3765/2 3885/3739/2
f 3885/3739/2 3916/3765/2 3917/3766/2 3886/3740/2
f 3886/3740/2 3917/3766/2 3918/3767/2 3887/3741/2
f 3887/3741/2 3918/3767/2 3919/3768/2 3888/3742/2
f 3888/3742/2 3919/3768/2 3920/3769/2 3889/3743/2
f 3889/3743/2 3920/3769/2 3921/3770/2 3890/3744/2
f 3890/3744/2 3921/3770/2 3922/3771/2 3891/3745/2
f 3891/3745/2 3922/3771/2 3923/3772/2 3892/3746/2
f 3892/3746/2 3923/3772/2 3924/3773/2 3893/3747/2
f 3893/3747/2 3924/3773/2 3925/1417/2 3894/3748/2
f 3894/3748/2 3925/1417/2 3926/1472/2 3895/1412/2
f 3896/1413/2 3927/1414/2 3928/3774/2 3897/3749/2
f 3897/3749/2 3928/3774/2 3929/3775/2 3898/3750/2
f 3898/3750/1888 3929/3775/1888 3930/3776/1888 3899/3751/1888
f 3899/3751/1889 3930/3776/1889 3931/3777/1889 3900/3752/1889
f 3900/3752/1890 3931/3777/1890 3932/3778/1890 3901/3753/1890
f 3901/3753/1891 3932/3778/1891 3933/3779/1891 3902/3754/1891
f 3902/3754/1892 3933/3779/1892 3934/3780/1892 3903/3755/1892
f 3903/3755/1893 3934/3780/1893 3935/3781/1893 3904/3756/1893
f 3904/3756/1894 3935/3781/1894 3936/3782/1894 3905/3757/1894
f 3905/3757/1895 3936/3782/1895 3937/3783/1895 3906/3758/1895
f 3906/3758/1896 3937/3783/1896 3938/3784/1896 3907/3759/1896
f 3907/3759/1897 3938/3784/1897 3939/3785/1897 3908/3760/1897
f 3908/3760/1898 3939/3785/1898 3940/1383/1898 3909/1367/1898
f 3911/1431/2 3941/1389/2 3942/1390/2 3912/3761/2
f 3912/3761/2 3942/1390/2 3943/3786/2 3913/3762/2
f 3913/3762/2 3943/3786/2 3944/3787/2 3914/3763/2
f 3914/3763/2 3944/3787/2 3945/3788/2 3915/3764/2
f 3915/3764/2 3945/3788/2 3946/3789/2 3916/3765/2
f 3916/3765/2 3946/3789/2 3947/3790/2 3917/3766/2
f 3917/3766/2 3947/3790/2 3948/3791/2 3918/3767/2
f 3918/3767/2 3948/3791/2 3949/3792/2 3919/3768/2
f 3919/3768/2 3949/3792/2 3950/3793/2 3920/3769/2
f 3920/3769/2 3950/3793/2 3951/3794/2 3921/3770/2
f 3921/3770/2 3951/3794/2 3952/3795/2 3922/3771/2
f 3922/3771/2 3952/3795/2 3953/3796/2 3923/3772/2
f 3923/3772/2 3953/3796/2 3954/3797/2 3924/3773/2
f 3924/3773/2 3954/3797/2 3955/1416/2 3925/1417/2
f 3927/1414/2 3956/1415/2 3957/3798/2 3928/3774/2
f 3928/3774/1899 3957/3798/1899 3958/3799/1899 3929/3775/1899
f 3929/3775/1900 3958/3799/1900 3959/3800/1900 3930/3776/1900
f 3930/3776/1901 3959/3800/1901 3960/3801/1901 3931/3777/1901
f 3931/3777/1902 3960/3801/1902 3961/3802/1902 3932/3778/1902
f 3932/3778/1903 3961/3802/1903 3962/3803/1903 3933/3779/1903
f 3933/3779/1904 3962/3803/1904 3963/3804/1904 3934/3780/1904
f 3934/3780/1905 3963/3804/1905 3964/3805/1905 3935/3781/1905
f 3935/3781/1906 3964/3805/1906 3965/3806/1906 3936/3782/1906
f 3936/3782/1907 3965/3806/1907 3966/3807/1907 3937/3783/1907
f 3937/3783/1908 3966/3807/1908 3967/3808/1908 3938/3784/1908
f 3938/3784/1909 3967/3808/1909 3968/1474/1909 3939/3785/1909
f 3939/3785/1910 3968/1474/1910 3969/1382/1910 3940/1383/1910
f 3942/1390/2 3970/1512/2 3971/1510/2 3943/3786/2
f 3943/3786/2 3971/1510/2 3972/1507/2 3944/3787/2
f 3944/3787/2 3972/1507/2 3973/1504/2 3945/3788/2
f 3945/3788/2 3973/1504/2 3974/1387/2 3946/3789/2
f 3946/3789/2 3974/1387/2 3975/3809/2 3947/3790/2
f 3947/3790/2 3975/3809/2 3976/3810/2 3948/3791/2
f 3948/3791/2 3976/3810/2 3977/3811/2 3949/3792/2
f 3949/3792/2 3977/3811/2 3978/3812/2 3950/3793/2
f 3950/3793/2 3978/3812/2 3979/3813/2 3951/3794/2
f 3951/3794/2 3979/3813/2 3980/3814/2 3952/3795/2
f 3952/3795/2 3980/3814/2 3981/3815/2 3953/3796/2
f 3953/3796/2 3981/3815/2 3982/3816/2 3954/3797/2
f 3954/3797/2 3982/3816/2 3983/1381/2 3955/1416/2
f 3956/1415/2 3984/1470/2 3985/1469/2 3957/3798/2
f 3957/3798/1911 3985/1469/1911 3986/1468/1911 3958/3799/1911
f 3958/3799/1912 3986/1468/1912 3987/1466/1912 3959/3800/1912
f 3959/3800/1913 3987/1466/1913 3988/1467/1913 3960/3801/1913
f 3960/3801/1914 3988/1467/1914 3989/3817/1914 3961/3802/1914
f 3961/3802/1915 3989/3817/1915 3990/3818/1915 3962/3803/1915
f 3962/3803/1916 3990/3818/1916 3991/1432/1916 3963/3804/1916
f 3963/3804/1917 3991/1432/1917 3992/1430/1917 3964/3805/1917
f 3964/3805/1918 3992/1430/1918 3993/1428/1918 3965/3806/1918
f 3965/3806/1919 3993/1428/1919 3994/1427/1919 3966/3807/1919
f 3966/3807/1920 3994/1427/1920 3995/1425/1920 3967/3808/1920
f 3967/3808/1921 3995/1425/1921 3996/1426/1921 3968/1474/1921
f 3974/1387/2 3998/1388/2 3999/3819/2 3975/3809/2
f 3975/3809/2 3999/3819/2 4000/3820/2 3976/3810/2
f 3976/3810/2 4000/3820/2 4001/3821/2 3977/3811/2
f 3977/3811/2 4001/3821/2 4002/3822/2 3978/3812/2
f 3978/3812/2 4002/3822/2 4003/3823/2 3979/3813/2
f 3979/3813/2 4003/3823/2 4004/3824/2 3980/3814/2
f 3980/3814/2 4004/3824/2 4005/3825/2 3981/3815/2
f 3981/3815/2 4005/3825/2 4006/3826/2 3982/3816/2
f 3982/3816/2 4006/3826/2 4007/1380/2 3983/1381/2
f 3988/1467/1922 4008/1589/1922 4009/1590/1922 3989/3817/1922
f 3989/3817/1923 4009/1590/1923 4010/1582/1923 3990/3818/1923
f 3990/3818/1924 4010/1582/1924 4011/1583/1924 3991/1432/1924
f 3997/1515/2 4012/1365/2 4013/3827/2 3998/1388/2
f 3998/1388/2 4013/3827/2 4014/3828/2 3999/3819/2
f 3999/3819/2 4014/3828/2 4015/3829/2 4000/3820/2
f 4000/3820/2 4015/3829/2 4016/3830/2 4001/3821/2
f 4001/3821/2 4016/3830/2 4017/3831/2 4002/3822/2
f 4002/3822/2 4017/3831/2 4018/3832/2 4003/3823/2
f 4003/3823/2 4018/3832/2 4019/3833/2 4004/3824/2
f 4004/3824/2 4019/3833/2 4020/3834/2 4005/3825/2
f 4005/3825/2 4020/3834/2 4021/3835/2 4006/3826/2
f 4006/3826/2 4021/3835/2 4022/1473/2 4007/1380/2
f 4012/1365/2 4023/1366/2 4024/1471/2 4013/3827/2
f 4013/3827/2 4024/1471/2 4025/3836/2 4014/3828/2
f 4014/3828/2 4025/3836/2 4026/3837/2 4015/3829/2
f 4015/3829/2 4026/3837/2 4027/3838/2 4016/3830/2
f 4016/3830/2 4027/3838/2 4028/3839/2 4017/3831/2
f 4017/3831/2 4028/3839/2 4029/3840/2 4018/3832/2
f 4018/3832/2 4029/3840/2 4030/3841/2 4019/3833/2
f 4019/3833/2 4030/3841/2 4031/3842/2 4020/3834/2
f 4020/3834/2 4031/3842/2 4032/3843/2 4021/3835/2
f 4021/3835/2 4032/3843/2 4033/1429/2 4022/1473/2
f 4024/1471/2 4034/1391/2 4035/1392/2 4025/3836/2
f 4025/3836/2 4035/1392/2 4036/3844/2 4026/3837/2
f 4026/3837/2 4036/3844/2 4037/3845/2 4027/3838/2
f 4027/3838/2 4037/3845/2 4038/3846/2 4028/3839/2
f 4028/3839/2 4038/3846/2 4039/3847/2 4029/3840/2
f 4029/3840/2 4039/3847/2 4040/3848/2 4030/3841/2
f 4030/3841/2 4040/3848/2 4041/1386/2 4031/3842/2
f 4031/3842/2 4041/1386/2 4042/1384/2 4032/3843/2
f 4032/3843/2 4042/1384/2 4043/1385/2 4033/1429/2
f 4035/1392/2 4044/1546/2 4045/1514/2 4036/3844/2
f 4036/3844/2 4045/1514/2 4046/1513/2 4037/3845/2
f 4037/3845/2 4046/1513/2 4047/1511/2 4038/3846/2
f 4038/3846/2 4047/1511/2 4048/1509/2 4039/3847/2
f 4039/3847/2 4048/1509/2 4049/1505/2 4040/3848/2
f 4040/3848/2 4049/1505/2 4050/1506/2 4041/1386/2
