# Blender 4.5.2 LTS
# www.blender.org
mtllib world2.mtl
o Plane
v -5.000000 0.000000 5.000000
v 5.000000 0.000000 5.000000
v -5.000000 -0.000000 -5.000000
v 5.000000 -0.000000 -5.000000
v -5.000000 0.000000 5.000000
v 5.000000 0.000000 5.000000
v -5.000000 -0.000000 -5.000000
v 5.000000 -0.000000 -5.000000
v -5.000000 0.000000 5.000000
v 5.000000 0.000000 5.000000
v 5.000000 -0.000000 -5.000000
v -5.000000 -0.000000 -5.000000
v -5.000000 -0.000000 -4.836066
v -5.000000 -0.000000 -4.672132
v -5.000000 -0.000000 -4.508197
v -5.000000 -0.000000 -4.344263
v -5.000000 -0.000000 -4.180329
v -4.999858 0.000434 -4.016592
v -4.992843 0.015466 -3.859411
v -4.971426 0.050436 -3.710987
v -4.954001 0.073880 -3.557332
v -4.953752 0.068622 -3.390930
v -4.967311 0.046918 -3.217379
v -4.987077 0.018549 -3.040954
v -4.999818 0.000261 -2.868968
v -4.984198 0.017664 -2.712559
v -4.953331 0.052168 -2.563548
v -4.930710 0.077455 -2.410551
v -4.931638 0.076417 -2.246167
v -4.955485 0.049760 -2.070704
v -4.986103 0.015535 -1.891966
v -5.000000 -0.000000 -1.721312
v -5.000000 -0.000000 -1.557378
v -5.000000 -0.000000 -1.393443
v -5.000000 -0.000000 -1.229509
v -5.000000 -0.000000 -1.065574
v -5.000000 -0.000000 -0.901640
v -5.000000 -0.000000 -0.737705
v -4.989300 0.016231 -0.580941
v -4.968553 0.047705 -0.430909
v -4.964517 0.053827 -0.269679
v -4.981725 0.027723 -0.094213
v -4.999441 0.000849 0.081592
v -5.000000 0.000000 0.245901
v -5.000000 0.000000 0.409836
v -5.000000 0.000000 0.573770
v -5.000000 0.000000 0.737705
v -5.000000 0.000000 0.901639
v -5.000000 0.000000 1.065574
v -4.996708 0.003928 1.227800
v -4.947938 0.062122 1.366436
v -4.904551 0.113893 1.507863
v -4.918740 0.096962 1.679158
v -4.973901 0.031142 1.871708
v -5.000000 0.000000 2.049180
v -5.000000 0.000000 2.213115
v -5.000000 0.000000 2.377049
v -5.000000 0.000000 2.540984
v -5.000000 0.000000 2.704918
v -5.000000 0.000000 2.868853
v -5.000000 0.000000 3.032787
v -5.000000 0.000000 3.196722
v -5.000000 0.000000 3.360656
v -5.000000 0.000000 3.524590
v -5.000000 0.000000 3.688525
v -5.000000 0.000000 3.852459
v -5.000000 0.000000 4.016394
v -5.000000 0.000000 4.180328
v -5.000000 0.000000 4.344262
v -5.000000 0.000000 4.508197
v -5.000000 0.000000 4.672131
v -5.000000 0.000000 4.836065
v -4.836066 0.000000 5.000000
v -4.672132 0.000000 5.000000
v -4.508197 0.000000 5.000000
v -4.344263 0.000000 5.000000
v -4.180329 0.000000 5.000000
v -4.016395 0.000000 5.000000
v -3.852460 0.000000 5.000000
v -3.688526 0.000000 5.000000
v -3.524591 0.000000 5.000000
v -3.360657 0.000000 5.000000
v -3.196722 0.000000 5.000000
v -3.032788 0.000000 5.000000
v -2.868853 0.000000 5.000000
v -2.704919 0.000000 5.000000
v -2.540984 0.000000 5.000000
v -2.377050 0.000000 5.000000
v -2.213115 0.000000 5.000000
v -2.049181 0.000000 5.000000
v -1.885247 0.000000 5.000000
v -1.721312 0.000000 5.000000
v -1.557378 0.000000 5.000000
v -1.393443 0.000000 5.000000
v -1.229509 0.000000 5.000000
v -1.065574 0.000000 5.000000
v -0.901640 0.000000 5.000000
v -0.737705 0.000000 5.000000
v -0.573771 0.000000 5.000000
v -0.409836 0.000000 5.000000
v -0.245902 0.000000 5.000000
v -0.081967 0.000000 5.000000
v 0.081967 0.000000 5.000000
v 0.245901 0.000000 5.000000
v 0.409836 0.000000 5.000000
v 0.573770 0.000000 5.000000
v 0.737705 0.000000 5.000000
v 0.901639 0.000000 5.000000
v 1.065574 0.000000 5.000000
v 1.229508 0.000000 5.000000
v 1.393443 0.000000 5.000000
v 1.557377 0.000000 5.000000
v 1.721311 0.000000 5.000000
v 1.885246 0.000000 5.000000
v 2.049180 0.000000 5.000000
v 2.213115 0.000000 5.000000
v 2.377049 0.000000 5.000000
v 2.540984 0.000000 5.000000
v 2.704918 0.000000 5.000000
v 2.868853 0.000000 5.000000
v 3.032787 0.000000 5.000000
v 3.196722 0.000000 5.000000
v 3.360656 0.000000 5.000000
v 3.524590 0.000000 5.000000
v 3.688525 0.000000 5.000000
v 3.852459 0.000000 5.000000
v 4.016394 0.000000 5.000000
v 4.180328 0.000000 5.000000
v 4.344262 0.000000 5.000000
v 4.508197 0.000000 5.000000
v 4.672131 0.000000 5.000000
v 4.836065 0.000000 5.000000
v 5.000000 0.000000 4.836066
v 5.000000 0.000000 4.672132
v 5.000000 0.000000 4.508197
v 5.000000 0.000000 4.344263
v 5.000000 0.000000 4.180329
v 5.000000 0.000000 4.016395
v 5.000000 0.000000 3.852460
v 5.000000 0.000000 3.688526
v 5.000000 0.000000 3.524591
v 5.000000 0.000000 3.360657
v 5.000000 0.000000 3.196722
v 5.000000 0.000000 3.032788
v 5.000000 0.000000 2.868853
v 5.000000 0.000000 2.704919
v 5.000000 0.000000 2.540984
v 5.000000 0.000000 2.377050
v 5.000000 0.000000 2.213115
v 5.000000 0.000000 2.049181
v 5.000000 0.000000 1.885247
v 5.000000 0.000000 1.721312
v 5.000000 0.000000 1.557378
v 5.000000 0.000000 1.393443
v 5.000000 0.000000 1.229509
v 5.000000 0.000000 1.065574
v 5.000000 0.000000 0.901640
v 5.000000 0.000000 0.737705
v 5.000000 0.000000 0.573771
v 5.000000 0.000000 0.409836
v 5.000000 0.000000 0.245902
v 5.000000 0.000000 0.081967
v 5.000000 -0.000000 -0.081967
v 5.000000 -0.000000 -0.245901
v 5.000000 -0.000000 -0.409836
v 5.000000 -0.000000 -0.573770
v 5.000000 -0.000000 -0.737705
v 5.000000 -0.000000 -0.901639
v 5.000000 -0.000000 -1.065574
v 5.000000 -0.000000 -1.229508
v 5.000000 -0.000000 -1.393443
v 5.000000 -0.000000 -1.557377
v 5.000000 -0.000000 -1.721311
v 5.000000 -0.000000 -1.885246
v 5.000000 -0.000000 -2.049180
v 5.000000 -0.000000 -2.213115
v 5.000000 -0.000000 -2.377049
v 5.000000 -0.000000 -2.540984
v 5.000000 -0.000000 -2.704918
v 5.000000 -0.000000 -2.868853
v 5.000000 -0.000000 -3.032787
v 4.999995 0.001450 -3.197400
v 4.999963 0.011351 -3.365964
v 4.999947 0.016416 -3.532267
v 4.999967 0.010301 -3.693342
v 4.999998 0.000800 -3.852834
v 5.000000 -0.000000 -4.016394
v 5.000000 -0.000000 -4.180328
v 5.000000 -0.000000 -4.344262
v 5.000000 -0.000000 -4.508197
v 5.000000 -0.000000 -4.672131
v 5.000000 -0.000000 -4.836065
v 4.836066 -0.000000 -5.000000
v 4.682591 0.007933 -5.003300
v 4.548446 0.030526 -5.012697
v 4.416337 0.054663 -5.022737
v 4.270791 0.068610 -5.028538
v 4.107337 0.070426 -5.029368
v 3.950731 0.085715 -5.036230
v 3.806948 0.120270 -5.051596
v 3.664480 0.157661 -5.068237
v 3.516346 0.185994 -5.080865
v 3.346684 0.185264 -5.080748
v 3.139834 0.136318 -5.059544
v 2.914450 0.060084 -5.026307
v 2.709959 0.007440 -5.003281
v 2.573571 0.016117 -5.006260
v 2.515988 0.068717 -5.026691
v 2.485707 0.134820 -5.052368
v 2.433867 0.190260 -5.073903
v 2.311881 0.211007 -5.081961
v 2.092575 0.183621 -5.071324
v 1.810237 0.125061 -5.048577
v 1.513619 0.059437 -5.023087
v 1.251583 0.010918 -5.004241
v 1.065574 -0.000000 -5.000000
v 0.901640 -0.000000 -5.000000
v 0.737705 -0.000000 -5.000000
v 0.573771 -0.000000 -5.000000
v 0.409836 -0.000000 -5.000000
v 0.250633 0.007789 -5.003456
v 0.094908 0.021302 -5.009453
v -0.066092 0.026133 -5.011597
v -0.234933 0.018055 -5.008012
v -0.407207 0.004328 -5.001921
v -0.573770 -0.000000 -5.000000
v -0.737705 -0.000000 -5.000000
v -0.902604 0.021564 -5.010119
v -1.068950 0.075481 -5.035420
v -1.235031 0.123475 -5.057942
v -1.399599 0.137640 -5.064590
v -1.562299 0.110032 -5.051634
v -1.723758 0.056831 -5.026665
v -1.881622 0.028759 -5.013303
v -2.041755 0.047606 -5.021966
v -2.205874 0.067264 -5.031164
v -2.369413 0.071724 -5.033234
v -2.534872 0.057401 -5.026597
v -2.701555 0.031591 -5.014638
v -2.868048 0.007554 -5.003500
v -3.032787 -0.000000 -5.000000
v -3.194397 0.000300 -5.000049
v -3.321800 0.005010 -5.000823
v -3.428205 0.012428 -5.002040
v -3.542667 0.018807 -5.003087
v -3.688970 0.021080 -5.003460
v -3.876178 0.018079 -5.002968
v -4.092420 0.011335 -5.001861
v -4.312700 0.004070 -5.000668
v -4.507619 0.000074 -5.000012
v -4.672131 -0.000000 -5.000000
v -4.836065 -0.000000 -5.000000
v -4.836066 0.000000 4.836066
v -4.836066 0.000000 4.672132
v -4.836066 0.000000 4.508197
v -4.836066 0.000000 4.344263
v -4.836066 0.000000 4.180329
v -4.836066 0.000000 4.016395
v -4.836066 0.000000 3.852460
v -4.836066 0.000000 3.688526
v -4.836066 0.000000 3.524591
v -4.836066 0.000000 3.360657
v -4.836066 0.000000 3.196722
v -4.836066 0.000000 3.032788
v -4.836066 0.000000 2.868853
v -4.836066 0.000000 2.704919
v -4.836066 0.000000 2.540984
v -4.836066 0.000000 2.377050
v -4.836066 0.000000 2.213115
v -4.832751 0.003955 2.047462
v -4.760716 0.089909 1.846160
v -4.667027 0.201703 1.633624
v -4.643154 0.230189 1.457306
v -4.715603 0.143740 1.330954
v -4.809307 0.031930 1.215628
v -4.836066 0.000000 1.065574
v -4.834700 0.002499 0.900525
v -4.835067 0.002289 0.736674
v -4.831585 0.010363 0.569101
v -4.831275 0.011080 0.404844
v -4.834665 0.003241 0.244442
v -4.815864 0.030645 0.068431
v -4.766878 0.104956 -0.128329
v -4.731934 0.157963 -0.315678
v -4.739878 0.145913 -0.474290
v -4.783994 0.078991 -0.608663
v -4.828085 0.012106 -0.743052
v -4.836066 -0.000000 -0.901639
v -4.836066 -0.000000 -1.065574
v -4.836066 -0.000000 -1.229508
v -4.836066 -0.000000 -1.393443
v -4.836066 -0.000000 -1.557377
v -4.833438 0.002937 -1.722582
v -4.801609 0.038517 -1.901905
v -4.754910 0.090718 -2.088418
v -4.719911 0.129841 -2.269274
v -4.718529 0.131386 -2.433877
v -4.751753 0.094247 -2.581748
v -4.798485 0.042009 -2.723088
v -4.823834 0.016345 -2.876016
v -4.798433 0.054015 -3.056568
v -4.759281 0.115735 -3.247826
v -4.724820 0.182493 -3.441623
v -4.724609 0.198370 -3.612972
v -4.756530 0.156264 -3.758470
v -4.798429 0.085648 -3.891029
v -4.827531 0.025831 -4.028136
v -4.835666 0.001227 -4.180886
v -4.836066 -0.000000 -4.344262
v -4.836066 -0.000000 -4.508197
v -4.836066 -0.000000 -4.672131
v -4.836065 -0.000000 -4.836065
v -4.672132 0.000000 4.836066
v -4.672132 0.000000 4.672132
v -4.672132 0.000000 4.508197
v -4.672132 0.000000 4.344263
v -4.672132 0.000000 4.180329
v -4.672132 0.000000 4.016395
v -4.672132 0.000000 3.852460
v -4.668995 0.004538 3.686527
v -4.634893 0.053891 3.500853
v -4.626550 0.065965 3.331600
v -4.659354 0.018492 3.188577
v -4.672132 0.000000 3.032788
v -4.657729 0.032653 2.854151
v -4.643673 0.064520 2.675868
v -4.654101 0.040877 2.522579
v -4.671590 0.001228 2.376497
v -4.672132 0.000000 2.213115
v -4.667152 0.006430 2.046370
v -4.588986 0.099934 1.841778
v -4.490297 0.216971 1.626987
v -4.464576 0.247662 1.449710
v -4.541054 0.156886 1.325223
v -4.629582 0.058216 1.203956
v -4.634987 0.067960 1.035255
v -4.611453 0.111468 0.851900
v -4.615958 0.107803 0.689503
v -4.643610 0.061955 0.545922
v -4.651166 0.048490 0.387987
v -4.659473 0.028712 0.232974
v -4.629634 0.065550 0.052984
v -4.562600 0.166156 -0.155363
v -4.513907 0.240021 -0.351926
v -4.522257 0.227459 -0.510314
v -4.573020 0.150797 -0.640393
v -4.642509 0.045204 -0.757680
v -4.669433 0.004187 -0.903491
v -4.672132 -0.000000 -1.065574
v -4.672132 -0.000000 -1.229508
v -4.672132 -0.000000 -1.393443
v -4.672132 -0.000000 -1.557377
v -4.666886 0.005863 -1.723848
v -4.628488 0.048786 -1.906347
v -4.575424 0.108103 -2.095937
v -4.534903 0.153398 -2.279463
v -4.533226 0.155272 -2.444208
v -4.571834 0.112116 -2.589476
v -4.624423 0.053484 -2.728056
v -4.647593 0.033030 -2.883335
v -4.614403 0.084136 -3.069864
v -4.551655 0.193888 -3.282655
v -4.506130 0.289604 -3.489557
v -4.515552 0.300770 -3.659080
v -4.558357 0.245144 -3.798683
v -4.608361 0.156928 -3.923331
v -4.648591 0.069716 -4.048066
v -4.666768 0.016461 -4.187814
v -4.672132 -0.000000 -4.344262
v -4.672132 -0.000000 -4.508197
v -4.672132 -0.000000 -4.672131
v -4.672132 -0.000000 -4.836065
v -4.508197 0.000000 4.836066
v -4.508197 0.000000 4.672132
v -4.507044 0.002534 4.507058
v -4.491663 0.036339 4.327921
v -4.504972 0.007087 4.177142
v -4.508197 0.000000 4.016395
v -4.508197 0.000000 3.852460
v -4.471666 0.052867 3.665238
v -4.389568 0.171680 3.448968
v -4.370591 0.199319 3.272855
v -4.433510 0.109901 3.148263
v -4.489212 0.037734 3.015889
v -4.454583 0.121551 2.814123
v -4.425192 0.188184 2.620187
v -4.446808 0.139179 2.478317
v -4.492513 0.035559 2.361039
v -4.501104 0.030592 2.199091
v -4.485848 0.095303 2.005499
v -4.443921 0.148198 1.818476
v -4.396130 0.160601 1.650612
v -4.385935 0.145887 1.493955
v -4.434373 0.089977 1.354265
v -4.460825 0.081306 1.193350
v -4.400311 0.197390 0.977512
v -4.351986 0.287922 0.773142
v -4.369815 0.262900 0.620208
v -4.436790 0.147439 0.507634
v -4.472310 0.083003 0.372435
v -4.485301 0.052531 0.222239
v -4.464439 0.069721 0.051083
v -4.401614 0.161682 -0.153387
v -4.353243 0.235089 -0.349748
v -4.320039 0.286991 -0.536649
v -4.330537 0.272760 -0.694341
v -4.389791 0.182999 -0.818628
v -4.426866 0.126194 -0.957456
v -4.467507 0.063135 -1.093498
v -4.506285 0.002967 -1.230821
v -4.508197 -0.000000 -1.393443
v -4.508197 -0.000000 -1.557377
v -4.505606 0.002897 -1.722564
v -4.473886 0.038355 -1.901835
v -4.427289 0.090442 -2.088298
v -4.392370 0.129476 -2.269116
v -4.390992 0.131016 -2.433717
v -4.424139 0.093963 -2.581625
v -4.470668 0.041984 -2.723078
v -4.486996 0.029233 -2.881690
v -4.445872 0.094469 -3.074515
v -4.377825 0.220584 -3.294748
v -4.337894 0.316520 -3.501972
v -4.353057 0.326205 -3.671027
v -4.393049 0.276522 -3.813298
v -4.437351 0.191527 -3.939229
v -4.475411 0.099714 -4.061729
v -4.497832 0.031808 -4.194793
v -4.508173 0.000073 -4.344295
v -4.503519 0.000603 -4.508296
v -4.498981 0.001188 -4.672326
v -4.501645 0.000845 -4.836204
v -4.344263 0.000000 4.836066
v -4.343950 0.000688 4.671822
v -4.261386 0.182137 4.426288
v -4.185237 0.349489 4.187092
v -4.245606 0.216816 4.082823
v -4.340261 0.008796 4.012439
v -4.344263 0.000000 3.852460
v -4.300264 0.063675 3.660478
v -4.209343 0.195324 3.438552
v -4.173350 0.253336 3.248904
v -4.243186 0.158620 3.126518
v -4.264119 0.141644 2.969702
v -4.259974 0.181314 2.787384
v -4.241232 0.233586 2.599744
v -4.267563 0.173890 2.462688
v -4.321097 0.055893 2.351825
v -4.317275 0.116393 2.159756
v -4.288389 0.240970 1.938710
v -4.286672 0.248377 1.771379
v -4.307605 0.137879 1.658286
v -4.318622 0.039839 1.539755
v -4.336598 0.009698 1.389209
v -4.289665 0.099893 1.184943
v -4.199343 0.265148 0.947282
v -4.140703 0.374677 0.734435
v -4.175987 0.317893 0.595668
v -4.261351 0.168948 0.498028
v -4.307376 0.085308 0.371397
v -4.321221 0.053293 0.221888
v -4.322061 0.037722 0.065201
v -4.281428 0.095319 -0.124072
v -4.242332 0.154839 -0.314304
v -4.173999 0.261043 -0.525218
v -4.096695 0.363623 -0.734086
v -4.080982 0.381884 -0.905944
v -4.109333 0.348165 -1.055223
v -4.212290 0.204735 -1.156128
v -4.306967 0.057869 -1.255104
v -4.344263 -0.000000 -1.393443
v -4.344263 -0.000000 -1.557377
v -4.344263 -0.000000 -1.721311
v -4.330541 0.015339 -1.891881
v -4.300085 0.049384 -2.070540
v -4.276274 0.075977 -2.245976
v -4.272449 0.079231 -2.411282
v -4.295615 0.053561 -2.564122
v -4.328637 0.017463 -2.712471
v -4.335312 0.012847 -2.874509
v -4.299547 0.069538 -3.063548
v -4.243746 0.178697 -3.276333
v -4.211737 0.263874 -3.478837
v -4.220841 0.282830 -3.651990
v -4.249212 0.250041 -3.801705
v -4.282379 0.180536 -3.934442
v -4.311250 0.101313 -4.062467
v -4.330199 0.033465 -4.195423
v -4.321253 0.003098 -4.344810
v -4.293438 0.006553 -4.509273
v -4.279030 0.008411 -4.673512
v -4.287122 0.007368 -4.837275
v -4.180329 0.000000 4.836066
v -4.171332 0.019772 4.663240
v -4.037125 0.314716 4.366664
v -3.926229 0.558430 4.093128
v -4.014753 0.363883 4.016685
v -4.160168 0.044308 3.996469
v -4.180329 0.000000 3.852460
v -4.168707 0.016818 3.681118
v -4.113228 0.098149 3.481329
v -4.087048 0.146026 3.296036
v -4.057272 0.198518 3.108725
v -4.076845 0.167151 2.958690
v -4.113232 0.129570 2.810902
v -4.118157 0.140952 2.641454
v -4.135564 0.101488 2.495288
v -4.169772 0.030737 2.363093
v -4.146547 0.145694 2.146323
v -4.113072 0.290061 1.916204
v -4.111008 0.298964 1.748188
v -4.142878 0.161516 1.647266
v -4.175188 0.022171 1.547214
v -4.180329 0.000000 1.393443
v -4.142584 0.069058 1.198699
v -4.067794 0.205895 0.973717
v -4.024299 0.286100 0.773987
v -4.053327 0.238002 0.631404
v -4.122728 0.116077 0.521756
v -4.157419 0.052987 0.385960
v -4.167032 0.030754 0.232044
v -4.178084 0.005162 0.079642
v -4.166750 0.020598 -0.091066
v -4.148053 0.049090 -0.267589
v -4.069452 0.170485 -0.485204
v -3.881225 0.410522 -0.753996
v -3.747001 0.591718 -0.997393
v -3.789809 0.551264 -1.144089
v -3.945193 0.342770 -1.216627
v -4.108880 0.110860 -1.278542
v -4.179559 0.001195 -1.393971
v -4.180329 -0.000000 -1.557377
v -4.180329 -0.000000 -1.721311
v -4.180227 0.000114 -1.885295
v -4.171004 0.010424 -2.053689
v -4.152857 0.028173 -2.225212
v -4.140374 0.037891 -2.393201
v -4.148352 0.028089 -2.552865
v -4.165694 0.011312 -2.709634
v -4.175923 0.003738 -2.870428
v -4.163630 0.026287 -3.044424
v -4.128362 0.099228 -3.241080
v -4.102664 0.166628 -3.435519
v -4.102246 0.193099 -3.611813
v -4.117471 0.177353 -3.768981
v -4.137280 0.131664 -3.912330
v -4.155208 0.073415 -4.049734
v -4.148944 0.022369 -4.189558
v -4.108294 0.009288 -4.345787
v -4.059010 0.015643 -4.510765
v -4.034957 0.018744 -4.675208
v -4.048405 0.017010 -4.838858
v -4.016395 0.000000 4.836066
v -4.016333 0.000136 4.672070
v -3.939881 0.168153 4.432576
v -3.867116 0.328067 4.196726
v -3.924824 0.201244 4.089826
v -4.013558 0.006234 4.013591
v -4.016395 0.000000 3.852460
v -4.016395 0.000000 3.688526
v -4.013533 0.004489 3.522604
v -3.968485 0.077289 3.326397
v -3.923404 0.150015 3.130225
v -3.938833 0.125124 2.977324
v -3.992472 0.039616 2.851268
v -4.005672 0.024311 2.693972
v -4.011360 0.011414 2.535845
v -4.016082 0.001347 2.376432
v -3.997226 0.082668 2.175217
v -3.973427 0.185309 1.964227
v -3.972022 0.191369 1.797515
v -3.994619 0.093913 1.678258
v -4.015418 0.004213 1.555446
v -4.016395 0.000000 1.393443
v -4.010649 0.010512 1.224819
v -3.974283 0.077048 1.031200
v -3.950728 0.120144 0.848039
v -3.966977 0.091189 0.697006
v -4.001699 0.029714 0.560454
v -4.010186 0.014361 0.403365
v -4.014219 0.005032 0.243635
v -4.016395 0.000000 0.081967
v -4.016395 -0.000000 -0.081967
v -4.015966 0.000665 -0.246196
v -3.946962 0.106371 -0.456850
v -3.705567 0.409000 -0.752827
v -3.565484 0.600676 -1.000893
v -3.613803 0.555036 -1.145380
v -3.760389 0.357105 -1.222512
v -3.944690 0.108299 -1.277335
v -4.016001 0.000611 -1.393713
v -4.016395 -0.000000 -1.557377
v -4.016395 -0.000000 -1.721311
v -4.016395 -0.000000 -1.885246
v -4.011773 0.003539 -2.050654
v -3.990108 0.020126 -2.221496
v -3.967056 0.037776 -2.392780
v -3.957808 0.044857 -2.559663
v -3.968509 0.037976 -2.720799
v -3.993084 0.030245 -2.882081
v -4.013801 0.024293 -3.044043
v -4.006119 0.045574 -3.217626
v -3.990411 0.075712 -3.395036
v -3.984166 0.090228 -3.565513
v -3.986876 0.090183 -3.729532
v -3.994081 0.068478 -3.883601
v -4.000463 0.031972 -4.030718
v -3.967223 0.008830 -4.182533
v -3.897689 0.015306 -4.346775
v -3.831043 0.023899 -4.512120
v -3.798030 0.028156 -4.676753
v -3.816591 0.025762 -4.840294
v -3.852460 0.000000 4.836066
v -3.852460 0.000000 4.672132
v -3.852258 0.000445 4.507998
v -3.840787 0.025654 4.332726
v -3.851101 0.002988 4.178985
v -3.852460 0.000000 4.016395
v -3.852460 0.000000 3.852460
v -3.852466 0.001335 3.687901
v -3.852510 0.011262 3.519324
v -3.845393 0.011401 3.355603
v -3.827245 0.040677 3.178691
v -3.833854 0.030016 3.019483
v -3.852011 0.000724 2.868532
v -3.852460 0.000000 2.704919
v -3.852460 0.000000 2.540984
v -3.852460 0.000000 2.377050
v -3.851079 0.005959 2.210384
v -3.842789 0.041708 2.030060
v -3.842211 0.044202 1.864982
v -3.850397 0.008900 1.717232
v -3.852460 0.000000 1.557378
v -3.852460 0.000000 1.393443
v -3.852460 0.000000 1.229509
v -3.852386 0.000136 1.065513
v -3.849528 0.005364 0.899247
v -3.851942 0.000948 0.737282
v -3.852460 0.000000 0.573771
v -3.852460 0.000000 0.409836
v -3.852460 0.000000 0.245902
v -3.852460 0.000000 0.081967
v -3.852460 -0.000000 -0.081967
v -3.852460 -0.000000 -0.245901
v -3.823388 0.044709 -0.429601
v -3.657977 0.252041 -0.683996
v -3.514664 0.429163 -0.925132
v -3.538543 0.406587 -1.079446
v -3.670591 0.239983 -1.170655
v -3.815304 0.052193 -1.252455
v -3.852460 -0.000000 -1.393443
v -3.850955 0.003954 -1.559167
v -3.848626 0.010074 -1.725871
v -3.850666 0.004713 -1.887379
v -3.837132 0.011736 -2.054067
v -3.802757 0.038056 -2.228962
v -3.769424 0.063577 -2.403524
v -3.755927 0.074582 -2.572076
v -3.773443 0.080345 -2.739390
v -3.812140 0.080055 -2.904702
v -3.845748 0.074161 -3.067196
v -3.853737 0.066112 -3.227680
v -3.850810 0.051604 -3.384717
v -3.843562 0.036028 -3.541085
v -3.834932 0.025198 -3.699620
v -3.842677 0.015197 -3.859182
v -3.844795 0.002765 -4.017386
v -3.792493 0.007732 -4.181597
v -3.712954 0.017988 -4.347215
v -3.638204 0.027626 -4.512732
v -3.599509 0.032615 -4.677485
v -3.621616 0.029765 -4.840951
v -3.688526 0.000000 4.836066
v -3.688526 0.000000 4.672132
v -3.688526 0.000000 4.508197
v -3.688526 0.000000 4.344263
v -3.688526 0.000000 4.180329
v -3.688526 0.000000 4.016395
v -3.688613 0.019659 3.843266
v -3.689392 0.193859 3.597859
v -3.689739 0.271565 3.397583
v -3.689107 0.130113 3.299804
v -3.688526 0.000000 3.196722
v -3.688526 0.000000 3.032788
v -3.688526 0.000000 2.868853
v -3.688526 0.000000 2.704919
v -3.688526 0.000000 2.540984
v -3.688526 0.000000 2.377050
v -3.688526 0.000000 2.213115
v -3.688526 0.000000 2.049181
v -3.688526 0.000000 1.885247
v -3.688526 0.000000 1.721312
v -3.688526 0.000000 1.557378
v -3.688526 0.000000 1.393443
v -3.688526 0.000000 1.229509
v -3.688526 0.000000 1.065574
v -3.688526 0.000000 0.901640
v -3.688526 0.000000 0.737705
v -3.688526 0.000000 0.573771
v -3.688526 0.000000 0.409836
v -3.688526 0.000000 0.245902
v -3.688526 0.000000 0.081967
v -3.688526 -0.000000 -0.081967
v -3.688526 -0.000000 -0.245901
v -3.688502 0.000036 -0.409852
v -3.638284 0.062957 -0.601239
v -3.555451 0.160949 -0.807746
v -3.551231 0.164886 -0.973355
v -3.621575 0.078625 -1.099713
v -3.681466 0.006663 -1.232347
v -3.678504 0.026329 -1.405360
v -3.659679 0.075788 -1.591681
v -3.650366 0.100257 -1.766690
v -3.658107 0.079568 -1.921255
v -3.654507 0.051561 -2.071955
v -3.628694 0.046601 -2.232561
v -3.591374 0.074384 -2.408025
v -3.575447 0.094652 -2.580812
v -3.599247 0.112476 -2.754011
v -3.646208 0.120435 -2.923502
v -3.683407 0.120998 -3.089155
v -3.690700 0.112561 -3.249430
v -3.663381 0.090060 -3.401777
v -3.604011 0.076061 -3.556844
v -3.567532 0.059803 -3.711751
v -3.581756 0.035552 -3.864904
v -3.628458 0.006719 -4.017185
v -3.621021 0.007752 -4.181311
v -3.564774 0.015956 -4.346881
v -3.496214 0.024796 -4.512267
v -3.462047 0.029202 -4.676925
v -3.481293 0.026720 -4.840452
v -3.524591 0.000000 4.836066
v -3.524591 0.000000 4.672132
v -3.524591 0.000000 4.508197
v -3.524591 0.000000 4.344263
v -3.524591 0.000000 4.180329
v -3.524591 0.000000 4.016395
v -3.525053 0.103335 3.804131
v -3.526473 0.421092 3.491585
v -3.527071 0.554978 3.265033
v -3.525990 0.313098 3.214224
v -3.524722 0.029361 3.182991
v -3.524591 0.000000 3.032788
v -3.524591 0.000000 2.868853
v -3.524591 0.000000 2.704919
v -3.524591 0.000000 2.540984
v -3.524591 0.000000 2.377050
v -3.524591 0.000000 2.213115
v -3.524591 0.000000 2.049181
v -3.524591 0.000000 1.885247
v -3.524591 0.000000 1.721312
v -3.524591 0.000000 1.557378
v -3.524591 0.000000 1.393443
v -3.524591 0.000000 1.229509
v -3.524591 0.000000 1.065574
v -3.524591 0.000000 0.901640
v -3.524591 0.000000 0.737705
v -3.524591 0.000000 0.573771
v -3.524591 0.000000 0.409836
v -3.524591 0.000000 0.245902
v -3.524591 0.000000 0.081967
v -3.524591 -0.000000 -0.081967
v -3.524591 -0.000000 -0.245901
v -3.524591 -0.000000 -0.409836
v -3.519272 0.005012 -0.575905
v -3.501141 0.022094 -0.747117
v -3.493936 0.028882 -0.913943
v -3.505986 0.017530 -1.073041
v -3.517134 0.016744 -1.237044
v -3.488669 0.094378 -1.436160
v -3.454060 0.185304 -1.641250
v -3.438018 0.227452 -1.824262
v -3.451728 0.191432 -1.971893
v -3.469248 0.117466 -2.101933
v -3.467576 0.058458 -2.238215
v -3.442477 0.062871 -2.403230
v -3.429359 0.086299 -2.577605
v -3.451034 0.113170 -2.754950
v -3.493866 0.131369 -2.929068
v -3.524385 0.142748 -3.099516
v -3.503871 0.147907 -3.265060
v -3.398247 0.162647 -3.431754
v -3.278167 0.187477 -3.602600
v -3.213070 0.213645 -3.776222
v -3.238868 0.168412 -3.920019
v -3.340351 0.075945 -4.044693
v -3.422442 0.014910 -4.183303
v -3.438990 0.010696 -4.345914
v -3.392895 0.016981 -4.510984
v -3.367484 0.020257 -4.675457
v -3.381694 0.018425 -4.839090
v -3.360657 0.000000 4.836066
v -3.360657 0.000000 4.672132
v -3.360657 0.000000 4.508197
v -3.360657 0.000000 4.344263
v -3.360657 0.000000 4.180329
v -3.360657 0.000000 4.016395
v -3.361010 0.079003 3.815511
v -3.362271 0.361165 3.519612
v -3.362794 0.478226 3.300929
v -3.361840 0.264717 3.236851
v -3.360736 0.017662 3.188462
v -3.360657 0.000000 3.032788
v -3.360657 0.000000 2.868853
v -3.360657 0.000000 2.704919
v -3.360657 0.000000 2.540984
v -3.360657 0.000000 2.377050
v -3.360657 0.000000 2.213115
v -3.360657 0.000000 2.049181
v -3.360657 0.000000 1.885247
v -3.360657 0.000000 1.721312
v -3.360657 0.000000 1.557378
v -3.360657 0.000000 1.393443
v -3.360657 0.000000 1.229509
v -3.360657 0.000000 1.065574
v -3.360657 0.000000 0.901640
v -3.360657 0.000000 0.737705
v -3.360657 0.000000 0.573771
v -3.360657 0.000000 0.409836
v -3.360657 0.000000 0.245902
v -3.360657 0.000000 0.081967
v -3.360657 -0.000000 -0.081967
v -3.360657 -0.000000 -0.245901
v -3.360657 -0.000000 -0.409836
v -3.360657 -0.000000 -0.573770
v -3.358074 0.002433 -0.738741
v -3.355548 0.004813 -0.903689
v -3.359430 0.001156 -1.066066
v -3.346967 0.035966 -1.245787
v -3.304887 0.146522 -1.459762
v -3.259844 0.264862 -1.677261
v -3.238148 0.321862 -1.866995
v -3.256765 0.272952 -2.008791
v -3.296681 0.160099 -2.121526
v -3.319857 0.059872 -2.239510
v -3.312589 0.036803 -2.392375
v -3.303649 0.053980 -2.563990
v -3.317973 0.082390 -2.741767
v -3.346632 0.107468 -2.918547
v -3.363027 0.127707 -3.092585
v -3.289997 0.154245 -3.266070
v -3.127189 0.177163 -3.434350
v -2.961084 0.216639 -3.610243
v -2.870564 0.209725 -3.767405
v -2.906596 0.183421 -3.920451
v -3.047528 0.124429 -4.062318
v -3.216757 0.037708 -4.192328
v -3.311691 0.005190 -4.344773
v -3.300409 0.007768 -4.509472
v -3.284588 0.009808 -4.673741
v -3.293461 0.008664 -4.837488
v -3.196722 0.000000 4.836066
v -3.196722 0.000000 4.672132
v -3.196722 0.000000 4.508197
v -3.196722 0.000000 4.344263
v -3.196722 0.000000 4.180329
v -3.196722 0.000000 4.016395
v -3.196726 0.000733 3.852117
v -3.197167 0.099492 3.641994
v -3.196980 0.155097 3.452071
v -3.195740 0.062203 3.331614
v -3.196722 0.000000 3.196722
v -3.196722 0.000000 3.032788
v -3.196722 0.000000 2.868853
v -3.196722 0.000000 2.704919
v -3.196722 0.000000 2.540984
v -3.196722 0.000000 2.377050
v -3.196722 0.000000 2.213115
v -3.196722 0.000000 2.049181
v -3.196722 0.000000 1.885247
v -3.196722 0.000000 1.721312
v -3.196722 0.000000 1.557378
v -3.196722 0.000000 1.393443
v -3.196722 0.000000 1.229509
v -3.196722 0.000000 1.065574
v -3.196722 0.000000 0.901640
v -3.196722 0.000000 0.737705
v -3.196722 0.000000 0.573771
v -3.196722 0.000000 0.409836
v -3.196722 0.000000 0.245902
v -3.196722 0.000000 0.081967
v -3.196722 -0.000000 -0.081967
v -3.196722 -0.000000 -0.245901
v -3.196722 -0.000000 -0.409836
v -3.196722 -0.000000 -0.573770
v -3.196722 -0.000000 -0.737705
v -3.196722 -0.000000 -0.901639
v -3.196722 -0.000000 -1.065574
v -3.183431 0.034920 -1.245314
v -3.141852 0.144159 -1.458693
v -3.097292 0.261230 -1.675617
v -3.075931 0.317352 -1.864953
v -3.094251 0.269219 -2.007102
v -3.134594 0.161072 -2.122054
v -3.168875 0.060225 -2.240181
v -3.166059 0.043459 -2.396168
v -3.159439 0.053420 -2.564500
v -3.178108 0.049350 -2.727262
v -3.195987 0.062095 -2.897854
v -3.196543 0.091657 -3.075631
v -3.099488 0.120480 -3.249244
v -2.914811 0.142796 -3.416389
v -2.728445 0.139274 -3.571386
v -2.622057 0.108080 -3.716576
v -2.665150 0.103393 -3.880005
v -2.825609 0.096411 -4.046951
v -3.021182 0.045634 -4.194796
v -3.167009 0.002226 -4.344141
v -3.188066 0.001116 -4.508380
v -3.182092 0.001886 -4.672441
v -3.185544 0.001441 -4.836302
v -3.032788 0.000000 4.836066
v -3.032788 0.000000 4.672132
v -3.032788 0.000000 4.508197
v -3.022803 0.007712 4.341048
v -2.976248 0.043670 4.162124
v -2.982052 0.039187 4.000059
v -3.028505 0.003308 3.851081
v -3.028929 0.014959 3.681683
v -3.016502 0.063142 3.495709
v -3.013870 0.073345 3.327107
v -3.024885 0.030640 3.182707
v -3.032788 0.000000 3.032788
v -3.032788 0.000000 2.868853
v -3.032788 0.000000 2.704919
v -3.032788 0.000000 2.540984
v -3.032788 0.000000 2.377050
v -3.032788 0.000000 2.213115
v -3.032788 0.000000 2.049181
v -3.032788 0.000000 1.885247
v -3.032788 0.000000 1.721312
v -3.032788 0.000000 1.557378
v -3.032788 0.000000 0.573771
v -3.032788 0.000000 0.409836
v -3.032788 0.000000 0.245902
v -3.032788 0.000000 0.081967
v -3.032788 -0.000000 -0.081967
v -3.032788 -0.000000 -0.245901
v -3.032788 -0.000000 -0.409836
v -3.032788 -0.000000 -0.573770
v -3.032788 -0.000000 -0.737705
v -3.032788 -0.000000 -0.901639
v -3.032788 -0.000000 -1.065574
v -3.027922 0.012783 -1.235294
v -2.998902 0.089028 -1.433739
v -2.965377 0.177106 -1.637540
v -2.949834 0.217942 -1.819958
v -2.959368 0.190415 -1.971396
v -2.971450 0.144981 -2.114562
v -2.980830 0.106467 -2.260858
v -2.964526 0.134225 -2.437131
v -2.961803 0.139536 -2.603442
v -2.985901 0.097310 -2.748578
v -3.020297 0.046808 -2.890248
v -3.033133 0.045213 -3.053938
v -2.953961 0.078797 -3.230477
v -2.787707 0.105324 -3.400311
v -2.618098 0.088771 -3.549872
v -2.524361 0.066073 -3.699528
v -2.560118 0.063818 -3.863807
v -2.706038 0.064015 -4.033540
v -2.884196 0.035613 -4.191165
v -3.013144 0.001678 -4.344278
v -3.032654 0.001252 -4.508777
v -3.032577 0.001973 -4.673045
v -3.032733 0.000513 -4.836303
v -2.868853 0.000000 4.836066
v -2.868853 0.000000 4.672132
v -2.868853 0.000000 4.508197
v -2.782826 0.058488 4.320284
v -2.447989 0.254230 4.077935
v -2.544182 0.191882 3.939386
v -2.821189 0.036642 3.837194
v -2.858654 0.039544 3.670438
v -2.839033 0.115615 3.471706
v -2.834821 0.131946 3.300302
v -2.852038 0.065192 3.166902
v -2.868028 0.003198 3.031325
v -2.868853 0.000000 2.868853
v -2.868853 0.000000 2.704919
v -2.868853 0.000000 2.540984
v -2.868853 0.000000 2.377050
v -2.868853 0.000000 2.213115
v -2.868853 0.000000 2.049181
v -2.868853 0.000000 1.885247
v -2.868853 0.000000 0.573771
v -2.868853 0.000000 0.409836
v -2.868853 0.000000 0.245902
v -2.868853 0.000000 0.081967
v -2.868853 -0.000000 -1.065574
v -2.868853 -0.000000 -1.229508
v -2.860452 0.022072 -1.403433
v -2.842954 0.068044 -1.588175
v -2.834172 0.091116 -1.762553
v -2.834840 0.084834 -1.923577
v -2.816553 0.109322 -2.098244
v -2.776618 0.181366 -2.294298
v -2.731379 0.269495 -2.497665
v -2.727255 0.277572 -2.665214
v -2.766725 0.200819 -2.794809
v -2.822915 0.090579 -2.909403
v -2.864629 0.016061 -3.040131
v -2.837770 0.046330 -3.217166
v -2.723874 0.077391 -3.391167
v -2.598809 0.070810 -3.547133
v -2.530698 0.055855 -3.701411
v -2.555776 0.051128 -3.864116
v -2.662220 0.046708 -4.030148
v -2.791840 0.026981 -4.189929
v -2.865922 0.013217 -4.350327
v -2.866264 0.024318 -4.519464
v -2.865928 0.027471 -4.684860
v -2.866700 0.020215 -4.845432
v -2.704919 0.000000 4.836066
v -2.704919 0.000000 4.672132
v -2.704919 0.000000 4.508197
v -2.523038 0.097093 4.305985
v -2.199141 0.320572 4.050241
v -2.315248 0.298584 3.892044
v -2.605934 0.057575 3.829415
v -2.697767 0.027727 3.675843
v -2.681456 0.090966 3.482982
v -2.678062 0.104124 3.313028
v -2.692295 0.048942 3.174335
v -2.704728 0.000738 3.032450
v -2.704919 0.000000 2.868853
v -2.704919 0.000000 2.704919
v -2.704919 0.000000 2.540984
v -2.704919 0.000000 2.377050
v -2.704919 0.000000 2.213115
v -2.704919 0.000000 0.901640
v -2.704919 0.000000 0.737705
v -2.704919 0.000000 0.573771
v -2.704919 0.000000 0.409836
v -2.704167 0.001975 -1.558271
v -2.702379 0.006672 -1.724331
v -2.697684 0.014859 -1.891910
v -2.646307 0.113579 -2.099988
v -2.549398 0.290800 -2.342985
v -2.474382 0.425954 -2.567172
v -2.476846 0.420909 -2.728844
v -2.546412 0.296238 -2.837214
v -2.634703 0.136162 -2.929764
v -2.692960 0.023516 -3.043313
v -2.704559 0.019690 -3.205913
v -2.665546 0.050788 -3.382860
v -2.598102 0.058696 -3.547853
v -2.558398 0.051611 -3.706923
v -2.573460 0.042478 -3.867177
v -2.629627 0.032878 -4.028820
v -2.689127 0.025059 -4.191425
v -2.695583 0.045204 -4.365031
v -2.696988 0.064335 -4.537964
v -2.697544 0.069261 -4.704223
v -2.698921 0.056330 -4.862166
v -2.540984 0.000000 4.836066
v -2.540984 0.000000 4.672132
v -2.540984 0.000000 4.508197
v -2.444392 0.043212 4.327839
v -2.247413 0.267428 4.066786
v -2.298813 0.285775 3.892264
v -2.481152 0.063814 3.824967
v -2.540715 0.001042 3.688049
v -2.534986 0.023255 3.513954
v -2.533509 0.028983 3.347399
v -2.539253 0.006713 3.193651
v -2.540984 0.000000 3.032788
v -2.540984 0.000000 2.868853
v -2.540984 0.000000 2.704919
v -2.540984 0.000000 2.540984
v -2.540984 0.000000 2.377050
v -2.540984 0.000000 2.213115
v -2.540984 0.000000 0.901640
v -2.540984 0.000000 0.737705
v -2.540984 0.000000 0.573771
v -2.540984 0.000000 0.409836
v -2.540984 -0.000000 -1.557377
v -2.540984 -0.000000 -1.721311
v -2.535701 0.010185 -1.889801
v -2.458329 0.144037 -2.113287
v -2.348717 0.327986 -2.358932
v -2.290951 0.418163 -2.562766
v -2.303173 0.393763 -2.715772
v -2.366324 0.292504 -2.834836
v -2.457440 0.144972 -2.933361
v -2.530155 0.020966 -3.042166
v -2.540978 0.000372 -3.196895
v -2.540734 0.013893 -3.367142
v -2.534909 0.029116 -3.537965
v -2.524492 0.030318 -3.702054
v -2.525199 0.022577 -3.862397
v -2.514423 0.025784 -4.027409
v -2.483774 0.064983 -4.208471
v -2.472290 0.106636 -4.391429
v -2.489837 0.124885 -4.564581
v -2.518026 0.116717 -4.725800
v -2.531161 0.092261 -4.878815
v -2.377050 0.000000 4.836066
v -2.377050 0.000000 4.672132
v -2.377050 0.000000 4.508197
v -2.356074 0.014855 4.338139
v -2.293410 0.174783 4.101887
v -2.315967 0.239436 3.906845
v -2.385603 0.104658 3.803197
v -2.379082 0.008267 3.684581
v -2.377050 0.000000 3.524591
v -2.377050 0.000000 3.360657
v -2.377050 0.000000 3.196722
v -2.377050 -0.000000 -1.229508
v -2.377050 -0.000000 -1.393443
v -2.377050 -0.000000 -1.557377
v -2.377050 -0.000000 -1.721311
v -2.370224 0.008920 -1.889149
v -2.295999 0.121946 -2.103022
v -2.207413 0.251342 -2.323985
v -2.166971 0.298086 -2.508192
v -2.176296 0.279227 -2.663674
v -2.226154 0.213296 -2.798735
v -2.301930 0.109074 -2.916908
v -2.368163 0.012426 -3.038249
v -2.377050 -0.000000 -3.196722
v -2.377050 -0.000000 -3.360656
v -2.377049 0.000067 -3.524622
v -2.376629 0.000421 -3.688705
v -2.339690 0.016265 -3.858602
v -2.273337 0.059982 -4.040380
v -2.219911 0.124883 -4.232566
v -2.217073 0.172169 -4.418496
v -2.255947 0.184321 -4.589633
v -2.313269 0.161819 -4.745289
v -2.357088 0.116707 -4.889846
v -2.213115 0.000000 4.836066
v -2.213115 0.000000 4.672132
v -2.213115 0.000000 4.508197
v -2.216194 0.012534 4.338283
v -2.242569 0.123051 4.121649
v -2.262907 0.203477 3.919319
v -2.246671 0.136539 3.787314
v -2.218488 0.021859 3.678096
v -2.213115 0.000000 3.524591
v -2.213115 0.000000 3.360657
v -2.213115 0.000000 0.081967
v -2.213115 -0.000000 -0.081967
v -2.213115 -0.000000 -0.245901
v -2.213115 -0.000000 -0.409836
v -2.213115 -0.000000 -0.573770
v -2.213115 -0.000000 -0.737705
v -2.213115 -0.000000 -0.901639
v -2.213115 -0.000000 -1.065574
v -2.213115 -0.000000 -1.229508
v -2.213115 -0.000000 -1.393443
v -2.213115 -0.000000 -1.557377
v -2.213115 -0.000000 -1.721311
v -2.203662 0.012082 -1.890525
v -2.148709 0.083221 -2.085568
v -2.075351 0.178774 -2.291306
v -2.026231 0.239134 -2.481539
v -2.025761 0.239457 -2.645606
v -2.077324 0.173593 -2.780764
v -2.148082 0.083133 -2.905175
v -2.202705 0.013305 -3.038600
v -2.213115 -0.000000 -3.196722
v -2.213115 -0.000000 -3.360656
v -2.211094 -0.000142 -3.524445
v -2.178551 0.003354 -3.688741
v -2.087671 0.035496 -3.864148
v -1.983643 0.090156 -4.049567
v -1.912174 0.164225 -4.245334
v -1.926595 0.213696 -4.432961
v -2.016968 0.214880 -4.600984
v -2.105103 0.178954 -4.751570
v -2.173162 0.121796 -4.891444
v -2.049181 0.000000 4.836066
v -2.049181 0.000000 4.672132
v -2.049443 0.006200 4.505289
v -2.053644 0.076038 4.308539
v -2.071902 0.167644 4.101064
v -2.079577 0.150109 3.945028
v -2.067463 0.074392 3.816966
v -2.050219 0.004223 3.686511
v -2.049181 0.000000 3.524591
v -2.049181 0.000000 3.360657
v -2.049181 0.000000 3.196722
v -2.049181 0.000000 2.868853
v -2.049181 0.000000 2.704919
v -2.049181 0.000000 2.540984
v -2.049181 0.000000 0.081967
v -2.049181 -0.000000 -0.081967
v -2.049181 -0.000000 -0.245901
v -2.049181 -0.000000 -0.409836
v -2.049181 -0.000000 -0.573770
v -2.049181 -0.000000 -0.737705
v -2.049181 -0.000000 -0.901639
v -2.049181 -0.000000 -1.065574
v -2.049181 -0.000000 -1.229508
v -2.049181 -0.000000 -1.393443
v -2.049181 -0.000000 -1.557377
v -2.049181 -0.000000 -1.721311
v -2.044943 0.005416 -1.887612
v -2.002568 0.059576 -2.075210
v -1.942612 0.136205 -2.272624
v -1.898957 0.192001 -2.460937
v -1.898267 0.192883 -2.625257
v -1.941011 0.138252 -2.765322
v -2.000961 0.061629 -2.895779
v -2.044306 0.006231 -3.035510
v -2.049181 -0.000000 -3.196722
v -2.049181 -0.000000 -3.360656
v -2.027750 -0.001399 -3.523098
v -1.963519 0.003046 -3.686599
v -1.853480 0.033175 -3.860315
v -1.748543 0.076583 -4.040438
v -1.678451 0.147562 -4.234815
v -1.688404 0.213874 -4.430140
v -1.794326 0.213977 -4.598266
v -1.914268 0.168043 -4.745417
v -1.994859 0.102640 -4.881927
v -1.885247 0.000000 4.836066
v -1.885247 0.000000 4.672132
v -1.886788 0.036541 4.491054
v -1.891825 0.155913 4.271114
v -1.893460 0.193179 4.089694
v -1.891130 0.097877 3.970405
v -1.885747 0.002815 3.851124
v -1.885247 0.000000 3.688526
v -1.882181 0.011298 3.521317
v -1.779734 0.388863 3.247976
v -1.852848 0.119405 3.162122
v -1.885247 0.000000 3.032788
v -1.885247 0.000000 2.868853
v -1.885247 0.000000 2.704919
v -1.885247 0.000000 2.540984
v -1.885247 0.000000 2.377050
v -1.885247 0.000000 0.081967
v -1.885247 -0.000000 -0.081967
v -1.885247 -0.000000 -0.245901
v -1.885247 -0.000000 -0.409836
v -1.885247 -0.000000 -0.573770
v -1.885247 -0.000000 -0.737705
v -1.885247 -0.000000 -0.901639
v -1.885247 -0.000000 -1.065574
v -1.885247 -0.000000 -1.229508
v -1.885247 -0.000000 -1.393443
v -1.885247 -0.000000 -1.557377
v -1.885247 -0.000000 -1.721311
v -1.885247 -0.000000 -1.885246
v -1.868077 0.021944 -2.058768
v -1.830303 0.070223 -2.243796
v -1.801402 0.107161 -2.423869
v -1.800948 0.107741 -2.588057
v -1.829247 0.071573 -2.736189
v -1.867149 0.023130 -2.878958
v -1.885247 -0.000000 -3.032787
v -1.885247 -0.000000 -3.196722
v -1.880915 0.001481 -3.361179
v -1.834410 0.002396 -3.523722
v -1.757917 0.002145 -3.684547
v -1.663681 0.013756 -3.850224
v -1.584271 0.065655 -4.035316
v -1.542107 0.169514 -4.246156
v -1.572217 0.242720 -4.445494
v -1.667564 0.242253 -4.612939
v -1.774765 0.184229 -4.753939
v -1.844924 0.102874 -4.882583
v -1.721312 0.000000 4.836066
v -1.721312 0.000000 4.672132
v -1.722322 0.023939 4.496966
v -1.726519 0.123400 4.286368
v -1.727796 0.153684 4.108225
v -1.724152 0.067317 3.984812
v -1.721312 0.000000 3.852460
v -1.721312 0.000000 3.688526
v -1.711148 0.037460 3.513736
v -1.575255 0.538288 3.204678
v -1.650066 0.223658 3.136615
v -1.721312 0.000000 3.032788
v -1.721312 0.000000 2.868853
v -1.721312 0.000000 2.704919
v -1.721312 0.000000 2.540984
v -1.721312 0.000000 2.377050
v -1.721312 0.000000 0.737705
v -1.721312 0.000000 0.573771
v -1.721312 0.000000 0.409836
v -1.721312 0.000000 0.245902
v -1.721312 0.000000 0.081967
v -1.721312 -0.000000 -0.081967
v -1.711508 0.012531 -2.218590
v -1.699041 0.028465 -2.389486
v -1.456942 0.188596 -4.258158
v -1.511577 0.277436 -4.465764
v -1.598081 0.287054 -4.637579
v -1.676156 0.229123 -4.777483
v -1.715770 0.143212 -4.902802
v -1.557378 0.000000 4.836066
v -1.557378 0.000000 4.672132
v -1.557378 0.000001 4.508197
v -1.567317 0.044258 4.323183
v -1.569584 0.058338 4.152577
v -1.558305 0.006504 4.013318
v -1.557378 0.000000 3.852460
v -1.557378 0.000000 3.688526
v -1.557378 0.000000 3.524591
v -1.423875 0.240503 3.324120
v -1.558593 0.003269 3.195147
v -1.557378 0.000000 3.032788
v -1.557378 0.000000 2.868853
v -1.557378 0.000000 2.704919
v -1.557378 0.000000 2.540984
v -1.557378 0.000000 1.393443
v -1.557378 0.000000 1.229509
v -1.557378 0.000000 1.065574
v -1.557378 0.000000 0.901640
v -1.557378 0.000000 0.737705
v -1.557378 0.000000 0.573771
v -1.557378 0.000000 0.409836
v -1.557378 0.000000 0.245902
v -1.376048 0.192538 -4.263249
v -1.437799 0.299750 -4.479722
v -1.515062 0.343166 -4.666977
v -1.564538 0.302925 -4.814034
v -1.567109 0.217554 -4.938156
v -1.393443 0.000000 4.836066
v -1.393443 0.000000 4.672132
v -1.404588 0.019503 4.498643
v -1.437605 0.077283 4.306405
v -1.442085 0.085930 4.138252
v -1.411369 0.031371 4.001027
v -1.393443 0.000000 3.852460
v -1.393443 0.000000 3.688526
v -1.393648 0.028889 3.511077
v -1.439970 0.662393 3.049158
v -1.474671 0.314483 3.046520
v -1.394454 0.022487 3.022235
v -1.393443 0.000000 2.868853
v -1.393443 0.000000 2.704919
v -1.393443 0.000000 2.540984
v -1.393443 0.000000 1.557378
v -1.393443 0.000000 1.393443
v -1.393443 0.000000 1.229509
v -1.393443 0.000000 1.065574
v -1.393443 0.000000 0.901640
v -1.393443 0.000000 0.737705
v -1.393443 0.000000 0.573771
v -1.393443 0.000000 0.409836
v -1.289055 0.189901 -4.265026
v -1.339717 0.303048 -4.483840
v -1.388895 0.375903 -4.683760
v -1.409327 0.355143 -4.838788
v -1.405071 0.259969 -4.958060
v -1.229509 0.000000 4.836066
v -1.229509 0.000000 4.672132
v -1.243738 0.029620 4.493793
v -1.203657 0.125020 4.286826
v -1.156291 0.128677 4.123034
v -1.202859 0.059193 3.989763
v -1.229509 0.000000 3.852460
v -1.229509 0.000000 3.688526
v -1.168150 0.328159 3.373572
v -1.031557 0.907712 2.944030
v -1.247099 0.476968 2.973044
v -1.232463 0.065712 3.001951
v -1.229509 0.000000 2.868853
v -1.229509 0.000000 2.704919
v -1.229509 0.000000 2.540984
v -1.229509 0.000000 2.377050
v -1.229509 0.000000 2.213115
v -1.229509 0.000000 2.049181
v -1.229509 0.000000 1.885247
v -1.229509 0.000000 1.721312
v -1.229509 0.000000 1.557378
v -1.229509 0.000000 1.393443
v -1.229509 0.000000 1.229509
v -1.229509 0.000000 1.065574
v -1.229509 0.000000 0.901640
v -1.229509 0.000000 0.737705
v -1.229509 -0.000000 -1.721311
v -1.229509 -0.000000 -1.885246
v -1.169264 0.077073 -4.050070
v -1.190187 0.170199 -4.258361
v -1.222398 0.276107 -4.473068
v -1.243998 0.344819 -4.669971
v -1.244109 0.326413 -4.825305
v -1.240164 0.238228 -4.947857
v -1.065574 0.000000 4.836066
v -1.065574 0.000000 4.672132
v -1.033356 0.022193 4.499082
v -0.877838 0.102773 4.303558
v -0.808003 0.141003 4.124483
v -0.929925 0.074259 3.986984
v -1.059768 0.003179 3.851201
v -1.065574 0.000000 3.688526
v -1.064476 0.014036 3.518072
v -0.879841 0.587598 3.093211
v -1.006496 0.259619 3.077657
v -1.065941 0.008151 3.028963
v -1.065574 0.000000 2.868853
v -1.065574 0.000000 2.704919
v -1.065574 0.000000 2.540984
v -1.065574 0.000000 2.377050
v -1.065574 0.000000 2.213115
v -1.065574 0.000000 2.049181
v -1.065574 0.000000 1.885247
v -1.065574 0.000000 1.721312
v -1.065574 0.000000 1.557378
v -1.065574 0.000000 1.393443
v -1.065574 0.000000 1.229509
v -1.065574 0.000000 1.065574
v -1.065574 0.000000 0.901640
v -1.065574 0.000000 0.737705
v -1.065574 -0.000000 -1.557377
v -1.065574 -0.000000 -1.721311
v -1.065574 -0.000000 -1.885246
v -1.048729 0.044810 -4.036684
v -1.062948 0.117716 -4.235259
v -1.074111 0.198681 -4.437482
v -1.076551 0.245414 -4.623361
v -1.075922 0.231337 -4.780690
v -1.072895 0.163680 -4.912874
v -0.901640 0.000000 4.836066
v -0.901640 0.000000 4.672132
v -0.876750 0.013626 4.502801
v -0.740939 0.087972 4.309421
v -0.679636 0.121532 4.132195
v -0.787503 0.062482 3.991648
v -0.899109 0.001385 3.851911
v -0.901640 0.000000 3.688526
v -0.901640 0.000000 3.524591
v -0.901640 0.000000 3.360657
v -0.901640 0.000000 3.196722
v -0.901640 0.000000 3.032788
v -0.901640 0.000000 2.868853
v -0.901640 0.000000 2.704919
v -0.901640 0.000000 2.540984
v -0.901640 0.000000 2.377050
v -0.901640 0.000000 2.213115
v -0.901640 0.000000 2.049181
v -0.901640 0.000000 1.885247
v -0.901640 0.000000 1.721312
v -0.901640 0.000000 1.557378
v -0.901640 0.000000 1.393443
v -0.901640 0.000000 1.229509
v -0.901640 0.000000 1.065574
v -0.901640 0.000000 0.901640
v -0.901640 0.000000 0.737705
v -0.901640 0.000000 0.573771
v -0.901640 -0.000000 -1.557377
v -0.901640 -0.000000 -1.721311
v -0.901640 -0.000000 -1.885246
v -0.891084 0.008305 -3.855929
v -0.895775 0.007829 -4.019824
v -0.902468 0.043309 -4.200608
v -0.905837 0.093853 -4.388304
v -0.907167 0.123568 -4.566183
v -0.906765 0.114602 -4.725910
v -0.904865 0.072119 -4.869908
v -0.737705 0.000000 4.836066
v -0.737705 0.000000 4.672132
v -0.737705 0.000000 4.508197
v -0.700121 0.045745 4.324347
v -0.676422 0.036470 4.165676
v -0.720016 0.009684 4.012559
v -0.737705 0.000000 3.852460
v -0.737705 0.000000 3.688526
v -0.737705 0.000000 3.524591
v -0.737705 0.000000 3.360657
v -0.737705 0.000000 3.196722
v -0.737705 0.000000 3.032788
v -0.737705 0.000000 2.868853
v -0.737705 0.000000 2.704919
v -0.737705 0.000000 2.540984
v -0.737705 0.000000 2.377050
v -0.737705 0.000000 2.213115
v -0.737705 0.000000 2.049181
v -0.737705 0.000000 1.885247
v -0.737705 0.000000 1.721312
v -0.737705 0.000000 1.557378
v -0.737705 0.000000 1.393443
v -0.737705 0.000000 1.229509
v -0.737705 0.000000 1.065574
v -0.737705 0.000000 0.901640
v -0.737705 0.000000 0.737705
v -0.737705 0.000000 0.573771
v -0.737705 0.000000 0.409836
v -0.737705 0.000000 0.245902
v -0.737705 0.000000 0.081967
v -0.737705 -0.000000 -0.081967
v -0.737705 -0.000000 -1.557377
v -0.737705 -0.000000 -1.721311
v -0.737705 -0.000000 -1.885246
v -0.737705 -0.000000 -2.049180
v -0.736289 0.026313 -2.225361
v -0.729933 0.144423 -2.444265
v -0.722146 0.289105 -2.675536
v -0.723423 0.265375 -3.156296
v -0.731255 0.119844 -3.252498
v -0.736943 0.014150 -3.367242
v -0.737385 0.000252 -3.524696
v -0.736531 0.000923 -3.688911
v -0.736763 0.000741 -3.852769
v -0.737651 0.000043 -4.016411
v -0.736912 0.002310 -4.181376
v -0.735133 0.020533 -4.353761
v -0.736371 0.031335 -4.522795
v -0.738570 0.023655 -4.683224
v -0.738053 0.007778 -4.839715
v -0.573771 0.000000 4.836066
v -0.573771 0.000000 4.672132
v -0.567846 0.071268 4.475110
v -0.555667 0.217782 4.243155
v -0.566450 0.088060 4.139446
v -0.573771 0.000000 4.016395
v -0.573771 0.000000 3.852460
v -0.573771 0.000000 3.688526
v -0.573771 0.000000 3.524591
v -0.573771 0.000000 3.360657
v -0.573771 0.000000 3.196722
v -0.573771 0.000000 3.032788
v -0.573771 0.000000 2.868853
v -0.573771 0.000000 2.704919
v -0.573771 0.000000 2.540984
v -0.573771 0.000000 2.377050
v -0.573771 0.000000 2.213115
v -0.573771 0.000000 2.049181
v -0.573771 0.000000 1.885247
v -0.573771 0.000000 1.721312
v -0.573771 0.000000 1.557378
v -0.573771 0.000000 1.393443
v -0.573771 0.000000 1.229509
v -0.573771 0.000000 1.065574
v -0.573771 0.000000 0.901640
v -0.573771 0.000000 0.737705
v -0.573771 0.000000 0.573771
v -0.573771 0.000000 0.409836
v -0.573771 0.000000 0.245902
v -0.573771 0.000000 0.081967
v -0.573771 -0.000000 -0.081967
v -0.573771 -0.000000 -1.557377
v -0.573771 -0.000000 -1.721311
v -0.573771 -0.000000 -1.885246
v -0.573771 -0.000000 -2.049180
v -0.571708 0.038325 -2.230952
v -0.564413 0.173870 -2.457970
v -0.555721 0.335395 -2.697080
v -0.549771 0.445939 -2.912463
v -0.550427 0.433751 -3.070725
v -0.557151 0.308822 -3.176516
v -0.565898 0.146287 -3.264805
v -0.572527 0.023106 -3.371410
v -0.573771 -0.000000 -3.524590
v -0.573771 -0.000000 -3.688525
v -0.573771 -0.000000 -3.852459
v -0.566499 0.011969 -4.021705
v -0.551720 0.036297 -4.196435
v -0.541648 0.052878 -4.367727
v -0.543060 0.050555 -4.530631
v -0.555039 0.030835 -4.685814
v -0.569318 0.007330 -4.839318
v -0.409836 0.000000 4.836066
v -0.409836 0.000000 4.672132
v -0.400583 0.111317 4.456517
v -0.384943 0.299459 4.205235
v -0.398780 0.132999 4.118582
v -0.409836 0.000000 4.016395
v -0.409836 0.000000 3.852460
v -0.409836 0.000000 3.688526
v -0.409836 0.000000 3.524591
v -0.409836 0.000000 3.360657
v -0.409836 0.000000 3.196722
v -0.409836 0.000000 3.032788
v -0.409836 0.000000 2.868853
v -0.409836 0.000000 2.704919
v -0.409836 0.000000 2.540984
v -0.409836 0.000000 2.377050
v -0.409836 0.000000 2.213115
v -0.409836 0.000000 2.049181
v -0.409836 0.000000 1.885247
v -0.409836 0.000000 1.721312
v -0.409836 0.000000 1.557378
v -0.409836 0.000000 1.393443
v -0.409836 0.000000 1.229509
v -0.409836 0.000000 1.065574
v -0.409836 0.000000 0.901640
v -0.409836 0.000000 0.737705
v -0.409836 0.000000 0.573771
v -0.409836 0.000000 0.409836
v -0.409836 0.000000 0.245902
v -0.409836 0.000000 0.081967
v -0.409836 -0.000000 -1.557377
v -0.409836 -0.000000 -1.721311
v -0.409836 -0.000000 -1.885246
v -0.409836 -0.000000 -2.049180
v -0.408505 0.024738 -2.224628
v -0.402283 0.140345 -2.442367
v -0.394622 0.282693 -2.672552
v -0.389526 0.377383 -2.880556
v -0.390066 0.367355 -3.039824
v -0.395879 0.259346 -3.153490
v -0.403583 0.116194 -3.250800
v -0.409135 0.013018 -3.366715
v -0.409836 -0.000000 -3.524590
v -0.409836 -0.000000 -3.688525
v -0.403899 0.009773 -3.856797
v -0.379416 0.050076 -4.038615
v -0.351083 0.096716 -4.223246
v -0.333620 0.125463 -4.399937
v -0.336028 0.121499 -4.562112
v -0.357040 0.086910 -4.710698
v -0.385902 0.039399 -4.853549
v -0.245902 0.000000 4.836066
v -0.245902 0.000000 4.672132
v -0.245569 0.004004 4.506338
v -0.241095 0.057823 4.317418
v -0.245222 0.008174 4.176534
v -0.245902 0.000000 4.016395
v -0.245902 0.000000 3.852460
v -0.245902 0.000000 3.688526
v -0.245902 0.000000 3.524591
v -0.245902 0.000000 3.360657
v -0.245902 0.000000 3.196722
v -0.245902 0.000000 3.032788
v -0.245902 0.000000 2.868853
v -0.245902 0.000000 2.704919
v -0.245902 0.000000 2.540984
v -0.245902 0.000000 2.377050
v -0.245902 0.000000 2.213115
v -0.245902 0.000000 2.049181
v -0.245902 0.000000 1.885247
v -0.245902 0.000000 1.721312
v -0.245902 0.000000 1.557378
v -0.245902 0.000000 1.393443
v -0.245902 0.000000 1.229509
v -0.245902 0.000000 1.065574
v -0.245902 0.000000 0.901640
v -0.245902 0.000000 0.737705
v -0.245902 0.000000 0.573771
v -0.245902 0.000000 0.409836
v -0.245902 0.000000 0.245902
v -0.245902 0.000000 0.081967
v -0.245902 -0.000000 -0.081967
v -0.245902 -0.000000 -1.557377
v -0.245902 -0.000000 -1.721311
v -0.245902 -0.000000 -1.885246
v -0.245902 -0.000000 -2.049180
v -0.245770 0.002448 -2.214254
v -0.242327 0.066414 -2.407959
v -0.237094 0.163646 -2.617146
v -0.233561 0.229307 -2.811640
v -0.233930 0.222437 -2.972377
v -0.237970 0.147374 -3.101377
v -0.243161 0.050916 -3.220418
v -0.245898 0.000060 -3.360684
v -0.245901 -0.000000 -3.524590
v -0.245876 0.000042 -3.688544
v -0.228636 0.028422 -3.865072
v -0.191574 0.089432 -4.056079
v -0.152411 0.153899 -4.248621
v -0.128228 0.193707 -4.430220
v -0.131602 0.188154 -4.591691
v -0.160586 0.140442 -4.734453
v -0.200813 0.074223 -4.869002
v -0.081967 0.000000 4.836066
v -0.089627 0.007858 4.668159
v -0.122600 0.041683 4.487121
v -0.117307 0.036254 4.325932
v -0.084506 0.002604 4.179012
v -0.081967 0.000000 4.016395
v -0.081967 0.000000 3.852460
v -0.081967 0.000000 3.688526
v -0.081967 0.000000 3.524591
v -0.081967 0.000000 3.360657
v -0.081967 0.000000 3.196722
v -0.081967 0.000000 3.032788
v -0.081967 0.000000 2.868853
v -0.081967 0.000000 2.704919
v -0.081967 0.000000 2.540984
v -0.081967 0.000000 2.377050
v -0.081967 0.000000 2.213115
v -0.081967 0.000000 2.049181
v -0.081967 0.000000 1.885247
v -0.081967 0.000000 1.721312
v -0.081967 0.000000 1.557378
v -0.081967 0.000000 1.393443
v -0.081967 0.000000 1.229509
v -0.081967 0.000000 1.065574
v -0.081967 0.000000 0.901640
v -0.081967 0.000000 0.737705
v -0.081967 0.000000 0.573771
v -0.081967 0.000000 0.409836
v -0.081967 0.000000 0.245902
v -0.081967 0.000000 0.081967
v -0.081967 -0.000000 -0.081967
v -0.081967 -0.000000 -0.245901
v -0.081967 -0.000000 -1.229508
v -0.081967 -0.000000 -1.393443
v -0.081967 -0.000000 -1.557377
v -0.081967 -0.000000 -1.721311
v -0.081967 -0.000000 -1.885246
v -0.081967 -0.000000 -2.049180
v -0.081967 -0.000000 -2.213115
v -0.081658 0.005737 -2.379719
v -0.079549 0.044935 -2.561897
v -0.077764 0.078108 -2.741271
v -0.077957 0.074515 -2.903533
v -0.079962 0.037260 -3.050128
v -0.081855 0.002082 -3.197690
v -0.081967 -0.000000 -3.360656
v -0.081967 -0.000000 -3.524590
v -0.081338 0.001036 -3.688984
v -0.058536 0.038571 -3.869576
v -0.016005 0.108584 -4.064578
v 0.028372 0.181635 -4.260929
v 0.056712 0.228287 -4.445565
v 0.052608 0.221531 -4.606502
v 0.019054 0.166296 -4.745925
v -0.026474 0.091351 -4.876602
v 0.081967 0.000000 4.836066
v 0.039375 0.044367 4.649724
v -0.029750 0.125100 4.445341
v -0.020647 0.105550 4.290904
v 0.054337 0.028345 4.165997
v 0.081967 0.000000 4.016395
v 0.081967 0.000000 3.852460
v 0.081967 0.000000 3.688526
v 0.081967 0.000000 3.524591
v 0.081967 0.000000 3.360657
v 0.081967 0.000000 3.196722
v 0.081967 0.000000 3.032788
v 0.081967 0.000000 2.868853
v 0.081967 0.000000 2.704919
v 0.081967 0.000000 2.540984
v 0.081967 0.000000 2.377050
v 0.081967 0.000000 2.213115
v 0.081967 0.000000 2.049181
v 0.081967 0.000000 1.885247
v 0.081967 0.000000 1.721312
v 0.081967 0.000000 1.557378
v 0.081967 0.000000 1.393443
v 0.081967 0.000000 1.229509
v 0.081967 0.000000 1.065574
v 0.081967 0.000000 0.901640
v 0.081967 0.000000 0.737705
v 0.081967 0.000000 0.573771
v 0.081967 0.000000 0.409836
v 0.081967 0.000000 0.245902
v 0.081967 0.000000 0.081967
v 0.081967 -0.000000 -0.081967
v 0.081967 -0.000000 -0.245901
v 0.081967 -0.000000 -0.409836
v 0.081967 -0.000000 -0.573770
v 0.081967 -0.000000 -0.737705
v 0.081967 -0.000000 -0.901639
v 0.081967 -0.000000 -1.065574
v 0.081967 -0.000000 -1.229508
v 0.081967 -0.000000 -1.393443
v 0.081967 -0.000000 -1.557377
v 0.081967 -0.000000 -1.721311
v 0.081967 -0.000000 -1.885246
v 0.081967 -0.000000 -2.049180
v 0.081967 -0.000000 -2.213115
v 0.081967 -0.000000 -2.377049
v 0.081967 -0.000000 -2.540984
v 0.082006 0.000718 -2.705252
v 0.081991 0.000434 -2.869055
v 0.081967 -0.000000 -3.032787
v 0.081947 0.001843 -3.197584
v 0.081811 0.013970 -3.367193
v 0.084098 0.020159 -3.533932
v 0.084462 0.010924 -3.693535
v 0.103066 0.033629 -3.867356
v 0.141079 0.097306 -4.059573
v 0.182364 0.165268 -4.253666
v 0.208086 0.207611 -4.436390
v 0.204468 0.201654 -4.597682
v 0.173732 0.151059 -4.739164
v 0.131329 0.081257 -4.872123
v 0.246454 0.000833 4.835698
v 0.237497 0.091701 4.628931
v 0.219897 0.169623 4.427879
v 0.198289 0.125970 4.283508
v 0.221152 0.025753 4.167321
v 0.245901 0.000000 4.016395
v 0.245901 0.000000 3.852460
v 0.245902 0.000000 3.688526
v 0.245902 0.000000 3.524591
v 0.245902 0.000000 3.360657
v 0.245902 0.000000 3.196722
v 0.245902 0.000000 3.032788
v 0.245902 0.000000 2.868853
v 0.245902 0.000000 2.704919
v 0.245902 0.000000 2.540984
v 0.245902 0.000000 2.377050
v 0.245902 0.000000 2.213115
v 0.245902 0.000000 2.049181
v 0.245902 0.000000 1.885247
v 0.245902 0.000000 1.721312
v 0.245902 0.000000 1.557378
v 0.245902 0.000000 1.393443
v 0.245902 0.000000 1.229509
v 0.245902 0.000000 1.065574
v 0.245902 0.000000 0.901640
v 0.245902 0.000000 0.737705
v 0.245902 0.000000 0.573771
v 0.245902 0.000000 0.409836
v 0.245902 0.000000 0.245902
v 0.245902 0.000000 0.081967
v 0.245902 -0.000000 -0.081967
v 0.245902 -0.000000 -0.245901
v 0.245902 -0.000000 -0.409836
v 0.245902 -0.000000 -0.573770
v 0.245902 -0.000000 -0.737705
v 0.245902 -0.000000 -0.901639
v 0.245902 -0.000000 -1.065574
v 0.245902 -0.000000 -1.229508
v 0.245902 -0.000000 -1.393443
v 0.245902 -0.000000 -1.557377
v 0.245902 -0.000000 -1.721311
v 0.245902 -0.000000 -1.885246
v 0.245902 -0.000000 -2.049180
v 0.245902 -0.000000 -2.213115
v 0.245902 -0.000000 -2.377049
v 0.245902 -0.000000 -2.540984
v 0.245902 -0.000000 -2.704918
v 0.245902 -0.000000 -2.868853
v 0.245789 0.010091 -3.037509
v 0.250112 0.061025 -3.225087
v 0.279091 0.130801 -3.420509
v 0.297630 0.158270 -3.596561
v 0.289616 0.122143 -3.743919
v 0.282097 0.073465 -3.885390
v 0.291608 0.069061 -4.046893
v 0.314969 0.113695 -4.230780
v 0.334352 0.145601 -4.408873
v 0.331677 0.141199 -4.570854
v 0.308353 0.102803 -4.717750
v 0.276000 0.049546 -4.858051
v 0.416129 0.009484 4.831878
v 0.470444 0.091856 4.631558
v 0.506962 0.146925 4.443306
v 0.463779 0.089762 4.304408
v 0.413992 0.007217 4.177117
v 0.409836 0.000000 4.016395
v 0.409836 0.000000 3.852460
v 0.409836 0.000000 3.688526
v 0.409836 0.000000 3.524591
v 0.409836 0.000000 3.360657
v 0.409836 0.000000 3.196722
v 0.409836 0.000000 3.032788
v 0.409836 0.000000 2.868853
v 0.409836 0.000000 2.704919
v 0.409836 0.000000 2.540984
v 0.409836 0.000000 2.377050
v 0.409836 0.000000 2.213115
v 0.409836 0.000000 2.049181
v 0.409836 0.000000 1.885247
v 0.409836 0.000000 1.721312
v 0.409836 0.000000 1.557378
v 0.409836 0.000000 1.393443
v 0.409836 0.000000 1.229509
v 0.409836 0.000000 1.065574
v 0.409836 0.000000 0.901640
v 0.409836 0.000000 0.737705
v 0.409836 0.000000 0.573771
v 0.409836 0.000000 0.409836
v 0.409836 0.000000 0.245902
v 0.409836 0.000000 0.081967
v 0.409836 -0.000000 -0.081967
v 0.409836 -0.000000 -0.245901
v 0.409836 -0.000000 -0.409836
v 0.409836 -0.000000 -0.573770
v 0.409836 -0.000000 -0.737705
v 0.409836 -0.000000 -0.901639
v 0.409836 -0.000000 -1.065574
v 0.409836 -0.000000 -1.229508
v 0.409836 -0.000000 -1.393443
v 0.409836 -0.000000 -1.557377
v 0.409836 -0.000000 -1.721311
v 0.409836 -0.000000 -1.885246
v 0.409836 -0.000000 -2.049180
v 0.409836 -0.000000 -2.213115
v 0.409836 -0.000000 -2.377049
v 0.409836 -0.000000 -2.540984
v 0.409836 -0.000000 -2.704918
v 0.409817 0.001686 -2.869642
v 0.409865 0.057118 -3.059489
v 0.457410 0.188893 -3.283171
v 0.523889 0.320719 -3.506136
v 0.545892 0.358872 -3.687047
v 0.521670 0.290367 -3.819901
v 0.477213 0.165363 -3.927134
v 0.447283 0.067332 -4.046408
v 0.442076 0.052210 -4.203475
v 0.453141 0.071287 -4.375896
v 0.451459 0.068517 -4.538601
v 0.436979 0.044680 -4.691958
v 0.418543 0.014333 -4.842425
v 0.574808 0.001564 4.835375
v 0.610286 0.055032 4.647832
v 0.635479 0.092999 4.467133
v 0.607775 0.051246 4.321635
v 0.574194 0.000639 4.180047
v 0.573770 0.000000 4.016395
v 0.573770 0.000000 3.852460
v 0.573770 0.000000 3.688526
v 0.573770 0.000000 3.524591
v 0.573770 0.000000 3.360657
v 0.573770 0.000000 3.196722
v 0.573770 0.000000 3.032788
v 0.573770 0.000000 2.868853
v 0.573770 0.000000 2.704919
v 0.573770 0.000000 2.540984
v 0.573770 0.000000 2.377050
v 0.573770 0.000000 2.213115
v 0.573770 0.000000 2.049181
v 0.573770 0.000000 1.885247
v 0.573770 0.000000 1.721312
v 0.573770 0.000000 1.557378
v 0.573770 0.000000 1.393443
v 0.573770 0.000000 1.229509
v 0.573770 0.000000 1.065574
v 0.573770 0.000000 0.901640
v 0.573770 0.000000 0.737705
v 0.573770 0.000000 0.573771
v 0.573770 0.000000 0.409836
v 0.573770 0.000000 0.245902
v 0.573770 0.000000 0.081967
v 0.573770 -0.000000 -0.081967
v 0.573770 -0.000000 -0.245901
v 0.573770 -0.000000 -0.409836
v 0.573770 -0.000000 -0.573770
v 0.573770 -0.000000 -0.737705
v 0.573770 -0.000000 -0.901639
v 0.573770 -0.000000 -1.065574
v 0.573770 -0.000000 -1.229508
v 0.573770 -0.000000 -1.393443
v 0.573770 -0.000000 -1.557377
v 0.573770 -0.000000 -1.721311
v 0.573770 -0.000000 -1.885246
v 0.573770 -0.000000 -2.049180
v 0.573770 -0.000000 -2.213115
v 0.573770 -0.000000 -2.377049
v 0.573770 -0.000000 -2.540984
v 0.573770 -0.000000 -2.704918
v 0.573621 0.013297 -2.875075
v 0.583575 0.110310 -3.083975
v 0.669452 0.304571 -3.335371
v 0.750690 0.473300 -3.575011
v 0.761327 0.509470 -3.755439
v 0.726875 0.415779 -3.876920
v 0.669796 0.250476 -3.965805
v 0.610727 0.086516 -4.055396
v 0.581003 0.009469 -4.184472
v 0.582332 0.014093 -4.350516
v 0.581653 0.012976 -4.513955
v 0.576532 0.004546 -4.674148
v 0.573771 -0.000000 -4.836065
v 0.737705 0.000000 4.836066
v 0.738837 0.001707 4.671378
v 0.744482 0.010213 4.503687
v 0.738479 0.001167 4.343748
v 0.737705 0.000000 4.180329
v 0.737705 0.000000 4.016395
v 0.737705 0.000000 3.852460
v 0.737705 0.000000 3.688526
v 0.737705 0.000000 3.524591
v 0.737705 0.000000 3.360657
v 0.737705 0.000000 3.196722
v 0.737705 0.000000 3.032788
v 0.737705 0.000000 2.868853
v 0.737705 0.000000 2.704919
v 0.737705 0.000000 2.540984
v 0.737705 0.000000 2.377050
v 0.737705 0.000000 2.213115
v 0.737705 0.000000 2.049181
v 0.737705 0.000000 1.885247
v 0.737705 0.000000 1.721312
v 0.737705 0.000000 1.557378
v 0.737705 0.000000 1.393443
v 0.737705 0.000000 1.229509
v 0.737705 0.000000 1.065574
v 0.737705 0.000000 0.901640
v 0.737705 0.000000 0.737705
v 0.737705 0.000000 0.573771
v 0.737705 0.000000 0.409836
v 0.737705 0.000000 0.245902
v 0.737705 0.000000 0.081967
v 0.737705 -0.000000 -0.081967
v 0.737705 -0.000000 -0.245901
v 0.737705 -0.000000 -0.409836
v 0.737705 -0.000000 -0.573770
v 0.737705 -0.000000 -0.737705
v 0.737705 -0.000000 -0.901639
v 0.737705 -0.000000 -1.065574
v 0.737705 -0.000000 -1.229508
v 0.737705 -0.000000 -1.393443
v 0.737705 -0.000000 -1.557377
v 0.737705 -0.000000 -1.721311
v 0.737705 -0.000000 -1.885246
v 0.737705 -0.000000 -2.049180
v 0.737705 -0.000000 -2.213115
v 0.737705 -0.000000 -2.377049
v 0.737705 -0.000000 -2.540984
v 0.737705 -0.000000 -2.704918
v 0.737512 0.017218 -2.876910
v 0.748982 0.123001 -3.089851
v 0.838170 0.327381 -3.345847
v 0.916296 0.500497 -3.587661
v 0.921064 0.534703 -3.767401
v 0.887824 0.436280 -3.886621
v 0.832948 0.265545 -3.972880
v 0.774061 0.094102 -4.058966
v 0.740486 0.003158 -4.181695
v 0.737705 -0.000000 -4.344262
v 0.737705 -0.000000 -4.508197
v 0.737705 -0.000000 -4.672131
v 0.737705 -0.000000 -4.836065
v 0.901639 0.000000 4.836066
v 0.901639 0.000000 4.672132
v 0.901639 0.000000 4.508197
v 0.901639 0.000000 4.344263
v 0.901639 0.000000 4.180329
v 0.901639 0.000000 4.016395
v 0.901639 0.000000 3.852460
v 0.901639 0.000000 3.688526
v 0.901639 0.000000 3.524591
v 0.901639 0.000000 3.360657
v 0.901639 0.000000 3.196722
v 0.901639 0.000000 3.032788
v 0.901639 0.000000 2.868853
v 0.901639 0.000000 2.704919
v 0.901639 0.000000 2.540984
v 0.901639 0.000000 2.377050
v 0.901639 0.000000 2.213115
v 0.901639 0.000000 2.049181
v 0.901639 0.000000 1.885247
v 0.901639 0.000000 1.721312
v 0.901639 0.000000 1.557378
v 0.901639 0.000000 1.393443
v 0.901639 0.000000 1.229509
v 0.901639 0.000000 1.065574
v 0.901639 0.000000 0.901640
v 0.901639 0.000000 0.737705
v 0.901639 0.000000 0.573771
v 0.901639 0.000000 0.409836
v 0.901639 0.000000 0.245902
v 0.901639 0.000000 0.081967
v 0.901639 -0.000000 -0.081967
v 0.901639 -0.000000 -0.245901
v 0.901639 -0.000000 -0.409836
v 0.901639 -0.000000 -0.573770
v 0.901639 -0.000000 -0.737705
v 0.901639 -0.000000 -0.901639
v 0.901639 -0.000000 -1.065574
v 0.901639 -0.000000 -1.229508
v 0.901639 -0.000000 -1.393443
v 0.901639 -0.000000 -1.557377
v 0.901639 -0.000000 -1.721311
v 0.901639 -0.000000 -1.885246
v 0.901639 -0.000000 -2.049180
v 0.901639 -0.000000 -2.213115
v 0.901639 -0.000000 -2.377049
v 0.901639 -0.000000 -2.540984
v 0.901639 -0.000000 -2.704918
v 0.901553 0.007709 -2.872460
v 0.902533 0.084675 -3.072339
v 0.959057 0.242798 -3.307987
v 1.025218 0.388938 -3.537657
v 1.039518 0.424829 -3.717811
v 1.012973 0.344916 -3.845423
v 0.966072 0.199298 -3.943114
v 0.921151 0.059204 -4.043309
v 0.901713 0.000060 -4.180353
v 0.901640 -0.000000 -4.344262
v 0.901640 -0.000000 -4.508197
v 0.901640 -0.000000 -4.672131
v 0.901640 -0.000000 -4.836065
v 1.065574 0.000000 4.836066
v 1.065574 0.000000 4.672132
v 1.065574 0.000000 4.508197
v 1.078779 0.040090 4.326037
v 1.091401 0.078406 4.144683
v 1.078956 0.040625 3.997925
v 1.065574 0.000000 3.852460
v 1.065574 0.000000 3.688526
v 1.065574 0.000000 3.524591
v 1.065574 0.000000 3.360657
v 1.065574 0.000000 3.196722
v 1.065574 0.000000 3.032788
v 1.065574 0.000000 2.868853
v 1.065574 0.000000 2.704919
v 1.065574 0.000000 2.540984
v 1.065574 0.000000 2.377050
v 1.065574 0.000000 2.213115
v 1.065574 0.000000 2.049181
v 1.065574 0.000000 1.885247
v 1.065574 0.000000 1.721312
v 1.065574 0.000000 1.557378
v 1.065574 0.000000 1.393443
v 1.065574 0.000000 1.229509
v 1.065574 0.000000 1.065574
v 1.065574 0.000000 0.901640
v 1.065574 0.000000 0.737705
v 1.065574 0.000000 0.573771
v 1.065574 0.000000 0.409836
v 1.065574 0.000000 0.245902
v 1.065574 0.000000 0.081967
v 1.065574 -0.000000 -0.081967
v 1.065574 -0.000000 -0.245901
v 1.065574 -0.000000 -0.409836
v 1.065574 -0.000000 -0.573770
v 1.065574 -0.000000 -0.737705
v 1.065574 -0.000000 -0.901639
v 1.065574 -0.000000 -1.065574
v 1.065574 -0.000000 -1.229508
v 1.065574 -0.000000 -1.393443
v 1.065574 -0.000000 -1.557377
v 1.065574 -0.000000 -1.721311
v 1.065574 -0.000000 -1.885246
v 1.065574 -0.000000 -2.049180
v 1.065574 -0.000000 -2.213115
v 1.065574 -0.000000 -2.377049
v 1.065574 -0.000000 -2.540984
v 1.065574 -0.000000 -2.704918
v 1.065574 -0.000000 -2.868853
v 1.065209 0.032581 -3.048033
v 1.073411 0.112270 -3.248903
v 1.108124 0.203954 -3.454343
v 1.124814 0.234130 -3.631733
v 1.112517 0.184151 -3.772782
v 1.086462 0.089754 -3.893604
v 1.067493 0.012187 -4.022016
v 1.065574 -0.000000 -4.180328
v 1.065574 -0.000000 -4.344262
v 1.065574 -0.000000 -4.508197
v 1.065574 -0.000000 -4.672131
v 1.065574 -0.000000 -4.836065
v 1.229508 0.000000 4.836066
v 1.229508 0.000000 4.672132
v 1.234126 0.014018 4.501824
v 1.271453 0.127336 4.286372
v 1.296551 0.203531 4.087797
v 1.271809 0.128418 3.958012
v 1.234326 0.014627 3.845810
v 1.229508 0.000000 3.688526
v 1.229508 0.000000 3.524591
v 1.229508 0.000000 3.360657
v 1.229508 0.000000 3.196722
v 1.229508 0.000000 3.032788
v 1.229508 0.000000 2.868853
v 1.229508 0.000000 2.704919
v 1.229508 0.000000 2.540984
v 1.229508 0.000000 2.377050
v 1.229508 0.000000 2.213115
v 1.229508 0.000000 2.049181
v 1.229508 0.000000 1.885247
v 1.229508 0.000000 1.721312
v 1.229508 0.000000 1.557378
v 1.229508 0.000000 1.393443
v 1.229508 0.000000 1.229509
v 1.229508 0.000000 1.065574
v 1.229508 0.000000 0.901640
v 1.229508 0.000000 0.737705
v 1.229508 0.000000 0.573771
v 1.229508 0.000000 0.409836
v 1.229508 0.000000 0.245902
v 1.229508 0.000000 0.081967
v 1.229508 -0.000000 -0.081967
v 1.229508 -0.000000 -0.245901
v 1.229508 -0.000000 -0.409836
v 1.229508 -0.000000 -0.573770
v 1.229508 -0.000000 -0.737705
v 1.229508 -0.000000 -0.901639
v 1.229508 -0.000000 -1.065574
v 1.229508 -0.000000 -1.229508
v 1.229508 -0.000000 -1.393443
v 1.229508 -0.000000 -1.557377
v 1.229508 -0.000000 -1.721311
v 1.229508 -0.000000 -1.885246
v 1.229508 -0.000000 -2.049180
v 1.229508 -0.000000 -2.213115
v 1.229508 -0.000000 -2.377049
v 1.229508 -0.000000 -2.540984
v 1.229508 -0.000000 -2.704918
v 1.229508 -0.000000 -2.868853
v 1.229504 0.000365 -3.032958
v 1.229245 0.023499 -3.207718
v 1.229059 0.053850 -3.385849
v 1.232238 0.065041 -3.554892
v 1.231382 0.043942 -3.708995
v 1.229393 0.010325 -3.857291
v 1.229508 -0.000000 -4.016394
v 1.229508 -0.000000 -4.180328
v 1.229508 -0.000000 -4.344262
v 1.229508 -0.000000 -4.508197
v 1.230508 0.000494 -4.672323
v 1.242910 0.006628 -4.838640
v 1.393443 0.000000 4.836066
v 1.393443 0.000000 4.672132
v 1.397620 0.012681 4.502432
v 1.433791 0.122489 4.288576
v 1.458128 0.196372 4.091052
v 1.434137 0.123542 3.960228
v 1.397810 0.013259 3.846432
v 1.393443 0.000000 3.688526
v 1.393443 0.000000 3.524591
v 1.393443 0.000000 3.360657
v 1.393443 0.000000 3.196722
v 1.393443 0.000000 3.032788
v 1.393443 0.000000 2.868853
v 1.393443 0.000000 2.704919
v 1.393443 0.000000 2.540984
v 1.393443 0.000000 2.377050
v 1.393443 0.000000 2.213115
v 1.393443 0.000000 2.049181
v 1.393443 0.000000 1.885247
v 1.393443 0.000000 1.721312
v 1.393443 0.000000 1.557378
v 1.393443 0.000000 1.393443
v 1.393443 0.000000 1.229509
v 1.393443 0.000000 1.065574
v 1.393443 0.000000 0.901640
v 1.393443 0.000000 0.737705
v 1.393443 0.000000 0.573771
v 1.393443 0.000000 0.409836
v 1.393443 0.000000 0.245902
v 1.393443 0.000000 0.081967
v 1.393443 -0.000000 -0.081967
v 1.393443 -0.000000 -0.245901
v 1.393443 -0.000000 -0.409836
v 1.393443 -0.000000 -0.573770
v 1.393443 -0.000000 -0.737705
v 1.393443 -0.000000 -0.901639
v 1.393443 -0.000000 -1.065574
v 1.393443 -0.000000 -1.229508
v 1.393443 -0.000000 -1.393443
v 1.393443 -0.000000 -1.557377
v 1.393443 -0.000000 -1.721311
v 1.393443 -0.000000 -1.885246
v 1.393443 -0.000000 -2.049180
v 1.393443 -0.000000 -2.213115
v 1.393443 -0.000000 -2.377049
v 1.393443 -0.000000 -2.540984
v 1.394017 0.020047 -2.714268
v 1.395929 0.086706 -2.909292
v 1.395505 0.071895 -3.066319
v 1.393580 0.004782 -3.198952
v 1.393441 0.000091 -3.360699
v 1.393435 0.000667 -3.524903
v 1.393443 -0.000000 -3.688525
v 1.393443 -0.000000 -3.852459
v 1.393443 -0.000000 -4.016394
v 1.393443 -0.000000 -4.180328
v 1.393443 -0.000000 -4.344262
v 1.400001 0.003244 -4.509457
v 1.442163 0.024096 -4.681491
v 1.490223 0.047866 -4.854658
v 1.557377 0.000000 4.836066
v 1.557377 0.000000 4.672132
v 1.557377 0.000000 4.508197
v 1.568304 0.033171 4.329182
v 1.579803 0.068082 4.149377
v 1.568462 0.033653 4.001095
v 1.557377 0.000000 3.852460
v 1.557377 0.000000 3.688526
v 1.557377 0.000000 3.524591
v 1.557377 0.000000 3.360657
v 1.557377 0.000000 3.196722
v 1.557377 0.000000 3.032788
v 1.557377 0.000000 2.868853
v 1.557377 0.000000 2.704919
v 1.557377 0.000000 2.540984
v 1.557377 0.000000 2.377050
v 1.557377 0.000000 2.213115
v 1.557377 0.000000 2.049181
v 1.557377 0.000000 1.885247
v 1.557377 0.000000 1.721312
v 1.557377 0.000000 1.557378
v 1.557377 0.000000 1.393443
v 1.557377 0.000000 1.229509
v 1.557377 0.000000 1.065574
v 1.557377 0.000000 0.901640
v 1.557377 0.000000 0.737705
v 1.557377 0.000000 0.573771
v 1.557377 0.000000 0.409836
v 1.557377 0.000000 0.245902
v 1.557377 0.000000 0.081967
v 1.557377 -0.000000 -0.081967
v 1.557377 -0.000000 -0.245901
v 1.557377 -0.000000 -0.409836
v 1.557377 -0.000000 -0.573770
v 1.557377 -0.000000 -0.737705
v 1.557377 -0.000000 -0.901639
v 1.557377 -0.000000 -1.065574
v 1.557377 -0.000000 -1.229508
v 1.557377 -0.000000 -1.393443
v 1.557377 -0.000000 -1.557377
v 1.557377 -0.000000 -1.721311
v 1.557377 -0.000000 -1.885246
v 1.557377 -0.000000 -2.049180
v 1.557377 -0.000000 -2.213115
v 1.557377 -0.000000 -2.377049
v 1.557377 0.000004 -2.540986
v 1.560413 0.105858 -2.754290
v 1.564572 0.250853 -2.985849
v 1.563690 0.220102 -3.135441
v 1.559115 0.060586 -3.224978
v 1.557377 -0.000000 -3.360656
v 1.557241 0.000911 -3.525022
v 1.557259 0.000789 -3.688899
v 1.557377 -0.000000 -3.852459
v 1.557377 -0.000000 -4.016394
v 1.557377 -0.000000 -4.180328
v 1.558108 0.000361 -4.344402
v 1.605023 0.023565 -4.517350
v 1.691508 0.066339 -4.697899
v 1.772472 0.106382 -4.877388
v 1.721311 0.000000 4.836066
v 1.721311 0.000000 4.672132
v 1.721311 0.000000 4.508197
v 1.721311 0.000000 4.344263
v 1.721311 0.000000 4.180329
v 1.721311 0.000000 4.016395
v 1.721311 0.000000 3.852460
v 1.721311 0.000000 3.688526
v 1.721311 0.000000 3.524591
v 1.721311 0.000000 3.360657
v 1.721311 0.000000 3.196722
v 1.721311 0.000000 3.032788
v 1.721311 0.000000 2.868853
v 1.721311 0.000000 2.704919
v 1.721311 0.000000 2.540984
v 1.721311 0.000000 2.377050
v 1.721311 0.000000 2.213115
v 1.721311 0.000000 2.049181
v 1.721311 0.000000 1.885247
v 1.721311 0.000000 1.721312
v 1.721311 0.000000 1.557378
v 1.721311 0.000000 1.393443
v 1.721311 0.000000 1.229509
v 1.721311 0.000000 1.065574
v 1.721311 0.000000 0.901640
v 1.721311 0.000000 0.737705
v 1.721311 0.000000 0.573771
v 1.721311 0.000000 0.409836
v 1.721311 0.000000 0.245902
v 1.721311 0.000000 0.081967
v 1.721311 -0.000000 -0.081967
v 1.721311 -0.000000 -0.245901
v 1.721311 -0.000000 -0.409836
v 1.721311 -0.000000 -0.573770
v 1.721311 -0.000000 -0.737705
v 1.721311 -0.000000 -0.901639
v 1.721311 -0.000000 -1.065574
v 1.721311 -0.000000 -1.229508
v 1.721311 -0.000000 -1.393443
v 1.721311 -0.000000 -1.557377
v 1.721311 -0.000000 -1.721311
v 1.721311 -0.000000 -1.885246
v 1.721311 -0.000000 -2.049180
v 1.721311 -0.000000 -2.213115
v 1.721311 -0.000000 -2.377049
v 1.721312 0.000031 -2.540998
v 1.724425 0.108573 -2.755556
v 1.728651 0.255889 -2.988198
v 1.727753 0.224581 -3.137530
v 1.722290 0.065596 -3.227350
v 1.716796 0.030146 -3.374926
v 1.713692 0.050874 -3.548673
v 1.713845 0.049853 -3.712124
v 1.717136 0.027881 -3.865657
v 1.720763 0.003663 -4.018128
v 1.721312 -0.000000 -4.180328
v 1.733128 0.005844 -4.346532
v 1.814951 0.046313 -4.526186
v 1.933836 0.105111 -4.712959
v 2.041516 0.158368 -4.897580
v 1.885246 0.000000 4.836066
v 1.885246 0.000000 4.672132
v 1.886227 0.013909 4.501733
v 1.887036 0.025372 4.332471
v 1.885385 0.001970 4.179413
v 1.885246 0.000000 4.016395
v 1.885246 0.000000 3.852460
v 1.885246 0.000000 3.688526
v 1.885246 0.000000 3.524591
v 1.885246 0.000000 3.360657
v 1.885246 0.000000 3.196722
v 1.885246 0.000000 3.032788
v 1.885246 0.000000 2.868853
v 1.885246 0.000000 2.704919
v 1.885246 0.000000 2.540984
v 1.885246 0.000000 2.377050
v 1.885246 0.000000 2.213115
v 1.885246 0.000000 2.049181
v 1.885246 0.000000 1.885247
v 1.885246 0.000000 1.721312
v 1.885246 0.000000 1.557378
v 1.885246 0.000000 1.393443
v 1.885246 0.000000 1.229509
v 1.885246 0.000000 1.065574
v 1.885246 0.000000 0.901640
v 1.885246 0.000000 0.737705
v 1.885246 0.000000 0.573771
v 1.885246 0.000000 0.409836
v 1.885246 0.000000 0.245902
v 1.885246 0.000000 0.081967
v 1.885246 -0.000000 -0.081967
v 1.885246 -0.000000 -0.245901
v 1.885246 -0.000000 -0.409836
v 1.885246 -0.000000 -0.573770
v 1.885246 -0.000000 -0.737705
v 1.885246 -0.000000 -0.901639
v 1.885246 -0.000000 -1.065574
v 1.885246 -0.000000 -1.229508
v 1.885246 -0.000000 -1.393443
v 1.885246 -0.000000 -1.557377
v 1.885246 -0.000000 -1.721311
v 1.885246 -0.000000 -1.885246
v 1.885246 -0.000000 -2.049180
v 1.885246 -0.000000 -2.213115
v 1.885246 -0.000000 -2.377049
v 1.885246 -0.000000 -2.540984
v 1.885916 0.023367 -2.715816
v 1.887944 0.094053 -2.912718
v 1.886969 0.081765 -3.070946
v 1.878390 0.048275 -3.219559
v 1.869421 0.105656 -3.410671
v 1.863399 0.145864 -3.593639
v 1.863686 0.143951 -3.756667
v 1.870117 0.101013 -3.900276
v 1.879038 0.041452 -4.036016
v 1.884953 0.001961 -4.181256
v 1.904582 0.009563 -4.347977
v 2.000101 0.056805 -4.530262
v 2.132387 0.122232 -4.719610
v 2.252576 0.181676 -4.906633
v 2.049180 0.000000 4.836066
v 2.050513 0.018886 4.663354
v 2.057832 0.122642 4.451199
v 2.060431 0.159470 4.270149
v 2.054169 0.070713 4.147465
v 2.049180 0.000000 4.016395
v 2.049180 0.000000 3.852460
v 2.049180 0.000000 3.688526
v 2.049180 0.000000 3.524591
v 2.049180 0.000000 3.360657
v 2.049180 0.000000 3.196722
v 2.049180 0.000000 3.032788
v 2.049180 0.000000 2.868853
v 2.049180 0.000000 2.704919
v 2.049180 0.000000 2.540984
v 2.049180 0.000000 2.377050
v 2.049180 0.000000 2.213115
v 2.049180 0.000000 2.049181
v 2.049180 0.000000 1.885247
v 2.049180 0.000000 1.721312
v 2.049180 0.000000 1.557378
v 2.049180 0.000000 1.393443
v 2.049180 0.000000 1.229509
v 2.049180 0.000000 1.065574
v 2.049180 0.000000 0.901640
v 2.049180 0.000000 0.737705
v 2.049180 0.000000 0.573771
v 2.049180 0.000000 0.409836
v 2.049180 0.000000 0.245902
v 2.049180 0.000000 0.081967
v 2.049180 -0.000000 -0.081967
v 2.049180 -0.000000 -0.245901
v 2.049180 -0.000000 -0.409836
v 2.049180 -0.000000 -0.573770
v 2.049180 -0.000000 -0.737705
v 2.049180 -0.000000 -0.901639
v 2.049180 -0.000000 -1.065574
v 2.049180 -0.000000 -1.229508
v 2.049180 -0.000000 -1.393443
v 2.049180 -0.000000 -1.557377
v 2.049180 -0.000000 -1.721311
v 2.049180 -0.000000 -1.885246
v 2.049180 -0.000000 -2.049180
v 2.049180 -0.000000 -2.213115
v 2.049180 -0.000000 -2.377049
v 2.049180 -0.000000 -2.540984
v 2.049180 -0.000000 -2.704918
v 2.049180 -0.000000 -2.868853
v 2.045878 0.022046 -3.043223
v 2.034660 0.096949 -3.242615
v 2.021591 0.184204 -3.447853
v 2.012912 0.242150 -3.639218
v 2.013329 0.239368 -3.801835
v 2.022591 0.177530 -3.936497
v 2.035749 0.089673 -4.058842
v 2.046525 0.017733 -4.188722
v 2.062763 0.006718 -4.346871
v 2.148082 0.048916 -4.527197
v 2.270344 0.109384 -4.714619
v 2.381056 0.164140 -4.899822
v 2.213115 0.000000 4.836066
v 2.215918 0.039735 4.653665
v 2.225782 0.179557 4.424747
v 2.229330 0.229852 4.237438
v 2.220956 0.111143 4.128675
v 2.213285 0.002413 4.015273
v 2.213115 0.000000 3.852460
v 2.213115 0.000000 3.688526
v 2.213115 0.000000 3.524591
v 2.213115 0.000000 3.360657
v 2.213115 0.000000 3.196722
v 2.213115 0.000000 3.032788
v 2.213115 0.000000 2.868853
v 2.213115 0.000000 2.704919
v 2.213115 0.000000 2.540984
v 2.213115 0.000000 2.377050
v 2.213115 0.000000 2.213115
v 2.213115 0.000000 2.049181
v 2.213115 0.000000 1.885247
v 2.213115 0.000000 1.721312
v 2.213115 0.000000 1.557378
v 2.213115 0.000000 1.393443
v 2.213115 0.000000 1.229509
v 2.213115 0.000000 1.065574
v 2.213115 0.000000 0.901640
v 2.213115 0.000000 0.737705
v 2.213115 0.000000 0.573771
v 2.213115 0.000000 0.409836
v 2.213115 0.000000 0.245902
v 2.213115 0.000000 0.081967
v 2.213115 -0.000000 -0.081967
v 2.213115 -0.000000 -0.245901
v 2.213115 -0.000000 -0.409836
v 2.213115 -0.000000 -0.573770
v 2.213115 -0.000000 -0.737705
v 2.213115 -0.000000 -0.901639
v 2.213115 -0.000000 -1.065574
v 2.213115 -0.000000 -1.229508
v 2.213115 -0.000000 -1.393443
v 2.213115 -0.000000 -1.557377
v 2.213115 -0.000000 -1.721311
v 2.213115 -0.000000 -1.885246
v 2.213115 -0.000000 -2.049180
v 2.213115 -0.000000 -2.213115
v 2.213115 -0.000000 -2.377049
v 2.213115 -0.000000 -2.540984
v 2.213115 -0.000000 -2.704918
v 2.213115 -0.000000 -2.868853
v 2.207876 0.034977 -3.049344
v 2.194390 0.125020 -3.255903
v 2.179165 0.226673 -3.467957
v 2.168753 0.296191 -3.664799
v 2.169275 0.292707 -3.827085
v 2.180335 0.218858 -3.956061
v 2.195665 0.116505 -4.071544
v 2.208713 0.029392 -4.194241
v 2.214907 0.000886 -4.344606
v 2.268168 0.027228 -4.518773
v 2.360393 0.072842 -4.700425
v 2.445860 0.115112 -4.880778
v 2.377049 0.000000 4.836066
v 2.377774 0.010275 4.667356
v 2.383780 0.095405 4.463858
v 2.388470 0.127124 4.285277
v 2.380689 0.051600 4.156347
v 2.377049 0.000000 4.016395
v 2.377049 0.000000 3.852460
v 2.377049 0.000000 3.688526
v 2.377049 0.000000 3.524591
v 2.377049 0.000000 3.360657
v 2.377049 0.000000 3.196722
v 2.377049 0.000000 3.032788
v 2.377049 0.000000 2.868853
v 2.377049 0.000000 2.704919
v 2.377049 0.000000 2.540984
v 2.377049 0.000000 2.377050
v 2.377049 0.000000 2.213115
v 2.377049 0.000000 2.049181
v 2.377049 0.000000 1.885247
v 2.377049 0.000000 1.721312
v 2.377049 0.000000 1.557378
v 2.377049 0.000000 1.393443
v 2.377049 0.000000 1.229509
v 2.377049 0.000000 1.065574
v 2.377049 0.000000 0.901640
v 2.377049 0.000000 0.737705
v 2.377049 0.000000 0.573771
v 2.377049 0.000000 0.409836
v 2.377049 0.000000 0.245902
v 2.377049 0.000000 0.081967
v 2.377049 -0.000000 -0.081967
v 2.377049 -0.000000 -0.245901
v 2.377049 -0.000000 -0.409836
v 2.377049 -0.000000 -0.573770
v 2.377049 -0.000000 -0.737705
v 2.377049 -0.000000 -0.901639
v 2.377049 -0.000000 -1.065574
v 2.377049 -0.000000 -1.229508
v 2.377049 -0.000000 -1.393443
v 2.377049 -0.000000 -1.557377
v 2.377049 -0.000000 -1.721311
v 2.377049 -0.000000 -1.885246
v 2.377049 -0.000000 -2.049180
v 2.377049 -0.000000 -2.213115
v 2.377049 -0.000000 -2.377049
v 2.377049 -0.000000 -2.540984
v 2.377049 -0.000000 -2.704918
v 2.377049 -0.000000 -2.868853
v 2.372612 0.029624 -3.046810
v 2.360019 0.113703 -3.250545
v 2.345666 0.209532 -3.459843
v 2.336020 0.273938 -3.654265
v 2.336491 0.270797 -3.816713
v 2.346766 0.202190 -3.948171
v 2.361221 0.105679 -4.066419
v 2.373374 0.024536 -4.191943
v 2.377049 -0.000000 -4.344262
v 2.387939 0.005386 -4.510289
v 2.437234 0.029766 -4.683693
v 2.490421 0.056071 -4.857845
v 2.540984 0.000000 4.836066
v 2.541907 0.001072 4.671667
v 2.597745 0.065868 4.479623
v 2.636127 0.110409 4.296367
v 2.589780 0.056625 4.155764
v 2.540984 0.000000 4.016395
v 2.540984 0.000000 3.852460
v 2.540984 0.000000 3.688526
v 2.540984 0.000000 3.524591
v 2.540984 0.000000 3.360657
v 2.540984 0.000000 3.196722
v 2.540984 0.000000 3.032788
v 2.540984 0.000000 2.868853
v 2.540984 0.000000 2.704919
v 2.540984 0.000000 2.540984
v 2.540984 0.000000 2.377050
v 2.540984 0.000000 2.213115
v 2.540984 0.000000 2.049181
v 2.540984 0.000000 1.885247
v 2.540984 0.000000 1.721312
v 2.540984 0.000000 1.557378
v 2.540984 0.000000 1.393443
v 2.540984 0.000000 1.229509
v 2.540984 0.000000 1.065574
v 2.540984 0.000000 0.901640
v 2.540984 0.000000 0.737705
v 2.540984 0.000000 0.573771
v 2.540984 0.000000 0.409836
v 2.540984 0.000000 0.245902
v 2.540984 0.000000 0.081967
v 2.540984 -0.000000 -0.081967
v 2.540984 -0.000000 -0.245901
v 2.540984 -0.000000 -0.409836
v 2.540984 -0.000000 -0.573770
v 2.540984 -0.000000 -0.737705
v 2.540984 -0.000000 -0.901639
v 2.540984 -0.000000 -1.065574
v 2.540984 -0.000000 -1.229508
v 2.540984 -0.000000 -1.393443
v 2.540984 -0.000000 -1.557377
v 2.540984 -0.000000 -1.721311
v 2.540984 -0.000000 -1.885246
v 2.540984 -0.000000 -2.049180
v 2.540984 -0.000000 -2.213115
v 2.540984 -0.000000 -2.377049
v 2.540984 -0.000000 -2.540984
v 2.540984 -0.000000 -2.704918
v 2.540984 -0.000000 -2.868853
v 2.539339 0.010983 -3.037986
v 2.530543 0.069709 -3.229720
v 2.519617 0.142658 -3.428187
v 2.512363 0.191091 -3.615048
v 2.512708 0.188786 -3.777891
v 2.520457 0.137049 -3.917335
v 2.531439 0.063726 -4.046560
v 2.539777 0.008057 -4.184142
v 2.540984 -0.000000 -4.344262
v 2.540988 0.000006 -4.508200
v 2.545216 0.002437 -4.673105
v 2.563009 0.011208 -4.840444
v 2.704918 0.000000 4.836066
v 2.722500 0.020403 4.663280
v 2.832249 0.147760 4.444098
v 2.898281 0.224386 4.246922
v 2.818775 0.132125 4.123012
v 2.714976 0.011672 4.011331
v 2.704918 0.000000 3.852460
v 2.704918 0.000000 3.688526
v 2.704918 0.000000 3.524591
v 2.704918 0.000000 3.360657
v 2.704918 0.000000 3.196722
v 2.704918 0.000000 3.032788
v 2.704918 0.000000 2.868853
v 2.704918 0.000000 2.704919
v 2.704918 0.000000 2.540984
v 2.704918 0.000000 2.377050
v 2.704918 0.000000 2.213115
v 2.704918 0.000000 2.049181
v 2.704918 0.000000 1.885247
v 2.704918 0.000000 1.721312
v 2.704918 0.000000 1.557378
v 2.704918 0.000000 1.393443
v 2.704918 0.000000 1.229509
v 2.704918 0.000000 1.065574
v 2.704918 0.000000 0.901640
v 2.704918 0.000000 0.737705
v 2.704918 0.000000 0.573771
v 2.704918 0.000000 0.409836
v 2.704918 0.000000 0.245902
v 2.704918 0.000000 0.081967
v 2.704918 -0.000000 -0.081967
v 2.704918 -0.000000 -0.245901
v 2.704918 -0.000000 -0.409836
v 2.704918 -0.000000 -0.573770
v 2.704918 -0.000000 -0.737705
v 2.704918 -0.000000 -0.901639
v 2.704918 -0.000000 -1.065574
v 2.704918 -0.000000 -1.229508
v 2.704918 -0.000000 -1.393443
v 2.704918 -0.000000 -1.557377
v 2.704918 -0.000000 -1.721311
v 2.704918 -0.000000 -1.885246
v 2.704918 -0.000000 -2.049180
v 2.704918 -0.000000 -2.213115
v 2.704918 -0.000000 -2.377049
v 2.704918 -0.000000 -2.540984
v 2.704918 -0.000000 -2.704918
v 2.704918 -0.000000 -2.868853
v 2.704918 -0.000000 -3.032787
v 2.701965 0.019717 -3.206055
v 2.695838 0.060627 -3.389355
v 2.691419 0.090128 -3.567255
v 2.691632 0.088709 -3.730517
v 2.696339 0.057280 -3.879574
v 2.702406 0.016771 -4.024333
v 2.704923 0.000007 -4.180331
v 2.710129 0.007744 -4.347679
v 2.720429 0.022291 -4.518012
v 2.726839 0.030810 -4.685678
v 2.721394 0.023253 -4.846292
v 2.868853 0.000000 4.836066
v 2.877761 0.010338 4.667647
v 2.965921 0.112642 4.459332
v 3.019188 0.174456 4.268583
v 2.954761 0.099692 4.137082
v 2.872785 0.004563 4.014415
v 2.868853 0.000000 3.852460
v 2.868853 0.000000 3.688526
v 2.868853 0.000000 3.524591
v 2.868853 0.000000 3.360657
v 2.868853 0.000000 3.196722
v 2.868853 0.000000 3.032788
v 2.868853 0.000000 2.868853
v 2.868853 0.000000 2.704919
v 2.868853 0.000000 2.540984
v 2.868853 0.000000 2.377050
v 2.868853 0.000000 2.213115
v 2.868853 0.000000 2.049181
v 2.868853 0.000000 1.885247
v 2.868853 0.000000 1.721312
v 2.868853 0.000000 1.557378
v 2.868853 0.000000 1.393443
v 2.868853 0.000000 1.229509
v 2.868853 0.000000 1.065574
v 2.868853 0.000000 0.901640
v 2.868853 0.000000 0.737705
v 2.868853 0.000000 0.573771
v 2.868853 0.000000 0.409836
v 2.868853 0.000000 0.245902
v 2.868853 0.000000 0.081967
v 2.868853 -0.000000 -0.081967
v 2.868853 -0.000000 -0.245901
v 2.868853 -0.000000 -0.409836
v 2.868853 -0.000000 -0.573770
v 2.868853 -0.000000 -0.737705
v 2.868853 -0.000000 -0.901639
v 2.868853 -0.000000 -1.065574
v 2.868853 -0.000000 -1.229508
v 2.868853 -0.000000 -1.393443
v 2.868853 -0.000000 -1.557377
v 2.868853 -0.000000 -1.721311
v 2.868853 -0.000000 -1.885246
v 2.868853 -0.000000 -2.049180
v 2.868853 -0.000000 -2.213115
v 2.868853 -0.000000 -2.377049
v 2.868853 -0.000000 -2.540984
v 2.868853 -0.000000 -2.704918
v 2.868853 -0.000000 -2.868853
v 2.868853 -0.000000 -3.032787
v 2.868853 -0.000000 -3.196722
v 2.868079 0.005162 -3.363100
v 2.866643 0.014755 -3.531575
v 2.866721 0.014233 -3.695262
v 2.868211 0.004287 -3.854489
v 2.868853 -0.000000 -4.016394
v 2.876831 0.011653 -4.185464
v 2.909931 0.055874 -4.368777
v 2.948806 0.106794 -4.554997
v 2.966195 0.128957 -4.728612
v 2.951207 0.108514 -4.883576
v 3.032787 0.000000 4.836066
v 3.032787 0.000000 4.672132
v 3.046965 0.016452 4.501060
v 3.066432 0.039042 4.327326
v 3.043389 0.012303 4.174992
v 3.032787 0.000000 4.016395
v 3.032787 0.000000 3.852460
v 3.032787 0.000000 3.688526
v 3.032787 0.000000 3.524591
v 3.032787 0.000000 3.360657
v 3.032787 0.000000 3.196722
v 3.032787 0.000000 3.032788
v 3.032787 0.000000 2.868853
v 3.032787 0.000000 2.704919
v 3.032787 0.000000 2.540984
v 3.032787 0.000000 2.377050
v 3.032787 0.000000 2.213115
v 3.032787 0.000000 2.049181
v 3.032787 0.000000 1.885247
v 3.032787 0.000000 1.721312
v 3.032787 0.000000 1.557378
v 3.032787 0.000000 1.393443
v 3.032787 0.000000 1.229509
v 3.032787 0.000000 1.065574
v 3.032787 0.000000 0.901640
v 3.032787 0.000000 0.737705
v 3.032787 0.000000 0.573771
v 3.032787 0.000000 0.409836
v 3.032787 0.000000 0.245902
v 3.032787 0.000000 0.081967
v 3.032787 -0.000000 -0.081967
v 3.032787 -0.000000 -0.245901
v 3.032787 -0.000000 -0.409836
v 3.032787 -0.000000 -0.573770
v 3.032787 -0.000000 -0.737705
v 3.032787 -0.000000 -0.901639
v 3.032787 -0.000000 -1.065574
v 3.032787 -0.000000 -1.229508
v 3.032787 -0.000000 -1.393443
v 3.032787 -0.000000 -1.557377
v 3.032787 -0.000000 -1.721311
v 3.032787 -0.000000 -1.885246
v 3.032787 -0.000000 -2.049180
v 3.032787 -0.000000 -2.213115
v 3.032787 -0.000000 -2.377049
v 3.032787 -0.000000 -2.540984
v 3.032787 -0.000000 -2.704918
v 3.032787 -0.000000 -2.868853
v 3.032787 -0.000000 -3.032787
v 3.032787 -0.000000 -3.196722
v 3.032787 -0.000000 -3.360656
v 3.032787 -0.000000 -3.524590
v 3.032787 -0.000000 -3.688525
v 3.032787 -0.000000 -3.852459
v 3.034605 0.002702 -4.017586
v 3.068737 0.048100 -4.201409
v 3.136580 0.136280 -4.403915
v 3.200232 0.218307 -4.603709
v 3.224551 0.248149 -4.780643
v 3.198600 0.212695 -4.929017
v 3.196722 0.000000 4.836066
v 3.196722 0.000000 4.672132
v 3.196722 0.000000 4.508197
v 3.196722 0.000000 4.344263
v 3.196722 0.000000 4.180329
v 3.196722 0.000000 4.016395
v 3.196722 0.000000 3.852460
v 3.196722 0.000000 3.688526
v 3.196722 0.000000 3.524591
v 3.196722 0.000000 3.360657
v 3.196722 0.000000 3.196722
v 3.196722 0.000000 3.032788
v 3.196722 0.000000 2.868853
v 3.196722 0.000000 2.704919
v 3.196722 0.000000 2.540984
v 3.196722 0.000000 2.377050
v 3.196722 0.000000 2.213115
v 3.196722 0.000000 2.049181
v 3.196722 0.000000 1.885247
v 3.196722 0.000000 1.721312
v 3.196722 0.000000 1.557378
v 3.196722 0.000000 1.393443
v 3.196722 0.000000 1.229509
v 3.199750 0.001810 1.064846
v 3.225585 0.017254 0.894702
v 3.230864 0.020410 0.729499
v 3.206326 0.005741 0.571462
v 3.196722 0.000000 0.409836
v 3.196722 0.000000 0.245902
v 3.196722 0.000000 0.081967
v 3.196722 -0.000000 -0.081967
v 3.196722 -0.000000 -0.245901
v 3.196722 -0.000000 -0.409836
v 3.196722 -0.000000 -0.573770
v 3.196722 -0.000000 -0.737705
v 3.196722 -0.000000 -0.901639
v 3.196722 -0.000000 -1.065574
v 3.196722 -0.000000 -1.229508
v 3.196722 -0.000000 -1.393443
v 3.196722 -0.000000 -1.557377
v 3.196722 -0.000000 -1.721311
v 3.196722 -0.000000 -1.885246
v 3.197775 0.004354 -2.051174
v 3.198544 0.007529 -2.216563
v 3.197264 0.002243 -2.378077
v 3.196722 -0.000000 -2.540984
v 3.196722 -0.000000 -2.704918
v 3.196722 -0.000000 -2.868853
v 3.196722 -0.000000 -3.032787
v 3.196722 -0.000000 -3.196722
v 3.196722 -0.000000 -3.360656
v 3.196722 -0.000000 -3.524590
v 3.196722 -0.000000 -3.688525
v 3.196722 -0.000000 -3.852459
v 3.204027 0.009919 -4.020746
v 3.261600 0.083908 -4.217019
v 3.348824 0.195088 -4.429519
v 3.422055 0.286557 -4.633352
v 3.445533 0.312711 -4.808595
v 3.414025 0.270238 -4.953906
v 3.360656 0.000000 4.836066
v 3.360656 0.000000 4.672132
v 3.360656 0.000000 4.508197
v 3.360656 0.000000 4.344263
v 3.374154 0.016438 4.173172
v 3.402105 0.050478 3.994417
v 3.392266 0.038495 3.835700
v 3.362675 0.002459 3.687455
v 3.360656 0.000000 3.524591
v 3.365391 0.004235 3.358862
v 3.365520 0.004350 3.194879
v 3.360660 0.000005 3.032785
v 3.360706 0.000064 2.868825
v 3.360656 0.000000 2.704919
v 3.360656 0.000000 2.540984
v 3.360656 0.000000 2.377050
v 3.360656 0.000000 2.213115
v 3.360656 0.000000 2.049181
v 3.360656 0.000000 1.885247
v 3.360656 0.000000 1.721312
v 3.360656 0.000000 1.557378
v 3.360656 0.000000 1.393443
v 3.363771 0.001862 1.228760
v 3.436666 0.045438 1.047305
v 3.523298 0.097225 0.862547
v 3.537202 0.105537 0.695271
v 3.464960 0.062351 0.548700
v 3.376996 0.009768 0.405909
v 3.360656 0.000000 0.245902
v 3.360656 0.000000 0.081967
v 3.360656 -0.000000 -0.081967
v 3.360656 -0.000000 -0.245901
v 3.360656 -0.000000 -0.409836
v 3.360656 -0.000000 -0.573770
v 3.360656 -0.000000 -0.737705
v 3.360656 -0.000000 -0.901639
v 3.360656 -0.000000 -1.065574
v 3.360656 -0.000000 -1.229508
v 3.360656 -0.000000 -1.393443
v 3.360656 -0.000000 -1.557377
v 3.360949 0.001209 -1.721865
v 3.368324 0.031683 -1.899758
v 3.377590 0.069971 -2.081230
v 3.380640 0.082572 -2.250937
v 3.375084 0.059617 -2.404357
v 3.365343 0.019368 -2.549855
v 3.360656 -0.000000 -2.704918
v 3.360656 -0.000000 -2.868853
v 3.360656 -0.000000 -3.032787
v 3.360656 -0.000000 -3.196722
v 3.360656 -0.000000 -3.360656
v 3.360656 -0.000000 -3.524590
v 3.360656 -0.000000 -3.688525
v 3.360767 0.000311 -3.852600
v 3.370749 0.012914 -4.022036
v 3.433318 0.091428 -4.220230
v 3.525884 0.203204 -4.432800
v 3.604660 0.291663 -4.635009
v 3.623679 0.310763 -4.807129
v 3.585565 0.266667 -4.951939
v 3.524590 0.000000 4.836066
v 3.524590 0.000000 4.672132
v 3.524590 0.000000 4.508197
v 3.526130 0.001874 4.343447
v 3.580407 0.067975 4.150733
v 3.655843 0.159584 3.946921
v 3.630315 0.128579 3.796484
v 3.549659 0.030529 3.675234
v 3.548231 0.021143 3.515631
v 3.595094 0.063054 3.333936
v 3.615103 0.085949 3.160080
v 3.603478 0.089841 2.993872
v 3.578172 0.068199 2.839065
v 3.541728 0.021812 2.695392
v 3.524590 0.000000 2.540984
v 3.524590 0.000000 2.377050
v 3.524590 0.000000 2.213115
v 3.524590 0.000000 2.049181
v 3.524590 0.000000 1.885247
v 3.524590 0.000000 1.721312
v 3.524590 0.000000 1.557378
v 3.524590 0.000000 1.393443
v 3.554013 0.017588 1.222437
v 3.687979 0.097672 1.026302
v 3.822218 0.177918 0.830102
v 3.844113 0.191006 0.660905
v 3.732146 0.124074 0.523883
v 3.585586 0.036462 0.395176
v 3.524590 0.000000 0.245902
v 3.530879 0.011324 0.076919
v 3.540027 0.027796 -0.094358
v 3.539748 0.027294 -0.258069
v 3.530374 0.010414 -0.414478
v 3.524590 -0.000000 -0.573770
v 3.524590 -0.000000 -0.737705
v 3.524590 -0.000000 -0.901639
v 3.524590 -0.000000 -1.065574
v 3.524590 -0.000000 -1.229508
v 3.524590 -0.000000 -1.393443
v 3.524643 0.002823 -1.558695
v 3.531525 0.038568 -1.739071
v 3.549506 0.113156 -1.937174
v 3.566147 0.172844 -2.128362
v 3.571408 0.193449 -2.301724
v 3.561725 0.153440 -2.447332
v 3.543262 0.077149 -2.576322
v 3.527471 0.011903 -2.710370
v 3.524590 -0.000000 -2.868853
v 3.524590 -0.000000 -3.032787
v 3.524590 -0.000000 -3.196722
v 3.524590 -0.000000 -3.360656
v 3.526810 0.006213 -3.527409
v 3.532423 0.021926 -3.698469
v 3.535703 0.031106 -3.866567
v 3.540558 0.034911 -4.032090
v 3.591172 0.089304 -4.219474
v 3.684041 0.180773 -4.422539
v 3.761262 0.259318 -4.620174
v 3.778548 0.276501 -4.791466
v 3.738773 0.235484 -4.937779
v 3.688525 0.000000 4.836066
v 3.688525 0.000000 4.672132
v 3.688525 0.000000 4.508197
v 3.690512 0.002420 4.343209
v 3.765707 0.093724 4.139531
v 3.910945 0.269343 3.899173
v 3.883668 0.236222 3.749656
v 3.743910 0.066676 3.659520
v 3.748636 0.053759 3.501809
v 3.826588 0.123814 3.308172
v 3.877543 0.191155 3.114748
v 3.837504 0.184073 2.952559
v 3.827867 0.177355 2.791388
v 3.755709 0.085512 2.667569
v 3.691600 0.003914 2.539275
v 3.688525 0.000000 2.377050
v 3.688525 0.000000 2.213115
v 3.691508 0.004297 2.047289
v 3.700008 0.016540 1.877963
v 3.695786 0.010458 1.716707
v 3.688525 0.000000 1.557378
v 3.688814 0.000584 1.393181
v 3.726534 0.026921 1.218409
v 3.874200 0.121749 1.015917
v 4.009301 0.191755 0.824538
v 4.033072 0.205965 0.654890
v 3.913377 0.134414 0.519725
v 3.757813 0.041420 0.393182
v 3.695713 0.012943 0.240132
v 3.720314 0.057241 0.056450
v 3.740666 0.093887 -0.123821
v 3.740084 0.092840 -0.287289
v 3.719053 0.054970 -0.434341
v 3.694819 0.011334 -0.578823
v 3.688545 0.000069 -0.737736
v 3.690297 0.006031 -0.904389
v 3.691675 0.010722 -1.070463
v 3.690589 0.007027 -1.232712
v 3.688795 0.008496 -1.397404
v 3.689400 0.033084 -1.572810
v 3.703667 0.115048 -1.774506
v 3.728407 0.209816 -1.981779
v 3.750275 0.266925 -2.171557
v 3.757362 0.284433 -2.343399
v 3.744088 0.229585 -2.482210
v 3.719387 0.127519 -2.599394
v 3.696500 0.032953 -2.720012
v 3.688525 -0.000000 -2.868853
v 3.688525 -0.000000 -3.032787
v 3.688525 -0.000000 -3.196722
v 3.691170 0.007403 -3.364014
v 3.702665 0.039994 -3.542735
v 3.715246 0.074800 -3.722450
v 3.721645 0.092711 -3.894507
v 3.719791 0.084612 -4.054728
v 3.758424 0.105805 -4.227059
v 3.832142 0.155771 -4.411470
v 3.897765 0.206939 -4.596760
v 3.916278 0.225431 -4.768615
v 3.878925 0.190146 -4.917514
v 3.852459 0.000000 4.836066
v 3.852459 0.000000 4.672132
v 3.852459 0.000000 4.508197
v 3.852459 0.000000 4.344263
v 3.907281 0.069175 4.150133
v 4.050992 0.288951 3.889071
v 4.061424 0.251969 3.742835
v 3.941412 0.106982 3.641989
v 3.906486 0.049193 3.503706
v 3.975271 0.110749 3.313684
v 4.000537 0.158760 3.128292
v 4.006652 0.196258 2.947066
v 4.012708 0.204698 2.779422
v 3.931771 0.100948 2.660826
v 3.862565 0.021055 2.531536
v 3.871095 0.048268 2.355213
v 3.874778 0.051146 2.190077
v 3.898993 0.070598 2.017996
v 3.924236 0.103386 1.839720
v 3.911420 0.084925 1.683915
v 3.878875 0.042342 1.538615
v 3.874365 0.044298 1.373590
v 3.889265 0.059844 1.202970
v 3.981825 0.110593 1.018930
v 4.064124 0.129875 0.849200
v 4.078242 0.134970 0.683436
v 3.992509 0.083720 0.540109
v 3.882891 0.018196 0.402520
v 3.870862 0.033137 0.231130
v 3.907594 0.099279 0.037710
v 3.936870 0.151994 -0.149725
v 3.936009 0.150445 -0.312969
v 3.905794 0.096038 -0.452649
v 3.869371 0.030494 -0.587365
v 3.857031 0.015559 -0.744800
v 3.864242 0.040105 -0.919927
v 3.867868 0.052447 -1.089491
v 3.865131 0.046860 -1.250920
v 3.858618 0.051348 -1.417208
v 3.854462 0.073829 -1.591815
v 3.869852 0.171712 -1.800909
v 3.895469 0.259231 -2.004758
v 3.917935 0.296988 -2.185466
v 3.925245 0.301183 -2.351076
v 3.911144 0.242483 -2.488119
v 3.885376 0.136009 -2.603282
v 3.861388 0.036891 -2.721816
v 3.852459 -0.000000 -2.868853
v 3.852459 -0.000000 -3.032787
v 3.852552 0.012327 -3.202481
v 3.863751 0.064341 -3.390295
v 3.883881 0.129335 -3.583827
v 3.901446 0.167986 -3.765144
v 3.909056 0.168370 -3.928961
v 3.917277 0.153677 -4.085704
v 3.937671 0.137456 -4.241257
v 3.981297 0.138772 -4.404101
v 4.027562 0.155092 -4.573856
v 4.046445 0.170617 -4.744310
v 4.014532 0.142822 -4.896498
v 4.016394 0.000000 4.836066
v 4.016394 0.000000 4.672132
v 4.016394 0.000000 4.508197
v 4.016346 0.000634 4.343965
v 4.043386 0.147517 4.112418
v 4.139011 0.347964 3.858512
v 4.184435 0.241974 3.745906
v 4.108146 0.110387 3.640507
v 4.031518 0.015015 3.518163
v 4.059938 0.038944 3.344153
v 4.076127 0.065150 3.168600
v 4.102557 0.111316 2.984116
v 4.115320 0.149096 2.803018
v 4.062893 0.084234 2.667357
v 4.055779 0.104498 2.493670
v 4.082915 0.172296 2.299101
v 4.101737 0.194492 2.125526
v 4.118025 0.164006 1.976481
v 4.147316 0.188579 1.802204
v 4.129363 0.164311 1.648913
v 4.082931 0.112226 1.507513
v 4.072608 0.113678 1.342496
v 4.077307 0.123179 1.174303
v 4.072621 0.089243 1.026051
v 4.087542 0.055199 0.878616
v 4.086583 0.041958 0.720835
v 4.047110 0.018362 0.566388
v 4.016432 0.000068 0.409806
v 4.036067 0.035426 0.230109
v 4.074013 0.103753 0.035715
v 4.104375 0.158424 -0.152591
v 4.103472 0.156799 -0.315801
v 4.072156 0.100409 -0.454597
v 4.035738 0.037844 -0.590706
v 4.028325 0.040613 -0.756225
v 4.040033 0.080463 -0.938332
v 4.045770 0.099991 -1.111171
v 4.041548 0.097166 -1.273950
v 4.030955 0.097656 -1.438528
v 4.021043 0.106342 -1.606912
v 4.028454 0.175770 -1.803015
v 4.048906 0.243098 -1.997627
v 4.066720 0.256230 -2.167004
v 4.071903 0.236928 -2.321711
v 4.060770 0.183362 -2.461038
v 4.039841 0.096881 -2.585360
v 4.021128 0.019560 -2.713878
v 4.016394 -0.000000 -2.868853
v 4.016342 0.015785 -3.040169
v 4.018430 0.067717 -3.228301
v 4.037291 0.164878 -3.436921
v 4.062061 0.250987 -3.640144
v 4.081487 0.284874 -3.819161
v 4.089909 0.260262 -3.971259
v 4.103992 0.209693 -4.111001
v 4.124317 0.172674 -4.256834
v 4.145942 0.141542 -4.405368
v 4.171470 0.127414 -4.561699
v 4.185735 0.133141 -4.727754
v 4.159994 0.112822 -4.883195
v 4.180328 0.000000 4.836066
v 4.180328 0.000000 4.672132
v 4.179884 0.005876 4.505433
v 4.173565 0.107764 4.293618
v 4.167487 0.305411 4.037042
v 4.216817 0.383140 3.838699
v 4.247743 0.221470 3.751556
v 4.211609 0.043521 3.669402
v 4.180328 0.000000 3.524591
v 4.180328 0.000000 3.360657
v 4.180328 0.000000 3.196722
v 4.192937 0.022830 3.022608
v 4.211532 0.087707 2.829070
v 4.222445 0.141682 2.640328
v 4.252744 0.203740 2.448565
v 4.276938 0.250227 2.263844
v 4.286327 0.248007 2.101315
v 4.283056 0.166877 1.975181
v 4.311212 0.188523 1.802229
v 4.293813 0.167010 1.647671
v 4.246382 0.117723 1.504924
v 4.253670 0.148314 1.326973
v 4.259771 0.160651 1.157509
v 4.230636 0.101734 1.019980
v 4.194169 0.027989 0.889096
v 4.180328 0.000000 0.737705
v 4.180328 0.000000 0.573771
v 4.180328 0.000000 0.409836
v 4.189940 0.017309 0.238186
v 4.217518 0.066966 0.052114
v 4.239868 0.107211 -0.129761
v 4.239229 0.106061 -0.293182
v 4.216129 0.064465 -0.438574
v 4.191336 0.025220 -0.585130
v 4.196090 0.053652 -0.762171
v 4.209985 0.100949 -0.947674
v 4.217132 0.125275 -1.122701
v 4.211727 0.116334 -1.282667
v 4.198944 0.107017 -1.442746
v 4.186667 0.105951 -1.606663
v 4.184354 0.130289 -1.782066
v 4.195423 0.169749 -1.964016
v 4.206389 0.168951 -2.127148
v 4.209310 0.137244 -2.276145
v 4.202003 0.089621 -2.418101
v 4.189190 0.036618 -2.557756
v 4.180530 0.000833 -2.705300
v 4.180321 0.002165 -2.869865
v 4.180179 0.045793 -3.054202
v 4.183321 0.127265 -3.256103
v 4.203005 0.247253 -3.475363
v 4.225375 0.334453 -3.679190
v 4.242249 0.351685 -3.850520
v 4.249688 0.303636 -3.991700
v 4.263118 0.226928 -4.119247
v 4.284246 0.166161 -4.253946
v 4.307300 0.136479 -4.403102
v 4.328054 0.118138 -4.557651
v 4.338984 0.120331 -4.722182
v 4.316423 0.103219 -4.878999
v 4.344262 0.000000 4.836066
v 4.344262 0.000000 4.672132
v 4.342333 0.025577 4.496164
v 4.331770 0.194397 4.252891
v 4.321010 0.390666 3.996777
v 4.324487 0.353260 3.850467
v 4.336963 0.154579 3.779907
v 4.343774 0.009450 3.684089
v 4.344262 0.000000 3.524591
v 4.344262 0.000000 3.360657
v 4.344262 0.000000 3.196722
v 4.352713 0.030623 3.018801
v 4.379545 0.127854 2.810460
v 4.403496 0.208874 2.609584
v 4.416547 0.218115 2.441839
v 4.419323 0.194919 2.288858
v 4.414865 0.176224 2.133490
v 4.402637 0.101326 2.004093
v 4.415968 0.103284 1.839764
v 4.404376 0.088178 1.682439
v 4.380824 0.069047 1.526527
v 4.400469 0.113662 1.342503
v 4.405167 0.123163 1.174311
v 4.381845 0.075999 1.031513
v 4.352536 0.016731 0.894141
v 4.344262 0.000000 0.737705
v 4.344262 0.000000 0.573771
v 4.344262 0.000000 0.409836
v 4.344443 0.000327 0.245756
v 4.354542 0.018511 0.073715
v 4.365939 0.039033 -0.099367
v 4.365601 0.038424 -0.263030
v 4.353881 0.017321 -0.417557
v 4.346580 0.007857 -0.577353
v 4.357330 0.044481 -0.757989
v 4.369679 0.086517 -0.941092
v 4.375772 0.107253 -1.114483
v 4.371066 0.092553 -1.271729
v 4.359533 0.073797 -1.427346
v 4.348672 0.067280 -1.588659
v 4.345752 0.080161 -1.758730
v 4.346463 0.081626 -1.923322
v 4.349732 0.068436 -2.080961
v 4.350619 0.040060 -2.231595
v 4.347628 0.013907 -2.383419
v 4.344344 0.000336 -2.541138
v 4.344262 -0.000000 -2.704918
v 4.344239 0.006979 -2.872116
v 4.344052 0.064639 -3.063015
v 4.345110 0.153981 -3.268677
v 4.359054 0.270212 -3.486405
v 4.375066 0.345832 -3.685067
v 4.387536 0.343360 -3.847358
v 4.393227 0.279367 -3.981152
v 4.400326 0.189270 -4.102686
v 4.417229 0.119964 -4.233558
v 4.439852 0.097019 -4.385881
v 4.462671 0.091218 -4.546212
v 4.473618 0.098108 -4.712939
v 4.455240 0.084169 -4.871075
v 4.508197 0.000000 4.836066
v 4.508197 0.000000 4.672132
v 4.506967 0.016309 4.500525
v 4.501266 0.097366 4.298472
v 4.494730 0.214188 4.079666
v 4.498115 0.173150 3.935050
v 4.505646 0.049266 3.829328
v 4.508197 0.000000 3.688526
v 4.508197 0.000000 3.524591
v 4.508197 0.000000 3.360657
v 4.508197 0.000000 3.196722
v 4.515173 0.025280 3.021242
v 4.539895 0.114865 2.816392
v 4.556100 0.173584 2.625639
v 4.552605 0.149883 2.472649
v 4.540285 0.089065 2.336666
v 4.530636 0.058120 2.186821
v 4.515336 0.015084 2.042408
v 4.519639 0.016481 1.877989
v 4.515425 0.010412 1.716727
v 4.515571 0.014912 1.550694
v 4.530094 0.044281 1.373598
v 4.532641 0.049431 1.207355
v 4.520210 0.024293 1.054687
v 4.508403 0.000416 0.901453
v 4.508197 0.000000 0.737705
v 4.508197 0.000000 0.573771
v 4.508197 0.000000 0.409836
v 4.508197 0.000000 0.245902
v 4.508197 0.000000 0.081967
v 4.508440 0.000437 -0.082162
v 4.508408 0.000380 -0.246071
v 4.508197 -0.000000 -0.409836
v 4.508391 0.000661 -0.574072
v 4.514147 0.020253 -0.746940
v 4.522298 0.047997 -0.923527
v 4.526334 0.061737 -1.093727
v 4.523207 0.051091 -1.252806
v 4.515324 0.026467 -1.405537
v 4.509077 0.019077 -1.566261
v 4.508764 0.030514 -1.735555
v 4.508750 0.029749 -1.899132
v 4.508485 0.015514 -2.056422
v 4.508220 0.001233 -2.213690
v 4.508197 -0.000000 -2.377049
v 4.508197 -0.000000 -2.540984
v 4.508197 -0.000000 -2.704918
v 4.508179 0.005378 -2.871368
v 4.508004 0.059103 -3.060426
v 4.507739 0.140817 -3.262574
v 4.512215 0.226806 -3.466534
v 4.521850 0.282331 -3.656050
v 4.529931 0.270189 -3.813992
v 4.533525 0.204102 -3.946889
v 4.531985 0.114913 -4.069186
v 4.539939 0.053470 -4.204084
v 4.558678 0.044450 -4.363069
v 4.580873 0.055120 -4.531124
v 4.589074 0.061340 -4.697645
v 4.576075 0.051481 -4.857479
v 4.672131 0.000000 4.836066
v 4.672131 0.000000 4.672132
v 4.672131 0.000000 4.508197
v 4.670948 0.015690 4.336882
v 4.670321 0.023999 4.169038
v 4.671760 0.004959 4.014062
v 4.672131 0.000000 3.852460
v 4.672131 0.000000 3.688526
v 4.672131 0.000000 3.524591
v 4.672131 0.000000 3.360657
v 4.672131 0.000000 3.196722
v 4.672609 0.001733 3.031996
v 4.683983 0.042948 2.849238
v 4.692893 0.075233 2.670558
v 4.686691 0.052760 2.516888
v 4.674017 0.006833 2.373929
v 4.672131 0.000000 2.213115
v 4.672131 0.000000 2.049181
v 4.672131 0.000000 1.885247
v 4.672131 0.000000 1.721312
v 4.672131 0.000000 1.557378
v 4.672419 0.000581 1.393183
v 4.672726 0.001203 1.228970
v 4.672131 0.000000 1.065574
v 4.672131 0.000000 0.901640
v 4.672131 0.000000 0.737705
v 4.672131 0.000000 0.573771
v 4.672131 0.000000 0.409836
v 4.672131 0.000000 0.245902
v 4.672131 0.000000 0.081967
v 4.672131 -0.000000 -0.081967
v 4.672131 -0.000000 -0.245901
v 4.672131 -0.000000 -0.409836
v 4.672131 -0.000000 -0.573770
v 4.672447 0.001076 -0.738195
v 4.675261 0.010653 -0.906497
v 4.677064 0.016791 -1.073230
v 4.675653 0.011987 -1.234975
v 4.672721 0.002007 -1.394358
v 4.672131 -0.000000 -1.557377
v 4.672151 0.001050 -1.721802
v 4.672148 0.000924 -1.885677
v 4.672131 -0.000000 -2.049180
v 4.672131 -0.000000 -2.213115
v 4.672131 -0.000000 -2.377049
v 4.672131 -0.000000 -2.540984
v 4.672131 -0.000000 -2.704918
v 4.672130 0.000273 -2.868980
v 4.672024 0.032970 -3.048205
v 4.671822 0.094861 -3.241083
v 4.671639 0.151007 -3.431273
v 4.673249 0.176803 -3.607205
v 4.676616 0.160215 -3.763252
v 4.678138 0.105650 -3.901617
v 4.676621 0.040350 -4.035082
v 4.674878 0.004556 -4.182351
v 4.686124 0.010613 -4.348677
v 4.699708 0.020915 -4.516897
v 4.704368 0.024449 -4.682301
v 4.697025 0.018880 -4.843918
v 4.836065 0.000000 4.836066
v 4.836065 0.000000 4.672132
v 4.836065 0.000000 4.508197
v 4.836065 0.000000 4.344263
v 4.836065 0.000000 4.180329
v 4.836065 0.000000 4.016395
v 4.836065 0.000000 3.852460
v 4.836065 0.000000 3.688526
v 4.836065 0.000000 3.524591
v 4.836065 0.000000 3.360657
v 4.836065 0.000000 3.196722
v 4.836065 0.000000 3.032788
v 4.836065 0.000000 2.868853
v 4.836674 0.002207 2.703911
v 4.836082 0.000062 2.540956
v 4.836065 0.000000 2.377050
v 4.836065 0.000000 2.213115
v 4.836065 0.000000 2.049181
v 4.836065 0.000000 1.885247
v 4.836065 0.000000 1.721312
v 4.836065 0.000000 1.557378
v 4.836065 0.000000 1.393443
v 4.836065 0.000000 1.229509
v 4.836065 0.000000 1.065574
v 4.836065 0.000000 0.901640
v 4.836065 0.000000 0.737705
v 4.836065 0.000000 0.573771
v 4.836065 0.000000 0.409836
v 4.836065 0.000000 0.245902
v 4.836065 0.000000 0.081967
v 4.836065 -0.000000 -0.081967
v 4.836065 -0.000000 -0.245901
v 4.836065 -0.000000 -0.409836
v 4.836065 -0.000000 -0.573770
v 4.836065 -0.000000 -0.737705
v 4.836065 -0.000000 -0.901639
v 4.836065 -0.000000 -1.065574
v 4.836065 -0.000000 -1.229508
v 4.836065 -0.000000 -1.393443
v 4.836065 -0.000000 -1.557377
v 4.836065 -0.000000 -1.721311
v 4.836065 -0.000000 -1.885246
v 4.836065 -0.000000 -2.049180
v 4.836065 -0.000000 -2.213115
v 4.836065 -0.000000 -2.377049
v 4.836065 -0.000000 -2.540984
v 4.836065 -0.000000 -2.704918
v 4.836065 -0.000000 -2.868853
v 4.836047 0.005498 -3.035358
v 4.835944 0.037317 -3.214172
v 4.835833 0.071418 -3.394054
v 4.835790 0.084592 -3.564149
v 4.835842 0.068508 -3.720562
v 4.835957 0.033364 -3.868062
v 4.836054 0.003510 -4.018035
v 4.836065 -0.000000 -4.180328
v 4.836065 -0.000000 -4.344262
v 4.837440 0.001042 -4.508630
v 4.838517 0.001860 -4.672904
v 4.836929 0.000655 -4.836338
v -5.000000 -0.000000 -5.000000
v -5.000000 0.000000 5.000000
v 5.000000 0.000000 5.000000
v 5.000000 -0.000000 -5.000000
v -3.196722 0.000000 1.557378
v -3.196722 0.000000 1.393443
v -3.196722 0.000000 1.229509
v -3.196722 0.000000 1.065574
v -3.196722 0.000000 0.901640
v -3.196722 0.000000 0.737705
v -3.196722 0.000000 0.573771
v -3.032788 0.000000 1.885247
v -3.032788 0.000000 1.721312
v -3.032788 0.000000 1.557378
v -3.032788 0.000000 1.393443
v -3.032788 0.000000 1.229509
v -3.032788 0.000000 1.065574
v -3.032788 0.000000 0.901640
v -3.032788 0.000000 0.737705
v -3.032788 0.000000 0.573771
v -3.032788 0.000000 0.081967
v -3.032788 -0.000000 -0.081967
v -3.032788 -0.000000 -0.245901
v -3.032788 -0.000000 -0.409836
v -3.032788 -0.000000 -0.573770
v -3.032788 -0.000000 -0.737705
v -3.032788 -0.000000 -0.901639
v -3.032788 -0.000000 -1.065574
v -2.868853 0.000000 2.213115
v -2.868853 0.000000 2.049181
v -2.868853 0.000000 1.885247
v -2.868853 0.000000 1.721312
v -2.868853 0.000000 1.557378
v -2.868853 0.000000 1.393443
v -2.868853 0.000000 1.229509
v -2.868853 0.000000 1.065574
v -2.868853 0.000000 0.901640
v -2.868853 0.000000 0.737705
v -2.868853 0.000000 0.573771
v -2.868853 0.000000 0.409836
v -2.868853 0.000000 0.245902
v -2.868853 0.000000 0.081967
v -2.868853 -0.000000 -0.081967
v -2.868853 -0.000000 -0.245901
v -2.868853 -0.000000 -0.409836
v -2.868853 -0.000000 -0.573770
v -2.868853 -0.000000 -0.737705
v -2.868853 -0.000000 -0.901639
v -2.868853 -0.000000 -1.065574
v -2.868853 -0.000000 -1.229508
v -2.860452 0.022072 -1.403433
v -2.842954 0.068044 -1.588175
v -2.704919 0.000000 2.213115
v -2.704919 0.000000 2.049181
v -2.704919 0.000000 1.885247
v -2.704919 0.000000 1.721312
v -2.704919 0.000000 1.557378
v -2.704919 0.000000 1.393443
v -2.704919 0.000000 1.229509
v -2.704919 0.000000 1.065574
v -2.704919 0.000000 0.901640
v -2.704919 0.000000 0.737705
v -2.704919 0.000000 0.573771
v -2.704919 0.000000 0.409836
v -2.704919 0.000000 0.245902
v -2.704919 0.000000 0.081967
v -2.704919 -0.000000 -0.081967
v -2.704919 -0.000000 -0.245901
v -2.704919 -0.000000 -0.409836
v -2.704919 -0.000000 -0.573770
v -2.704919 -0.000000 -0.737705
v -2.704919 -0.000000 -0.901639
v -2.704919 -0.000000 -1.065574
v -2.704919 -0.000000 -1.229508
v -2.704919 -0.000000 -1.393443
v -2.704167 0.001975 -1.558271
v -2.539253 0.006713 3.193651
v -2.540984 0.000000 3.032788
v -2.540984 0.000000 2.868853
v -2.540984 0.000000 2.704919
v -2.540984 0.000000 2.540984
v -2.540984 0.000000 2.377050
v -2.540984 0.000000 2.213115
v -2.540984 0.000000 2.049181
v -2.540984 0.000000 1.885247
v -2.540984 0.000000 1.721312
v -2.540984 0.000000 1.557378
v -2.540984 0.000000 1.393443
v -2.540984 0.000000 1.229509
v -2.540984 0.000000 1.065574
v -2.540984 0.000000 0.901640
v -2.540984 0.000000 0.737705
v -2.540984 0.000000 0.573771
v -2.540984 0.000000 0.409836
v -2.540984 0.000000 0.245902
v -2.540984 0.000000 0.081967
v -2.540984 -0.000000 -0.081967
v -2.540984 -0.000000 -0.245901
v -2.540984 -0.000000 -0.409836
v -2.540984 -0.000000 -0.573770
v -2.540984 -0.000000 -0.737705
v -2.540984 -0.000000 -0.901639
v -2.540984 -0.000000 -1.065574
v -2.540984 -0.000000 -1.229508
v -2.540984 -0.000000 -1.393443
v -2.540984 -0.000000 -1.557377
v -2.377050 0.000000 3.360657
v -2.377050 0.000000 3.196722
v -2.377050 0.000000 3.032788
v -2.377050 0.000000 2.868853
v -2.377050 0.000000 2.704919
v -2.377050 0.000000 2.540984
v -2.377050 0.000000 2.377050
v -2.377050 0.000000 2.213115
v -2.377050 0.000000 2.049181
v -2.377050 0.000000 1.885247
v -2.377050 0.000000 1.721312
v -2.377050 0.000000 1.557378
v -2.377050 0.000000 1.393443
v -2.377050 0.000000 1.229509
v -2.377050 0.000000 1.065574
v -2.377050 0.000000 0.901640
v -2.377050 0.000000 0.737705
v -2.377050 0.000000 0.573771
v -2.377050 0.000000 0.409836
v -2.377050 0.000000 0.245902
v -2.377050 0.000000 0.081967
v -2.377050 -0.000000 -0.081967
v -2.377050 -0.000000 -0.245901
v -2.377050 -0.000000 -0.409836
v -2.377050 -0.000000 -0.573770
v -2.377050 -0.000000 -0.737705
v -2.377050 -0.000000 -0.901639
v -2.377050 -0.000000 -1.065574
v -2.377050 -0.000000 -1.229508
v -2.377050 -0.000000 -1.393443
v -2.377050 -0.000000 -1.557377
v -2.213115 0.000000 3.360657
v -2.213115 0.000000 3.196722
v -2.213115 0.000000 3.032788
v -2.213115 0.000000 2.868853
v -2.213115 0.000000 2.704919
v -2.213115 0.000000 2.540984
v -2.213115 0.000000 2.377050
v -2.213115 0.000000 2.213115
v -2.213115 0.000000 2.049181
v -2.213115 0.000000 1.885247
v -2.213115 0.000000 1.721312
v -2.213115 0.000000 1.557378
v -2.213115 0.000000 1.393443
v -2.213115 0.000000 1.229509
v -2.213115 0.000000 1.065574
v -2.213115 0.000000 0.901640
v -2.213115 0.000000 0.737705
v -2.213115 0.000000 0.573771
v -2.213115 0.000000 0.409836
v -2.213115 0.000000 0.245902
v -2.213115 0.000000 0.081967
v -2.213115 -0.000000 -0.081967
v -2.213115 -0.000000 -0.245901
v -2.213115 -0.000000 -0.409836
v -2.213115 -0.000000 -0.573770
v -2.213115 -0.000000 -0.737705
v -2.213115 -0.000000 -0.901639
v -2.213115 -0.000000 -1.065574
v -2.213115 -0.000000 -1.229508
v -2.049181 0.000000 3.360657
v -2.049181 0.000000 3.196722
v -2.049181 0.000000 3.032788
v -2.049181 0.000000 2.868853
v -2.049181 0.000000 2.704919
v -2.049181 0.000000 2.540984
v -2.049181 0.000000 2.377050
v -2.049181 0.000000 2.213115
v -2.049181 0.000000 2.049181
v -2.049181 0.000000 1.885247
v -2.049181 0.000000 1.721312
v -2.049181 0.000000 1.557378
v -2.049181 0.000000 1.393443
v -2.049181 0.000000 1.229509
v -2.049181 0.000000 1.065574
v -2.049181 0.000000 0.901640
v -2.049181 0.000000 0.737705
v -2.049181 0.000000 0.573771
v -2.049181 0.000000 0.409836
v -2.049181 0.000000 0.245902
v -2.049181 0.000000 0.081967
v -2.049181 -0.000000 -0.409836
v -2.049181 -0.000000 -0.573770
v -1.852848 0.119405 3.162122
v -1.885247 0.000000 3.032788
v -1.885247 0.000000 2.868853
v -1.885247 0.000000 2.540984
v -1.885247 0.000000 2.377050
v -1.885247 0.000000 2.213115
v -1.885247 0.000000 2.049181
v -1.885247 0.000000 1.885247
v -1.885247 0.000000 1.721312
v -1.885247 0.000000 1.557378
v -1.885247 0.000000 1.393443
v -1.885247 0.000000 1.229509
v -1.885247 0.000000 1.065574
v -1.885247 0.000000 0.901640
v -1.885247 0.000000 0.737705
v -1.885247 0.000000 0.573771
v -1.885247 0.000000 0.409836
v -1.885247 0.000000 0.245902
v -1.885247 0.000000 0.081967
v -1.885247 -0.000000 -0.081967
v -1.885247 -0.000000 -0.245901
v -1.885247 -0.000000 -0.409836
v -1.885247 -0.000000 -0.573770
v -1.885247 -0.000000 -0.737705
v -1.885247 -0.000000 -0.901639
v -1.885247 -0.000000 -1.065574
v -1.885247 -0.000000 -1.229508
v -1.885247 -0.000000 -1.393443
v -1.885247 -0.000000 -1.557377
v -1.885247 -0.000000 -1.721311
v -1.885247 -0.000000 -1.885246
v -1.868077 0.021944 -2.058768
v -1.830303 0.070223 -2.243796
v -1.801402 0.107161 -2.423869
v -1.800948 0.107741 -2.588057
v -1.829247 0.071573 -2.736189
v -1.867149 0.023130 -2.878958
v -1.885247 -0.000000 -3.032787
v -1.885247 -0.000000 -3.196722
v -1.880915 0.001481 -3.361179
v -1.834410 0.002396 -3.523722
v -1.757917 0.002145 -3.684547
v -1.663681 0.013756 -3.850224
v -1.584271 0.065655 -4.035316
v -1.542107 0.169514 -4.246156
v -1.721312 0.000000 2.540984
v -1.721312 0.000000 2.377050
v -1.721312 0.000000 2.213115
v -1.721312 0.000000 2.049181
v -1.721312 0.000000 1.885247
v -1.721312 0.000000 1.721312
v -1.721312 0.000000 1.557378
v -1.721312 0.000000 1.393443
v -1.721312 0.000000 1.229509
v -1.721312 0.000000 1.065574
v -1.721312 0.000000 0.901640
v -1.721312 0.000000 0.737705
v -1.721312 0.000000 0.573771
v -1.721312 0.000000 0.409836
v -1.721312 0.000000 0.245902
v -1.721312 0.000000 0.081967
v -1.721312 -0.000000 -0.081967
v -1.721312 -0.000000 -0.245901
v -1.721312 -0.000000 -0.409836
v -1.721312 -0.000000 -0.573770
v -1.721312 -0.000000 -0.737705
v -1.721312 -0.000000 -0.901639
v -1.721312 -0.000000 -1.065574
v -1.721312 -0.000000 -1.229508
v -1.721312 -0.000000 -1.393443
v -1.721312 -0.000000 -1.557377
v -1.721312 -0.000000 -1.721311
v -1.721312 -0.000000 -1.885246
v -1.721303 0.000011 -2.049185
v -1.711508 0.012531 -2.218590
v -1.699041 0.028465 -2.389486
v -1.698830 0.028734 -2.553538
v -1.711096 0.013058 -2.710623
v -1.721273 0.000050 -2.868874
v -1.721312 -0.000000 -3.032787
v -1.719715 0.001257 -3.197247
v -1.707552 0.007422 -3.363588
v -1.651064 0.011793 -3.527356
v -1.572119 0.011219 -3.687934
v -1.503374 0.008700 -3.848002
v -1.459084 0.072391 -4.039980
v -1.456942 0.188596 -4.258158
v -1.557378 0.000000 2.540984
v -1.557378 0.000000 2.377050
v -1.557378 0.000000 2.213115
v -1.557378 0.000000 2.049181
v -1.557378 0.000000 1.885247
v -1.557378 0.000000 1.721312
v -1.557378 0.000000 1.557378
v -1.557378 0.000000 1.393443
v -1.557378 0.000000 1.229509
v -1.557378 0.000000 1.065574
v -1.557378 0.000000 0.901640
v -1.557378 0.000000 0.737705
v -1.557378 0.000000 0.409836
v -1.557378 0.000000 0.245902
v -1.557378 0.000000 0.081967
v -1.557378 -0.000000 -0.081967
v -1.557378 -0.000000 -0.245901
v -1.557378 -0.000000 -0.409836
v -1.557378 -0.000000 -0.573770
v -1.557378 -0.000000 -0.737705
v -1.557378 -0.000000 -0.901639
v -1.557378 -0.000000 -1.065574
v -1.557378 -0.000000 -1.229508
v -1.557378 -0.000000 -1.393443
v -1.557378 -0.000000 -1.557377
v -1.557378 -0.000000 -1.721311
v -1.557378 -0.000000 -1.885246
v -1.557378 -0.000000 -2.049180
v -1.557378 -0.000000 -2.213115
v -1.557378 -0.000000 -2.377049
v -1.557378 -0.000000 -2.540984
v -1.557378 -0.000000 -2.704918
v -1.557378 -0.000000 -2.868853
v -1.557378 -0.000000 -3.032787
v -1.552241 0.004041 -3.198410
v -1.538594 0.013903 -3.366421
v -1.490953 0.022170 -3.532357
v -1.423953 0.024416 -3.694721
v -1.370619 0.024325 -3.856527
v -1.355103 0.082126 -4.046877
v -1.376048 0.192538 -4.263249
v -1.393443 0.000000 2.540984
v -1.393443 0.000000 2.377050
v -1.393443 0.000000 2.213115
v -1.393443 0.000000 2.049181
v -1.393443 0.000000 1.885247
v -1.393443 0.000000 1.721312
v -1.393443 0.000000 1.557378
v -1.393443 0.000000 1.393443
v -1.393443 0.000000 0.737705
v -1.393443 0.000000 0.573771
v -1.393443 0.000000 0.409836
v -1.393443 0.000000 0.245902
v -1.393443 0.000000 0.081967
v -1.393443 -0.000000 -0.081967
v -1.393443 -0.000000 -0.245901
v -1.393443 -0.000000 -0.409836
v -1.393443 -0.000000 -0.573770
v -1.393443 -0.000000 -0.737705
v -1.393443 -0.000000 -0.901639
v -1.393443 -0.000000 -1.065574
v -1.393443 -0.000000 -1.229508
v -1.393443 -0.000000 -1.393443
v -1.393443 -0.000000 -1.557377
v -1.393443 -0.000000 -1.721311
v -1.393443 -0.000000 -1.885246
v -1.393443 -0.000000 -2.049180
v -1.393443 -0.000000 -2.213115
v -1.393443 -0.000000 -2.377049
v -1.393443 -0.000000 -2.540984
v -1.393443 -0.000000 -2.704918
v -1.393443 -0.000000 -2.868853
v -1.393414 0.000023 -3.032797
v -1.386539 0.005432 -3.198991
v -1.372175 0.016734 -3.367648
v -1.346500 0.027973 -3.535832
v -1.302787 0.032987 -3.700401
v -1.268622 0.033874 -3.863413
v -1.262336 0.088340 -4.052565
v -1.289055 0.189901 -4.265026
v -1.229509 0.000000 2.540984
v -1.229509 0.000000 2.377050
v -1.229509 0.000000 2.213115
v -1.229509 0.000000 2.049181
v -1.229509 0.000000 1.885247
v -1.229509 0.000000 1.721312
v -1.229509 0.000000 1.557378
v -1.229509 0.000000 0.737705
v -1.229509 0.000000 0.573771
v -1.229509 0.000000 0.409836
v -1.229509 0.000000 0.245902
v -1.229509 0.000000 0.081967
v -1.229509 -0.000000 -0.081967
v -1.229509 -0.000000 -0.245901
v -1.229509 -0.000000 -0.409836
v -1.229509 -0.000000 -0.573770
v -1.229509 -0.000000 -0.737705
v -1.229509 -0.000000 -0.901639
v -1.229509 -0.000000 -1.065574
v -1.229509 -0.000000 -1.229508
v -1.229509 -0.000000 -1.393443
v -1.229509 -0.000000 -1.557377
v -1.229509 -0.000000 -1.721311
v -1.229509 -0.000000 -1.885246
v -1.229509 -0.000000 -2.049180
v -1.229509 -0.000000 -2.213115
v -1.229509 -0.000000 -2.377049
v -1.229509 -0.000000 -2.540984
v -1.229396 0.002093 -2.705892
v -1.229424 0.001581 -2.869588
v -1.229509 -0.000000 -3.032787
v -1.224118 0.004241 -3.198494
v -1.211231 0.014381 -3.366664
v -1.197434 0.025237 -3.535134
v -1.182076 0.031261 -3.701285
v -1.167703 0.030795 -3.864439
v -1.169264 0.077073 -4.050070
v -1.190187 0.170199 -4.258361
v -1.065574 0.000000 0.737705
v -1.065574 0.000000 0.573771
v -1.065574 0.000000 0.409836
v -1.065574 0.000000 0.245902
v -1.065574 0.000000 0.081967
v -1.065574 -0.000000 -0.081967
v -1.065574 -0.000000 -0.245901
v -1.065574 -0.000000 -0.409836
v -1.065574 -0.000000 -0.573770
v -1.065574 -0.000000 -0.737705
v -1.065574 -0.000000 -0.901639
v -1.065574 -0.000000 -1.065574
v -1.065574 -0.000000 -1.229508
v -1.065574 -0.000000 -1.393443
v -1.065574 -0.000000 -1.557377
v -1.065574 -0.000000 -1.721311
v -1.065574 -0.000000 -1.885246
v -1.065574 -0.000000 -2.049180
v -1.065574 -0.000000 -2.213115
v -1.065137 0.008129 -2.380832
v -1.062799 0.051572 -2.564986
v -1.060890 0.087032 -2.745424
v -1.061096 0.083212 -2.907581
v -1.063245 0.043279 -3.052930
v -1.063491 0.005272 -3.199105
v -1.055052 0.008279 -3.364115
v -1.044946 0.016231 -3.531372
v -1.038928 0.020965 -3.697284
v -1.040321 0.019869 -3.860761
v -1.048729 0.044810 -4.036684
v -0.901640 0.000000 0.737705
v -0.901640 0.000000 0.573771
v -0.901640 0.000000 0.409836
v -0.901640 0.000000 0.245902
v -0.901640 0.000000 0.081967
v -0.901640 -0.000000 -0.081967
v -0.901640 -0.000000 -0.245901
v -0.901640 -0.000000 -0.409836
v -0.901640 -0.000000 -0.573770
v -0.901640 -0.000000 -0.737705
v -0.901640 -0.000000 -0.901639
v -0.901640 -0.000000 -1.065574
v -0.901640 -0.000000 -1.229508
v -0.901640 -0.000000 -1.393443
v -0.901640 -0.000000 -1.557377
v -0.901640 -0.000000 -1.885246
v -0.901640 -0.000000 -2.049180
v -0.901452 0.003482 -2.214735
v -0.897775 0.071803 -2.410467
v -0.892347 0.172667 -2.621345
v -0.888697 0.240482 -2.816841
v -0.889079 0.233390 -2.977475
v -0.893252 0.155842 -3.105318
v -0.898648 0.055586 -3.222592
v -0.899046 0.002350 -3.361653
v -0.893748 0.006209 -3.527185
v -0.890268 0.008947 -3.692263
v -0.891084 0.008305 -3.855929
v -0.895775 0.007829 -4.019824
v -0.737705 0.000000 0.573771
v -0.737705 0.000000 0.409836
v -0.737705 0.000000 0.245902
v -0.737705 0.000000 0.081967
v -0.737705 -0.000000 -0.081967
v -0.737705 -0.000000 -0.245901
v -0.737705 -0.000000 -0.409836
v -0.737705 -0.000000 -0.573770
v -0.737705 -0.000000 -0.737705
v -0.737705 -0.000000 -0.901639
v -0.737705 -0.000000 -1.065574
v -0.737705 -0.000000 -1.229508
v -0.737705 -0.000000 -1.393443
v -0.737705 -0.000000 -1.557377
v -0.737705 -0.000000 -1.885246
v -0.737705 -0.000000 -2.049180
v -0.736289 0.026313 -2.225361
v -0.729933 0.144423 -2.444265
v -0.722146 0.289105 -2.675536
v -0.716958 0.385515 -2.884341
v -0.717508 0.375281 -3.043513
v -0.723423 0.265375 -3.156296
v -0.731255 0.119844 -3.252498
v -0.736943 0.014150 -3.367242
v -0.737385 0.000252 -3.524696
v -0.736531 0.000923 -3.688911
v -0.736763 0.000741 -3.852769
v -0.573771 0.000000 0.081967
v -0.573771 -0.000000 -0.081967
v -0.573771 -0.000000 -0.245901
v -0.573771 -0.000000 -0.409836
v -0.573771 -0.000000 -0.573770
v -0.573771 -0.000000 -0.737705
v -0.573771 -0.000000 -0.901639
v -0.573771 -0.000000 -1.065574
v -0.573771 -0.000000 -1.229508
v -0.573771 -0.000000 -1.393443
v -0.573771 -0.000000 -1.557377
v -0.555721 0.335395 -2.697080
v -0.549771 0.445939 -2.912463
v -0.550427 0.433751 -3.070725
v -0.557151 0.308822 -3.176516
v -0.409836 0.000000 0.081967
v -0.409836 -0.000000 -0.081967
v -0.409836 -0.000000 -0.245901
v -0.409836 -0.000000 -0.409836
v -0.409836 -0.000000 -0.573770
v -0.409836 -0.000000 -0.737705
v -0.409836 -0.000000 -0.901639
v -0.409836 -0.000000 -1.065574
v -0.409836 -0.000000 -1.229508
v -0.409836 -0.000000 -1.393443
v -0.409836 -0.000000 -1.557377
v -0.245902 0.000000 0.081967
v -0.245902 -0.000000 -0.081967
v -0.245902 -0.000000 -0.245901
v -0.245902 -0.000000 -0.409836
v -0.245902 -0.000000 -0.573770
v -0.245902 -0.000000 -0.737705
v -0.245902 -0.000000 -0.901639
v -0.245902 -0.000000 -1.065574
v -0.245902 -0.000000 -1.229508
v -0.245902 -0.000000 -1.393443
v -0.245902 -0.000000 -1.557377
v -0.081967 -0.000000 -0.081967
v -0.081967 -0.000000 -0.245901
v -0.081967 -0.000000 -0.409836
v -0.081967 -0.000000 -0.573770
v -0.081967 -0.000000 -0.737705
v -0.081967 -0.000000 -0.901639
v -0.081967 -0.000000 -1.065574
v -0.081967 -0.000000 -1.229508
v -0.081967 -0.000000 -1.393443
v -0.081967 -0.000000 -1.557377
v 0.081967 -0.000000 -0.245901
v 0.081967 -0.000000 -0.409836
v 0.081967 -0.000000 -0.573770
v 0.081967 -0.000000 -0.737705
v 0.081967 -0.000000 -0.901639
v 0.081967 -0.000000 -1.065574
v 0.081967 -0.000000 -1.229508
vn 0.0049 1.0000 -0.0029
vn 0.0020 1.0000 -0.0020
vn -0.0000 1.0000 -0.0000
vn -0.0000 -0.0000 -1.0000
vn 1.0000 0.0032 -0.0000
vn 1.0000 0.0026 -0.0000
vn 0.0003 -0.3870 -0.9221
vn -0.7908 0.6121 0.0015
vn -0.0022 1.0000 -0.0008
vn -0.0014 1.0000 -0.0012
vn -0.0044 1.0000 -0.0016
vn -0.0027 1.0000 -0.0023
vn -0.0257 0.9996 -0.0100
vn -0.0369 0.9991 -0.0196
vn -0.0347 0.9989 -0.0299
vn -0.0184 0.9989 -0.0431
vn 0.0187 0.9981 -0.0584
vn 0.0690 0.9955 -0.0654
vn 0.0885 0.9948 -0.0497
vn 0.0508 0.9985 -0.0204
vn 0.0034 1.0000 -0.0055
vn 0.0033 1.0000 -0.0055
vn 0.0039 1.0000 -0.0052
vn -0.0836 0.9957 -0.0404
vn -0.1852 0.9759 -0.1152
vn -0.1938 0.9630 -0.1871
vn -0.1228 0.9588 -0.2562
vn -0.0013 0.9435 -0.3314
vn 0.1247 0.9113 -0.3924
vn 0.0651 0.8927 -0.4459
vn -0.2561 0.8374 -0.4829
vn -0.4043 0.7109 -0.5754
vn -0.2163 0.6700 -0.7101
vn 0.1108 0.6731 -0.7312
vn 0.3647 0.7086 -0.6040
vn 0.4329 0.8013 -0.4129
vn 0.2671 0.9464 -0.1814
vn 0.0014 0.9989 -0.0470
vn -0.1084 0.9861 -0.1263
vn -0.1457 0.9507 -0.2737
vn -0.0801 0.9192 -0.3856
vn 0.0511 0.9019 -0.4288
vn 0.1624 0.9166 -0.3652
vn 0.1505 0.9689 -0.1963
vn 0.0457 0.9979 -0.0457
vn -0.0480 0.9988 0.0117
vn -0.1715 0.9847 0.0303
vn -0.2054 0.9774 0.0501
vn -0.1903 0.9788 0.0756
vn -0.1108 0.9867 0.1193
vn 0.1366 0.9707 0.1979
vn 0.5925 0.7625 0.2599
vn 0.8020 0.5602 0.2073
vn 0.5764 0.8105 0.1047
vn -0.0117 0.9994 -0.0337
vn -0.3180 0.9362 -0.1495
vn -0.3822 0.8837 -0.2700
vn -0.2648 0.8701 -0.4157
vn 0.0099 0.8369 -0.5473
vn 0.2066 0.7799 -0.5908
vn 0.2972 0.7542 -0.5855
vn 0.3019 0.7989 -0.5202
vn 0.1619 0.9096 -0.3825
vn 0.0385 0.9638 -0.2638
vn 0.1233 0.9630 -0.2396
vn 0.2328 0.9503 -0.2067
vn 0.2207 0.9670 -0.1276
vn 0.0902 0.9951 -0.0400
vn -0.0012 1.0000 -0.0012
vn -0.0019 1.0000 -0.0019
vn -0.0119 0.9999 0.0119
vn -0.1390 0.9557 0.2594
vn -0.2755 0.9135 0.2993
vn -0.3820 0.9208 0.0785
vn -0.3988 0.8737 -0.2785
vn -0.2736 0.8632 -0.4243
vn -0.0826 0.9909 -0.1058
vn -0.0076 0.9999 0.0076
vn -0.0111 0.9999 0.0034
vn -0.0110 0.9999 0.0035
vn -0.0145 0.9999 -0.0006
vn -0.0375 0.9990 0.0239
vn -0.0634 0.9980 0.0021
vn -0.0433 0.9988 -0.0237
vn -0.0908 0.9929 0.0773
vn -0.2292 0.9490 0.2167
vn -0.3479 0.9252 0.1517
vn -0.4074 0.9125 -0.0366
vn -0.3712 0.9004 -0.2269
vn -0.2089 0.9500 -0.2319
vn -0.0366 0.9987 -0.0366
vn -0.0030 1.0000 0.0030
vn -0.0044 1.0000 0.0044
vn -0.0089 0.9999 0.0089
vn -0.0687 0.9884 0.1354
vn -0.1467 0.9691 0.1983
vn -0.2072 0.9676 0.1444
vn -0.2449 0.9695 0.0059
vn -0.2380 0.9588 -0.1548
vn -0.1813 0.9545 -0.2367
vn -0.1161 0.9857 -0.1219
vn -0.1299 0.9813 0.1417
vn -0.2278 0.9535 0.1971
vn -0.3518 0.9195 0.1754
vn -0.4505 0.8911 0.0558
vn -0.4777 0.8713 -0.1121
vn -0.4219 0.8759 -0.2341
vn -0.2694 0.9407 -0.2062
vn -0.0813 0.9937 -0.0765
vn -0.0037 1.0000 -0.0037
vn -0.0019 1.0000 0.0019
vn -0.0026 1.0000 0.0026
vn -0.0136 0.9998 0.0136
vn -0.1470 0.9813 0.1242
vn -0.2767 0.9605 0.0279
vn -0.2235 0.9666 -0.1256
vn -0.0554 0.9969 -0.0554
vn -0.0907 0.9917 0.0907
vn -0.2439 0.9665 0.0800
vn -0.2778 0.9586 -0.0623
vn -0.1262 0.9849 -0.1188
vn -0.0074 0.9995 0.0310
vn -0.0276 0.9180 0.3957
vn -0.0502 0.8897 0.4538
vn -0.0846 0.9846 0.1529
vn -0.0930 0.8384 -0.5371
vn -0.1173 0.7851 -0.6081
vn -0.2445 0.9687 -0.0428
vn -0.3678 0.9249 0.0959
vn -0.4370 0.8994 -0.0042
vn -0.3713 0.9248 -0.0834
vn -0.2383 0.9706 -0.0330
vn -0.1798 0.9805 -0.0792
vn -0.1515 0.9762 0.1555
vn -0.1891 0.9201 0.3431
vn -0.2781 0.9285 0.2463
vn -0.3589 0.9318 -0.0539
vn -0.3640 0.8671 -0.3402
vn -0.2771 0.8463 -0.4550
vn -0.1113 0.9811 -0.1585
vn -0.0127 0.9998 -0.0127
vn -0.0030 1.0000 -0.0030
vn -0.0023 1.0000 -0.0023
vn -0.0087 0.9996 0.0263
vn -0.0345 0.9780 0.2055
vn -0.0663 0.9613 0.2674
vn -0.0994 0.9737 0.2050
vn -0.1266 0.9919 0.0091
vn -0.1219 0.9645 -0.2343
vn -0.0898 0.9365 -0.3391
vn -0.0841 0.9873 -0.1345
vn -0.1136 0.9697 0.2164
vn -0.2124 0.9176 0.3359
vn -0.3315 0.8955 0.2969
vn -0.4236 0.9020 0.0830
vn -0.4494 0.8746 -0.1820
vn -0.4125 0.8336 -0.3674
vn -0.3242 0.8589 -0.3965
vn -0.1806 0.9544 -0.2378
vn -0.0468 0.9974 -0.0543
vn -0.0010 1.0000 0.0008
vn -0.0018 1.0000 0.0008
vn -0.0028 1.0000 0.0002
vn -0.0005 1.0000 0.0005
vn -0.0033 1.0000 0.0033
vn -0.0077 0.9999 0.0077
vn -0.1067 0.9900 0.0928
vn -0.1283 0.9880 -0.0864
vn -0.0216 0.9995 -0.0216
vn -0.1227 0.9817 0.1458
vn -0.2923 0.9094 0.2959
vn -0.4347 0.8980 0.0689
vn -0.4522 0.8492 -0.2726
vn -0.3214 0.9225 -0.2139
vn -0.2682 0.9303 0.2503
vn -0.4076 0.8934 0.1889
vn -0.4855 0.8597 -0.1589
vn -0.3523 0.8550 -0.3806
vn -0.1834 0.9829 -0.0136
vn -0.2927 0.9411 0.1694
vn -0.3362 0.9113 0.2376
vn 0.0315 0.9431 0.3311
vn 0.6484 0.7539 0.1058
vn 0.6624 0.4767 -0.5779
vn 0.1700 0.8960 -0.4101
vn -0.3034 0.9176 0.2568
vn -0.4725 0.8563 0.2085
vn -0.5554 0.8308 -0.0362
vn -0.5026 0.8031 -0.3201
vn -0.3164 0.9273 -0.1999
vn -0.1720 0.9739 -0.1483
vn -0.0762 0.9871 0.1409
vn 0.0007 0.9062 0.4229
vn 0.0227 0.9343 0.3558
vn -0.1414 0.9847 0.1020
vn -0.4008 0.8947 -0.1973
vn -0.4974 0.7848 -0.3696
vn -0.4896 0.8525 -0.1829
vn -0.4011 0.9044 -0.1457
vn -0.1861 0.9678 -0.1694
vn -0.0090 0.9999 -0.0090
vn 0.0090 0.9996 0.0266
vn 0.0373 0.9751 0.2185
vn 0.0761 0.9504 0.3017
vn 0.1222 0.9611 0.2477
vn 0.1660 0.9861 0.0118
vn 0.1566 0.9422 -0.2961
vn 0.1066 0.9113 -0.3977
vn 0.0506 0.9925 -0.1114
vn -0.0164 0.9568 0.2902
vn -0.0732 0.8849 0.4599
vn -0.1142 0.9104 0.3977
vn -0.1508 0.9860 0.0717
vn -0.1863 0.9370 -0.2953
vn -0.2101 0.8394 -0.5012
vn -0.2001 0.8226 -0.5323
vn -0.1441 0.9122 -0.3837
vn -0.0489 0.9870 -0.1530
vn -0.0020 1.0000 0.0016
vn -0.0037 1.0000 0.0017
vn -0.0056 1.0000 0.0004
vn -0.0007 1.0000 0.0007
vn -0.0021 1.0000 0.0021
vn -0.3243 0.8862 0.3309
vn -0.5906 0.7701 0.2411
vn -0.7098 0.6692 -0.2198
vn -0.4847 0.7331 -0.4771
vn -0.0268 0.9993 -0.0268
vn -0.0268 0.9571 0.2885
vn -0.0654 0.8772 0.4756
vn -0.1801 0.9634 0.1985
vn -0.2774 0.8357 -0.4740
vn -0.3654 0.9124 -0.1844
vn -0.3107 0.9136 0.2624
vn -0.2276 0.9375 0.2634
vn -0.2342 0.9188 -0.3178
vn -0.1626 0.7422 -0.6502
vn -0.2636 0.9524 0.1530
vn -0.4169 0.8428 0.3404
vn -0.5521 0.8305 0.0733
vn -0.3318 0.8803 -0.3391
vn 0.6668 0.6889 -0.2843
vn 0.7725 0.5386 -0.3365
vn 0.1968 0.9545 0.2241
vn -0.1496 0.8617 0.4848
vn -0.2747 0.8926 0.3576
vn -0.3508 0.9163 -0.1931
vn -0.2058 0.6789 -0.7048
vn -0.0762 0.8779 -0.4728
vn -0.0100 0.9791 -0.2032
vn 0.1009 0.9948 0.0111
vn 0.2621 0.8773 0.4021
vn 0.4179 0.8259 0.3785
vn 0.2816 0.8648 0.4156
vn -0.1499 0.9671 0.2058
vn -0.4912 0.8605 -0.1355
vn -0.5782 0.8067 -0.1222
vn -0.5700 0.7586 -0.3157
vn -0.4256 0.7861 -0.4484
vn -0.1586 0.9716 -0.1757
vn -0.0018 1.0000 -0.0018
vn 0.0089 0.9999 0.0089
vn 0.0044 1.0000 0.0044
vn 0.0781 0.9851 0.1532
vn 0.1966 0.9442 0.2642
vn 0.3205 0.9208 0.2224
vn 0.4061 0.9136 0.0197
vn 0.3740 0.8914 -0.2559
vn 0.2527 0.9042 -0.3442
vn 0.1414 0.9879 -0.0637
vn 0.1107 0.9401 0.3225
vn 0.1497 0.8502 0.5048
vn 0.2475 0.8694 0.4277
vn 0.3400 0.9388 0.0545
vn 0.2656 0.9097 -0.3191
vn 0.1339 0.8326 -0.5374
vn 0.0314 0.8216 -0.5693
vn -0.0106 0.8913 -0.4532
vn -0.0136 0.9790 -0.2034
vn -0.0226 0.9997 0.0099
vn -0.0268 0.9995 0.0146
vn -0.0308 0.9995 0.0066
vn -0.0310 0.9995 0.0057
vn -0.0306 0.9995 0.0057
vn -0.0316 0.9995 -0.0032
vn -0.0316 0.9995 -0.0043
vn -0.0409 0.9991 -0.0067
vn -0.0550 0.9967 0.0590
vn -0.1921 0.7740 0.6034
vn -0.3992 0.7809 0.4805
vn -0.6007 0.5782 -0.5521
vn -0.3123 0.2970 -0.9024
vn -0.1088 0.9807 -0.1627
vn 0.1363 0.9626 0.2341
vn 0.3505 0.7814 0.5163
vn 0.6400 0.7051 0.3053
vn 0.2537 0.9535 -0.1628
vn -0.1809 0.9749 -0.1297
vn 0.0784 0.9969 -0.0013
vn 0.4314 0.8851 0.1745
vn 0.5786 0.7378 -0.3477
vn 0.3354 0.6816 -0.6504
vn -0.0092 0.9191 0.3938
vn -0.1434 0.8587 0.4920
vn -0.2677 0.9625 0.0438
vn -0.2167 0.6639 -0.7157
vn -0.0216 0.6793 -0.7335
vn 0.0963 0.9797 -0.1757
vn 0.0995 0.9167 0.3870
vn 0.1733 0.7952 0.5811
vn 0.3603 0.8105 0.4619
vn 0.6090 0.6875 -0.3955
vn 0.3939 0.4060 -0.8246
vn 0.3038 0.7887 -0.5344
vn 0.1891 0.9640 -0.1870
vn 0.1909 0.9720 -0.1368
vn 0.3356 0.9126 0.2336
vn 0.5659 0.7770 0.2756
vn 0.4643 0.7063 0.5343
vn 0.0699 0.7918 0.6068
vn -0.3538 0.8865 0.2981
vn -0.5477 0.8331 -0.0771
vn -0.5200 0.6531 -0.5506
vn -0.3652 0.5638 -0.7408
vn -0.1602 0.8537 -0.4954
vn -0.0009 1.0000 -0.0046
vn -0.0005 1.0000 -0.0023
vn 0.0001 1.0000 0.0001
vn 0.0473 0.9977 0.0480
vn 0.1767 0.9736 0.1446
vn 0.3000 0.9410 0.1565
vn 0.3218 0.9453 0.0525
vn 0.2438 0.9606 -0.1333
vn 0.1080 0.9764 -0.1870
vn 0.0481 0.9980 -0.0402
vn 0.1524 0.9612 0.2300
vn 0.3141 0.8396 0.4433
vn 0.4894 0.7878 0.3740
vn 0.6131 0.7853 0.0868
vn 0.5742 0.7922 -0.2069
vn 0.4334 0.7991 -0.4166
vn 0.2685 0.8352 -0.4799
vn 0.1270 0.9071 -0.4013
vn 0.0140 0.9903 -0.1385
vn -0.0340 0.9992 0.0218
vn -0.0324 0.9989 0.0328
vn -0.0338 0.9992 0.0228
vn -0.0381 0.9992 0.0156
vn -0.0405 0.9991 0.0107
vn -0.0400 0.9992 -0.0074
vn -0.0401 0.9992 -0.0072
vn 0.0597 0.9964 0.0605
vn 0.2467 0.6834 0.6871
vn 0.5822 0.5219 0.6234
vn 0.7741 0.0089 -0.6330
vn 0.3634 0.0093 -0.9316
vn 0.1292 0.9767 -0.1715
vn 0.0518 0.9973 0.0518
vn 0.3434 0.9007 0.2661
vn 0.4849 0.8038 0.3448
vn 0.3342 0.8748 0.3509
vn 0.3366 0.9181 -0.2094
vn 0.4825 0.7286 -0.4861
vn 0.6726 0.7386 -0.0462
vn 0.6857 0.7069 -0.1737
vn 0.4250 0.8561 -0.2940
vn 0.2072 0.8773 0.4328
vn 0.3349 0.8029 0.4931
vn 0.5963 0.8017 0.0420
vn 0.5098 0.5225 -0.6835
vn 0.2692 0.6388 -0.7207
vn 0.0573 0.9948 -0.0842
vn 0.1693 0.9583 0.2301
vn 0.4461 0.7527 0.4842
vn 0.7578 0.5707 0.3165
vn 0.9041 0.3581 -0.2334
vn 0.7182 0.3772 -0.5847
vn 0.4534 0.8420 -0.2924
vn 0.2184 0.9700 -0.1071
vn 0.1016 0.9897 -0.1008
vn 0.0804 0.9956 0.0486
vn 0.2265 0.9693 0.0957
vn 0.2581 0.8139 0.5205
vn 0.0799 0.6877 0.7216
vn -0.0127 0.8000 0.5999
vn -0.0379 0.9614 -0.2724
vn -0.0370 0.3694 -0.9285
vn -0.0214 0.2505 -0.9679
vn 0.0100 0.7264 -0.6872
vn 0.0018 1.0000 -0.0055
vn 0.0009 1.0000 -0.0028
vn 0.0002 1.0000 0.0002
vn 0.0003 1.0000 0.0003
vn 0.0212 0.9989 0.0423
vn 0.0439 0.9935 0.1047
vn 0.0232 0.9963 0.0828
vn -0.0459 0.9989 -0.0085
vn -0.1140 0.9914 -0.0637
vn -0.1404 0.9896 -0.0319
vn -0.0717 0.9961 0.0510
vn 0.1714 0.9498 0.2616
vn 0.4498 0.8504 0.2731
vn 0.6170 0.7800 0.1041
vn 0.6214 0.7801 -0.0731
vn 0.5121 0.8265 -0.2338
vn 0.3592 0.8758 -0.3224
vn 0.1739 0.9597 -0.2206
vn 0.0194 0.9997 -0.0139
vn -0.0323 0.9989 0.0339
vn -0.0379 0.9992 0.0158
vn -0.0388 0.9992 -0.0088
vn 0.0006 1.0000 0.0006
vn 0.0004 1.0000 0.0004
vn 0.4149 0.8090 0.4164
vn 0.8668 0.3636 0.3413
vn 0.9563 0.0627 -0.2855
vn 0.6394 0.4558 -0.6191
vn 0.0193 0.9996 -0.0193
vn -0.0041 1.0000 0.0041
vn -0.0244 0.9988 0.0428
vn 0.1794 0.9588 0.2203
vn 0.5258 0.7936 0.3061
vn 0.7347 0.6662 -0.1278
vn 0.5101 0.7398 -0.4388
vn 0.2154 0.9748 -0.0579
vn 0.1157 0.9924 -0.0418
vn 0.0401 0.9987 -0.0317
vn 0.2116 0.9483 0.2366
vn 0.5144 0.7944 0.3231
vn 0.7397 0.6726 0.0218
vn 0.6789 0.6233 -0.3882
vn 0.3037 0.8917 -0.3356
vn 0.0130 0.9998 -0.0130
vn 0.0321 0.9990 0.0321
vn 0.2659 0.9424 0.2028
vn 0.6094 0.7778 0.1536
vn 0.7089 0.6957 -0.1164
vn 0.4407 0.8671 -0.2321
vn 0.1452 0.9881 -0.0511
vn 0.0614 0.9977 -0.0295
vn 0.0156 0.9998 -0.0156
vn 0.0005 1.0000 0.0005
vn 0.0010 1.0000 0.0010
vn 0.0020 1.0000 0.0020
vn 0.1601 0.9084 0.3863
vn 0.3072 0.5741 0.7590
vn 0.5642 0.4683 0.6799
vn 0.9290 0.2422 -0.2798
vn 0.5466 -0.0314 -0.8368
vn 0.3505 0.0288 -0.9361
vn 0.2027 0.7912 -0.5770
vn -0.0101 0.9999 0.0101
vn -0.0417 0.9990 0.0182
vn -0.0446 0.9989 -0.0162
vn -0.0374 0.9989 0.0297
vn -0.0682 0.9914 0.1120
vn -0.1073 0.9886 0.1059
vn -0.1350 0.9899 0.0442
vn -0.1778 0.9840 0.0119
vn -0.2358 0.9716 0.0218
vn -0.2733 0.9619 0.0106
vn -0.2106 0.9768 0.0389
vn 0.0122 0.9988 0.0474
vn 0.2682 0.9633 0.0079
vn 0.3810 0.9242 -0.0242
vn 0.3782 0.9191 -0.1109
vn 0.2744 0.9483 -0.1596
vn 0.0927 0.9952 -0.0322
vn -0.0045 0.9988 0.0486
vn -0.0060 0.9988 0.0484
vn -0.0154 0.9987 0.0478
vn -0.0168 0.9987 0.0478
vn -0.0208 0.9995 0.0235
vn -0.0215 0.9997 -0.0134
vn 0.0014 1.0000 0.0014
vn 0.0792 0.9939 0.0765
vn 0.0933 0.9929 -0.0739
vn 0.0092 0.9999 -0.0092
vn 0.0031 1.0000 -0.0031
vn 0.0046 1.0000 -0.0046
vn -0.0581 0.9966 0.0581
vn -0.4303 0.8295 0.3560
vn -0.7684 0.6225 0.1487
vn -0.7940 0.5246 -0.3070
vn -0.2810 0.8968 -0.3418
vn 0.2452 0.9688 -0.0370
vn 0.1029 0.9899 -0.0980
vn 0.0022 1.0000 -0.0022
vn 0.0007 1.0000 -0.0007
vn 0.0006 1.0000 -0.0006
vn 0.0011 1.0000 -0.0011
vn 0.0181 0.9997 0.0181
vn 0.1408 0.9844 0.1056
vn 0.2678 0.9634 0.0078
vn 0.1735 0.9781 -0.1153
vn 0.0276 0.9992 -0.0276
vn 0.0168 0.9997 0.0160
vn 0.0196 0.9997 -0.0137
vn 0.0029 1.0000 -0.0029
vn 0.0010 1.0000 -0.0010
vn 0.0014 1.0000 -0.0014
vn 0.1375 0.9809 0.1378
vn 0.5085 0.6050 0.6127
vn 0.8212 0.1966 0.5357
vn 0.9904 -0.1273 -0.0534
vn 0.8127 -0.1713 -0.5569
vn 0.5938 0.1797 -0.7843
vn 0.0648 0.9918 -0.1098
vn -0.2423 0.9612 0.1318
vn -0.3718 0.9257 0.0702
vn -0.3985 0.9150 -0.0631
vn -0.3014 0.9502 -0.0791
vn -0.1319 0.9905 0.0394
vn -0.0511 0.9888 0.1403
vn -0.0824 0.9931 0.0839
vn -0.1396 0.9865 0.0853
vn -0.2010 0.9768 0.0738
vn -0.2521 0.9669 0.0387
vn -0.2799 0.9594 -0.0360
vn -0.2477 0.9588 -0.1389
vn -0.1891 0.9729 -0.1328
vn -0.1506 0.9828 -0.1066
vn -0.1063 0.9892 -0.1009
vn -0.0519 0.9910 -0.1235
vn -0.0103 0.9998 0.0164
vn 0.0062 0.9983 0.0582
vn 0.0072 0.9982 0.0587
vn 0.0152 0.9979 0.0624
vn 0.0165 0.9979 0.0629
vn 0.0222 0.9992 0.0334
vn 0.0233 0.9995 -0.0192
vn -0.2027 0.9328 0.2980
vn -0.3861 0.6912 0.6109
vn -0.7327 0.6091 0.3036
vn -0.7508 0.2358 -0.6170
vn -0.4388 0.2756 -0.8553
vn -0.0927 0.9914 -0.0927
vn 0.1781 0.9613 0.2104
vn 0.6080 0.6995 0.3756
vn 0.9187 0.3924 0.0442
vn 0.7694 0.5028 -0.3940
vn 0.1933 0.9412 -0.2771
vn -0.1871 0.9541 0.2337
vn -0.3470 0.8969 0.2743
vn -0.4631 0.8767 0.1303
vn -0.5158 0.8479 -0.1225
vn -0.4443 0.8489 -0.2863
vn -0.2354 0.9454 -0.2255
vn -0.0008 0.9956 0.0940
vn 0.0631 0.9895 0.1298
vn 0.0249 0.9921 0.1233
vn -0.0367 0.9957 0.0854
vn -0.1014 0.9933 0.0557
vn -0.1641 0.9863 -0.0166
vn -0.2423 0.9622 -0.1244
vn -0.3106 0.9402 -0.1398
vn -0.3742 0.9232 -0.0878
vn -0.3985 0.9035 -0.1577
vn -0.3240 0.9180 -0.2287
vn -0.1623 0.9748 -0.1532
vn -0.0058 0.9999 0.0115
vn 0.0562 0.9963 0.0651
vn 0.0838 0.9957 0.0384
vn 0.0887 0.9958 -0.0222
vn 0.0538 0.9136 0.4031
vn 0.0981 0.7089 0.6985
vn 0.2581 0.8419 0.4739
vn 0.2574 0.2375 -0.9367
vn 0.1112 0.1479 -0.9827
vn 0.0378 0.9877 -0.1518
vn 0.0154 0.9998 0.0154
vn 0.0792 0.9949 0.0626
vn 0.1514 0.9880 0.0317
vn 0.1435 0.9882 -0.0532
vn -0.0084 0.9951 0.0985
vn -0.1478 0.9093 0.3890
vn -0.2469 0.8861 0.3923
vn -0.3606 0.9098 0.2055
vn -0.4329 0.8769 -0.2090
vn -0.3440 0.7817 -0.5202
vn -0.1496 0.8436 -0.5157
vn 0.0900 0.9947 -0.0492
vn 0.2093 0.9696 0.1271
vn 0.2218 0.9667 0.1277
vn 0.2099 0.9694 0.1270
vn 0.2224 0.9665 0.1279
vn 0.1840 0.9794 0.0833
vn 0.1207 0.9899 0.0744
vn 0.0215 0.9949 0.0989
vn -0.0423 0.9960 0.0781
vn -0.0713 0.9896 0.1247
vn -0.0383 0.9985 0.0401
vn -0.0131 0.9727 -0.2317
vn -0.1037 0.9023 -0.4184
vn -0.1509 0.9190 -0.3643
vn -0.0539 0.9938 -0.0968
vn 0.0663 0.9971 0.0383
vn 0.1108 0.9934 0.0300
vn 0.1176 0.9929 -0.0173
vn 0.2048 0.9563 0.2086
vn 0.4722 0.7050 0.5291
vn 0.7943 0.5598 0.2359
vn 0.8251 0.2958 -0.4814
vn 0.5199 0.4357 -0.7348
vn 0.0551 0.9970 -0.0551
vn 0.0019 1.0000 0.0019
vn 0.0037 1.0000 0.0037
vn 0.0025 1.0000 0.0025
vn 0.0075 0.9999 0.0075
vn 0.0226 0.9997 0.0074
vn 0.0187 0.9998 -0.0114
vn 0.0061 0.9816 0.1908
vn 0.0071 0.8887 0.4585
vn 0.0122 0.8781 0.4783
vn 0.0207 0.9574 0.2881
vn 0.0277 0.9448 -0.3265
vn 0.0086 0.7160 -0.6980
vn -0.0057 0.7620 -0.6475
vn -0.0253 0.9914 -0.1287
vn -0.0197 0.9967 0.0787
vn 0.1143 0.9916 0.0598
vn 0.2519 0.9651 0.0713
vn 0.2327 0.9644 0.1253
vn 0.1653 0.9581 0.2338
vn 0.1377 0.9526 0.2711
vn 0.1944 0.9312 0.3083
vn 0.3311 0.9386 0.0973
vn 0.3715 0.9104 -0.1820
vn 0.2538 0.8651 -0.4326
vn 0.0570 0.8630 -0.5020
vn -0.0154 0.9725 -0.2324
vn 0.0374 0.9993 0.0033
vn 0.0675 0.9976 0.0130
vn 0.0719 0.9974 -0.0075
vn -0.0226 0.9995 0.0226
vn -0.1241 0.9885 0.0868
vn -0.1878 0.9822 -0.0102
vn -0.1122 0.9892 -0.0943
vn 0.1979 0.9413 0.2734
vn 0.3867 0.8855 0.2575
vn 0.2370 0.9349 -0.2643
vn -0.1279 0.9302 -0.3439
vn -0.0944 0.9911 -0.0944
vn -0.0049 1.0000 -0.0049
vn -0.0024 1.0000 -0.0024
vn 0.0642 0.9883 0.1382
vn 0.1789 0.8852 0.4294
vn 0.3140 0.8291 0.4626
vn 0.5010 0.8240 0.2646
vn 0.5977 0.7608 -0.2528
vn 0.3260 0.7819 -0.5314
vn -0.0931 0.8871 -0.4521
vn -0.3300 0.9439 0.0122
vn -0.3998 0.9161 0.0306
vn -0.3368 0.9369 -0.0941
vn -0.0918 0.9903 -0.1044
vn 0.1724 0.9823 0.0737
vn 0.2290 0.9319 0.2813
vn 0.2178 0.9078 0.3584
vn 0.2935 0.9131 0.2829
vn 0.3894 0.9160 0.0968
vn 0.3868 0.9153 -0.1125
vn 0.3270 0.8908 -0.3156
vn 0.1748 0.8798 -0.4419
vn 0.0382 0.9592 -0.2800
vn 0.0013 1.0000 -0.0048
vn -0.0007 1.0000 0.0043
vn 0.0012 1.0000 -0.0047
vn 0.0010 1.0000 -0.0007
vn 0.0010 1.0000 -0.0006
vn -0.1156 0.9816 0.1518
vn -0.2799 0.9254 0.2556
vn -0.3617 0.9285 -0.0837
vn -0.2962 0.9045 -0.3067
vn -0.1475 0.9873 0.0594
vn -0.1791 0.9405 0.2888
vn -0.2878 0.9552 0.0688
vn -0.2786 0.9029 -0.3274
vn -0.1211 0.9471 -0.2972
vn -0.0098 0.9999 -0.0098
vn -0.0033 1.0000 -0.0033
vn 0.0388 0.9985 0.0388
vn 0.2186 0.9378 0.2696
vn 0.4510 0.8238 0.3434
vn 0.6517 0.7377 0.1766
vn 0.7139 0.6933 -0.0983
vn 0.4596 0.8868 -0.0495
vn -0.1041 0.9907 0.0877
vn -0.3860 0.8979 0.2115
vn -0.4996 0.8659 0.0245
vn -0.5003 0.8307 -0.2440
vn -0.3607 0.8422 -0.4008
vn -0.0423 0.9692 -0.2427
vn 0.1852 0.9559 0.2281
vn 0.2563 0.8974 0.3591
vn 0.4172 0.8434 0.3386
vn 0.8307 0.3938 0.3936
vn 0.9811 -0.0681 -0.1811
vn 0.5048 0.7705 -0.3891
vn 0.1877 0.9277 -0.3227
vn -0.0148 0.9899 -0.1410
vn -0.1076 0.9935 0.0382
vn -0.1435 0.9896 0.0114
vn -0.1362 0.9903 -0.0263
vn -0.0750 0.9429 0.3246
vn -0.1284 0.8359 0.5337
vn -0.3434 0.9390 -0.0212
vn -0.2798 0.6820 -0.6758
vn -0.0246 0.9970 -0.0739
vn 0.0893 0.9358 0.3411
vn 0.1574 0.9836 0.0885
vn 0.1514 0.8954 -0.4188
vn 0.0635 0.9253 -0.3740
vn 0.0076 0.9999 -0.0121
vn 0.0008 1.0000 -0.0008
vn 0.4676 0.8797 0.0863
vn 0.4957 0.8684 0.0111
vn 0.1666 0.9293 0.3295
vn -0.1956 0.8778 0.4374
vn -0.3881 0.8572 0.3385
vn -0.5076 0.8616 0.0054
vn -0.4838 0.7647 -0.4256
vn -0.3348 0.6793 -0.6530
vn -0.1566 0.8139 -0.5595
vn 0.0605 0.9949 0.0802
vn 0.2327 0.9352 0.2670
vn 0.4957 0.8148 0.3007
vn 0.4676 -0.8558 0.2211
vn 0.2720 -0.9623 0.0075
vn 0.7511 0.5286 -0.3954
vn 0.1141 0.9819 -0.1509
vn -0.1067 0.9933 0.0447
vn -0.1984 0.9762 0.0873
vn -0.2329 0.9722 0.0238
vn -0.2315 0.9710 -0.0600
vn 0.1570 0.8848 0.4388
vn 0.4391 0.4112 0.7988
vn 0.7862 -0.4788 -0.3906
vn -0.0154 0.2848 -0.9585
vn 0.0774 0.9375 -0.3392
vn 0.2583 0.9374 0.2338
vn 0.4296 0.9012 0.0568
vn 0.3945 0.8812 -0.2603
vn 0.1433 0.9726 -0.1831
vn 0.0023 1.0000 -0.0023
vn 0.0265 0.9995 0.0144
vn 0.0341 0.9979 0.0556
vn -0.0505 0.8854 0.4621
vn -0.1003 0.8199 0.5636
vn -0.0546 0.8904 0.4518
vn 0.1016 0.9900 -0.0974
vn 0.0911 0.6794 -0.7281
vn -0.0104 0.5320 -0.8467
vn -0.0179 0.6899 -0.7237
vn 0.0692 0.9943 -0.0814
vn 0.1773 0.9734 0.1451
vn 0.3142 0.9400 0.1333
vn 0.4569 0.8879 0.0547
vn 0.4536 0.8885 -0.0691
vn 0.1643 0.9855 -0.0421
vn -0.0966 0.9904 0.0985
vn -0.2112 0.9636 0.1640
vn -0.2573 0.9591 0.1177
vn -0.2674 0.9635 0.0139
vn -0.2431 0.9644 -0.1046
vn 0.1017 0.9754 0.1957
vn 0.5939 0.4563 0.6626
vn 0.8348 -0.4774 -0.2743
vn -0.0491 0.4596 -0.8868
vn -0.2064 0.8492 -0.4861
vn 0.0491 0.9979 0.0428
vn 0.1626 0.9865 0.0178
vn 0.1147 0.9908 -0.0715
vn 0.0037 0.9984 0.0568
vn -0.0095 0.9982 0.0600
vn 0.0028 0.9985 0.0555
vn 0.0448 0.8632 0.5028
vn 0.1662 0.7845 0.5974
vn 0.4567 0.7963 0.3966
vn 0.7082 0.6907 -0.1463
vn 0.5872 0.5313 -0.6107
vn 0.3312 0.4798 -0.8125
vn 0.1406 0.6709 -0.7281
vn 0.0285 0.9939 -0.1066
vn 0.0426 0.9983 0.0404
vn 0.1293 0.9905 0.0475
vn 0.1884 0.9820 0.0109
vn 0.1061 0.9937 0.0360
vn -0.0622 0.9908 0.1202
vn -0.1618 0.9594 0.2311
vn -0.2084 0.9526 0.2216
vn -0.2333 0.9645 0.1234
vn -0.2347 0.9716 -0.0307
vn -0.1920 0.9631 -0.1884
vn 0.0076 0.9967 0.0807
vn 0.1836 0.8374 0.5148
vn 0.5882 0.7780 0.2206
vn 0.0046 0.7592 -0.6509
vn -0.1592 0.7120 -0.6839
vn -0.0436 0.9944 -0.0966
vn -0.0093 0.9980 0.0617
vn 0.0799 0.8992 0.4302
vn 0.2335 0.8208 0.5213
vn 0.3494 0.8754 0.3340
vn 0.3291 0.9421 -0.0638
vn 0.2778 0.8182 -0.5033
vn 0.2177 0.6928 -0.6875
vn 0.0844 0.8153 -0.5728
vn -0.0027 0.9967 -0.0808
vn 0.0011 1.0000 -0.0012
vn 0.0003 1.0000 -0.0001
vn 0.0021 1.0000 -0.0024
vn 0.0006 1.0000 -0.0002
vn -0.0075 0.9999 0.0110
vn -0.0473 0.9916 0.1203
vn -0.0826 0.9715 0.2220
vn -0.0988 0.9465 0.3072
vn -0.1183 0.9604 0.2524
vn -0.1301 0.9875 0.0884
vn -0.1104 0.9846 -0.1354
vn -0.0600 0.9466 -0.3168
vn -0.0188 0.9996 0.0188
vn -0.1829 0.9584 0.2189
vn -0.2167 0.8722 0.4385
vn 0.0219 0.9850 0.1711
vn 0.3331 0.8415 -0.4253
vn 0.2430 0.7898 -0.5631
vn 0.0549 0.9952 -0.0812
vn 0.0201 0.9984 0.0529
vn 0.0793 0.9412 0.3284
vn 0.1653 0.8861 0.4331
vn 0.2601 0.9034 0.3410
vn 0.3445 0.9388 0.0047
vn 0.3193 0.8230 -0.4697
vn 0.2070 0.7662 -0.6084
vn 0.1014 0.8901 -0.4444
vn 0.0225 0.9978 -0.0621
vn 0.0019 1.0000 -0.0023
vn 0.0036 1.0000 -0.0045
vn 0.0037 0.9997 0.0253
vn 0.0034 0.9841 0.1775
vn 0.0251 0.9619 0.2724
vn 0.0449 0.9309 0.3624
vn 0.0253 0.9573 0.2878
vn 0.0015 1.0000 0.0029
vn 0.0335 0.9574 -0.2867
vn 0.0915 0.8912 -0.4444
vn -0.0865 0.9888 0.1219
vn -0.2353 0.8830 0.4062
vn -0.2390 0.9180 0.3164
vn 0.0815 0.9217 -0.3793
vn 0.3452 0.7836 -0.5166
vn 0.2303 0.9475 -0.2220
vn -0.0212 0.9995 0.0212
vn -0.5163 0.7043 0.4872
vn -0.7327 0.5589 -0.3884
vn 0.0166 0.9997 0.0166
vn 0.1270 0.9661 0.2246
vn 0.3027 0.8805 0.3649
vn 0.4918 0.8165 0.3024
vn 0.6561 0.7546 0.0056
vn 0.6198 0.6917 -0.3707
vn 0.4185 0.7597 -0.4976
vn 0.1633 0.9440 -0.2867
vn 0.0194 0.9996 -0.0194
vn -0.0045 1.0000 0.0045
vn -0.0053 1.0000 0.0044
vn -0.0150 0.9999 -0.0034
vn -0.0146 0.9999 -0.0045
vn -0.0073 0.9999 0.0098
vn 0.0462 0.9877 0.1493
vn 0.0697 0.9561 0.2847
vn -0.0257 0.9204 0.3900
vn -0.1503 0.9272 0.3430
vn -0.2122 0.9690 0.1262
vn -0.1786 0.9621 -0.2063
vn -0.0648 0.8882 -0.4548
vn 0.0348 0.9853 0.1670
vn 0.0927 0.8884 0.4496
vn 0.1916 0.9649 0.1797
vn 0.2224 0.7831 -0.5807
vn 0.1097 0.8368 -0.5364
vn 0.0086 0.9999 -0.0086
vn 0.0043 1.0000 -0.0043
vn -0.0740 0.9877 0.1379
vn -0.1603 0.5753 0.8021
vn -0.3484 0.3204 -0.8809
vn -0.2224 0.5931 -0.7738
vn 0.4790 0.8579 0.1857
vn -0.2374 0.8845 0.4016
vn -0.4375 0.8615 0.2577
vn -0.4803 0.8760 -0.0448
vn -0.3874 0.8379 -0.3844
vn 0.0700 0.9951 0.0700
vn 0.2429 0.9145 0.3235
vn 0.4577 0.8826 0.1076
vn 0.4694 0.7921 -0.3901
vn 0.1960 0.9515 -0.2370
vn 0.1126 0.9872 0.1126
vn 0.1970 0.5057 0.8399
vn 0.6364 0.0335 -0.7707
vn 0.5945 0.5279 -0.6065
vn -0.0974 0.8929 0.4395
vn -0.3608 0.8847 0.2952
vn -0.5625 0.8262 -0.0326
vn -0.5339 0.7365 -0.4154
vn -0.0596 0.9964 0.0596
vn -0.1510 0.9498 0.2741
vn -0.2208 0.9728 0.0697
vn -0.2091 0.9016 -0.3787
vn -0.0841 0.9884 -0.1261
vn -0.0841 0.9929 0.0841
vn -0.3733 0.5837 0.7210
vn -0.9470 0.2219 0.2324
vn -0.7198 0.2181 -0.6590
vn -0.0707 0.9950 -0.0707
vn -0.0000 -0.0000 -0.0000
vn 0.0001 1.0000 -0.0001
vn -0.0001 1.0000 -0.0000
vn -0.0000 -0.0000 1.0000
vn -0.0000 1.0000 0.0001
vn -0.0000 1.0000 -0.0001
vn 0.0111 0.8933 0.4493
vn -0.1209 0.9391 0.3215
vn -0.3032 0.9452 -0.1207
vn -0.3076 0.7632 -0.5682
vn -0.0287 0.9897 0.1403
vn -0.1141 0.9282 0.3541
vn -0.1706 0.9852 0.0145
vn -0.1505 0.9019 -0.4048
vn -0.0801 0.9509 -0.2988
vn -0.0048 1.0000 -0.0048
vn -0.4085 0.7623 0.5020
vn -0.2074 0.5893 0.7809
vn -0.3096 0.0674 -0.9485
vn -0.2161 -0.0356 -0.9757
vn -0.1436 0.9453 -0.2930
vn 0.0001 1.0000 -0.0000
vn 0.1587 0.8931 0.4209
vn 0.1789 0.9363 0.3021
vn 0.1991 0.9705 -0.1357
vn 0.1631 0.7888 -0.5926
vn 0.0176 0.9890 0.1467
vn 0.0333 0.9097 0.4139
vn 0.0112 0.9921 0.1250
vn -0.0407 0.9025 -0.4287
vn -0.0413 0.9108 -0.4108
vn -0.0096 0.9999 -0.0096
vn 0.5011 0.6756 0.5408
vn 0.3266 0.5023 0.8007
vn 0.3536 -0.1758 -0.9188
vn 0.3121 0.0073 -0.9500
vn 0.1855 0.9534 -0.2381
vn -0.0001 1.0000 -0.0001
vn 0.2576 0.9022 0.3459
vn 0.3354 0.8722 0.3560
vn 0.4272 0.8727 0.2364
vn 0.5171 0.8514 -0.0876
vn 0.4859 0.7514 -0.4464
vn 0.0253 0.9938 0.1082
vn 0.0593 0.9113 0.4074
vn 0.1126 0.9652 0.2359
vn 0.1220 0.8626 -0.4910
vn 0.0478 0.8836 -0.4658
vn 0.0056 0.9999 -0.0141
vn 0.0420 0.9982 0.0420
vn 0.6444 0.4369 0.6276
vn 0.8952 -0.1093 -0.4320
vn 0.6698 0.3807 -0.6375
vn 0.0251 0.9994 -0.0251
vn 0.2879 0.9249 0.2484
vn 0.4039 0.8713 0.2788
vn 0.5112 0.8421 0.1717
vn 0.5876 0.8072 -0.0568
vn 0.5627 0.7713 -0.2975
vn 0.0441 0.9981 0.0441
vn 0.2325 0.8908 0.3904
vn 0.8810 0.4005 0.2519
vn 0.8353 0.2317 -0.4986
vn 0.2466 0.9140 -0.3221
vn 0.0021 1.0000 -0.0021
vn 0.0492 0.9988 -0.0044
vn 0.1410 0.9844 0.1050
vn 0.2911 0.9400 0.1782
vn 0.4149 0.9041 0.1025
vn 0.4843 0.8736 -0.0481
vn 0.4444 0.8801 -0.1674
vn -0.1873 0.9643 0.1873
vn -0.5087 0.8030 0.3104
vn -0.6969 0.6189 -0.3622
vn -0.1809 0.9195 -0.3490
vn 0.0316 0.9990 -0.0316
vn -0.0329 0.9836 0.1773
vn -0.0802 0.8675 0.4910
vn -0.1329 0.8328 0.5374
vn -0.1901 0.5119 -0.8377
vn -0.1100 0.6940 -0.7115
vn -0.0278 0.9926 -0.1181
vn 0.0036 1.0000 0.0021
vn 0.0018 1.0000 0.0010
vn 0.0029 1.0000 0.0005
vn 0.0044 1.0000 0.0007
vn 0.0051 1.0000 -0.0006
vn -0.0329 0.9989 0.0332
vn -0.1234 0.9897 0.0719
vn -0.1648 0.9819 0.0937
vn -0.1306 0.9911 0.0264
vn -0.0719 0.9939 -0.0831
vn -0.0197 0.9919 -0.1251
vn -0.0878 0.9121 0.4004
vn -0.2001 0.8108 0.5500
vn -0.3335 0.5292 -0.7802
vn -0.1398 0.7124 -0.6877
vn 0.0375 0.9840 0.1741
vn 0.0922 0.8658 0.4917
vn 0.1535 0.8270 0.5408
vn 0.2525 0.8681 0.4274
vn 0.3980 0.9150 -0.0655
vn 0.3445 0.6339 -0.6925
vn 0.2185 0.4978 -0.8393
vn 0.1262 0.6920 -0.7108
vn 0.0323 0.9928 -0.1155
vn -0.0001 1.0000 0.0001
vn -0.0289 0.9992 0.0289
vn -0.1238 0.9831 0.1352
vn -0.2257 0.9605 0.1626
vn -0.2948 0.9503 0.1005
vn -0.3288 0.9443 -0.0144
vn -0.3135 0.9401 -0.1340
vn -0.2397 0.9515 -0.1931
vn 0.2653 0.9210 0.2851
vn 0.5903 0.6957 0.4093
vn 0.7816 0.4203 -0.4609
vn 0.3967 0.8008 -0.4487
vn 0.0653 0.9947 0.0797
vn 0.2117 0.8939 0.3951
vn 0.3656 0.8126 0.4538
vn 0.5367 0.7798 0.3222
vn 0.6931 0.7197 -0.0400
vn 0.6592 0.5872 -0.4698
vn 0.4886 0.5701 -0.6605
vn 0.2561 0.8248 -0.5042
vn 0.0403 0.9984 -0.0407
vn -0.0010 1.0000 0.0011
vn -0.0016 1.0000 0.0017
vn -0.0521 0.9930 0.1064
vn -0.1367 0.9614 0.2387
vn -0.2099 0.9474 0.2415
vn -0.2742 0.9499 0.1499
vn -0.3155 0.9487 -0.0223
vn -0.3063 0.9285 -0.2097
vn -0.2447 0.9170 -0.3150
vn -0.0242 0.9994 0.0242
vn -0.1500 0.9812 0.1211
vn -0.0587 0.9891 0.1351
vn 0.1017 0.9583 -0.2672
vn 0.0174 0.9993 -0.0333
vn 0.0074 0.9999 0.0074
vn 0.1710 0.9670 0.1888
vn 0.4047 0.8611 0.3078
vn 0.5866 0.7809 0.2148
vn 0.6978 0.7159 -0.0244
vn 0.6714 0.6810 -0.2923
vn 0.4810 0.7810 -0.3984
vn 0.1582 0.9724 -0.1713
vn 0.0002 1.0000 -0.0002
vn -0.0014 1.0000 0.0015
vn -0.0030 1.0000 0.0033
vn -0.0301 0.9835 0.1782
vn -0.0689 0.9489 0.3079
vn -0.1061 0.9444 0.3112
vn -0.1491 0.9669 0.2069
vn -0.1836 0.9824 -0.0333
vn -0.1744 0.9369 -0.3031
vn -0.1316 0.8921 -0.4323
vn -0.0013 1.0000 0.0013
vn -0.1121 0.9807 0.1605
vn -0.3689 0.8597 0.3533
vn -0.6467 0.7575 -0.0894
vn -0.4108 0.7757 -0.4792
vn -0.0888 0.9903 -0.1067
vn 0.0174 0.9997 0.0174
vn 0.1451 0.9830 0.1122
vn 0.3396 0.9358 0.0941
vn 0.4301 0.9027 -0.0110
vn 0.3413 0.9328 -0.1155
vn 0.1193 0.9872 -0.1061
vn -0.0413 0.9987 0.0302
vn -0.1021 0.9946 0.0179
vn -0.0912 0.9955 -0.0255
vn -0.0137 0.9860 0.1660
vn 0.0404 0.9419 0.3336
vn 0.0691 0.9334 0.3522
vn 0.1034 0.9631 0.2485
vn 0.1349 0.9900 -0.0423
vn 0.1243 0.9188 -0.3746
vn 0.0878 0.8605 -0.5018
vn -0.0025 1.0000 0.0025
vn -0.1048 0.9361 0.3358
vn -0.1532 0.9087 0.3884
vn -0.1449 0.9692 -0.1989
vn -0.0463 0.7955 -0.6042
vn 0.0084 0.9844 -0.1757
vn 0.0011 1.0000 0.0011
vn 0.0001 1.0000 0.0016
vn 0.0029 1.0000 0.0007
vn -0.0008 1.0000 0.0021
vn 0.0035 1.0000 -0.0009
vn -0.0290 0.9992 0.0290
vn -0.1888 0.9715 0.1432
vn -0.3966 0.9019 0.1710
vn -0.5158 0.8551 0.0526
vn -0.5304 0.8404 -0.1110
vn -0.3782 0.9214 -0.0892
vn -0.0321 0.9864 0.1610
vn 0.2211 0.9237 0.3130
vn 0.3529 0.9068 0.2307
vn 0.4412 0.8966 -0.0373
vn 0.4133 0.8454 -0.3384
vn 0.2980 0.8372 -0.4586
vn -0.0256 0.9992 0.0305
vn -0.0190 0.9207 0.3897
vn 0.0297 0.9454 0.3244
vn 0.1222 0.9259 -0.3575
vn 0.1343 0.7853 -0.6043
vn 0.0544 0.9933 -0.1015
vn -0.0017 1.0000 0.0017
vn -0.0051 1.0000 0.0051
vn -0.1324 0.9750 0.1782
vn -0.3376 0.8753 0.3463
vn -0.4886 0.8244 0.2857
vn -0.6018 0.7949 0.0778
vn -0.6397 0.7413 -0.2032
vn -0.5548 0.7321 -0.3953
vn -0.2708 0.9105 -0.3125
vn 0.2082 0.9734 0.0953
vn 0.4451 0.8799 0.1666
vn 0.5295 0.8479 -0.0258
vn 0.4953 0.8361 -0.2357
vn 0.3515 0.8816 -0.3149
vn 0.0242 0.9991 0.0337
vn 0.1159 0.9288 0.3521
vn 0.2703 0.9219 0.2777
vn 0.3480 0.8552 -0.3842
vn 0.1597 0.8640 -0.4774
vn 0.0205 0.9995 -0.0245
vn -0.0346 0.9984 0.0447
vn -0.1466 0.9252 0.3500
vn -0.2643 0.8282 0.4942
vn -0.3904 0.8240 0.4107
vn -0.5347 0.8359 0.1236
vn -0.5847 0.7384 -0.3360
vn -0.4730 0.6008 -0.6445
vn -0.2855 0.6548 -0.6998
vn 0.0841 0.9454 -0.3148
vn 0.3368 0.9383 0.0780
vn 0.4008 0.9161 -0.0138
vn 0.3483 0.9300 -0.1175
vn 0.1900 0.9742 -0.1217
vn 0.0048 1.0000 0.0048
vn 0.0024 1.0000 0.0024
vn 0.0033 1.0000 0.0033
vn 0.1688 0.9710 0.1696
vn 0.4607 0.8735 0.1573
vn 0.5116 0.8367 -0.1956
vn 0.1806 0.9661 -0.1843
vn 0.0018 1.0000 -0.0018
vn 0.0005 1.0000 -0.0005
vn -0.0114 0.9960 0.0888
vn -0.0354 0.9014 0.4315
vn -0.0548 0.7943 0.6051
vn -0.0849 0.8255 0.5580
vn -0.1428 0.9725 0.1839
vn -0.1529 0.7929 -0.5898
vn -0.0982 0.4855 -0.8687
vn -0.0618 0.4801 -0.8750
vn -0.0046 0.8324 -0.5542
vn 0.0645 0.9979 0.0042
vn 0.0867 0.9962 -0.0036
vn 0.0558 0.9981 -0.0268
vn 0.0141 0.9998 -0.0141
vn 0.0013 1.0000 0.0013
vn 0.0017 1.0000 0.0017
vn 0.0052 1.0000 0.0052
vn 0.0368 0.9990 0.0262
vn 0.0359 0.9989 -0.0286
vn 0.0036 1.0000 -0.0036
vn 0.0279 0.9969 0.0732
vn 0.1087 0.9078 0.4051
vn 0.2131 0.7551 0.6200
vn 0.3774 0.7091 0.5956
vn 0.6451 0.7429 0.1789
vn 0.6456 0.5362 -0.5438
vn 0.4375 0.3426 -0.8314
vn 0.2904 0.4179 -0.8608
vn 0.1327 0.8462 -0.5160
vn 0.0096 0.9999 -0.0099
vn 0.0049 1.0000 -0.0050
vn 0.0024 1.0000 -0.0025
vn 0.0048 1.0000 -0.0049
vn -0.1102 0.9878 0.1102
vn -0.2933 0.9513 0.0948
vn -0.3204 0.9418 -0.1017
vn -0.1239 0.9845 -0.1239
vn 0.0232 0.9995 0.0232
vn 0.1504 0.9497 0.2747
vn 0.3744 0.7898 0.4858
vn 0.6301 0.6105 0.4798
vn 0.8717 0.4629 0.1611
vn 0.8944 0.3381 -0.2928
vn 0.7314 0.3240 -0.6000
vn 0.5011 0.5525 -0.6661
vn 0.1618 0.9565 -0.2427
vn -0.0004 1.0000 0.0004
vn -0.0413 0.9983 0.0413
vn -0.2161 0.9198 0.3274
vn -0.4160 0.8813 0.2243
vn -0.5043 0.8211 -0.2674
vn -0.2966 0.8439 -0.4472
vn -0.0448 0.9980 -0.0448
vn 0.0929 0.9911 0.0950
vn 0.3016 0.9179 0.2577
vn 0.5536 0.7779 0.2973
vn 0.7814 0.6128 0.1180
vn 0.8303 0.5323 -0.1652
vn 0.6759 0.6357 -0.3728
vn 0.3120 0.9027 -0.2964
vn 0.0380 0.9986 -0.0380
vn -0.0024 1.0000 0.0024
vn -0.0037 1.0000 0.0037
vn -0.0015 1.0000 0.0015
vn -0.0207 0.9996 0.0178
vn 0.0039 0.9969 0.0784
vn 0.0128 0.8863 0.4629
vn 0.0286 0.9336 0.3573
vn 0.0406 0.8656 -0.4990
vn 0.0197 0.7068 -0.7072
vn 0.0043 0.9961 -0.0883
vn -0.0591 0.9965 0.0591
vn -0.2785 0.9445 0.1739
vn -0.4367 0.8987 -0.0398
vn -0.1664 0.9763 -0.1385
vn 0.2075 0.9755 0.0734
vn 0.3354 0.9414 0.0364
vn 0.3262 0.9430 -0.0655
vn 0.1713 0.9794 -0.1065
vn 0.0319 0.9990 -0.0319
vn -0.0003 1.0000 0.0003
vn -0.0036 1.0000 0.0036
vn -0.0097 0.9999 0.0097
vn -0.0685 0.9962 0.0545
vn -0.1362 0.9887 0.0628
vn 0.0384 0.9985 0.0384
vn 0.2551 0.8984 0.3575
vn 0.5570 0.7824 0.2785
vn 0.6830 0.6487 -0.3358
vn 0.3569 0.7904 -0.4980
vn 0.0417 0.9983 -0.0417
vn -0.2054 0.9311 0.3013
vn -0.4599 0.7980 0.3894
vn -0.6998 0.7070 -0.1021
vn -0.5358 0.5989 -0.5952
vn -0.1791 0.9612 -0.2098
vn -0.0005 1.0000 0.0045
vn -0.0018 1.0000 0.0011
vn -0.0028 1.0000 -0.0024
vn -0.0011 1.0000 0.0011
vn -0.0542 0.9961 0.0693
vn -0.1284 0.9831 0.1306
vn -0.1771 0.9778 0.1121
vn 0.0989 0.9902 0.0989
vn 0.3084 0.9453 0.1063
vn 0.3406 0.9331 -0.1153
vn 0.1103 0.9878 -0.1103
vn -0.0057 0.8941 0.4479
vn -0.0141 0.8462 0.5326
vn -0.0311 0.9787 -0.2030
vn -0.0261 0.4911 -0.8707
vn -0.1189 0.9413 -0.3161
vn -0.2381 0.9691 0.0643
vn -0.3021 0.9533 -0.0035
vn -0.2436 0.9672 -0.0720
vn -0.1004 0.9920 -0.0771
vn -0.0112 0.9999 -0.0112
vn -0.0161 0.9997 0.0182
vn -0.0679 0.9859 0.1532
vn -0.1216 0.9721 0.2008
vn -0.1612 0.9729 0.1658
vn -0.0414 0.9983 0.0414
vn -0.1161 0.9927 0.0339
vn -0.0852 0.9937 -0.0729
vn -0.0060 1.0000 -0.0060
vn -0.0020 1.0000 -0.0020
vn 0.2041 0.9266 0.3159
vn 0.4611 0.7885 0.4069
vn 0.7111 0.6955 -0.1029
vn 0.4750 0.6708 -0.5695
vn -0.1785 0.9814 0.0712
vn -0.4517 0.8774 0.1614
vn -0.5355 0.8445 -0.0083
vn -0.5418 0.8404 -0.0131
vn -0.5360 0.8442 -0.0088
vn -0.5131 0.8349 -0.1992
vn -0.3636 0.8902 -0.2746
vn -0.1294 0.9816 -0.1405
vn -0.0167 0.9991 0.0388
vn -0.0355 0.9751 0.2189
vn -0.0613 0.9592 0.2759
vn -0.0862 0.9669 0.2403
vn -0.0557 0.9969 0.0557
vn -0.2980 0.9142 0.2747
vn -0.5481 0.8293 0.1090
vn -0.5463 0.7812 -0.3021
vn -0.2181 0.9483 -0.2306
vn 0.0688 0.9953 0.0688
vn 0.3067 0.9337 0.1846
vn 0.4291 0.9030 0.0210
vn 0.0331 0.9927 0.1162
vn -0.3006 0.8905 0.3417
vn -0.4352 0.8666 0.2443
vn -0.5423 0.8401 -0.0133
vn -0.5324 0.7819 -0.3244
vn -0.4055 0.7783 -0.4793
vn -0.2169 0.9001 -0.3777
vn -0.0407 0.9991 -0.0150
vn 0.0304 0.9668 0.2537
vn 0.0579 0.9345 0.3513
vn 0.0914 0.9347 0.3435
vn -0.0576 0.9851 0.1619
vn -0.1511 0.8678 0.4734
vn -0.3123 0.9256 0.2137
vn -0.3303 0.7131 -0.6184
vn -0.1388 0.8018 -0.5813
vn -0.0074 0.9999 -0.0074
vn -0.0000 1.0000 -0.0037
vn -0.0361 0.9866 0.1594
vn -0.0944 0.9203 0.3797
vn -0.1554 0.8959 0.4161
vn -0.2374 0.9194 0.3136
vn -0.3284 0.9444 -0.0192
vn -0.3163 0.8334 -0.4533
vn -0.2239 0.7479 -0.6249
vn -0.1300 0.8334 -0.5371
vn -0.0197 0.9915 -0.1284
vn 0.0894 0.9708 0.2226
vn 0.2087 0.9010 0.3803
vn 0.3689 0.8300 0.4183
vn 0.0833 0.9865 0.1413
vn 0.2302 0.8598 0.4558
vn 0.4547 0.8668 0.2045
vn 0.4750 0.6653 -0.5760
vn 0.2048 0.8229 -0.5299
vn 0.0074 0.9999 -0.0074
vn 0.0037 1.0000 -0.0037
vn 0.0147 0.9841 0.1770
vn 0.0372 0.9207 0.3884
vn 0.0605 0.9054 0.4201
vn 0.0936 0.9434 0.3181
vn 0.1321 0.9910 -0.0198
vn 0.1267 0.8746 -0.4680
vn 0.0883 0.7642 -0.6389
vn 0.0519 0.8291 -0.5567
vn 0.0187 0.9849 -0.1720
vn 0.0766 0.9913 0.1069
vn 0.2668 0.9198 0.2877
vn 0.5306 0.7691 0.3563
vn 0.0276 0.9990 0.0342
vn 0.0758 0.9284 0.3638
vn 0.0850 0.9729 0.2152
vn 0.0331 0.8985 -0.4377
vn -0.0131 0.9332 -0.3591
vn 0.0528 0.9919 0.1151
vn 0.1444 0.9332 0.3292
vn 0.2359 0.9030 0.3591
vn 0.3364 0.9070 0.2535
vn 0.4261 0.9046 -0.0141
vn 0.4214 0.8389 -0.3446
vn 0.3233 0.7954 -0.5126
vn 0.1886 0.8772 -0.4415
vn 0.0520 0.9933 -0.1028
vn 0.0169 0.9997 0.0169
vn 0.1191 0.9881 0.0972
vn 0.3437 0.9242 0.1664
vn -0.0544 0.9967 0.0605
vn -0.1862 0.9168 0.3534
vn -0.3289 0.9222 0.2035
vn -0.3866 0.8728 -0.2980
vn -0.2287 0.8556 -0.4645
vn -0.0350 0.9988 -0.0350
vn 0.0328 0.9989 0.0328
vn 0.1575 0.9665 0.2026
vn 0.3016 0.9173 0.2601
vn 0.4162 0.8919 0.1772
vn 0.4915 0.8708 -0.0091
vn 0.4828 0.8468 -0.2233
vn 0.3739 0.8645 -0.3359
vn 0.1745 0.9575 -0.2298
vn 0.0009 1.0000 -0.0010
vn -0.0842 0.9956 0.0407
vn -0.1372 0.9901 0.0282
vn -0.1181 0.9930 -0.0008
vn 0.0301 0.9953 0.0920
vn 0.0996 0.8566 0.5063
vn 0.2402 0.8885 0.3910
vn 0.3142 0.7037 -0.6373
vn 0.1332 0.6746 -0.7261
vn 0.0226 0.9984 -0.0515
vn 0.0578 0.9967 0.0578
vn 0.2023 0.9714 0.1240
vn 0.3350 0.9369 0.1001
vn 0.3942 0.9190 -0.0051
vn 0.3603 0.9255 -0.1170
vn 0.2128 0.9675 -0.1367
vn 0.0153 0.9998 -0.0152
vn -0.1486 0.9804 0.1290
vn -0.2762 0.9514 0.1366
vn -0.3543 0.9332 0.0592
vn -0.3721 0.9264 -0.0581
vn 0.0319 0.9990 0.0319
vn 0.3239 0.8745 0.3611
vn 0.7809 0.5560 0.2846
vn 0.8520 0.3512 -0.3882
vn 0.3729 0.8192 -0.4357
vn 0.0142 0.9998 -0.0142
vn -0.0014 1.0000 0.0014
vn -0.0018 1.0000 0.0018
vn -0.0017 1.0000 -0.0017
vn 0.0156 0.9998 0.0156
vn 0.0593 0.9978 0.0285
vn 0.0870 0.9962 -0.0016
vn 0.0567 0.9979 -0.0305
vn 0.0048 1.0000 -0.0048
vn -0.1007 0.9840 0.1471
vn -0.2298 0.9374 0.2616
vn -0.3279 0.9166 0.2286
vn -0.3961 0.9139 0.0885
vn -0.4192 0.9013 -0.1095
vn 0.0511 0.9974 0.0511
vn 0.1875 0.9793 0.0763
vn 0.1846 0.9781 -0.0961
vn 0.0394 0.9984 -0.0394
vn -0.0025 1.0000 -0.0025
vn -0.0055 1.0000 0.0055
vn -0.0520 0.9978 0.0421
vn -0.0956 0.9954 0.0080
vn -0.0713 0.9967 -0.0400
vn -0.0171 0.9997 -0.0171
vn -0.0009 1.0000 0.0009
vn -0.0012 1.0000 0.0012
vn -0.0132 0.9998 0.0132
vn -0.0357 0.9993 0.0096
vn -0.0298 0.9994 -0.0161
vn -0.0069 1.0000 -0.0069
vn -0.0034 1.0000 -0.0034
vn -0.0002 1.0000 0.0002
vn -0.0213 0.9991 0.0372
vn -0.0992 0.9559 0.2763
vn -0.1750 0.9114 0.3724
vn -0.2289 0.9201 0.3179
vn -0.2716 0.9555 0.1151
vn -0.2860 0.9386 -0.1931
vn -0.0028 1.0000 0.0028
vn -0.0471 0.9978 0.0471
vn -0.1654 0.9826 0.0841
vn -0.2193 0.9752 -0.0295
vn -0.1170 0.9878 -0.1029
vn -0.0075 0.9999 -0.0075
vn -0.0127 0.9998 0.0127
vn -0.0254 0.9997 0.0003
vn -0.0132 0.9998 -0.0131
vn -0.0002 1.0000 -0.0000
vn -0.0056 1.0000 0.0056
vn -0.1065 0.9886 0.1063
vn -0.2135 0.9700 0.1161
vn -0.2617 0.9650 0.0182
vn -0.2518 0.9623 -0.1028
vn -0.1563 0.9781 -0.1373
vn -0.0287 0.9992 -0.0287
vn -0.0933 0.9919 0.0864
vn -0.2522 0.9614 0.1105
vn -0.3558 0.9337 0.0399
vn -0.3555 0.9316 -0.0758
vn -0.2267 0.9658 -0.1255
vn -0.0596 0.9964 -0.0596
vn -0.0097 0.9978 0.0660
vn -0.0243 0.9349 0.3540
vn -0.0315 0.8906 0.4538
vn -0.0283 0.9178 0.3961
vn -0.0086 0.9917 0.1281
vn 0.0179 0.9569 -0.2898
vn -0.0018 1.0000 0.0047
vn -0.0036 0.9999 0.0094
vn -0.1274 0.9721 0.1968
vn -0.2902 0.9297 0.2269
vn -0.3867 0.9184 -0.0835
vn -0.2897 0.8989 -0.3287
vn -0.1321 0.9906 -0.0350
vn -0.1791 0.9784 0.1034
vn -0.2752 0.9601 0.0490
vn -0.3267 0.9450 0.0151
vn -0.3294 0.9434 -0.0378
vn -0.2297 0.9660 -0.1186
vn -0.0647 0.9958 -0.0647
vn -0.0006 1.0000 0.0006
vn -0.0433 0.9976 0.0536
vn -0.1330 0.9611 0.2419
vn -0.2104 0.9550 0.2090
vn -0.2609 0.9648 0.0336
vn -0.2625 0.9448 -0.1964
vn -0.1961 0.9300 -0.3109
vn -0.0746 0.9888 -0.1292
vn -0.0333 0.9989 0.0333
vn -0.1088 0.9930 0.0458
vn -0.1520 0.9884 -0.0014
vn -0.1097 0.9928 -0.0491
vn -0.0316 0.9990 -0.0316
vn -0.0043 1.0000 0.0043
vn -0.0086 0.9999 0.0086
vn -0.1130 0.9882 0.1035
vn -0.2768 0.9302 0.2412
vn -0.3981 0.8936 0.2073
vn -0.4752 0.8768 0.0734
vn -0.5004 0.8520 -0.1539
vn -0.4151 0.8520 -0.3191
vn -0.2144 0.9414 -0.2603
vn -0.0365 0.9987 -0.0365
vn -0.0187 0.9997 0.0187
vn -0.0812 0.9957 0.0453
vn -0.1485 0.9886 0.0267
vn -0.1484 0.9880 0.0418
vn -0.0487 0.9486 0.3127
vn 0.0530 0.8875 0.4577
vn 0.1225 0.8979 0.4228
vn 0.1959 0.9728 0.1235
vn 0.2266 0.9169 -0.3287
vn 0.0014 1.0000 0.0051
vn 0.0029 0.9999 0.0102
vn -0.0587 0.9342 0.3518
vn -0.2142 0.8803 0.4232
vn -0.4092 0.9043 -0.1213
vn -0.3197 0.7354 -0.5975
vn -0.1764 0.9818 -0.0708
vn -0.1864 0.9567 0.2234
vn -0.2909 0.9406 0.1749
vn -0.3650 0.9297 0.0484
vn -0.3934 0.9186 -0.0389
vn -0.3757 0.8767 -0.3005
vn -0.1890 0.9385 -0.2890
vn -0.0119 0.9999 -0.0119
vn -0.0129 0.9998 0.0129
vn -0.0598 0.9976 0.0351
vn -0.0782 0.9968 -0.0176
vn -0.0277 0.9923 0.1207
vn -0.0724 0.9311 0.3574
vn -0.0830 0.9473 0.3096
vn -0.0740 0.9948 0.0702
vn -0.0734 0.9127 -0.4019
vn -0.0458 0.8402 -0.5403
vn -0.0554 0.9806 -0.1881
vn -0.1495 0.9786 0.1413
vn -0.2593 0.9579 0.1230
vn -0.3124 0.9499 -0.0037
vn -0.2861 0.9476 -0.1423
vn -0.1626 0.9741 -0.1572
vn -0.0346 0.9988 -0.0342
vn -0.0183 0.9997 0.0179
vn -0.0500 0.9987 0.0140
vn -0.0535 0.9985 -0.0111
vn -0.0469 0.9989 0.0047
vn -0.1123 0.9905 0.0795
vn -0.2541 0.9282 0.2719
vn -0.3567 0.8748 0.3279
vn -0.4086 0.8834 0.2295
vn -0.4302 0.8988 0.0838
vn -0.4428 0.8607 -0.2513
vn -0.3587 0.7847 -0.5056
vn -0.2208 0.8409 -0.4941
vn -0.0665 0.9877 -0.1418
vn -0.0222 0.9995 0.0222
vn -0.1130 0.9879 0.1065
vn -0.2196 0.9672 0.1279
vn -0.2871 0.9555 0.0679
vn -0.2935 0.9558 -0.0153
vn -0.1716 0.9718 0.1616
vn 0.0214 0.9362 0.3509
vn 0.1995 0.9031 0.3803
vn 0.3304 0.9346 0.1316
vn 0.3545 0.8787 -0.3197
vn 0.0014 1.0000 0.0023
vn 0.0027 1.0000 0.0047
vn 0.0665 0.9176 0.3919
vn 0.0126 0.7816 0.6236
vn -0.1195 0.9676 -0.2225
vn -0.1403 0.5960 -0.7906
vn -0.1072 0.9694 -0.2206
vn 0.0458 0.9394 0.3398
vn 0.1353 0.9399 0.3134
vn 0.0665 0.9944 0.0815
vn -0.1107 0.9938 0.0064
vn -0.1257 0.8094 -0.5737
vn -0.1017 0.8657 -0.4901
vn -0.1763 0.9822 0.0648
vn -0.2596 0.9657 0.0055
vn -0.2801 0.9589 0.0449
vn -0.3203 0.9429 0.0911
vn -0.3514 0.9347 -0.0535
vn -0.2892 0.9488 -0.1274
vn -0.2221 0.9750 0.0104
vn -0.2057 0.9747 0.0869
vn -0.0616 0.9461 0.3181
vn 0.3172 0.8584 0.4032
vn 0.7687 0.6277 0.1230
vn 0.6458 0.3976 -0.6517
vn 0.3295 0.6262 -0.7066
vn 0.0101 0.9990 -0.0440
vn -0.1445 0.9557 0.2564
vn -0.2255 0.9532 0.2012
vn -0.2838 0.9589 -0.0064
vn -0.2687 0.9299 -0.2512
vn -0.1789 0.9289 -0.3244
vn -0.1036 0.9917 -0.0760
vn -0.1373 0.9869 0.0845
vn -0.2070 0.9772 0.0465
vn -0.2290 0.9731 -0.0252
vn -0.2310 0.9727 0.0233
vn -0.2256 0.9652 0.1321
vn -0.2129 0.9006 0.3789
vn -0.2314 0.8995 0.3705
vn -0.2023 0.9543 0.2201
vn -0.1343 0.9892 0.0579
vn -0.0968 0.9237 -0.3706
vn -0.0675 0.7498 -0.6583
vn -0.0400 0.7803 -0.6241
vn -0.0129 0.9733 -0.2290
vn -0.0369 0.9986 0.0369
vn -0.1849 0.9704 0.1552
vn -0.3388 0.9168 0.2116
vn -0.4126 0.8987 0.1484
vn -0.4060 0.9133 0.0328
vn -0.3620 0.9292 -0.0741
vn -0.2618 0.9646 -0.0325
vn -0.0414 0.9903 0.1323
vn 0.2071 0.9471 0.2453
vn 0.3559 0.9253 0.1308
vn 0.3853 0.8814 -0.2733
vn -0.0010 1.0000 0.0010
vn -0.1816 0.8905 0.4171
vn -0.3394 0.7999 0.4950
vn -0.2571 0.8214 -0.5092
vn 0.0178 0.5895 -0.8075
vn 0.1120 0.8350 -0.5387
vn 0.3764 0.8745 0.3059
vn 0.6503 0.7259 0.2239
vn 0.6524 0.7241 0.2237
vn 0.6506 0.7256 0.2239
vn 0.6527 0.7238 0.2237
vn 0.5436 0.8278 0.1390
vn 0.3023 0.7137 -0.6319
vn -0.2123 0.9676 -0.1369
vn -0.4127 0.8911 0.1886
vn -0.5143 0.8571 0.0293
vn -0.4837 0.8705 -0.0909
vn -0.3581 0.9288 0.0957
vn -0.3614 0.9278 -0.0923
vn -0.3547 0.9125 -0.2036
vn -0.3237 0.9459 0.0243
vn -0.3173 0.9469 0.0516
vn -0.1481 0.9889 0.0109
vn 0.6077 0.7799 0.1500
vn 0.9793 0.1993 0.0348
vn 0.8886 0.1843 -0.4200
vn 0.4291 0.7939 -0.4309
vn 0.0494 0.9885 0.1427
vn 0.0525 0.9870 0.1521
vn 0.0494 0.9885 0.1429
vn -0.0163 0.9457 0.3247
vn -0.0275 0.9623 0.2707
vn -0.0383 0.9992 -0.0095
vn -0.0351 0.9312 -0.3627
vn -0.0386 0.9073 -0.4188
vn -0.0968 0.9948 -0.0316
vn -0.1688 0.9715 0.1662
vn -0.2314 0.9692 0.0839
vn -0.2684 0.9631 -0.0192
vn -0.2635 0.9642 0.0281
vn -0.2155 0.9717 0.0971
vn -0.0839 0.9227 0.3763
vn 0.0301 0.9305 0.3651
vn 0.1694 0.9723 0.1608
vn 0.3392 0.9402 -0.0311
vn 0.4163 0.8285 -0.3746
vn 0.3215 0.7058 -0.6313
vn 0.1895 0.7833 -0.5921
vn 0.0571 0.9809 -0.1859
vn -0.0470 0.9978 0.0470
vn -0.1912 0.9663 0.1724
vn -0.3421 0.8877 0.3081
vn -0.4561 0.8476 0.2712
vn -0.5256 0.8428 0.1157
vn -0.5168 0.8512 -0.0915
vn -0.3991 0.8887 -0.2256
vn -0.2533 0.9462 -0.2014
vn -0.1124 0.9866 -0.1180
vn 0.0796 0.9965 0.0242
vn 0.2155 0.9730 0.0827
vn 0.2454 0.9497 -0.1945
vn -0.0178 0.9997 0.0178
vn -0.2831 0.9241 0.2567
vn -0.4674 0.7316 0.4963
vn -0.5936 0.7563 0.2750
vn -0.1404 0.5661 -0.8123
vn 0.3734 0.3778 -0.8473
vn 0.3275 0.7777 -0.5366
vn 0.1888 0.9783 0.0852
vn 0.4041 0.9103 0.0895
vn 0.5588 0.8009 0.2149
vn 0.5470 0.7945 0.2635
vn 0.0153 0.9993 -0.0355
vn -0.3644 0.9132 0.1826
vn -0.3639 0.9043 0.2232
vn -0.3238 0.9457 0.0290
vn -0.1742 0.9096 -0.3772
vn -0.0080 0.9914 0.1306
vn -0.0085 0.9892 -0.1461
vn -0.0274 0.9443 -0.3278
vn -0.1104 0.9895 0.0934
vn -0.1893 0.9802 0.0573
vn -0.1579 0.9445 -0.2882
vn 0.0578 0.9294 -0.3644
vn 0.3401 0.9299 -0.1403
vn 0.2658 0.9584 -0.1040
vn 0.0634 0.9960 -0.0629
vn 0.0526 0.9869 0.1523
vn 0.1470 0.9373 0.3160
vn 0.2540 0.9276 0.2740
vn 0.3532 0.9355 -0.0096
vn 0.3212 0.8747 -0.3631
vn 0.1746 0.9137 -0.3669
vn -0.0012 0.9959 0.0907
vn -0.0862 0.9707 0.2241
vn -0.1248 0.9850 0.1195
vn -0.1309 0.9909 -0.0322
vn -0.0848 0.9962 -0.0210
vn -0.0266 0.9993 0.0247
vn 0.1211 0.9621 0.2445
vn 0.3060 0.9089 0.2834
vn 0.4737 0.8776 0.0736
vn 0.5804 0.8055 -0.1198
vn 0.6065 0.7346 -0.3040
vn 0.5008 0.7372 -0.4536
vn 0.2709 0.8810 -0.3878
vn 0.0524 0.9970 -0.0577
vn -0.0889 0.9824 0.1642
vn -0.2122 0.9255 0.3137
vn -0.2883 0.8641 0.4126
vn -0.3620 0.8721 0.3294
vn -0.4026 0.9108 0.0912
vn -0.3502 0.9046 -0.2431
vn -0.2057 0.8752 -0.4379
vn -0.0373 0.9419 -0.3338
vn 0.0384 0.9802 -0.1945
vn 0.0468 0.9942 -0.0969
vn 0.0702 0.9971 0.0292
vn 0.0757 0.9886 -0.1302
vn -0.0574 0.9941 0.0916
vn -0.1992 0.8389 0.5064
vn -0.2652 0.7603 0.5929
vn -0.1979 0.9766 0.0839
vn 0.3711 0.4094 -0.8335
vn 0.3559 0.4259 -0.8318
vn 0.1213 0.9758 -0.1821
vn -0.0221 0.9886 0.1488
vn -0.1107 0.9260 0.3610
vn -0.2418 0.9234 0.2983
vn -0.2099 0.9636 0.1658
vn 0.1275 0.9887 0.0784
vn 0.4332 0.8998 -0.0525
vn 0.5132 0.7183 -0.4697
vn 0.5281 0.8401 0.1237
vn 0.6304 0.7620 -0.1481
vn 0.4939 0.8146 -0.3040
vn 0.2513 0.9438 0.2148
vn 0.2318 0.9702 0.0702
vn 0.2274 0.8959 -0.3816
vn 0.1295 0.8754 -0.4658
vn 0.0368 0.9886 -0.1463
vn 0.0519 0.9972 0.0539
vn 0.1952 0.9597 0.2023
vn 0.3661 0.9108 0.1907
vn 0.4749 0.8800 -0.0062
vn 0.4252 0.8748 -0.2322
vn 0.2281 0.9576 -0.1761
vn 0.0753 0.9805 0.1816
vn 0.0632 0.9689 0.2393
vn 0.0945 0.9868 0.1312
vn 0.1346 0.9878 -0.0779
vn 0.1826 0.9780 -0.1010
vn 0.2211 0.9745 -0.0385
vn 0.2516 0.9627 0.0999
vn 0.3808 0.9167 0.1212
vn 0.5421 0.8402 -0.0126
vn 0.5959 0.7888 -0.1506
vn 0.5475 0.8069 -0.2218
vn 0.3733 0.9008 -0.2219
vn 0.1210 0.9856 -0.1178
vn -0.0120 0.9996 0.0250
vn -0.0608 0.9636 0.2602
vn -0.1032 0.9177 0.3836
vn -0.1026 0.8783 0.4669
vn -0.0838 0.9265 0.3668
vn -0.0099 0.9990 0.0433
vn 0.1215 0.9212 -0.3696
vn 0.2312 0.8171 -0.5281
vn 0.3212 0.8678 -0.3791
vn 0.3197 0.9404 -0.1157
vn 0.2450 0.9687 -0.0404
vn 0.1765 0.9835 0.0386
vn 0.1554 0.9809 -0.1169
vn 0.0264 0.9925 0.1194
vn 0.2019 0.8573 0.4736
vn 0.4254 0.7626 0.4873
vn 0.7434 0.6500 -0.1577
vn 0.6078 0.4095 -0.6804
vn 0.3469 0.7314 -0.5871
vn 0.0291 0.9991 -0.0291
vn 0.0150 0.9875 0.1569
vn 0.0408 0.9085 0.4159
vn 0.1194 0.9312 0.3445
vn 0.3420 0.9391 -0.0321
vn 0.5938 0.7671 -0.2427
vn 0.7119 0.6872 -0.1447
vn 0.6990 0.6286 -0.3410
vn 0.6152 0.7873 0.0410
vn 0.6237 0.7773 -0.0826
vn 0.4853 0.8711 -0.0749
vn 0.3748 0.9006 0.2200
vn 0.4765 0.8778 0.0488
vn 0.4567 0.8498 -0.2632
vn 0.2442 0.9226 -0.2985
vn 0.0521 0.9971 -0.0548
vn 0.0004 1.0000 -0.0004
vn 0.0577 0.9968 0.0557
vn 0.1833 0.9807 0.0673
vn 0.2597 0.9657 -0.0023
vn 0.1886 0.9793 -0.0732
vn 0.0783 0.9965 -0.0288
vn 0.0897 0.9829 0.1605
vn 0.1773 0.9642 0.1972
vn 0.2534 0.9617 0.1040
vn 0.2853 0.9548 -0.0836
vn 0.2923 0.9443 -0.1513
vn 0.2960 0.9535 -0.0569
vn 0.2804 0.9576 0.0659
vn 0.2976 0.9547 0.0027
vn 0.3202 0.9440 -0.0792
vn 0.2923 0.9474 -0.1307
vn 0.1693 0.9817 -0.0869
vn 0.0447 0.9981 -0.0426
vn 0.0003 1.0000 -0.0003
vn 0.0048 0.9993 0.0370
vn 0.0180 0.9595 0.2813
vn 0.0425 0.9213 0.3865
vn 0.1242 0.8926 0.4335
vn 0.2703 0.9066 0.3241
vn 0.4297 0.9029 -0.0136
vn 0.4998 0.7852 -0.3656
vn 0.5095 0.6987 -0.5021
vn 0.5186 0.7854 -0.3379
vn 0.4475 0.8937 -0.0323
vn 0.3412 0.9380 0.0607
vn 0.2908 0.9552 0.0543
vn 0.2918 0.9512 -0.1000
vn 0.0483 0.9977 0.0483
vn 0.2422 0.9403 0.2392
vn 0.5402 0.8035 0.2500
vn 0.7387 0.6630 -0.1211
vn 0.5769 0.7423 -0.3407
vn 0.1564 0.9752 -0.1564
vn 0.0018 1.0000 0.0018
vn 0.0702 0.9943 0.0805
vn 0.2411 0.9125 0.3304
vn 0.4531 0.8580 0.2421
vn 0.6089 0.7813 -0.1369
vn 0.5925 0.7332 -0.3337
vn 0.4733 0.8722 -0.1236
vn 0.2510 0.9569 -0.1460
vn 0.1013 0.9948 0.0056
vn 0.0874 0.9960 -0.0197
vn 0.0801 0.9967 0.0136
vn 0.1836 0.9785 0.0938
vn 0.3069 0.9515 0.0193
vn 0.2495 0.9641 -0.0906
vn 0.0805 0.9937 -0.0778
vn 0.0013 1.0000 -0.0013
vn 0.0007 1.0000 0.0007
vn 0.0010 1.0000 0.0003
vn 0.0019 1.0000 0.0006
vn 0.0009 1.0000 -0.0003
vn 0.0018 1.0000 -0.0007
vn 0.0008 1.0000 0.0002
vn 0.0016 1.0000 0.0004
vn 0.0596 0.9963 0.0621
vn 0.1686 0.9794 0.1113
vn 0.2540 0.9653 0.0613
vn 0.2727 0.9608 -0.0501
vn 0.2099 0.9709 -0.1149
vn 0.1365 0.9901 -0.0316
vn 0.1445 0.9888 0.0369
vn 0.1758 0.9844 -0.0027
vn 0.1371 0.9894 -0.0469
vn 0.0521 0.9977 -0.0444
vn 0.0038 1.0000 -0.0038
vn 0.0009 1.0000 -0.0009
vn 0.0019 1.0000 -0.0019
vn 0.0154 0.9997 0.0171
vn 0.0823 0.9703 0.2276
vn 0.1690 0.9264 0.3366
vn 0.2818 0.9016 0.3282
vn 0.4506 0.8684 0.2071
vn 0.5964 0.8011 -0.0516
vn 0.6187 0.7221 -0.3095
vn 0.5470 0.7137 -0.4376
vn 0.4343 0.8545 -0.2849
vn 0.2984 0.9543 0.0188
vn 0.2559 0.9628 0.0873
vn 0.2858 0.9575 0.0392
vn 0.2888 0.9552 -0.0641
vn 0.0465 0.9978 0.0465
vn 0.1177 0.9927 0.0246
vn 0.0897 0.9942 -0.0590
vn 0.0152 0.9998 -0.0152
vn 0.0053 1.0000 0.0053
vn 0.1315 0.9839 0.1213
vn 0.3469 0.9322 0.1032
vn 0.4060 0.9104 -0.0795
vn 0.1984 0.9681 -0.1533
vn 0.0212 0.9996 -0.0212
vn 0.0009 1.0000 0.0009
vn 0.0018 1.0000 0.0009
vn 0.0036 1.0000 0.0018
vn 0.0023 1.0000 -0.0004
vn 0.0046 1.0000 -0.0009
vn 0.0008 1.0000 0.0008
vn 0.0356 0.9989 0.0291
vn 0.0847 0.9962 0.0190
vn 0.0903 0.9958 -0.0151
vn 0.0438 0.9986 -0.0312
vn 0.0061 1.0000 -0.0061
vn 0.0023 1.0000 -0.0007
vn 0.0047 1.0000 -0.0015
vn 0.0023 1.0000 0.0007
vn 0.0046 1.0000 0.0014
vn 0.0022 1.0000 -0.0008
vn 0.0044 1.0000 -0.0016
vn 0.0795 0.9908 0.1094
vn 0.2164 0.9467 0.2385
vn 0.3384 0.9143 0.2227
vn 0.4431 0.8906 0.1023
vn 0.5112 0.8553 -0.0838
vn 0.4921 0.8314 -0.2581
vn 0.3527 0.8865 -0.2994
vn 0.1344 0.9829 -0.1256
vn 0.0483 0.9986 0.0200
vn 0.1036 0.9939 0.0386
vn 0.1533 0.9881 0.0157
vn 0.1488 0.9886 -0.0247
vn 0.0034 1.0000 0.0034
vn 0.0068 1.0000 0.0001
vn 0.0068 1.0000 -0.0000
vn 0.0036 1.0000 -0.0034
vn 0.1190 0.9883 0.0957
vn 0.2633 0.9571 0.1208
vn 0.3554 0.9334 0.0505
vn 0.3687 0.9273 -0.0648
vn 0.2806 0.9499 -0.1380
vn 0.1137 0.9888 -0.0966
vn 0.0108 0.9999 -0.0108
vn 0.0016 1.0000 0.0016
vn 0.0061 1.0000 0.0029
vn 0.0084 1.0000 -0.0006
vn 0.0667 0.9955 0.0667
vn 0.2658 0.9531 0.1446
vn 0.0015 1.0000 0.0015
vn 0.0030 1.0000 0.0030
vn 0.0060 1.0000 0.0060
vn 0.0208 0.9996 -0.0208
vn -0.3255 0.8878 -0.3255
vn 0.0682 0.9953 0.0682
vn 0.2578 0.9459 0.1969
vn 0.6100 0.7924 0.0033
vn 0.5584 0.8024 -0.2105
vn 0.3160 0.9184 -0.2380
vn 0.0766 0.9941 -0.0769
vn -0.0038 1.0000 0.0038
vn -0.0061 0.9999 0.0098
vn -0.0061 0.9999 0.0099
vn -0.0210 0.9995 0.0221
vn -0.0429 0.9991 0.0026
vn -0.0505 0.9984 -0.0270
vn -0.0115 0.9997 0.0221
vn -0.0031 0.9564 0.2921
vn -0.0737 0.8904 0.4491
vn 0.0387 0.9985 0.0386
vn 0.1340 0.9896 0.0521
vn 0.1980 0.9802 0.0009
vn 0.1432 0.9882 -0.0537
vn 0.0419 0.9983 -0.0416
vn -0.0028 0.9996 0.0275
vn -0.0066 0.9999 0.0157
vn -0.0270 0.9986 0.0458
vn -0.0506 0.9985 0.0223
vn -0.0773 0.9966 -0.0298
vn -0.1045 0.9934 -0.0477
vn -0.0832 0.9534 0.2899
vn -0.0355 0.8855 0.4633
vn -0.0016 1.0000 0.0016
vn -0.0044 1.0000 0.0012
vn -0.0040 1.0000 -0.0016
vn -0.0024 1.0000 -0.0023
vn 0.0036 0.9996 0.0289
vn -0.0002 0.9996 0.0288
vn -0.0124 0.9980 0.0617
vn -0.0269 0.9983 0.0524
vn -0.0539 0.9985 0.0039
vn -0.0820 0.9964 -0.0197
vn -0.0595 0.9581 0.2800
vn 0.0006 0.8965 0.4431
vn -0.0032 1.0000 0.0032
vn -0.0088 1.0000 0.0024
vn -0.0080 1.0000 -0.0032
vn 0.0037 0.9996 0.0292
vn 0.0106 0.9979 0.0644
vn 0.0108 0.9979 0.0644
vn 0.0158 0.9976 0.0672
vn 0.0160 0.9976 0.0674
vn 0.0166 0.9992 0.0363
vn 0.0217 0.9998 0.0045
vn 0.0693 0.9632 0.2598
vn 0.1268 0.9056 0.4047
vn -0.0245 0.9994 0.0245
vn -0.1663 0.9786 0.1210
vn -0.3592 0.9280 0.0988
vn -0.4454 0.8953 -0.0116
vn -0.3656 0.9228 -0.1215
vn -0.1403 0.9841 -0.1089
vn 0.0157 0.9991 0.0404
vn 0.0476 0.9971 0.0592
vn 0.0642 0.9973 0.0364
vn 0.0783 0.9969 -0.0017
vn 0.0787 0.9969 -0.0038
vn 0.0787 0.9969 -0.0037
vn 0.1561 0.9699 0.1868
vn -0.0106 0.9999 0.0106
vn -0.1763 0.9637 0.2007
vn -0.3949 0.8654 0.3084
vn -0.5619 0.7997 0.2114
vn -0.6668 0.7448 -0.0240
vn -0.6461 0.7065 -0.2889
vn -0.4726 0.7845 -0.4016
vn -0.1458 0.9755 -0.1650
vn 0.0510 0.9980 0.0378
vn 0.0725 0.9971 0.0246
vn 0.0791 0.9968 -0.0058
vn 0.1537 0.9860 0.0651
vn -0.0662 0.9941 0.0864
vn -0.2035 0.8948 0.3974
vn -0.3448 0.8250 0.4478
vn -0.5029 0.8046 0.3158
vn -0.6497 0.7592 -0.0392
vn -0.6228 0.6296 -0.4644
vn -0.4640 0.5950 -0.6563
vn -0.2452 0.8243 -0.5103
vn -0.0186 0.9993 -0.0313
vn 0.0448 0.9989 0.0109
vn 0.0506 0.9987 -0.0027
vn -0.2183 0.8793 0.4233
vn -0.3439 0.9368 -0.0649
vn -0.2996 0.6586 -0.6903
vt 0.016490 0.983510
vt 0.016490 0.999900
vt 0.000100 0.999900
vt 0.000100 0.983510
vt 0.999900 0.000100
vt 0.999900 0.999900
vt 0.999900 0.983510
vt 0.999900 0.967120
vt 0.999900 0.950729
vt 0.999900 0.934339
vt 0.999900 0.917949
vt 0.999900 0.901559
vt 0.999900 0.885169
vt 0.999900 0.868779
vt 0.999900 0.852388
vt 0.999900 0.835998
vt 0.999900 0.819608
vt 0.999900 0.803218
vt 0.999900 0.786828
vt 0.999900 0.770437
vt 0.999900 0.754047
vt 0.999900 0.737657
vt 0.999900 0.721267
vt 0.999900 0.704877
vt 0.999900 0.688487
vt 0.999900 0.672097
vt 0.999900 0.655706
vt 0.999900 0.639316
vt 0.999900 0.622926
vt 0.999900 0.606536
vt 0.999900 0.590146
vt 0.999900 0.573756
vt 0.999900 0.557365
vt 0.999900 0.540975
vt 0.999900 0.524585
vt 0.999900 0.508195
vt 0.999900 0.491805
vt 0.999900 0.475415
vt 0.999900 0.459025
vt 0.999900 0.442634
vt 0.999900 0.426244
vt 0.999900 0.409854
vt 0.999900 0.393464
vt 0.999900 0.377074
vt 0.999900 0.360684
vt 0.999900 0.344293
vt 0.999900 0.327903
vt 0.999900 0.311513
vt 0.999900 0.295123
vt 0.999900 0.278733
vt 0.999900 0.262343
vt 0.999900 0.245952
vt 0.999900 0.229562
vt 0.999900 0.213172
vt 0.999900 0.196782
vt 0.999900 0.180392
vt 0.999900 0.164002
vt 0.999900 0.147611
vt 0.999900 0.131221
vt 0.999900 0.114831
vt 0.999900 0.098441
vt 0.999900 0.082051
vt 0.999900 0.065661
vt 0.999900 0.049270
vt 0.999900 0.032880
vt 0.999900 0.016490
vt 0.032880 0.999900
vt 0.049271 0.999900
vt 0.065661 0.999900
vt 0.082051 0.999900
vt 0.098441 0.999900
vt 0.114831 0.999900
vt 0.131221 0.999900
vt 0.147612 0.999900
vt 0.164002 0.999900
vt 0.180392 0.999900
vt 0.196782 0.999900
vt 0.213172 0.999900
vt 0.229562 0.999900
vt 0.245953 0.999900
vt 0.262343 0.999900
vt 0.278733 0.999900
vt 0.295123 0.999900
vt 0.311513 0.999900
vt 0.327903 0.999900
vt 0.344293 0.999900
vt 0.360684 0.999900
vt 0.377074 0.999900
vt 0.393464 0.999900
vt 0.409854 0.999900
vt 0.426244 0.999900
vt 0.442634 0.999900
vt 0.459025 0.999900
vt 0.475415 0.999900
vt 0.491805 0.999900
vt 0.508195 0.999900
vt 0.524585 0.999900
vt 0.540975 0.999900
vt 0.557366 0.999900
vt 0.573756 0.999900
vt 0.590146 0.999900
vt 0.606536 0.999900
vt 0.622926 0.999900
vt 0.639316 0.999900
vt 0.655707 0.999900
vt 0.672097 0.999900
vt 0.688487 0.999900
vt 0.704877 0.999900
vt 0.721267 0.999900
vt 0.737658 0.999900
vt 0.754048 0.999900
vt 0.770438 0.999900
vt 0.786828 0.999900
vt 0.803218 0.999900
vt 0.819608 0.999900
vt 0.835998 0.999900
vt 0.852389 0.999900
vt 0.868779 0.999900
vt 0.885169 0.999900
vt 0.901559 0.999900
vt 0.917949 0.999900
vt 0.934339 0.999900
vt 0.950730 0.999900
vt 0.967120 0.999900
vt 0.983510 0.999900
vt 0.000100 0.000100
vt 0.000100 0.016490
vt 0.000100 0.032880
vt 0.000100 0.049270
vt 0.000100 0.065661
vt 0.000100 0.082051
vt 0.000100 0.098441
vt 0.000100 0.114831
vt 0.000100 0.131221
vt 0.000100 0.147611
vt 0.000100 0.164002
vt 0.000100 0.180392
vt 0.000100 0.196782
vt 0.000100 0.213172
vt 0.000100 0.229562
vt 0.000100 0.245952
vt 0.000100 0.262343
vt 0.000100 0.278733
vt 0.000100 0.295123
vt 0.000100 0.311513
vt 0.000100 0.327903
vt 0.000100 0.344293
vt 0.000100 0.360684
vt 0.000100 0.377074
vt 0.000100 0.393464
vt 0.000100 0.409854
vt 0.000100 0.426244
vt 0.000100 0.442634
vt 0.000100 0.459025
vt 0.000100 0.475415
vt 0.000100 0.491805
vt 0.000100 0.508195
vt 0.000100 0.524585
vt 0.000100 0.540975
vt 0.000100 0.557366
vt 0.000100 0.573756
vt 0.000100 0.590146
vt 0.000100 0.606536
vt 0.000100 0.622926
vt 0.000100 0.639316
vt 0.000100 0.655707
vt 0.000100 0.672097
vt 0.000100 0.688487
vt 0.000100 0.704877
vt 0.000100 0.721267
vt 0.000100 0.737657
vt 0.000100 0.754048
vt 0.000100 0.770438
vt 0.000100 0.786828
vt 0.000100 0.803218
vt 0.000100 0.819608
vt 0.000100 0.835998
vt 0.000100 0.852389
vt 0.000100 0.868779
vt 0.000100 0.885169
vt 0.000100 0.901559
vt 0.000100 0.917949
vt 0.000100 0.934339
vt 0.000100 0.950729
vt 0.000100 0.967120
vt 0.983510 0.000100
vt 0.967120 0.000100
vt 0.950729 0.000100
vt 0.934339 0.000100
vt 0.917949 0.000100
vt 0.901559 0.000100
vt 0.885169 0.000100
vt 0.868779 0.000100
vt 0.852388 0.000100
vt 0.835998 0.000100
vt 0.819608 0.000100
vt 0.803218 0.000100
vt 0.786828 0.000100
vt 0.770437 0.000100
vt 0.754047 0.000100
vt 0.737657 0.000100
vt 0.721267 0.000100
vt 0.704877 0.000100
vt 0.688487 0.000100
vt 0.672096 0.000100
vt 0.655706 0.000100
vt 0.639316 0.000100
vt 0.622926 0.000100
vt 0.606536 0.000100
vt 0.590146 0.000100
vt 0.573756 0.000100
vt 0.557365 0.000100
vt 0.540975 0.000100
vt 0.524585 0.000100
vt 0.508195 0.000100
vt 0.491805 0.000100
vt 0.475415 0.000100
vt 0.459025 0.000100
vt 0.442634 0.000100
vt 0.426244 0.000100
vt 0.409854 0.000100
vt 0.393464 0.000100
vt 0.377074 0.000100
vt 0.360684 0.000100
vt 0.344293 0.000100
vt 0.327903 0.000100
vt 0.311513 0.000100
vt 0.295123 0.000100
vt 0.278733 0.000100
vt 0.262343 0.000100
vt 0.245952 0.000100
vt 0.229562 0.000100
vt 0.213172 0.000100
vt 0.196782 0.000100
vt 0.180392 0.000100
vt 0.164002 0.000100
vt 0.147611 0.000100
vt 0.131221 0.000100
vt 0.114831 0.000100
vt 0.098441 0.000100
vt 0.082051 0.000100
vt 0.065661 0.000100
vt 0.049270 0.000100
vt 0.032880 0.000100
vt 0.016490 0.000100
vt 0.016490 0.016490
vt 0.016490 0.032880
vt 0.016490 0.049270
vt 0.016490 0.065661
vt 0.016490 0.082051
vt 0.016490 0.098441
vt 0.016490 0.114831
vt 0.016490 0.131221
vt 0.016490 0.147611
vt 0.016490 0.164002
vt 0.016490 0.180392
vt 0.016490 0.196782
vt 0.016490 0.213172
vt 0.016490 0.229562
vt 0.016490 0.245952
vt 0.016490 0.262343
vt 0.016490 0.278733
vt 0.016490 0.295123
vt 0.016490 0.311513
vt 0.016490 0.327903
vt 0.016490 0.344293
vt 0.016490 0.360684
vt 0.016490 0.377074
vt 0.016490 0.393464
vt 0.016490 0.409854
vt 0.016490 0.426244
vt 0.016490 0.442634
vt 0.016490 0.459025
vt 0.016490 0.475415
vt 0.016490 0.491805
vt 0.016490 0.508195
vt 0.016490 0.524585
vt 0.016490 0.540975
vt 0.016490 0.557366
vt 0.016490 0.573756
vt 0.016490 0.590146
vt 0.016490 0.606536
vt 0.016490 0.622926
vt 0.016490 0.639316
vt 0.016490 0.655707
vt 0.016490 0.672097
vt 0.016490 0.688487
vt 0.016490 0.704877
vt 0.016490 0.721267
vt 0.016490 0.737657
vt 0.016490 0.754048
vt 0.016490 0.770438
vt 0.016490 0.786828
vt 0.016490 0.803218
vt 0.016490 0.819608
vt 0.016490 0.835998
vt 0.016490 0.852389
vt 0.016490 0.868779
vt 0.016490 0.885169
vt 0.016490 0.901559
vt 0.016490 0.917949
vt 0.016490 0.934339
vt 0.016490 0.950729
vt 0.016490 0.967120
vt 0.983510 0.016490
vt 0.967120 0.016490
vt 0.950730 0.016490
vt 0.934339 0.016490
vt 0.917949 0.016490
vt 0.901559 0.016490
vt 0.885169 0.016490
vt 0.868779 0.016490
vt 0.852389 0.016490
vt 0.835998 0.016490
vt 0.819608 0.016490
vt 0.803218 0.016490
vt 0.786828 0.016490
vt 0.770438 0.016490
vt 0.754048 0.016490
vt 0.737657 0.016490
vt 0.721267 0.016490
vt 0.704877 0.016490
vt 0.688487 0.016490
vt 0.672097 0.016490
vt 0.655707 0.016490
vt 0.639316 0.016490
vt 0.622926 0.016490
vt 0.606536 0.016490
vt 0.590146 0.016490
vt 0.573756 0.016490
vt 0.557366 0.016490
vt 0.540975 0.016490
vt 0.524585 0.016490
vt 0.508195 0.016490
vt 0.491805 0.016490
vt 0.475415 0.016490
vt 0.459025 0.016490
vt 0.442634 0.016490
vt 0.426244 0.016490
vt 0.409854 0.016490
vt 0.393464 0.016490
vt 0.377074 0.016490
vt 0.360684 0.016490
vt 0.344293 0.016490
vt 0.327903 0.016490
vt 0.311513 0.016490
vt 0.295123 0.016490
vt 0.278733 0.016490
vt 0.262343 0.016490
vt 0.245952 0.016490
vt 0.229562 0.016490
vt 0.213172 0.016490
vt 0.196782 0.016490
vt 0.180392 0.016490
vt 0.164002 0.016490
vt 0.147611 0.016490
vt 0.131221 0.016490
vt 0.114831 0.016490
vt 0.098441 0.016490
vt 0.082051 0.016490
vt 0.065661 0.016490
vt 0.049270 0.016490
vt 0.032880 0.016490
vt 0.983510 0.032880
vt 0.967120 0.032880
vt 0.950730 0.032880
vt 0.934339 0.032880
vt 0.917949 0.032880
vt 0.901559 0.032880
vt 0.885169 0.032880
vt 0.868779 0.032880
vt 0.852389 0.032880
vt 0.835998 0.032880
vt 0.819608 0.032880
vt 0.803218 0.032880
vt 0.786828 0.032880
vt 0.770438 0.032880
vt 0.754048 0.032880
vt 0.737657 0.032880
vt 0.721267 0.032880
vt 0.704877 0.032880
vt 0.688487 0.032880
vt 0.672097 0.032880
vt 0.655707 0.032880
vt 0.639316 0.032880
vt 0.622926 0.032880
vt 0.606536 0.032880
vt 0.590146 0.032880
vt 0.573756 0.032880
vt 0.557366 0.032880
vt 0.540975 0.032880
vt 0.524585 0.032880
vt 0.508195 0.032880
vt 0.491805 0.032880
vt 0.475415 0.032880
vt 0.459025 0.032880
vt 0.442634 0.032880
vt 0.426244 0.032880
vt 0.409854 0.032880
vt 0.393464 0.032880
vt 0.377074 0.032880
vt 0.360684 0.032880
vt 0.344293 0.032880
vt 0.327903 0.032880
vt 0.311513 0.032880
vt 0.295123 0.032880
vt 0.278733 0.032880
vt 0.262343 0.032880
vt 0.245952 0.032880
vt 0.229562 0.032880
vt 0.213172 0.032880
vt 0.196782 0.032880
vt 0.180392 0.032880
vt 0.164002 0.032880
vt 0.147611 0.032880
vt 0.131221 0.032880
vt 0.114831 0.032880
vt 0.098441 0.032880
vt 0.082051 0.032880
vt 0.065661 0.032880
vt 0.049270 0.032880
vt 0.032880 0.032880
vt 0.983510 0.049270
vt 0.967120 0.049270
vt 0.950729 0.049270
vt 0.934339 0.049270
vt 0.917949 0.049270
vt 0.901559 0.049270
vt 0.885169 0.049270
vt 0.868779 0.049270
vt 0.852389 0.049270
vt 0.835998 0.049270
vt 0.819608 0.049270
vt 0.803218 0.049270
vt 0.786828 0.049270
vt 0.770438 0.049270
vt 0.754048 0.049270
vt 0.737657 0.049270
vt 0.721267 0.049270
vt 0.704877 0.049270
vt 0.688487 0.049270
vt 0.672097 0.049270
vt 0.655707 0.049270
vt 0.639316 0.049270
vt 0.622926 0.049270
vt 0.606536 0.049270
vt 0.590146 0.049270
vt 0.573756 0.049270
vt 0.557366 0.049270
vt 0.540975 0.049270
vt 0.524585 0.049270
vt 0.508195 0.049270
vt 0.491805 0.049270
vt 0.475415 0.049270
vt 0.459025 0.049270
vt 0.442634 0.049270
vt 0.426244 0.049270
vt 0.409854 0.049270
vt 0.393464 0.049270
vt 0.377074 0.049270
vt 0.360684 0.049270
vt 0.344293 0.049270
vt 0.327903 0.049270
vt 0.311513 0.049270
vt 0.295123 0.049270
vt 0.278733 0.049270
vt 0.262343 0.049270
vt 0.245952 0.049270
vt 0.229562 0.049270
vt 0.213172 0.049270
vt 0.196782 0.049270
vt 0.180392 0.049270
vt 0.164002 0.049270
vt 0.147611 0.049270
vt 0.131221 0.049270
vt 0.114831 0.049270
vt 0.098441 0.049270
vt 0.082051 0.049270
vt 0.065661 0.049270
vt 0.049270 0.049270
vt 0.032880 0.049270
vt 0.983510 0.065661
vt 0.967120 0.065661
vt 0.950729 0.065661
vt 0.934339 0.065661
vt 0.917949 0.065661
vt 0.901559 0.065661
vt 0.885169 0.065661
vt 0.868779 0.065661
vt 0.852389 0.065661
vt 0.835998 0.065661
vt 0.819608 0.065661
vt 0.803218 0.065661
vt 0.786828 0.065661
vt 0.770438 0.065661
vt 0.754048 0.065661
vt 0.737657 0.065661
vt 0.721267 0.065661
vt 0.704877 0.065661
vt 0.688487 0.065661
vt 0.672097 0.065661
vt 0.655707 0.065661
vt 0.639316 0.065661
vt 0.622926 0.065661
vt 0.606536 0.065661
vt 0.590146 0.065661
vt 0.573756 0.065661
vt 0.557366 0.065661
vt 0.540975 0.065661
vt 0.524585 0.065661
vt 0.508195 0.065661
vt 0.491805 0.065661
vt 0.475415 0.065661
vt 0.459025 0.065661
vt 0.442634 0.065661
vt 0.426244 0.065661
vt 0.409854 0.065661
vt 0.393464 0.065661
vt 0.377074 0.065661
vt 0.360684 0.065661
vt 0.344293 0.065661
vt 0.327903 0.065661
vt 0.311513 0.065661
vt 0.295123 0.065661
vt 0.278733 0.065661
vt 0.262343 0.065661
vt 0.245952 0.065661
vt 0.229562 0.065661
vt 0.213172 0.065661
vt 0.196782 0.065661
vt 0.180392 0.065661
vt 0.164002 0.065661
vt 0.147611 0.065661
vt 0.131221 0.065661
vt 0.114831 0.065661
vt 0.098441 0.065661
vt 0.082051 0.065661
vt 0.065661 0.065661
vt 0.049270 0.065661
vt 0.032880 0.065661
vt 0.983510 0.082051
vt 0.967120 0.082051
vt 0.950729 0.082051
vt 0.934339 0.082051
vt 0.917949 0.082051
vt 0.901559 0.082051
vt 0.885169 0.082051
vt 0.868779 0.082051
vt 0.852389 0.082051
vt 0.835998 0.082051
vt 0.819608 0.082051
vt 0.803218 0.082051
vt 0.786828 0.082051
vt 0.770438 0.082051
vt 0.754048 0.082051
vt 0.737657 0.082051
vt 0.721267 0.082051
vt 0.704877 0.082051
vt 0.688487 0.082051
vt 0.672097 0.082051
vt 0.655707 0.082051
vt 0.639316 0.082051
vt 0.622926 0.082051
vt 0.606536 0.082051
vt 0.590146 0.082051
vt 0.573756 0.082051
vt 0.557366 0.082051
vt 0.540975 0.082051
vt 0.524585 0.082051
vt 0.508195 0.082051
vt 0.491805 0.082051
vt 0.475415 0.082051
vt 0.459025 0.082051
vt 0.442634 0.082051
vt 0.426244 0.082051
vt 0.409854 0.082051
vt 0.393464 0.082051
vt 0.377074 0.082051
vt 0.360684 0.082051
vt 0.344293 0.082051
vt 0.327903 0.082051
vt 0.311513 0.082051
vt 0.295123 0.082051
vt 0.278733 0.082051
vt 0.262343 0.082051
vt 0.245952 0.082051
vt 0.229562 0.082051
vt 0.213172 0.082051
vt 0.196782 0.082051
vt 0.180392 0.082051
vt 0.164002 0.082051
vt 0.147611 0.082051
vt 0.131221 0.082051
vt 0.114831 0.082051
vt 0.098441 0.082051
vt 0.082051 0.082051
vt 0.065661 0.082051
vt 0.049270 0.082051
vt 0.032880 0.082051
vt 0.983510 0.098441
vt 0.967120 0.098441
vt 0.950729 0.098441
vt 0.934339 0.098441
vt 0.917949 0.098441
vt 0.901559 0.098441
vt 0.885169 0.098441
vt 0.868779 0.098441
vt 0.852389 0.098441
vt 0.835998 0.098441
vt 0.819608 0.098441
vt 0.803218 0.098441
vt 0.786828 0.098441
vt 0.770438 0.098441
vt 0.754048 0.098441
vt 0.737657 0.098441
vt 0.721267 0.098441
vt 0.704877 0.098441
vt 0.688487 0.098441
vt 0.672097 0.098441
vt 0.655707 0.098441
vt 0.639316 0.098441
vt 0.622926 0.098441
vt 0.606536 0.098441
vt 0.590146 0.098441
vt 0.573756 0.098441
vt 0.557366 0.098441
vt 0.540975 0.098441
vt 0.524585 0.098441
vt 0.508195 0.098441
vt 0.491805 0.098441
vt 0.475415 0.098441
vt 0.459025 0.098441
vt 0.442634 0.098441
vt 0.426244 0.098441
vt 0.409854 0.098441
vt 0.393464 0.098441
vt 0.377074 0.098441
vt 0.360684 0.098441
vt 0.344293 0.098441
vt 0.327903 0.098441
vt 0.311513 0.098441
vt 0.295123 0.098441
vt 0.278733 0.098441
vt 0.262343 0.098441
vt 0.245952 0.098441
vt 0.229562 0.098441
vt 0.213172 0.098441
vt 0.196782 0.098441
vt 0.180392 0.098441
vt 0.164002 0.098441
vt 0.147611 0.098441
vt 0.131221 0.098441
vt 0.114831 0.098441
vt 0.098441 0.098441
vt 0.082051 0.098441
vt 0.065661 0.098441
vt 0.049270 0.098441
vt 0.032880 0.098441
vt 0.983510 0.114831
vt 0.967120 0.114831
vt 0.950730 0.114831
vt 0.934339 0.114831
vt 0.917949 0.114831
vt 0.901559 0.114831
vt 0.885169 0.114831
vt 0.868779 0.114831
vt 0.852389 0.114831
vt 0.835998 0.114831
vt 0.819608 0.114831
vt 0.803218 0.114831
vt 0.786828 0.114831
vt 0.770438 0.114831
vt 0.754048 0.114831
vt 0.737657 0.114831
vt 0.721267 0.114831
vt 0.704877 0.114831
vt 0.688487 0.114831
vt 0.672097 0.114831
vt 0.655707 0.114831
vt 0.639316 0.114831
vt 0.622926 0.114831
vt 0.606536 0.114831
vt 0.590146 0.114831
vt 0.573756 0.114831
vt 0.557366 0.114831
vt 0.540975 0.114831
vt 0.524585 0.114831
vt 0.508195 0.114831
vt 0.491805 0.114831
vt 0.475415 0.114831
vt 0.459025 0.114831
vt 0.442634 0.114831
vt 0.426244 0.114831
vt 0.409854 0.114831
vt 0.393464 0.114831
vt 0.377074 0.114831
vt 0.360684 0.114831
vt 0.344293 0.114831
vt 0.327903 0.114831
vt 0.311513 0.114831
vt 0.295123 0.114831
vt 0.278733 0.114831
vt 0.262343 0.114831
vt 0.245952 0.114831
vt 0.229562 0.114831
vt 0.213172 0.114831
vt 0.196782 0.114831
vt 0.180392 0.114831
vt 0.164002 0.114831
vt 0.147611 0.114831
vt 0.131221 0.114831
vt 0.114831 0.114831
vt 0.098441 0.114831
vt 0.082051 0.114831
vt 0.065661 0.114831
vt 0.049270 0.114831
vt 0.032880 0.114831
vt 0.983510 0.131221
vt 0.967120 0.131221
vt 0.950730 0.131221
vt 0.934339 0.131221
vt 0.917949 0.131221
vt 0.901559 0.131221
vt 0.885169 0.131221
vt 0.868779 0.131221
vt 0.852389 0.131221
vt 0.835998 0.131221
vt 0.819608 0.131221
vt 0.803218 0.131221
vt 0.786828 0.131221
vt 0.770438 0.131221
vt 0.754048 0.131221
vt 0.737657 0.131221
vt 0.721267 0.131221
vt 0.704877 0.131221
vt 0.688487 0.131221
vt 0.672097 0.131221
vt 0.655707 0.131221
vt 0.639316 0.131221
vt 0.622926 0.131221
vt 0.606536 0.131221
vt 0.590146 0.131221
vt 0.573756 0.131221
vt 0.557366 0.131221
vt 0.540975 0.131221
vt 0.524585 0.131221
vt 0.508195 0.131221
vt 0.491805 0.131221
vt 0.475415 0.131221
vt 0.459025 0.131221
vt 0.442634 0.131221
vt 0.426244 0.131221
vt 0.409854 0.131221
vt 0.393464 0.131221
vt 0.377074 0.131221
vt 0.360684 0.131221
vt 0.344293 0.131221
vt 0.327903 0.131221
vt 0.311513 0.131221
vt 0.295123 0.131221
vt 0.278733 0.131221
vt 0.262343 0.131221
vt 0.245952 0.131221
vt 0.229562 0.131221
vt 0.213172 0.131221
vt 0.196782 0.131221
vt 0.180392 0.131221
vt 0.164002 0.131221
vt 0.147611 0.131221
vt 0.131221 0.131221
vt 0.114831 0.131221
vt 0.098441 0.131221
vt 0.082051 0.131221
vt 0.065661 0.131221
vt 0.049270 0.131221
vt 0.032880 0.131221
vt 0.983510 0.147611
vt 0.967120 0.147611
vt 0.950730 0.147611
vt 0.934339 0.147611
vt 0.917949 0.147611
vt 0.901559 0.147611
vt 0.885169 0.147611
vt 0.868779 0.147611
vt 0.852389 0.147611
vt 0.835998 0.147611
vt 0.819608 0.147611
vt 0.803218 0.147611
vt 0.786828 0.147611
vt 0.770438 0.147611
vt 0.754048 0.147611
vt 0.737657 0.147611
vt 0.721267 0.147611
vt 0.704877 0.147611
vt 0.688487 0.147611
vt 0.672097 0.147611
vt 0.655707 0.147611
vt 0.639316 0.147611
vt 0.622926 0.147611
vt 0.606536 0.147611
vt 0.590146 0.147611
vt 0.573756 0.147611
vt 0.557366 0.147611
vt 0.540975 0.147611
vt 0.524585 0.147611
vt 0.508195 0.147611
vt 0.491805 0.147612
vt 0.475415 0.147611
vt 0.459025 0.147611
vt 0.442634 0.147611
vt 0.426244 0.147611
vt 0.409854 0.147611
vt 0.393464 0.147611
vt 0.377074 0.147611
vt 0.360684 0.147611
vt 0.344293 0.147611
vt 0.327903 0.147611
vt 0.311513 0.147611
vt 0.295123 0.147611
vt 0.278733 0.147611
vt 0.262343 0.147611
vt 0.245952 0.147611
vt 0.229562 0.147611
vt 0.213172 0.147611
vt 0.196782 0.147611
vt 0.180392 0.147611
vt 0.164002 0.147611
vt 0.147611 0.147611
vt 0.131221 0.147611
vt 0.114831 0.147611
vt 0.098441 0.147611
vt 0.082051 0.147611
vt 0.065661 0.147611
vt 0.049270 0.147611
vt 0.032880 0.147611
vt 0.983510 0.164002
vt 0.967120 0.164002
vt 0.950730 0.164002
vt 0.934339 0.164002
vt 0.917949 0.164002
vt 0.901559 0.164002
vt 0.885169 0.164002
vt 0.868779 0.164002
vt 0.852389 0.164002
vt 0.835998 0.164002
vt 0.819608 0.164002
vt 0.803218 0.164002
vt 0.786828 0.164002
vt 0.770438 0.164002
vt 0.754048 0.164002
vt 0.737657 0.164002
vt 0.721267 0.164002
vt 0.704877 0.164002
vt 0.688487 0.164002
vt 0.672097 0.164002
vt 0.655707 0.164002
vt 0.639316 0.164002
vt 0.622926 0.164002
vt 0.606536 0.164002
vt 0.590146 0.164002
vt 0.573756 0.164002
vt 0.557366 0.164002
vt 0.540975 0.164002
vt 0.524585 0.164002
vt 0.508195 0.164002
vt 0.491805 0.164002
vt 0.475415 0.164002
vt 0.459025 0.164002
vt 0.442634 0.164002
vt 0.426244 0.164002
vt 0.409854 0.164002
vt 0.393464 0.164002
vt 0.377074 0.164002
vt 0.360684 0.164002
vt 0.344293 0.164002
vt 0.327903 0.164002
vt 0.311513 0.164002
vt 0.295123 0.164002
vt 0.278733 0.164002
vt 0.262343 0.164002
vt 0.245952 0.164002
vt 0.229562 0.164002
vt 0.213172 0.164002
vt 0.196782 0.164002
vt 0.180392 0.164002
vt 0.164002 0.164002
vt 0.147611 0.164002
vt 0.131221 0.164002
vt 0.114831 0.164002
vt 0.098441 0.164002
vt 0.082051 0.164002
vt 0.065661 0.164002
vt 0.049270 0.164002
vt 0.032880 0.164002
vt 0.983510 0.180392
vt 0.967120 0.180392
vt 0.950730 0.180392
vt 0.934339 0.180392
vt 0.917949 0.180392
vt 0.901559 0.180392
vt 0.885169 0.180392
vt 0.868779 0.180392
vt 0.852389 0.180392
vt 0.835998 0.180392
vt 0.819608 0.180392
vt 0.803218 0.180392
vt 0.786828 0.180392
vt 0.770438 0.180392
vt 0.754048 0.180392
vt 0.737657 0.180392
vt 0.721267 0.180392
vt 0.704877 0.180392
vt 0.688487 0.180392
vt 0.672097 0.180392
vt 0.655707 0.180392
vt 0.639316 0.180392
vt 0.622926 0.180392
vt 0.606536 0.180392
vt 0.590146 0.180392
vt 0.573756 0.180392
vt 0.557366 0.180392
vt 0.540975 0.180392
vt 0.524585 0.180392
vt 0.508195 0.180392
vt 0.491805 0.180392
vt 0.475415 0.180392
vt 0.459025 0.180392
vt 0.442634 0.180392
vt 0.426244 0.180392
vt 0.409854 0.180392
vt 0.393464 0.180392
vt 0.377074 0.180392
vt 0.360684 0.180392
vt 0.344293 0.180392
vt 0.327903 0.180392
vt 0.311513 0.180392
vt 0.295123 0.180392
vt 0.278733 0.180392
vt 0.262343 0.180392
vt 0.245952 0.180392
vt 0.229562 0.180392
vt 0.213172 0.180392
vt 0.196782 0.180392
vt 0.180392 0.180392
vt 0.164002 0.180392
vt 0.147611 0.180392
vt 0.131221 0.180392
vt 0.114831 0.180392
vt 0.098441 0.180392
vt 0.082051 0.180392
vt 0.065661 0.180392
vt 0.049270 0.180392
vt 0.032880 0.180392
vt 0.983510 0.196782
vt 0.967120 0.196782
vt 0.950730 0.196782
vt 0.934339 0.196782
vt 0.917949 0.196782
vt 0.901559 0.196782
vt 0.885169 0.196782
vt 0.868779 0.196782
vt 0.852389 0.196782
vt 0.835998 0.196782
vt 0.819608 0.196782
vt 0.803218 0.196782
vt 0.786828 0.196782
vt 0.770438 0.196782
vt 0.754048 0.196782
vt 0.737658 0.196782
vt 0.721267 0.196782
vt 0.704877 0.196782
vt 0.688487 0.196782
vt 0.672097 0.196782
vt 0.655707 0.196782
vt 0.557366 0.196782
vt 0.540975 0.196782
vt 0.524585 0.196782
vt 0.508195 0.196782
vt 0.491805 0.196782
vt 0.475415 0.196782
vt 0.459025 0.196782
vt 0.442634 0.196782
vt 0.426244 0.196782
vt 0.409854 0.196782
vt 0.393464 0.196782
vt 0.377074 0.196782
vt 0.360684 0.196782
vt 0.344293 0.196782
vt 0.327903 0.196782
vt 0.311513 0.196782
vt 0.295123 0.196782
vt 0.278733 0.196782
vt 0.262343 0.196782
vt 0.245952 0.196782
vt 0.229562 0.196782
vt 0.213172 0.196782
vt 0.196782 0.196782
vt 0.180392 0.196782
vt 0.164002 0.196782
vt 0.147611 0.196782
vt 0.131221 0.196782
vt 0.114831 0.196782
vt 0.098441 0.196782
vt 0.082051 0.196782
vt 0.065661 0.196782
vt 0.049270 0.196782
vt 0.032880 0.196782
vt 0.983510 0.213172
vt 0.967120 0.213172
vt 0.950730 0.213172
vt 0.934339 0.213172
vt 0.917949 0.213172
vt 0.901559 0.213172
vt 0.885169 0.213172
vt 0.868779 0.213172
vt 0.852389 0.213172
vt 0.835998 0.213172
vt 0.819608 0.213172
vt 0.803218 0.213172
vt 0.786828 0.213172
vt 0.770438 0.213172
vt 0.754048 0.213172
vt 0.737658 0.213172
vt 0.721267 0.213172
vt 0.704877 0.213172
vt 0.688487 0.213172
vt 0.557366 0.213172
vt 0.540975 0.213172
vt 0.524585 0.213172
vt 0.508195 0.213172
vt 0.393464 0.213172
vt 0.377074 0.213172
vt 0.360684 0.213172
vt 0.344293 0.213172
vt 0.327903 0.213172
vt 0.311513 0.213172
vt 0.295123 0.213172
vt 0.278733 0.213172
vt 0.262343 0.213172
vt 0.245952 0.213172
vt 0.229562 0.213172
vt 0.213172 0.213172
vt 0.196782 0.213172
vt 0.180392 0.213172
vt 0.164002 0.213172
vt 0.147611 0.213172
vt 0.131221 0.213172
vt 0.114831 0.213172
vt 0.098441 0.213172
vt 0.082051 0.213172
vt 0.065661 0.213172
vt 0.049270 0.213172
vt 0.032880 0.213172
vt 0.983510 0.229562
vt 0.967120 0.229562
vt 0.950730 0.229562
vt 0.934339 0.229562
vt 0.917949 0.229562
vt 0.901559 0.229562
vt 0.885169 0.229562
vt 0.868779 0.229562
vt 0.852389 0.229562
vt 0.835998 0.229562
vt 0.819608 0.229562
vt 0.803218 0.229562
vt 0.786828 0.229562
vt 0.770438 0.229562
vt 0.754048 0.229562
vt 0.737658 0.229562
vt 0.721267 0.229562
vt 0.557366 0.229562
vt 0.540975 0.229562
vt 0.344293 0.229562
vt 0.327903 0.229562
vt 0.311513 0.229562
vt 0.295123 0.229562
vt 0.278733 0.229562
vt 0.262343 0.229562
vt 0.245952 0.229562
vt 0.229562 0.229562
vt 0.213172 0.229562
vt 0.196782 0.229562
vt 0.180392 0.229562
vt 0.164002 0.229562
vt 0.147611 0.229562
vt 0.131221 0.229562
vt 0.114831 0.229562
vt 0.098441 0.229562
vt 0.082051 0.229562
vt 0.065661 0.229562
vt 0.049270 0.229562
vt 0.032880 0.229562
vt 0.983510 0.245952
vt 0.967120 0.245952
vt 0.950730 0.245952
vt 0.934339 0.245952
vt 0.917949 0.245952
vt 0.901559 0.245952
vt 0.885169 0.245952
vt 0.868779 0.245952
vt 0.852389 0.245952
vt 0.835998 0.245952
vt 0.819608 0.245952
vt 0.803218 0.245952
vt 0.786828 0.245952
vt 0.770438 0.245952
vt 0.754048 0.245952
vt 0.737658 0.245952
vt 0.721267 0.245952
vt 0.590146 0.229562
vt 0.590146 0.245952
vt 0.573756 0.245952
vt 0.573756 0.229562
vt 0.557366 0.245952
vt 0.540975 0.245952
vt 0.344293 0.245952
vt 0.327903 0.245952
vt 0.311513 0.245952
vt 0.295123 0.245952
vt 0.278733 0.245952
vt 0.262343 0.245952
vt 0.245952 0.245952
vt 0.229562 0.245952
vt 0.213172 0.245952
vt 0.196782 0.245952
vt 0.180392 0.245952
vt 0.164002 0.245952
vt 0.147611 0.245952
vt 0.131221 0.245952
vt 0.114831 0.245952
vt 0.098441 0.245952
vt 0.082051 0.245952
vt 0.065661 0.245952
vt 0.049270 0.245952
vt 0.032880 0.245952
vt 0.983510 0.262343
vt 0.967120 0.262343
vt 0.950730 0.262343
vt 0.934339 0.262343
vt 0.917949 0.262343
vt 0.901559 0.262343
vt 0.885169 0.262343
vt 0.868779 0.262343
vt 0.852389 0.262343
vt 0.835998 0.262343
vt 0.819608 0.262343
vt 0.344293 0.262343
vt 0.327903 0.262343
vt 0.311513 0.262343
vt 0.295123 0.262343
vt 0.278733 0.262343
vt 0.262343 0.262343
vt 0.245952 0.262343
vt 0.229562 0.262343
vt 0.213172 0.262343
vt 0.196782 0.262343
vt 0.180392 0.262343
vt 0.164002 0.262343
vt 0.147611 0.262343
vt 0.131221 0.262343
vt 0.114831 0.262343
vt 0.098441 0.262343
vt 0.082051 0.262343
vt 0.065661 0.262343
vt 0.049271 0.262343
vt 0.032880 0.262343
vt 0.983510 0.278733
vt 0.967120 0.278733
vt 0.950730 0.278733
vt 0.934339 0.278733
vt 0.917949 0.278733
vt 0.901559 0.278733
vt 0.885169 0.278733
vt 0.868779 0.278733
vt 0.852389 0.278733
vt 0.835998 0.278733
vt 0.377074 0.262343
vt 0.377074 0.278733
vt 0.360684 0.278733
vt 0.360684 0.262343
vt 0.344293 0.278733
vt 0.327903 0.278733
vt 0.311513 0.278733
vt 0.295123 0.278733
vt 0.278733 0.278733
vt 0.262343 0.278733
vt 0.245952 0.278733
vt 0.229562 0.278733
vt 0.213172 0.278733
vt 0.196782 0.278733
vt 0.180392 0.278733
vt 0.164002 0.278733
vt 0.147611 0.278733
vt 0.131221 0.278733
vt 0.114831 0.278733
vt 0.098441 0.278733
vt 0.082051 0.278733
vt 0.065661 0.278733
vt 0.049271 0.278733
vt 0.032880 0.278733
vt 0.983510 0.295123
vt 0.967120 0.295123
vt 0.950730 0.295123
vt 0.934339 0.295123
vt 0.917949 0.295123
vt 0.901559 0.295123
vt 0.885169 0.295123
vt 0.868779 0.295123
vt 0.852389 0.295123
vt 0.835998 0.295123
vt 0.508195 0.278733
vt 0.508195 0.295123
vt 0.491805 0.295123
vt 0.491805 0.278733
vt 0.475415 0.295123
vt 0.475415 0.278733
vt 0.459025 0.295123
vt 0.459025 0.278733
vt 0.442634 0.278733
vt 0.442634 0.295123
vt 0.426244 0.295123
vt 0.426244 0.278733
vt 0.409854 0.295123
vt 0.409854 0.278733
vt 0.393464 0.295123
vt 0.393464 0.278733
vt 0.377074 0.295123
vt 0.360684 0.295123
vt 0.344293 0.295123
vt 0.327903 0.295123
vt 0.311513 0.295123
vt 0.295123 0.295123
vt 0.278733 0.295123
vt 0.262343 0.295123
vt 0.245952 0.295123
vt 0.229562 0.295123
vt 0.213172 0.295123
vt 0.196782 0.295123
vt 0.180392 0.295123
vt 0.164002 0.295123
vt 0.147611 0.295123
vt 0.131221 0.295123
vt 0.114831 0.295123
vt 0.098441 0.295123
vt 0.082051 0.295123
vt 0.065661 0.295123
vt 0.049271 0.295123
vt 0.032880 0.295123
vt 0.983510 0.311513
vt 0.967120 0.311513
vt 0.950730 0.311513
vt 0.934339 0.311513
vt 0.917949 0.311513
vt 0.901559 0.311513
vt 0.885169 0.311513
vt 0.868779 0.311513
vt 0.852389 0.311513
vt 0.835998 0.311513
vt 0.819608 0.311513
vt 0.819608 0.295123
vt 0.786828 0.295123
vt 0.786828 0.311513
vt 0.770438 0.311513
vt 0.770438 0.295123
vt 0.754048 0.311513
vt 0.754048 0.295123
vt 0.508195 0.311513
vt 0.491805 0.311513
vt 0.475415 0.311513
vt 0.459025 0.311513
vt 0.442634 0.311513
vt 0.426244 0.311513
vt 0.409854 0.311513
vt 0.393464 0.311513
vt 0.377074 0.311513
vt 0.360684 0.311513
vt 0.344293 0.311513
vt 0.327903 0.311513
vt 0.311513 0.311513
vt 0.295123 0.311513
vt 0.278733 0.311513
vt 0.262343 0.311513
vt 0.245952 0.311513
vt 0.229562 0.311513
vt 0.213172 0.311513
vt 0.196782 0.311513
vt 0.180392 0.311513
vt 0.164002 0.311513
vt 0.147611 0.311513
vt 0.131221 0.311513
vt 0.114831 0.311513
vt 0.098441 0.311513
vt 0.082051 0.311513
vt 0.065661 0.311513
vt 0.049271 0.311513
vt 0.032880 0.311513
vt 0.983510 0.327903
vt 0.967120 0.327903
vt 0.950730 0.327903
vt 0.934339 0.327903
vt 0.917949 0.327903
vt 0.901559 0.327903
vt 0.885169 0.327903
vt 0.868779 0.327903
vt 0.852389 0.327903
vt 0.835998 0.327903
vt 0.819608 0.327903
vt 0.803218 0.327903
vt 0.803218 0.311513
vt 0.786828 0.327903
vt 0.770438 0.327903
vt 0.754048 0.327903
vt 0.737658 0.327903
vt 0.737658 0.311513
vt 0.508195 0.327903
vt 0.491805 0.327903
vt 0.278733 0.327903
vt 0.262343 0.327903
vt 0.082051 0.327903
vt 0.065661 0.327903
vt 0.049271 0.327903
vt 0.032880 0.327903
vt 0.983510 0.344293
vt 0.967120 0.344293
vt 0.950730 0.344293
vt 0.934339 0.344293
vt 0.917949 0.344293
vt 0.901559 0.344293
vt 0.885169 0.344293
vt 0.868779 0.344293
vt 0.852389 0.344293
vt 0.835998 0.344293
vt 0.819608 0.344293
vt 0.803218 0.344293
vt 0.786828 0.344293
vt 0.770438 0.344293
vt 0.754048 0.344293
vt 0.573756 0.327903
vt 0.573756 0.344293
vt 0.557366 0.344293
vt 0.557366 0.327903
vt 0.540975 0.344293
vt 0.540975 0.327903
vt 0.524585 0.344293
vt 0.524585 0.327903
vt 0.082051 0.344293
vt 0.065661 0.344293
vt 0.049271 0.344293
vt 0.032880 0.344293
vt 0.983510 0.360684
vt 0.967120 0.360684
vt 0.950730 0.360684
vt 0.934339 0.360684
vt 0.917949 0.360684
vt 0.901559 0.360684
vt 0.885169 0.360684
vt 0.868779 0.360684
vt 0.852389 0.360684
vt 0.835998 0.360684
vt 0.819608 0.360684
vt 0.803218 0.360684
vt 0.786828 0.360684
vt 0.770438 0.360684
vt 0.754048 0.360684
vt 0.508195 0.459025
vt 0.508195 0.475415
vt 0.098441 0.377074
vt 0.082051 0.377074
vt 0.639316 0.344293
vt 0.639316 0.360684
vt 0.622926 0.360684
vt 0.622926 0.344293
vt 0.606536 0.360684
vt 0.606536 0.344293
vt 0.590146 0.360684
vt 0.590146 0.344293
vt 0.573756 0.360684
vt 0.557366 0.360684
vt 0.540975 0.360684
vt 0.344293 0.442634
vt 0.344293 0.426244
vt 0.098441 0.409854
vt 0.098441 0.393464
vt 0.360684 0.491805
vt 0.344293 0.491805
vt 0.377074 0.491805
vt 0.491805 0.426244
vt 0.491805 0.442634
vt 0.573756 0.409854
vt 0.557366 0.409854
vt 0.491805 0.491805
vt 0.475415 0.491805
vt 0.082051 0.360684
vt 0.065661 0.360684
vt 0.049271 0.360684
vt 0.032880 0.360684
vt 0.983510 0.377074
vt 0.967120 0.377074
vt 0.950730 0.377074
vt 0.934339 0.377074
vt 0.917949 0.377074
vt 0.901559 0.377074
vt 0.885169 0.377074
vt 0.868779 0.377074
vt 0.852389 0.377074
vt 0.835998 0.377074
vt 0.819608 0.377074
vt 0.803218 0.377074
vt 0.786828 0.377074
vt 0.770438 0.377074
vt 0.754048 0.377074
vt 0.327903 0.377074
vt 0.311513 0.377074
vt 0.311513 0.393464
vt 0.311513 0.409854
vt 0.344293 0.409854
vt 0.344293 0.393464
vt 0.655707 0.360684
vt 0.655707 0.377074
vt 0.639316 0.377074
vt 0.622926 0.377074
vt 0.606536 0.377074
vt 0.590146 0.377074
vt 0.573756 0.377074
vt 0.131221 0.426244
vt 0.114831 0.426244
vt 0.147611 0.426244
vt 0.164002 0.426244
vt 0.344293 0.475415
vt 0.180392 0.426244
vt 0.573756 0.393464
vt 0.196782 0.426244
vt 0.672097 0.377074
vt 0.688487 0.377074
vt 0.065661 0.377074
vt 0.049271 0.377074
vt 0.032880 0.377074
vt 0.983510 0.393464
vt 0.967120 0.393464
vt 0.950730 0.393464
vt 0.934339 0.393464
vt 0.917949 0.393464
vt 0.901559 0.393464
vt 0.885169 0.393464
vt 0.868779 0.393464
vt 0.852389 0.393464
vt 0.835998 0.393464
vt 0.819608 0.393464
vt 0.803218 0.393464
vt 0.786828 0.393464
vt 0.770438 0.393464
vt 0.754048 0.393464
vt 0.737658 0.393464
vt 0.737658 0.377074
vt 0.721267 0.393464
vt 0.721267 0.377074
vt 0.704877 0.393464
vt 0.704877 0.377074
vt 0.688487 0.393464
vt 0.672097 0.393464
vt 0.655707 0.393464
vt 0.639316 0.393464
vt 0.622926 0.393464
vt 0.606536 0.393464
vt 0.590146 0.393464
vt 0.262343 0.426244
vt 0.245953 0.426244
vt 0.278733 0.426244
vt 0.295123 0.426244
vt 0.311513 0.426244
vt 0.491805 0.475415
vt 0.327903 0.393464
vt 0.344293 0.459025
vt 0.114831 0.409854
vt 0.082051 0.393464
vt 0.065661 0.393464
vt 0.049271 0.393464
vt 0.032880 0.393464
vt 0.983510 0.409854
vt 0.967120 0.409854
vt 0.950730 0.409854
vt 0.934339 0.409854
vt 0.917949 0.409854
vt 0.901559 0.409854
vt 0.885169 0.409854
vt 0.868779 0.409854
vt 0.852389 0.409854
vt 0.835998 0.409854
vt 0.819608 0.409854
vt 0.803218 0.409854
vt 0.786828 0.409854
vt 0.770438 0.409854
vt 0.754048 0.409854
vt 0.737658 0.409854
vt 0.721267 0.409854
vt 0.704877 0.409854
vt 0.688487 0.409854
vt 0.672097 0.409854
vt 0.655707 0.409854
vt 0.639316 0.409854
vt 0.622926 0.409854
vt 0.606536 0.409854
vt 0.590146 0.409854
vt 0.508195 0.426244
vt 0.393464 0.508195
vt 0.377074 0.508195
vt 0.524585 0.426244
vt 0.327903 0.409854
vt 0.409854 0.508195
vt 0.540975 0.426244
vt 0.426244 0.508195
vt 0.557366 0.426244
vt 0.442634 0.508195
vt 0.459025 0.508195
vt 0.508195 0.442634
vt 0.082051 0.409854
vt 0.065661 0.409854
vt 0.049271 0.409854
vt 0.032880 0.409854
vt 0.983510 0.426244
vt 0.967120 0.426244
vt 0.950730 0.426244
vt 0.934339 0.426244
vt 0.917949 0.426244
vt 0.901559 0.426244
vt 0.885169 0.426244
vt 0.868779 0.426244
vt 0.852389 0.426244
vt 0.835998 0.426244
vt 0.819608 0.426244
vt 0.803218 0.426244
vt 0.786828 0.426244
vt 0.770438 0.426244
vt 0.754048 0.426244
vt 0.737658 0.426244
vt 0.721267 0.426244
vt 0.704877 0.426244
vt 0.688487 0.426244
vt 0.672097 0.426244
vt 0.655707 0.426244
vt 0.639316 0.426244
vt 0.622926 0.426244
vt 0.606536 0.426244
vt 0.590146 0.426244
vt 0.573756 0.426244
vt 0.475415 0.508195
vt 0.327903 0.426244
vt 0.098441 0.426244
vt 0.082051 0.426244
vt 0.065661 0.426244
vt 0.049271 0.426244
vt 0.032880 0.426244
vt 0.983510 0.442634
vt 0.967120 0.442634
vt 0.950730 0.442634
vt 0.934339 0.442634
vt 0.917949 0.442634
vt 0.901559 0.442634
vt 0.885169 0.442634
vt 0.868779 0.442634
vt 0.852389 0.442634
vt 0.835998 0.442634
vt 0.819608 0.442634
vt 0.803218 0.442634
vt 0.786828 0.442634
vt 0.770438 0.442634
vt 0.754048 0.442634
vt 0.737658 0.442634
vt 0.721267 0.442634
vt 0.704877 0.442634
vt 0.688487 0.442634
vt 0.672097 0.442634
vt 0.655707 0.442634
vt 0.639316 0.442634
vt 0.622926 0.442634
vt 0.606536 0.442634
vt 0.590146 0.442634
vt 0.573756 0.442634
vt 0.557366 0.442634
vt 0.540975 0.442634
vt 0.524585 0.442634
vt 0.213172 0.442634
vt 0.196782 0.442634
vt 0.327903 0.442634
vt 0.311513 0.442634
vt 0.295123 0.442634
vt 0.278733 0.442634
vt 0.262343 0.442634
vt 0.245953 0.442634
vt 0.229562 0.442634
vt 0.180392 0.442634
vt 0.164002 0.442634
vt 0.147611 0.442634
vt 0.131221 0.442634
vt 0.114831 0.442634
vt 0.098441 0.442634
vt 0.082051 0.442634
vt 0.065661 0.442634
vt 0.049271 0.442634
vt 0.032880 0.442634
vt 0.983510 0.459025
vt 0.967120 0.459025
vt 0.950730 0.459025
vt 0.934339 0.459025
vt 0.917949 0.459025
vt 0.901559 0.459025
vt 0.885169 0.459025
vt 0.868779 0.459025
vt 0.852389 0.459025
vt 0.835998 0.459025
vt 0.819608 0.459025
vt 0.803218 0.459025
vt 0.786828 0.459025
vt 0.770438 0.459025
vt 0.754048 0.459025
vt 0.737657 0.459025
vt 0.721267 0.459025
vt 0.704877 0.459025
vt 0.688487 0.459025
vt 0.672097 0.459025
vt 0.655707 0.459025
vt 0.639316 0.459025
vt 0.622926 0.459025
vt 0.606536 0.459025
vt 0.590146 0.459025
vt 0.573756 0.459025
vt 0.557366 0.459025
vt 0.540975 0.459025
vt 0.524585 0.459025
vt 0.327903 0.459025
vt 0.311513 0.459025
vt 0.295123 0.459025
vt 0.278733 0.459025
vt 0.262343 0.459025
vt 0.245952 0.459025
vt 0.229562 0.459025
vt 0.213172 0.459025
vt 0.196782 0.459025
vt 0.180392 0.459025
vt 0.164002 0.459025
vt 0.147611 0.459025
vt 0.131221 0.459025
vt 0.114831 0.459025
vt 0.098441 0.459025
vt 0.082051 0.459025
vt 0.065661 0.459025
vt 0.049270 0.459025
vt 0.032880 0.459025
vt 0.983510 0.475415
vt 0.967120 0.475415
vt 0.950730 0.475415
vt 0.934339 0.475415
vt 0.917949 0.475415
vt 0.901559 0.475415
vt 0.885169 0.475415
vt 0.868779 0.475415
vt 0.852389 0.475415
vt 0.835998 0.475415
vt 0.819608 0.475415
vt 0.803218 0.475415
vt 0.786828 0.475415
vt 0.770438 0.475415
vt 0.754048 0.475415
vt 0.737658 0.475415
vt 0.721267 0.475415
vt 0.704877 0.475415
vt 0.688487 0.475415
vt 0.672097 0.475415
vt 0.655707 0.475415
vt 0.639316 0.475415
vt 0.622926 0.475415
vt 0.606536 0.475415
vt 0.590146 0.475415
vt 0.573756 0.475415
vt 0.557366 0.475415
vt 0.540975 0.475415
vt 0.524585 0.475415
vt 0.000000 0.000000
vt 0.327903 0.475415
vt 0.311513 0.475415
vt 0.295123 0.475415
vt 0.278733 0.475415
vt 0.262343 0.475415
vt 0.245953 0.475415
vt 0.229562 0.475415
vt 0.213172 0.475415
vt 0.196782 0.475415
vt 0.180392 0.475415
vt 0.164002 0.475415
vt 0.147611 0.475415
vt 0.131221 0.475415
vt 0.114831 0.475415
vt 0.098441 0.475415
vt 0.082051 0.475415
vt 0.065661 0.475415
vt 0.049271 0.475415
vt 0.032880 0.475415
vt 0.983510 0.491805
vt 0.967120 0.491805
vt 0.950730 0.491805
vt 0.934339 0.491805
vt 0.917949 0.491805
vt 0.901559 0.491805
vt 0.885169 0.491805
vt 0.868779 0.491805
vt 0.852389 0.491805
vt 0.835998 0.491805
vt 0.819608 0.491805
vt 0.803218 0.491805
vt 0.786828 0.491805
vt 0.770438 0.491805
vt 0.754048 0.491805
vt 0.737658 0.491805
vt 0.721267 0.491805
vt 0.704877 0.491805
vt 0.688487 0.491805
vt 0.672097 0.491805
vt 0.655707 0.491805
vt 0.639316 0.491805
vt 0.622926 0.491805
vt 0.606536 0.491805
vt 0.590146 0.491805
vt 0.573756 0.491805
vt 0.557366 0.491805
vt 0.540975 0.491805
vt 0.524585 0.491805
vt 0.508195 0.491805
vt 0.327903 0.491805
vt 0.311513 0.491805
vt 0.295123 0.491805
vt 0.278733 0.491805
vt 0.262343 0.491805
vt 0.245953 0.491805
vt 0.229562 0.491805
vt 0.213172 0.491805
vt 0.196782 0.491805
vt 0.180392 0.491805
vt 0.164002 0.491805
vt 0.147611 0.491805
vt 0.131221 0.491805
vt 0.114831 0.491805
vt 0.098441 0.491805
vt 0.082051 0.491805
vt 0.065661 0.491805
vt 0.049271 0.491805
vt 0.032880 0.491805
vt 0.983510 0.508195
vt 0.967120 0.508195
vt 0.950730 0.508195
vt 0.934339 0.508195
vt 0.917949 0.508195
vt 0.901559 0.508195
vt 0.885169 0.508195
vt 0.868779 0.508195
vt 0.852389 0.508195
vt 0.835998 0.508195
vt 0.819608 0.508195
vt 0.803218 0.508195
vt 0.786828 0.508195
vt 0.770438 0.508195
vt 0.754048 0.508195
vt 0.737658 0.508195
vt 0.721267 0.508195
vt 0.704877 0.508195
vt 0.688487 0.508195
vt 0.672097 0.508195
vt 0.655707 0.508195
vt 0.639316 0.508195
vt 0.622926 0.508195
vt 0.606536 0.508195
vt 0.590146 0.508195
vt 0.573756 0.508195
vt 0.557366 0.508195
vt 0.540975 0.508195
vt 0.524585 0.508195
vt 0.508195 0.508195
vt 0.491805 0.508195
vt 0.360684 0.508195
vt 0.344293 0.508195
vt 0.327903 0.508195
vt 0.311513 0.508195
vt 0.295123 0.508195
vt 0.278733 0.508195
vt 0.262343 0.508195
vt 0.245953 0.508195
vt 0.229562 0.508195
vt 0.213172 0.508195
vt 0.196782 0.508195
vt 0.180392 0.508195
vt 0.164002 0.508195
vt 0.147611 0.508195
vt 0.131221 0.508195
vt 0.114831 0.508195
vt 0.098441 0.508195
vt 0.082051 0.508195
vt 0.065661 0.508195
vt 0.049271 0.508195
vt 0.032880 0.508195
vt 0.983510 0.524585
vt 0.967120 0.524585
vt 0.950730 0.524585
vt 0.934339 0.524585
vt 0.917949 0.524585
vt 0.901559 0.524585
vt 0.885169 0.524585
vt 0.868779 0.524585
vt 0.852389 0.524585
vt 0.835998 0.524585
vt 0.819608 0.524585
vt 0.803218 0.524585
vt 0.786828 0.524585
vt 0.770438 0.524585
vt 0.754048 0.524585
vt 0.737658 0.524585
vt 0.721267 0.524585
vt 0.704877 0.524585
vt 0.688487 0.524585
vt 0.672097 0.524585
vt 0.655707 0.524585
vt 0.639316 0.524585
vt 0.622926 0.524585
vt 0.606536 0.524585
vt 0.590146 0.524585
vt 0.573756 0.524585
vt 0.557366 0.524585
vt 0.540975 0.524585
vt 0.524585 0.524585
vt 0.508195 0.524585
vt 0.491805 0.524585
vt 0.475415 0.524585
vt 0.459025 0.524585
vt 0.442634 0.524585
vt 0.426244 0.524585
vt 0.409854 0.524585
vt 0.393464 0.524585
vt 0.377074 0.524585
vt 0.360684 0.524585
vt 0.344293 0.524585
vt 0.327903 0.524585
vt 0.311513 0.524585
vt 0.295123 0.524585
vt 0.278733 0.524585
vt 0.262343 0.524585
vt 0.245953 0.524585
vt 0.229562 0.524585
vt 0.213172 0.524585
vt 0.196782 0.524585
vt 0.180392 0.524585
vt 0.164002 0.524585
vt 0.147611 0.524585
vt 0.131221 0.524585
vt 0.114831 0.524585
vt 0.098441 0.524585
vt 0.082051 0.524585
vt 0.065661 0.524585
vt 0.049271 0.524585
vt 0.032880 0.524585
vt 0.983510 0.540975
vt 0.967120 0.540975
vt 0.950730 0.540975
vt 0.934339 0.540975
vt 0.917949 0.540975
vt 0.901559 0.540975
vt 0.885169 0.540975
vt 0.868779 0.540975
vt 0.852389 0.540975
vt 0.835998 0.540975
vt 0.819608 0.540975
vt 0.803218 0.540975
vt 0.786828 0.540975
vt 0.770438 0.540975
vt 0.754048 0.540975
vt 0.737658 0.540975
vt 0.721267 0.540975
vt 0.704877 0.540975
vt 0.688487 0.540975
vt 0.672097 0.540975
vt 0.655707 0.540975
vt 0.639316 0.540976
vt 0.622926 0.540976
vt 0.606536 0.540976
vt 0.590146 0.540976
vt 0.573756 0.540976
vt 0.557366 0.540976
vt 0.540975 0.540976
vt 0.524585 0.540976
vt 0.508195 0.540976
vt 0.491805 0.540976
vt 0.475415 0.540975
vt 0.459025 0.540975
vt 0.442634 0.540975
vt 0.426244 0.540975
vt 0.409854 0.540975
vt 0.393464 0.540975
vt 0.377074 0.540975
vt 0.360684 0.540975
vt 0.344293 0.540975
vt 0.327903 0.540975
vt 0.311513 0.540975
vt 0.295123 0.540975
vt 0.278733 0.540975
vt 0.262343 0.540975
vt 0.245953 0.540975
vt 0.229562 0.540975
vt 0.213172 0.540975
vt 0.196782 0.540975
vt 0.180392 0.540975
vt 0.164002 0.540975
vt 0.147611 0.540975
vt 0.131221 0.540975
vt 0.114831 0.540975
vt 0.098441 0.540975
vt 0.082051 0.540975
vt 0.065661 0.540975
vt 0.049271 0.540975
vt 0.032880 0.540975
vt 0.983510 0.557365
vt 0.967120 0.557365
vt 0.950730 0.557365
vt 0.934339 0.557365
vt 0.917949 0.557365
vt 0.901559 0.557365
vt 0.885169 0.557365
vt 0.868779 0.557365
vt 0.852389 0.557365
vt 0.835998 0.557365
vt 0.819608 0.557365
vt 0.803218 0.557365
vt 0.786828 0.557366
vt 0.770438 0.557366
vt 0.754048 0.557366
vt 0.737658 0.557366
vt 0.721267 0.557366
vt 0.704877 0.557366
vt 0.688487 0.557366
vt 0.672097 0.557366
vt 0.655707 0.557366
vt 0.639316 0.557366
vt 0.622926 0.557366
vt 0.606536 0.557366
vt 0.590146 0.557366
vt 0.573756 0.557366
vt 0.557366 0.557366
vt 0.540975 0.557366
vt 0.524585 0.557366
vt 0.508195 0.557366
vt 0.491805 0.557366
vt 0.475415 0.557366
vt 0.459025 0.557366
vt 0.442634 0.557366
vt 0.426244 0.557366
vt 0.409854 0.557366
vt 0.393464 0.557366
vt 0.377074 0.557366
vt 0.360684 0.557366
vt 0.344293 0.557365
vt 0.327903 0.557365
vt 0.311513 0.557365
vt 0.295123 0.557365
vt 0.278733 0.557365
vt 0.262343 0.557365
vt 0.245953 0.557365
vt 0.229562 0.557365
vt 0.213172 0.557365
vt 0.196782 0.557365
vt 0.180392 0.557365
vt 0.164002 0.557365
vt 0.147611 0.557365
vt 0.131221 0.557365
vt 0.114831 0.557365
vt 0.098441 0.557365
vt 0.082051 0.557365
vt 0.065661 0.557366
vt 0.049271 0.557366
vt 0.032880 0.557366
vt 0.983510 0.573756
vt 0.967120 0.573756
vt 0.950730 0.573756
vt 0.934339 0.573756
vt 0.917949 0.573756
vt 0.901559 0.573756
vt 0.885169 0.573756
vt 0.868779 0.573756
vt 0.852389 0.573756
vt 0.835998 0.573756
vt 0.819608 0.573756
vt 0.803218 0.573756
vt 0.786828 0.573756
vt 0.770438 0.573756
vt 0.754048 0.573756
vt 0.737658 0.573756
vt 0.721267 0.573756
vt 0.704877 0.573756
vt 0.688487 0.573756
vt 0.672097 0.573756
vt 0.655707 0.573756
vt 0.639316 0.573756
vt 0.622926 0.573756
vt 0.606536 0.573756
vt 0.590146 0.573756
vt 0.573756 0.573756
vt 0.557366 0.573756
vt 0.540975 0.573756
vt 0.524585 0.573756
vt 0.508195 0.573756
vt 0.491805 0.573756
vt 0.475415 0.573756
vt 0.459025 0.573756
vt 0.442634 0.573756
vt 0.426244 0.573756
vt 0.409854 0.573756
vt 0.393464 0.573756
vt 0.377074 0.573756
vt 0.360684 0.573756
vt 0.344293 0.573756
vt 0.327903 0.573756
vt 0.311513 0.573756
vt 0.295123 0.573756
vt 0.278733 0.573756
vt 0.262343 0.573756
vt 0.245953 0.573756
vt 0.229562 0.573756
vt 0.213172 0.573756
vt 0.196782 0.573756
vt 0.180392 0.573756
vt 0.164002 0.573756
vt 0.147611 0.573756
vt 0.131221 0.573756
vt 0.114831 0.573756
vt 0.098441 0.573756
vt 0.082051 0.573756
vt 0.065661 0.573756
vt 0.049271 0.573756
vt 0.032880 0.573756
vt 0.983510 0.590146
vt 0.967120 0.590146
vt 0.950730 0.590146
vt 0.934339 0.590146
vt 0.917949 0.590146
vt 0.901559 0.590146
vt 0.885169 0.590146
vt 0.868779 0.590146
vt 0.852389 0.590146
vt 0.835998 0.590146
vt 0.819608 0.590146
vt 0.803218 0.590146
vt 0.786828 0.590146
vt 0.770438 0.590146
vt 0.754048 0.590146
vt 0.737657 0.590146
vt 0.721267 0.590146
vt 0.704877 0.590146
vt 0.688487 0.590146
vt 0.672097 0.590146
vt 0.655707 0.590146
vt 0.639316 0.590146
vt 0.622926 0.590146
vt 0.606536 0.590146
vt 0.590146 0.590146
vt 0.573756 0.590146
vt 0.557366 0.590146
vt 0.540975 0.590146
vt 0.524585 0.590146
vt 0.508195 0.590146
vt 0.491805 0.590146
vt 0.475415 0.590146
vt 0.459025 0.590146
vt 0.442634 0.590146
vt 0.426244 0.590146
vt 0.409854 0.590146
vt 0.393464 0.590146
vt 0.377074 0.590146
vt 0.360684 0.590146
vt 0.344293 0.590146
vt 0.327903 0.590146
vt 0.311513 0.590146
vt 0.295123 0.590146
vt 0.278733 0.590146
vt 0.262343 0.590146
vt 0.245952 0.590146
vt 0.229562 0.590146
vt 0.213172 0.590146
vt 0.196782 0.590146
vt 0.180392 0.590146
vt 0.164002 0.590146
vt 0.147611 0.590146
vt 0.131221 0.590146
vt 0.114831 0.590146
vt 0.098441 0.590146
vt 0.082051 0.590146
vt 0.065661 0.590146
vt 0.049271 0.590146
vt 0.032880 0.590146
vt 0.983510 0.606536
vt 0.967120 0.606536
vt 0.950730 0.606536
vt 0.934339 0.606536
vt 0.917949 0.606536
vt 0.901559 0.606536
vt 0.885169 0.606536
vt 0.868779 0.606536
vt 0.852389 0.606536
vt 0.835998 0.606536
vt 0.819608 0.606536
vt 0.803218 0.606536
vt 0.786828 0.606536
vt 0.770438 0.606536
vt 0.754048 0.606536
vt 0.737657 0.606536
vt 0.721267 0.606536
vt 0.704877 0.606536
vt 0.688487 0.606536
vt 0.672097 0.606536
vt 0.655707 0.606536
vt 0.639316 0.606536
vt 0.622926 0.606536
vt 0.606536 0.606536
vt 0.590146 0.606536
vt 0.573756 0.606536
vt 0.557366 0.606536
vt 0.540975 0.606536
vt 0.524585 0.606536
vt 0.508195 0.606536
vt 0.491805 0.606536
vt 0.475415 0.606536
vt 0.459025 0.606536
vt 0.442634 0.606536
vt 0.426244 0.606536
vt 0.409854 0.606536
vt 0.393464 0.606536
vt 0.377074 0.606536
vt 0.360684 0.606536
vt 0.344293 0.606536
vt 0.327903 0.606536
vt 0.311513 0.606536
vt 0.295123 0.606536
vt 0.278733 0.606536
vt 0.262343 0.606536
vt 0.245952 0.606536
vt 0.229562 0.606536
vt 0.213172 0.606536
vt 0.196782 0.606536
vt 0.180392 0.606536
vt 0.164002 0.606536
vt 0.147611 0.606536
vt 0.131221 0.606536
vt 0.114831 0.606536
vt 0.098441 0.606536
vt 0.082051 0.606536
vt 0.065661 0.606536
vt 0.049271 0.606536
vt 0.032880 0.606536
vt 0.983510 0.622926
vt 0.967120 0.622926
vt 0.950730 0.622926
vt 0.934339 0.622926
vt 0.917949 0.622926
vt 0.901559 0.622926
vt 0.885169 0.622926
vt 0.868779 0.622926
vt 0.852389 0.622926
vt 0.835998 0.622926
vt 0.819608 0.622926
vt 0.803218 0.622926
vt 0.786828 0.622926
vt 0.770438 0.622926
vt 0.754048 0.622926
vt 0.737657 0.622926
vt 0.721267 0.622926
vt 0.704877 0.622926
vt 0.688487 0.622926
vt 0.672097 0.622926
vt 0.655707 0.622926
vt 0.639316 0.622926
vt 0.622926 0.622926
vt 0.606536 0.622926
vt 0.590146 0.622926
vt 0.573756 0.622926
vt 0.557366 0.622926
vt 0.540975 0.622926
vt 0.524585 0.622926
vt 0.508195 0.622926
vt 0.491805 0.622926
vt 0.475415 0.622926
vt 0.459025 0.622926
vt 0.442634 0.622926
vt 0.426244 0.622926
vt 0.409854 0.622926
vt 0.393464 0.622926
vt 0.377074 0.622926
vt 0.360684 0.622926
vt 0.344293 0.622926
vt 0.327903 0.622926
vt 0.311513 0.622926
vt 0.295123 0.622926
vt 0.278733 0.622926
vt 0.262343 0.622926
vt 0.245952 0.622926
vt 0.229562 0.622926
vt 0.213172 0.622926
vt 0.196782 0.622926
vt 0.180392 0.622926
vt 0.164002 0.622926
vt 0.147611 0.622926
vt 0.131221 0.622926
vt 0.114831 0.622926
vt 0.098441 0.622926
vt 0.082051 0.622926
vt 0.065661 0.622926
vt 0.049271 0.622926
vt 0.032880 0.622926
vt 0.983510 0.639316
vt 0.967120 0.639316
vt 0.950730 0.639316
vt 0.934339 0.639316
vt 0.917949 0.639316
vt 0.901559 0.639316
vt 0.885169 0.639316
vt 0.868779 0.639316
vt 0.852389 0.639316
vt 0.835998 0.639316
vt 0.819608 0.639316
vt 0.803218 0.639316
vt 0.786828 0.639316
vt 0.770438 0.639316
vt 0.754048 0.639316
vt 0.737657 0.639316
vt 0.721267 0.639316
vt 0.704877 0.639316
vt 0.688487 0.639316
vt 0.672097 0.639316
vt 0.655707 0.639316
vt 0.639316 0.639316
vt 0.622926 0.639316
vt 0.606536 0.639316
vt 0.590146 0.639316
vt 0.573756 0.639316
vt 0.557366 0.639316
vt 0.540975 0.639316
vt 0.524585 0.639316
vt 0.508195 0.639316
vt 0.491805 0.639316
vt 0.475415 0.639316
vt 0.459025 0.639316
vt 0.442634 0.639316
vt 0.426244 0.639316
vt 0.409854 0.639316
vt 0.393464 0.639316
vt 0.377074 0.639316
vt 0.360684 0.639316
vt 0.344293 0.639316
vt 0.327903 0.639316
vt 0.311513 0.639316
vt 0.295123 0.639316
vt 0.278733 0.639316
vt 0.262343 0.639316
vt 0.245952 0.639316
vt 0.229562 0.639316
vt 0.213172 0.639316
vt 0.196782 0.639316
vt 0.180392 0.639316
vt 0.164002 0.639316
vt 0.147611 0.639316
vt 0.131221 0.639316
vt 0.114831 0.639316
vt 0.098441 0.639316
vt 0.082051 0.639316
vt 0.065661 0.639316
vt 0.049271 0.639316
vt 0.032880 0.639316
vt 0.983510 0.655706
vt 0.967120 0.655706
vt 0.950730 0.655706
vt 0.934339 0.655706
vt 0.917949 0.655706
vt 0.901559 0.655706
vt 0.885169 0.655706
vt 0.868779 0.655706
vt 0.852389 0.655706
vt 0.835998 0.655706
vt 0.819608 0.655706
vt 0.803218 0.655707
vt 0.786828 0.655707
vt 0.770438 0.655707
vt 0.754048 0.655707
vt 0.737657 0.655707
vt 0.721267 0.655707
vt 0.704877 0.655707
vt 0.688487 0.655707
vt 0.672097 0.655707
vt 0.655707 0.655707
vt 0.639316 0.655707
vt 0.622926 0.655707
vt 0.606536 0.655707
vt 0.590146 0.655707
vt 0.573756 0.655706
vt 0.557366 0.655706
vt 0.540975 0.655706
vt 0.524585 0.655707
vt 0.508195 0.655707
vt 0.491805 0.655707
vt 0.475415 0.655707
vt 0.459025 0.655707
vt 0.442634 0.655707
vt 0.426244 0.655707
vt 0.409854 0.655707
vt 0.393464 0.655707
vt 0.377074 0.655707
vt 0.360684 0.655707
vt 0.344293 0.655707
vt 0.327903 0.655707
vt 0.311513 0.655707
vt 0.295123 0.655707
vt 0.278733 0.655707
vt 0.262343 0.655707
vt 0.245952 0.655707
vt 0.229562 0.655707
vt 0.213172 0.655707
vt 0.196782 0.655707
vt 0.180392 0.655707
vt 0.164002 0.655707
vt 0.147611 0.655707
vt 0.131221 0.655707
vt 0.114831 0.655707
vt 0.098441 0.655707
vt 0.082051 0.655707
vt 0.065661 0.655707
vt 0.049271 0.655707
vt 0.032880 0.655707
vt 0.983510 0.672097
vt 0.967120 0.672097
vt 0.950730 0.672097
vt 0.934339 0.672097
vt 0.917949 0.672097
vt 0.901559 0.672097
vt 0.885169 0.672097
vt 0.868779 0.672097
vt 0.852389 0.672097
vt 0.835998 0.672097
vt 0.819608 0.672097
vt 0.803218 0.672097
vt 0.786828 0.672097
vt 0.770438 0.672097
vt 0.754048 0.672097
vt 0.737657 0.672097
vt 0.721267 0.672097
vt 0.704877 0.672097
vt 0.688487 0.672097
vt 0.672097 0.672097
vt 0.655707 0.672097
vt 0.639316 0.672097
vt 0.622926 0.672097
vt 0.606536 0.672097
vt 0.590146 0.672097
vt 0.573756 0.672097
vt 0.557366 0.672097
vt 0.540975 0.672097
vt 0.524585 0.672097
vt 0.508195 0.672097
vt 0.491805 0.672097
vt 0.475415 0.672097
vt 0.459025 0.672097
vt 0.442634 0.672097
vt 0.426244 0.672097
vt 0.409854 0.672097
vt 0.393464 0.672096
vt 0.377074 0.672096
vt 0.360684 0.672096
vt 0.344293 0.672096
vt 0.327903 0.672096
vt 0.311513 0.672096
vt 0.295123 0.672096
vt 0.278733 0.672096
vt 0.262343 0.672096
vt 0.245952 0.672096
vt 0.229562 0.672096
vt 0.213172 0.672096
vt 0.196782 0.672097
vt 0.180392 0.672097
vt 0.164002 0.672097
vt 0.147611 0.672097
vt 0.131221 0.672097
vt 0.114831 0.672097
vt 0.098441 0.672097
vt 0.082051 0.672097
vt 0.065661 0.672097
vt 0.049271 0.672097
vt 0.032880 0.672097
vt 0.983510 0.688487
vt 0.967120 0.688487
vt 0.950730 0.688487
vt 0.934339 0.688487
vt 0.917949 0.688487
vt 0.901559 0.688487
vt 0.885169 0.688487
vt 0.868779 0.688487
vt 0.852389 0.688487
vt 0.835998 0.688487
vt 0.819608 0.688487
vt 0.803218 0.688487
vt 0.786828 0.688487
vt 0.770438 0.688487
vt 0.754048 0.688487
vt 0.737657 0.688487
vt 0.721267 0.688487
vt 0.704877 0.688487
vt 0.688487 0.688487
vt 0.672097 0.688487
vt 0.655707 0.688487
vt 0.639316 0.688487
vt 0.622926 0.688487
vt 0.606536 0.688487
vt 0.590146 0.688487
vt 0.573756 0.688487
vt 0.557366 0.688487
vt 0.540975 0.688487
vt 0.524585 0.688487
vt 0.508195 0.688487
vt 0.491805 0.688487
vt 0.475415 0.688487
vt 0.459025 0.688487
vt 0.442634 0.688487
vt 0.426244 0.688487
vt 0.409854 0.688487
vt 0.393464 0.688487
vt 0.377074 0.688487
vt 0.360684 0.688487
vt 0.344293 0.688487
vt 0.327903 0.688487
vt 0.311513 0.688487
vt 0.295123 0.688487
vt 0.278733 0.688487
vt 0.262343 0.688487
vt 0.245952 0.688487
vt 0.229562 0.688487
vt 0.213172 0.688487
vt 0.196782 0.688487
vt 0.180392 0.688487
vt 0.164002 0.688487
vt 0.147611 0.688487
vt 0.131221 0.688487
vt 0.114831 0.688487
vt 0.098441 0.688487
vt 0.082051 0.688487
vt 0.065661 0.688487
vt 0.049271 0.688487
vt 0.032880 0.688487
vt 0.983510 0.704877
vt 0.967120 0.704877
vt 0.950730 0.704877
vt 0.934339 0.704877
vt 0.917949 0.704877
vt 0.901559 0.704877
vt 0.885169 0.704877
vt 0.868779 0.704877
vt 0.852389 0.704877
vt 0.835998 0.704877
vt 0.819608 0.704877
vt 0.803218 0.704877
vt 0.786828 0.704877
vt 0.770438 0.704877
vt 0.754048 0.704877
vt 0.737657 0.704877
vt 0.721267 0.704877
vt 0.704877 0.704877
vt 0.688487 0.704877
vt 0.672097 0.704877
vt 0.655707 0.704877
vt 0.639316 0.704877
vt 0.622926 0.704877
vt 0.606536 0.704877
vt 0.590146 0.704877
vt 0.573756 0.704877
vt 0.557366 0.704877
vt 0.540975 0.704877
vt 0.524585 0.704877
vt 0.508195 0.704877
vt 0.491805 0.704877
vt 0.475415 0.704877
vt 0.459025 0.704877
vt 0.442634 0.704877
vt 0.426244 0.704877
vt 0.409854 0.704877
vt 0.393464 0.704877
vt 0.377074 0.704877
vt 0.360684 0.704877
vt 0.344293 0.704877
vt 0.327903 0.704877
vt 0.311513 0.704877
vt 0.295123 0.704877
vt 0.278733 0.704877
vt 0.262343 0.704877
vt 0.245952 0.704877
vt 0.229562 0.704877
vt 0.213172 0.704877
vt 0.196782 0.704877
vt 0.180392 0.704877
vt 0.164002 0.704877
vt 0.147611 0.704877
vt 0.131221 0.704877
vt 0.114831 0.704877
vt 0.098441 0.704877
vt 0.082051 0.704877
vt 0.065661 0.704877
vt 0.049271 0.704877
vt 0.032880 0.704877
vt 0.983510 0.721267
vt 0.967120 0.721267
vt 0.950729 0.721267
vt 0.934339 0.721267
vt 0.917949 0.721267
vt 0.901559 0.721267
vt 0.885169 0.721267
vt 0.868779 0.721267
vt 0.852389 0.721267
vt 0.835998 0.721267
vt 0.819608 0.721267
vt 0.803218 0.721267
vt 0.786828 0.721267
vt 0.770438 0.721267
vt 0.754048 0.721267
vt 0.737657 0.721267
vt 0.721267 0.721267
vt 0.704877 0.721267
vt 0.688487 0.721267
vt 0.672097 0.721267
vt 0.655707 0.721267
vt 0.639316 0.721267
vt 0.622926 0.721267
vt 0.606536 0.721267
vt 0.590146 0.721267
vt 0.573756 0.721267
vt 0.557366 0.721267
vt 0.540975 0.721267
vt 0.524585 0.721267
vt 0.508195 0.721267
vt 0.491805 0.721267
vt 0.475415 0.721267
vt 0.459025 0.721267
vt 0.442634 0.721267
vt 0.426244 0.721267
vt 0.409854 0.721267
vt 0.393464 0.721267
vt 0.377074 0.721267
vt 0.360684 0.721267
vt 0.344293 0.721267
vt 0.327903 0.721267
vt 0.311513 0.721267
vt 0.295123 0.721267
vt 0.278733 0.721267
vt 0.262343 0.721267
vt 0.245952 0.721267
vt 0.229562 0.721267
vt 0.213172 0.721267
vt 0.196782 0.721267
vt 0.180392 0.721267
vt 0.164002 0.721267
vt 0.147611 0.721267
vt 0.131221 0.721267
vt 0.114831 0.721267
vt 0.098441 0.721267
vt 0.082051 0.721267
vt 0.065661 0.721267
vt 0.049271 0.721267
vt 0.032880 0.721267
vt 0.983510 0.737657
vt 0.967120 0.737657
vt 0.950729 0.737657
vt 0.934339 0.737657
vt 0.917949 0.737657
vt 0.901559 0.737657
vt 0.885169 0.737657
vt 0.868779 0.737657
vt 0.852389 0.737657
vt 0.835998 0.737657
vt 0.819608 0.737657
vt 0.803218 0.737657
vt 0.786828 0.737657
vt 0.770438 0.737657
vt 0.754048 0.737657
vt 0.737657 0.737657
vt 0.721267 0.737657
vt 0.704877 0.737657
vt 0.688487 0.737657
vt 0.672097 0.737657
vt 0.655707 0.737657
vt 0.639316 0.737657
vt 0.622926 0.737657
vt 0.606536 0.737657
vt 0.590146 0.737657
vt 0.573756 0.737657
vt 0.557366 0.737657
vt 0.540975 0.737657
vt 0.524585 0.737657
vt 0.508195 0.737657
vt 0.491805 0.737657
vt 0.475415 0.737657
vt 0.459025 0.737657
vt 0.442634 0.737657
vt 0.426244 0.737657
vt 0.409854 0.737657
vt 0.393464 0.737657
vt 0.377074 0.737657
vt 0.360684 0.737657
vt 0.344293 0.737657
vt 0.327903 0.737657
vt 0.311513 0.737657
vt 0.295123 0.737657
vt 0.278733 0.737657
vt 0.262343 0.737657
vt 0.245952 0.737657
vt 0.229562 0.737657
vt 0.213172 0.737657
vt 0.196782 0.737657
vt 0.180392 0.737657
vt 0.164002 0.737657
vt 0.147611 0.737657
vt 0.131221 0.737657
vt 0.114831 0.737657
vt 0.098441 0.737657
vt 0.082051 0.737657
vt 0.065661 0.737657
vt 0.049271 0.737657
vt 0.032880 0.737657
vt 0.983510 0.754047
vt 0.967120 0.754047
vt 0.950729 0.754047
vt 0.934339 0.754047
vt 0.917949 0.754047
vt 0.901559 0.754047
vt 0.885169 0.754047
vt 0.868779 0.754047
vt 0.852389 0.754047
vt 0.835998 0.754047
vt 0.819608 0.754047
vt 0.803218 0.754047
vt 0.786828 0.754047
vt 0.770438 0.754048
vt 0.754048 0.754048
vt 0.737657 0.754048
vt 0.721267 0.754048
vt 0.704877 0.754048
vt 0.688487 0.754048
vt 0.672097 0.754048
vt 0.655707 0.754048
vt 0.639316 0.754048
vt 0.622926 0.754048
vt 0.606536 0.754048
vt 0.590146 0.754048
vt 0.573756 0.754048
vt 0.557366 0.754048
vt 0.540975 0.754048
vt 0.524585 0.754048
vt 0.508195 0.754048
vt 0.491805 0.754048
vt 0.475415 0.754048
vt 0.459025 0.754048
vt 0.442634 0.754048
vt 0.426244 0.754048
vt 0.409854 0.754048
vt 0.393464 0.754048
vt 0.377074 0.754048
vt 0.360684 0.754048
vt 0.344293 0.754048
vt 0.327903 0.754048
vt 0.311513 0.754048
vt 0.295123 0.754048
vt 0.278733 0.754048
vt 0.262343 0.754048
vt 0.245952 0.754048
vt 0.229562 0.754048
vt 0.213172 0.754048
vt 0.196782 0.754048
vt 0.180392 0.754048
vt 0.164002 0.754048
vt 0.147611 0.754048
vt 0.131221 0.754048
vt 0.114831 0.754048
vt 0.098441 0.754048
vt 0.082051 0.754048
vt 0.065661 0.754048
vt 0.049271 0.754048
vt 0.032880 0.754048
vt 0.983510 0.770437
vt 0.967120 0.770437
vt 0.950729 0.770437
vt 0.934339 0.770437
vt 0.917949 0.770437
vt 0.901559 0.770437
vt 0.885169 0.770438
vt 0.868779 0.770438
vt 0.852389 0.770438
vt 0.835998 0.770438
vt 0.819608 0.770438
vt 0.803218 0.770438
vt 0.786828 0.770438
vt 0.770438 0.770438
vt 0.754048 0.770438
vt 0.737657 0.770438
vt 0.721267 0.770438
vt 0.704877 0.770438
vt 0.688487 0.770438
vt 0.672097 0.770438
vt 0.655707 0.770438
vt 0.639316 0.770438
vt 0.622926 0.770438
vt 0.606536 0.770438
vt 0.590146 0.770438
vt 0.573756 0.770438
vt 0.557366 0.770438
vt 0.540975 0.770438
vt 0.524585 0.770438
vt 0.508195 0.770438
vt 0.491805 0.770438
vt 0.475415 0.770438
vt 0.459025 0.770438
vt 0.442634 0.770438
vt 0.426244 0.770438
vt 0.409854 0.770438
vt 0.393464 0.770438
vt 0.377074 0.770438
vt 0.360684 0.770438
vt 0.344293 0.770438
vt 0.327903 0.770438
vt 0.311513 0.770438
vt 0.295123 0.770438
vt 0.278733 0.770438
vt 0.262343 0.770438
vt 0.245952 0.770438
vt 0.229562 0.770438
vt 0.213172 0.770438
vt 0.196782 0.770438
vt 0.180392 0.770438
vt 0.164002 0.770438
vt 0.147611 0.770438
vt 0.131221 0.770438
vt 0.114831 0.770438
vt 0.098441 0.770438
vt 0.082051 0.770438
vt 0.065661 0.770438
vt 0.049271 0.770438
vt 0.032880 0.770438
vt 0.983510 0.786828
vt 0.967120 0.786828
vt 0.950729 0.786828
vt 0.934339 0.786828
vt 0.917949 0.786828
vt 0.901559 0.786828
vt 0.885169 0.786828
vt 0.868779 0.786828
vt 0.852389 0.786828
vt 0.835998 0.786828
vt 0.819608 0.786828
vt 0.803218 0.786828
vt 0.786828 0.786828
vt 0.770438 0.786828
vt 0.754048 0.786828
vt 0.737657 0.786828
vt 0.721267 0.786828
vt 0.704877 0.786828
vt 0.688487 0.786828
vt 0.672097 0.786828
vt 0.655707 0.786828
vt 0.639316 0.786828
vt 0.622926 0.786828
vt 0.606536 0.786828
vt 0.590146 0.786828
vt 0.573756 0.786828
vt 0.557366 0.786828
vt 0.540975 0.786828
vt 0.524585 0.786828
vt 0.508195 0.786828
vt 0.491805 0.786828
vt 0.475415 0.786828
vt 0.459025 0.786828
vt 0.442634 0.786828
vt 0.426244 0.786828
vt 0.409854 0.786828
vt 0.393464 0.786828
vt 0.377074 0.786828
vt 0.360684 0.786828
vt 0.344293 0.786828
vt 0.327903 0.786828
vt 0.311513 0.786828
vt 0.295123 0.786828
vt 0.278733 0.786828
vt 0.262343 0.786828
vt 0.245952 0.786828
vt 0.229562 0.786828
vt 0.213172 0.786828
vt 0.196782 0.786828
vt 0.180392 0.786828
vt 0.164002 0.786828
vt 0.147611 0.786828
vt 0.131221 0.786828
vt 0.114831 0.786828
vt 0.098441 0.786828
vt 0.082051 0.786828
vt 0.065661 0.786828
vt 0.049271 0.786828
vt 0.032880 0.786828
vt 0.983510 0.803218
vt 0.967120 0.803218
vt 0.950729 0.803218
vt 0.934339 0.803218
vt 0.917949 0.803218
vt 0.901559 0.803218
vt 0.885169 0.803218
vt 0.868779 0.803218
vt 0.852389 0.803218
vt 0.835998 0.803218
vt 0.819608 0.803218
vt 0.803218 0.803218
vt 0.786828 0.803218
vt 0.770438 0.803218
vt 0.754048 0.803218
vt 0.737657 0.803218
vt 0.721267 0.803218
vt 0.704877 0.803218
vt 0.688487 0.803218
vt 0.672097 0.803218
vt 0.655707 0.803218
vt 0.639316 0.803218
vt 0.622926 0.803218
vt 0.606536 0.803218
vt 0.590146 0.803218
vt 0.573756 0.803218
vt 0.557366 0.803218
vt 0.540975 0.803218
vt 0.524585 0.803218
vt 0.508195 0.803218
vt 0.491805 0.803218
vt 0.475415 0.803218
vt 0.459025 0.803218
vt 0.442634 0.803218
vt 0.426244 0.803218
vt 0.409854 0.803218
vt 0.393464 0.803218
vt 0.377074 0.803218
vt 0.360684 0.803218
vt 0.344293 0.803218
vt 0.327903 0.803218
vt 0.311513 0.803218
vt 0.295123 0.803218
vt 0.278733 0.803218
vt 0.262343 0.803218
vt 0.245952 0.803218
vt 0.229562 0.803218
vt 0.213172 0.803218
vt 0.196782 0.803218
vt 0.180392 0.803218
vt 0.164002 0.803218
vt 0.147611 0.803218
vt 0.131221 0.803218
vt 0.114831 0.803218
vt 0.098441 0.803218
vt 0.082051 0.803218
vt 0.065661 0.803218
vt 0.049271 0.803218
vt 0.032880 0.803218
vt 0.983510 0.819608
vt 0.967120 0.819608
vt 0.950730 0.819608
vt 0.934339 0.819608
vt 0.917949 0.819608
vt 0.901559 0.819608
vt 0.885169 0.819608
vt 0.868779 0.819608
vt 0.852389 0.819608
vt 0.835998 0.819608
vt 0.819608 0.819608
vt 0.803218 0.819608
vt 0.786828 0.819608
vt 0.770438 0.819608
vt 0.754048 0.819608
vt 0.737657 0.819608
vt 0.721267 0.819608
vt 0.704877 0.819608
vt 0.688487 0.819608
vt 0.672097 0.819608
vt 0.655707 0.819608
vt 0.639316 0.819608
vt 0.622926 0.819608
vt 0.606536 0.819608
vt 0.590146 0.819608
vt 0.573756 0.819608
vt 0.557366 0.819608
vt 0.540975 0.819608
vt 0.524585 0.819608
vt 0.508195 0.819608
vt 0.491805 0.819608
vt 0.475415 0.819608
vt 0.459025 0.819608
vt 0.442634 0.819608
vt 0.426244 0.819608
vt 0.409854 0.819608
vt 0.393464 0.819608
vt 0.377074 0.819608
vt 0.360684 0.819608
vt 0.344293 0.819608
vt 0.327903 0.819608
vt 0.311513 0.819608
vt 0.295123 0.819608
vt 0.278733 0.819608
vt 0.262343 0.819608
vt 0.245952 0.819608
vt 0.229562 0.819608
vt 0.213172 0.819608
vt 0.196782 0.819608
vt 0.180392 0.819608
vt 0.164002 0.819608
vt 0.147611 0.819608
vt 0.131221 0.819608
vt 0.114831 0.819608
vt 0.098441 0.819608
vt 0.082051 0.819608
vt 0.065661 0.819608
vt 0.049271 0.819608
vt 0.032880 0.819608
vt 0.983510 0.835998
vt 0.967120 0.835998
vt 0.950730 0.835998
vt 0.934339 0.835998
vt 0.917949 0.835998
vt 0.901559 0.835998
vt 0.885169 0.835998
vt 0.868779 0.835998
vt 0.852389 0.835998
vt 0.835998 0.835998
vt 0.819608 0.835998
vt 0.803218 0.835998
vt 0.786828 0.835998
vt 0.770438 0.835998
vt 0.754048 0.835998
vt 0.737657 0.835998
vt 0.721267 0.835998
vt 0.704877 0.835998
vt 0.688487 0.835998
vt 0.672097 0.835998
vt 0.655707 0.835998
vt 0.639316 0.835998
vt 0.622926 0.835998
vt 0.606536 0.835998
vt 0.590146 0.835998
vt 0.573756 0.835998
vt 0.557366 0.835998
vt 0.540975 0.835998
vt 0.524585 0.835998
vt 0.508195 0.835998
vt 0.491805 0.835998
vt 0.475415 0.835998
vt 0.459025 0.835998
vt 0.442634 0.835998
vt 0.426244 0.835998
vt 0.409854 0.835998
vt 0.393464 0.835998
vt 0.377074 0.835998
vt 0.360684 0.835998
vt 0.344293 0.835998
vt 0.327903 0.835998
vt 0.311513 0.835998
vt 0.295123 0.835998
vt 0.278733 0.835998
vt 0.262343 0.835998
vt 0.245953 0.835998
vt 0.229562 0.835998
vt 0.213172 0.835998
vt 0.196782 0.835998
vt 0.180392 0.835998
vt 0.164002 0.835998
vt 0.147612 0.835998
vt 0.131221 0.835998
vt 0.114831 0.835998
vt 0.098441 0.835998
vt 0.082051 0.835998
vt 0.065661 0.835998
vt 0.049271 0.835998
vt 0.032880 0.835998
vt 0.983510 0.852388
vt 0.967120 0.852388
vt 0.950730 0.852388
vt 0.934339 0.852388
vt 0.917949 0.852389
vt 0.901559 0.852389
vt 0.885169 0.852389
vt 0.868779 0.852389
vt 0.852389 0.852389
vt 0.835998 0.852389
vt 0.819608 0.852389
vt 0.803218 0.852389
vt 0.786828 0.852389
vt 0.770438 0.852389
vt 0.754048 0.852389
vt 0.737657 0.852389
vt 0.721267 0.852389
vt 0.704877 0.852389
vt 0.688487 0.852389
vt 0.672097 0.852389
vt 0.655707 0.852389
vt 0.639316 0.852389
vt 0.622926 0.852389
vt 0.606536 0.852389
vt 0.590146 0.852389
vt 0.573756 0.852389
vt 0.557366 0.852389
vt 0.540975 0.852389
vt 0.524585 0.852389
vt 0.508195 0.852389
vt 0.491805 0.852389
vt 0.475415 0.852389
vt 0.459025 0.852389
vt 0.442634 0.852389
vt 0.426244 0.852389
vt 0.409854 0.852389
vt 0.393464 0.852389
vt 0.377074 0.852389
vt 0.360684 0.852389
vt 0.344293 0.852389
vt 0.327903 0.852389
vt 0.311513 0.852389
vt 0.295123 0.852389
vt 0.278733 0.852389
vt 0.262343 0.852389
vt 0.245953 0.852389
vt 0.229562 0.852389
vt 0.213172 0.852389
vt 0.196782 0.852389
vt 0.180392 0.852389
vt 0.164002 0.852389
vt 0.147612 0.852389
vt 0.131221 0.852389
vt 0.114831 0.852389
vt 0.098441 0.852389
vt 0.082051 0.852389
vt 0.065661 0.852389
vt 0.049271 0.852389
vt 0.032880 0.852388
vt 0.983510 0.868779
vt 0.967120 0.868779
vt 0.950730 0.868779
vt 0.934339 0.868779
vt 0.917949 0.868779
vt 0.901559 0.868779
vt 0.885169 0.868779
vt 0.868779 0.868779
vt 0.852389 0.868779
vt 0.835998 0.868779
vt 0.819608 0.868779
vt 0.803218 0.868779
vt 0.786828 0.868779
vt 0.770438 0.868779
vt 0.754048 0.868779
vt 0.737657 0.868779
vt 0.721267 0.868779
vt 0.704877 0.868779
vt 0.688487 0.868779
vt 0.672097 0.868779
vt 0.655707 0.868779
vt 0.639316 0.868779
vt 0.622926 0.868779
vt 0.606536 0.868779
vt 0.590146 0.868779
vt 0.573756 0.868779
vt 0.557366 0.868779
vt 0.540975 0.868779
vt 0.524585 0.868779
vt 0.508195 0.868779
vt 0.491805 0.868779
vt 0.475415 0.868779
vt 0.459025 0.868779
vt 0.442634 0.868779
vt 0.426244 0.868779
vt 0.409854 0.868779
vt 0.393464 0.868779
vt 0.377074 0.868779
vt 0.360684 0.868779
vt 0.344293 0.868779
vt 0.327903 0.868779
vt 0.311513 0.868779
vt 0.295123 0.868779
vt 0.278733 0.868779
vt 0.262343 0.868779
vt 0.245953 0.868779
vt 0.229562 0.868779
vt 0.213172 0.868779
vt 0.196782 0.868779
vt 0.180392 0.868779
vt 0.164002 0.868779
vt 0.147612 0.868779
vt 0.131221 0.868779
vt 0.114831 0.868779
vt 0.098441 0.868779
vt 0.082051 0.868779
vt 0.065661 0.868779
vt 0.049271 0.868779
vt 0.032880 0.868779
vt 0.983510 0.885169
vt 0.967120 0.885169
vt 0.950730 0.885169
vt 0.934339 0.885169
vt 0.917949 0.885169
vt 0.901559 0.885169
vt 0.885169 0.885169
vt 0.868779 0.885169
vt 0.852389 0.885169
vt 0.835998 0.885169
vt 0.819608 0.885169
vt 0.803218 0.885169
vt 0.786828 0.885169
vt 0.770438 0.885169
vt 0.754048 0.885169
vt 0.737657 0.885169
vt 0.721267 0.885169
vt 0.704877 0.885169
vt 0.688487 0.885169
vt 0.672097 0.885169
vt 0.655707 0.885169
vt 0.639316 0.885169
vt 0.622926 0.885169
vt 0.606536 0.885169
vt 0.590146 0.885169
vt 0.573756 0.885169
vt 0.557366 0.885169
vt 0.540975 0.885169
vt 0.524585 0.885169
vt 0.508195 0.885169
vt 0.491805 0.885169
vt 0.475415 0.885169
vt 0.459025 0.885169
vt 0.442634 0.885169
vt 0.426244 0.885169
vt 0.409854 0.885169
vt 0.393464 0.885169
vt 0.377074 0.885169
vt 0.360684 0.885169
vt 0.344293 0.885169
vt 0.327903 0.885169
vt 0.311513 0.885169
vt 0.295123 0.885169
vt 0.278733 0.885169
vt 0.262343 0.885169
vt 0.245953 0.885169
vt 0.229562 0.885169
vt 0.213172 0.885169
vt 0.196782 0.885169
vt 0.180392 0.885169
vt 0.164002 0.885169
vt 0.147612 0.885169
vt 0.131221 0.885169
vt 0.114831 0.885169
vt 0.098441 0.885169
vt 0.082051 0.885169
vt 0.065661 0.885169
vt 0.049271 0.885169
vt 0.032880 0.885169
vt 0.983510 0.901559
vt 0.967120 0.901559
vt 0.950730 0.901559
vt 0.934339 0.901559
vt 0.917949 0.901559
vt 0.901559 0.901559
vt 0.885169 0.901559
vt 0.868779 0.901559
vt 0.852389 0.901559
vt 0.835998 0.901559
vt 0.819608 0.901559
vt 0.803218 0.901559
vt 0.786828 0.901559
vt 0.770438 0.901559
vt 0.754048 0.901559
vt 0.737657 0.901559
vt 0.721267 0.901559
vt 0.704877 0.901559
vt 0.688487 0.901559
vt 0.672097 0.901559
vt 0.655707 0.901559
vt 0.639316 0.901559
vt 0.622926 0.901559
vt 0.606536 0.901559
vt 0.590146 0.901559
vt 0.573756 0.901559
vt 0.557366 0.901559
vt 0.540975 0.901559
vt 0.524585 0.901559
vt 0.508195 0.901559
vt 0.491805 0.901559
vt 0.475415 0.901559
vt 0.459025 0.901559
vt 0.442634 0.901559
vt 0.426244 0.901559
vt 0.409854 0.901559
vt 0.393464 0.901559
vt 0.377074 0.901559
vt 0.360684 0.901559
vt 0.344293 0.901559
vt 0.327903 0.901559
vt 0.311513 0.901559
vt 0.295123 0.901559
vt 0.278733 0.901559
vt 0.262343 0.901559
vt 0.245953 0.901559
vt 0.229562 0.901559
vt 0.213172 0.901559
vt 0.196782 0.901559
vt 0.180392 0.901559
vt 0.164002 0.901559
vt 0.147612 0.901559
vt 0.131221 0.901559
vt 0.114831 0.901559
vt 0.098441 0.901559
vt 0.082051 0.901559
vt 0.065661 0.901559
vt 0.049271 0.901559
vt 0.032880 0.901559
vt 0.983510 0.917949
vt 0.967120 0.917949
vt 0.950730 0.917949
vt 0.934339 0.917949
vt 0.917949 0.917949
vt 0.901559 0.917949
vt 0.885169 0.917949
vt 0.868779 0.917949
vt 0.852389 0.917949
vt 0.835998 0.917949
vt 0.819608 0.917949
vt 0.803218 0.917949
vt 0.786828 0.917949
vt 0.770438 0.917949
vt 0.754048 0.917949
vt 0.737657 0.917949
vt 0.721267 0.917949
vt 0.704877 0.917949
vt 0.688487 0.917949
vt 0.672097 0.917949
vt 0.655707 0.917949
vt 0.639316 0.917949
vt 0.622926 0.917949
vt 0.606536 0.917949
vt 0.590146 0.917949
vt 0.573756 0.917949
vt 0.557366 0.917949
vt 0.540975 0.917949
vt 0.524585 0.917949
vt 0.508195 0.917949
vt 0.491805 0.917949
vt 0.475415 0.917949
vt 0.459025 0.917949
vt 0.442634 0.917949
vt 0.426244 0.917949
vt 0.409854 0.917949
vt 0.393464 0.917949
vt 0.377074 0.917949
vt 0.360684 0.917949
vt 0.344293 0.917949
vt 0.327903 0.917949
vt 0.311513 0.917949
vt 0.295123 0.917949
vt 0.278733 0.917949
vt 0.262343 0.917949
vt 0.245953 0.917949
vt 0.229562 0.917949
vt 0.213172 0.917949
vt 0.196782 0.917949
vt 0.180392 0.917949
vt 0.164002 0.917949
vt 0.147612 0.917949
vt 0.131221 0.917949
vt 0.114831 0.917949
vt 0.098441 0.917949
vt 0.082051 0.917949
vt 0.065661 0.917949
vt 0.049271 0.917949
vt 0.032880 0.917949
vt 0.983510 0.934339
vt 0.967120 0.934339
vt 0.950730 0.934339
vt 0.934339 0.934339
vt 0.917949 0.934339
vt 0.901559 0.934339
vt 0.885169 0.934339
vt 0.868779 0.934339
vt 0.852389 0.934339
vt 0.835998 0.934339
vt 0.819608 0.934339
vt 0.803218 0.934339
vt 0.786828 0.934339
vt 0.770438 0.934339
vt 0.754048 0.934339
vt 0.737657 0.934339
vt 0.721267 0.934339
vt 0.704877 0.934339
vt 0.688487 0.934339
vt 0.672097 0.934339
vt 0.655707 0.934339
vt 0.639316 0.934339
vt 0.622926 0.934339
vt 0.606536 0.934339
vt 0.590146 0.934339
vt 0.573756 0.934339
vt 0.557366 0.934339
vt 0.540975 0.934339
vt 0.524585 0.934339
vt 0.508195 0.934339
vt 0.491805 0.934339
vt 0.475415 0.934339
vt 0.459025 0.934339
vt 0.442634 0.934339
vt 0.426244 0.934339
vt 0.409854 0.934339
vt 0.393464 0.934339
vt 0.377074 0.934339
vt 0.360684 0.934339
vt 0.344293 0.934339
vt 0.327903 0.934339
vt 0.311513 0.934339
vt 0.295123 0.934339
vt 0.278733 0.934339
vt 0.262343 0.934339
vt 0.245953 0.934339
vt 0.229562 0.934339
vt 0.213172 0.934339
vt 0.196782 0.934339
vt 0.180392 0.934339
vt 0.164002 0.934339
vt 0.147612 0.934339
vt 0.131221 0.934339
vt 0.114831 0.934339
vt 0.098441 0.934339
vt 0.082051 0.934339
vt 0.065661 0.934339
vt 0.049271 0.934339
vt 0.032880 0.934339
vt 0.983510 0.950729
vt 0.967120 0.950729
vt 0.950730 0.950729
vt 0.934339 0.950729
vt 0.917949 0.950729
vt 0.901559 0.950729
vt 0.885169 0.950729
vt 0.868779 0.950729
vt 0.852389 0.950729
vt 0.835998 0.950729
vt 0.819608 0.950729
vt 0.803218 0.950729
vt 0.786828 0.950729
vt 0.770438 0.950729
vt 0.754048 0.950729
vt 0.737657 0.950729
vt 0.721267 0.950729
vt 0.704877 0.950729
vt 0.688487 0.950729
vt 0.672097 0.950729
vt 0.655707 0.950729
vt 0.639316 0.950730
vt 0.622926 0.950730
vt 0.606536 0.950729
vt 0.590146 0.950729
vt 0.573756 0.950729
vt 0.557366 0.950729
vt 0.540975 0.950729
vt 0.524585 0.950729
vt 0.508195 0.950729
vt 0.491805 0.950729
vt 0.475415 0.950729
vt 0.459025 0.950729
vt 0.442634 0.950729
vt 0.426244 0.950729
vt 0.409854 0.950729
vt 0.393464 0.950729
vt 0.377074 0.950729
vt 0.360684 0.950729
vt 0.344293 0.950729
vt 0.327903 0.950729
vt 0.311513 0.950729
vt 0.295123 0.950729
vt 0.278733 0.950729
vt 0.262343 0.950729
vt 0.245953 0.950729
vt 0.229562 0.950729
vt 0.213172 0.950729
vt 0.196782 0.950729
vt 0.180392 0.950729
vt 0.164002 0.950729
vt 0.147612 0.950729
vt 0.131221 0.950729
vt 0.114831 0.950729
vt 0.098441 0.950729
vt 0.082051 0.950729
vt 0.065661 0.950729
vt 0.049271 0.950729
vt 0.032880 0.950729
vt 0.983510 0.967120
vt 0.967120 0.967120
vt 0.950730 0.967120
vt 0.934339 0.967120
vt 0.917949 0.967120
vt 0.901559 0.967120
vt 0.885169 0.967120
vt 0.868779 0.967120
vt 0.852389 0.967120
vt 0.835998 0.967120
vt 0.819608 0.967120
vt 0.803218 0.967120
vt 0.786828 0.967120
vt 0.770438 0.967120
vt 0.754048 0.967120
vt 0.737657 0.967120
vt 0.721267 0.967120
vt 0.704877 0.967120
vt 0.688487 0.967120
vt 0.672097 0.967120
vt 0.655707 0.967120
vt 0.639316 0.967120
vt 0.622926 0.967120
vt 0.606536 0.967120
vt 0.590146 0.967120
vt 0.573756 0.967120
vt 0.557366 0.967120
vt 0.540975 0.967120
vt 0.524585 0.967120
vt 0.508195 0.967120
vt 0.491805 0.967120
vt 0.475415 0.967120
vt 0.459025 0.967120
vt 0.442634 0.967120
vt 0.426244 0.967120
vt 0.409854 0.967120
vt 0.393464 0.967120
vt 0.377074 0.967120
vt 0.360684 0.967120
vt 0.344293 0.967120
vt 0.327903 0.967120
vt 0.311513 0.967120
vt 0.295123 0.967120
vt 0.278733 0.967120
vt 0.262343 0.967120
vt 0.245953 0.967120
vt 0.229562 0.967120
vt 0.213172 0.967120
vt 0.196782 0.967120
vt 0.180392 0.967120
vt 0.164002 0.967120
vt 0.147612 0.967120
vt 0.131221 0.967120
vt 0.114831 0.967120
vt 0.098441 0.967120
vt 0.082051 0.967120
vt 0.065661 0.967120
vt 0.049271 0.967120
vt 0.032880 0.967120
vt 0.983510 0.983510
vt 0.967120 0.983510
vt 0.950730 0.983510
vt 0.934339 0.983510
vt 0.917949 0.983510
vt 0.901559 0.983510
vt 0.885169 0.983510
vt 0.868779 0.983510
vt 0.852389 0.983510
vt 0.835998 0.983510
vt 0.819608 0.983510
vt 0.803218 0.983510
vt 0.786828 0.983510
vt 0.770438 0.983510
vt 0.754048 0.983510
vt 0.737657 0.983510
vt 0.721267 0.983510
vt 0.704877 0.983510
vt 0.688487 0.983510
vt 0.672097 0.983510
vt 0.655707 0.983510
vt 0.639316 0.983510
vt 0.622926 0.983510
vt 0.606536 0.983510
vt 0.590146 0.983510
vt 0.573756 0.983510
vt 0.557366 0.983510
vt 0.540975 0.983510
vt 0.524585 0.983510
vt 0.508195 0.983510
vt 0.491805 0.983510
vt 0.475415 0.983510
vt 0.459025 0.983510
vt 0.442634 0.983510
vt 0.426244 0.983510
vt 0.409854 0.983510
vt 0.393464 0.983510
vt 0.377074 0.983510
vt 0.360684 0.983510
vt 0.344293 0.983510
vt 0.327903 0.983510
vt 0.311513 0.983510
vt 0.295123 0.983510
vt 0.278733 0.983510
vt 0.262343 0.983510
vt 0.245953 0.983510
vt 0.229562 0.983510
vt 0.213172 0.983510
vt 0.196782 0.983510
vt 0.180392 0.983510
vt 0.164002 0.983510
vt 0.147612 0.983510
vt 0.131221 0.983510
vt 0.114831 0.983510
vt 0.098441 0.983510
vt 0.082051 0.983510
vt 0.065661 0.983510
vt 0.049271 0.983510
vt 0.032880 0.983510
vt 1.000000 0.000000
vt 1.000000 1.000000
vt 0.000000 1.000000
vt 0.639316 0.196782
vt 0.622926 0.196782
vt 0.606536 0.196782
vt 0.590146 0.196782
vt 0.573756 0.196782
vt 0.672097 0.213172
vt 0.655707 0.213172
vt 0.639316 0.213172
vt 0.622926 0.213172
vt 0.606536 0.213172
vt 0.590146 0.213172
vt 0.573756 0.213172
vt 0.491805 0.213172
vt 0.475415 0.213172
vt 0.459025 0.213172
vt 0.442634 0.213172
vt 0.426244 0.213172
vt 0.409854 0.213172
vt 0.704877 0.229562
vt 0.688487 0.229562
vt 0.672097 0.229562
vt 0.655707 0.229562
vt 0.639316 0.229562
vt 0.622926 0.229562
vt 0.606536 0.229562
vt 0.524585 0.229562
vt 0.508195 0.229562
vt 0.491805 0.229562
vt 0.475415 0.229562
vt 0.459025 0.229562
vt 0.442634 0.229562
vt 0.426244 0.229562
vt 0.409854 0.229562
vt 0.393464 0.229562
vt 0.377074 0.229562
vt 0.360684 0.229562
vt 0.704877 0.245952
vt 0.688487 0.245952
vt 0.672097 0.245952
vt 0.655707 0.245952
vt 0.639316 0.245952
vt 0.622926 0.245952
vt 0.606536 0.245952
vt 0.524585 0.245952
vt 0.508195 0.245952
vt 0.491805 0.245952
vt 0.475415 0.245952
vt 0.459025 0.245952
vt 0.442634 0.245952
vt 0.426244 0.245952
vt 0.409854 0.245952
vt 0.393464 0.245952
vt 0.377074 0.245952
vt 0.360684 0.245952
vt 0.803218 0.262343
vt 0.786828 0.262343
vt 0.770438 0.262343
vt 0.754048 0.262343
vt 0.737658 0.262343
vt 0.721267 0.262343
vt 0.704877 0.262343
vt 0.688487 0.262343
vt 0.672097 0.262343
vt 0.655707 0.262343
vt 0.639316 0.262343
vt 0.622926 0.262343
vt 0.606536 0.262343
vt 0.590146 0.262343
vt 0.573756 0.262343
vt 0.557366 0.262343
vt 0.540975 0.262343
vt 0.524585 0.262343
vt 0.508195 0.262343
vt 0.491805 0.262343
vt 0.475415 0.262343
vt 0.459025 0.262343
vt 0.442634 0.262343
vt 0.426244 0.262343
vt 0.409854 0.262343
vt 0.393464 0.262343
vt 0.819608 0.278733
vt 0.803218 0.278733
vt 0.786828 0.278733
vt 0.770438 0.278733
vt 0.754048 0.278733
vt 0.737658 0.278733
vt 0.721267 0.278733
vt 0.704877 0.278733
vt 0.688487 0.278733
vt 0.672097 0.278733
vt 0.655707 0.278733
vt 0.639316 0.278733
vt 0.622926 0.278733
vt 0.606536 0.278733
vt 0.590146 0.278733
vt 0.573756 0.278733
vt 0.557366 0.278733
vt 0.540975 0.278733
vt 0.524585 0.278733
vt 0.803218 0.295123
vt 0.737658 0.295123
vt 0.721267 0.295123
vt 0.704877 0.295123
vt 0.688487 0.295123
vt 0.672097 0.295123
vt 0.655707 0.295123
vt 0.639316 0.295123
vt 0.622926 0.295123
vt 0.606536 0.295123
vt 0.590146 0.295123
vt 0.573756 0.295123
vt 0.557366 0.295123
vt 0.540975 0.295123
vt 0.524585 0.295123
vt 0.721267 0.311513
vt 0.704877 0.311513
vt 0.688487 0.311513
vt 0.672097 0.311513
vt 0.655707 0.311513
vt 0.639316 0.311513
vt 0.622926 0.311513
vt 0.606536 0.311513
vt 0.590146 0.311513
vt 0.573756 0.311513
vt 0.557366 0.311513
vt 0.540975 0.311513
vt 0.524585 0.311513
vt 0.721267 0.327903
vt 0.704877 0.327903
vt 0.688487 0.327903
vt 0.672097 0.327903
vt 0.655707 0.327903
vt 0.639316 0.327903
vt 0.622926 0.327903
vt 0.606536 0.327903
vt 0.590146 0.327903
vt 0.475415 0.327903
vt 0.459025 0.327903
vt 0.442634 0.327903
vt 0.426244 0.327903
vt 0.409854 0.327903
vt 0.393464 0.327903
vt 0.377074 0.327903
vt 0.360684 0.327903
vt 0.344293 0.327903
vt 0.327903 0.327903
vt 0.311513 0.327903
vt 0.295123 0.327903
vt 0.245952 0.327903
vt 0.229562 0.327903
vt 0.213172 0.327903
vt 0.196782 0.327903
vt 0.180392 0.327903
vt 0.164002 0.327903
vt 0.147611 0.327903
vt 0.131221 0.327903
vt 0.114831 0.327903
vt 0.098441 0.327903
vt 0.737658 0.344293
vt 0.721267 0.344293
vt 0.704877 0.344293
vt 0.688487 0.344293
vt 0.672097 0.344293
vt 0.655707 0.344293
vt 0.508195 0.344293
vt 0.491805 0.344293
vt 0.475415 0.344293
vt 0.459025 0.344293
vt 0.442634 0.344293
vt 0.426244 0.344293
vt 0.409854 0.344293
vt 0.393464 0.344293
vt 0.377074 0.344293
vt 0.360684 0.344293
vt 0.344293 0.344293
vt 0.327903 0.344293
vt 0.311513 0.344293
vt 0.295123 0.344293
vt 0.278733 0.344293
vt 0.262343 0.344293
vt 0.245953 0.344293
vt 0.229562 0.344293
vt 0.213172 0.344293
vt 0.196782 0.344293
vt 0.180392 0.344293
vt 0.164002 0.344293
vt 0.147611 0.344293
vt 0.131221 0.344293
vt 0.114831 0.344293
vt 0.098441 0.344293
vt 0.737658 0.360684
vt 0.721267 0.360684
vt 0.704877 0.360684
vt 0.688487 0.360684
vt 0.672097 0.360684
vt 0.524585 0.360684
vt 0.508195 0.360684
vt 0.491805 0.360684
vt 0.475415 0.360684
vt 0.459025 0.360684
vt 0.442634 0.360684
vt 0.426244 0.360684
vt 0.409854 0.360684
vt 0.393464 0.360684
vt 0.377074 0.360684
vt 0.360684 0.360684
vt 0.344293 0.360684
vt 0.327903 0.360684
vt 0.311513 0.360684
vt 0.295123 0.360684
vt 0.278733 0.360684
vt 0.262343 0.360684
vt 0.245953 0.360684
vt 0.229562 0.360684
vt 0.213172 0.360684
vt 0.196782 0.360684
vt 0.180392 0.360684
vt 0.164002 0.360684
vt 0.147611 0.360684
vt 0.131221 0.360684
vt 0.114831 0.360684
vt 0.098441 0.360684
vt 0.557366 0.377074
vt 0.540975 0.377074
vt 0.524585 0.377074
vt 0.508195 0.377074
vt 0.491805 0.377074
vt 0.475415 0.377074
vt 0.459025 0.377074
vt 0.442634 0.377074
vt 0.426244 0.377074
vt 0.409854 0.377074
vt 0.393464 0.377074
vt 0.377074 0.377074
vt 0.360684 0.377074
vt 0.344293 0.377074
vt 0.295123 0.377074
vt 0.278733 0.377074
vt 0.262343 0.377074
vt 0.245953 0.377074
vt 0.229562 0.377074
vt 0.213172 0.377074
vt 0.196782 0.377074
vt 0.180392 0.377074
vt 0.164002 0.377074
vt 0.147611 0.377074
vt 0.131221 0.377074
vt 0.114831 0.377074
vt 0.557366 0.393464
vt 0.540975 0.393464
vt 0.524585 0.393464
vt 0.508195 0.393464
vt 0.491805 0.393464
vt 0.475415 0.393464
vt 0.459025 0.393464
vt 0.442634 0.393464
vt 0.426244 0.393464
vt 0.409854 0.393464
vt 0.393464 0.393464
vt 0.377074 0.393464
vt 0.360684 0.393464
vt 0.295123 0.393464
vt 0.278733 0.393464
vt 0.262343 0.393464
vt 0.245953 0.393464
vt 0.229562 0.393464
vt 0.213172 0.393464
vt 0.196782 0.393464
vt 0.180392 0.393464
vt 0.164002 0.393464
vt 0.147611 0.393464
vt 0.131221 0.393464
vt 0.114831 0.393464
vt 0.540975 0.409854
vt 0.524585 0.409854
vt 0.508195 0.409854
vt 0.491805 0.409854
vt 0.475415 0.409854
vt 0.459025 0.409854
vt 0.442634 0.409854
vt 0.426244 0.409854
vt 0.409854 0.409854
vt 0.393464 0.409854
vt 0.377074 0.409854
vt 0.360684 0.409854
vt 0.295123 0.409854
vt 0.278733 0.409854
vt 0.262343 0.409854
vt 0.245953 0.409854
vt 0.229562 0.409854
vt 0.213172 0.409854
vt 0.196782 0.409854
vt 0.180392 0.409854
vt 0.164002 0.409854
vt 0.147611 0.409854
vt 0.131221 0.409854
vt 0.475415 0.426244
vt 0.459025 0.426244
vt 0.442634 0.426244
vt 0.426244 0.426244
vt 0.409854 0.426244
vt 0.393464 0.426244
vt 0.377074 0.426244
vt 0.360684 0.426244
vt 0.229562 0.426244
vt 0.213172 0.426244
vt 0.475415 0.442634
vt 0.459025 0.442634
vt 0.442634 0.442634
vt 0.426244 0.442634
vt 0.409854 0.442634
vt 0.393464 0.442634
vt 0.377074 0.442634
vt 0.360684 0.442634
vt 0.491805 0.459025
vt 0.475415 0.459025
vt 0.459025 0.459025
vt 0.442634 0.459025
vt 0.426244 0.459025
vt 0.409854 0.459025
vt 0.393464 0.459025
vt 0.377074 0.459025
vt 0.360684 0.459025
vt 0.475415 0.475415
vt 0.459025 0.475415
vt 0.442634 0.475415
vt 0.426244 0.475415
vt 0.409854 0.475415
vt 0.393464 0.475415
vt 0.377074 0.475415
vt 0.360684 0.475415
vt 0.459025 0.491805
vt 0.442634 0.491805
vt 0.426244 0.491805
vt 0.409854 0.491805
vt 0.393464 0.491805
s 1
usemtl Material.001
f 3516/1/1 192/2/1 11/3/2 193/4/2
s 0
f 5/5/3 6/6/4 10/6/3 132/7/3 131/8/3 130/9/3 129/10/3 128/11/3 127/12/3 126/13/3 125/14/3 124/15/3 123/16/3 122/17/3 121/18/3 120/19/3 119/20/3 118/21/3 117/22/3 116/23/3 115/24/3 114/25/3 113/26/3 112/27/3 111/28/3 110/29/3 109/30/3 108/31/3 107/32/3 106/33/3 105/34/3 104/35/3 103/36/3 102/37/3 101/38/3 100/39/3 99/40/3 98/41/3 97/42/3 96/43/3 95/44/3 94/45/3 93/46/3 92/47/3 91/48/3 90/49/3 89/50/3 88/51/3 87/52/3 86/53/3 85/54/3 84/55/3 83/56/3 82/57/3 81/58/3 80/59/3 79/60/3 78/61/3 77/62/3 76/63/3 75/64/3 74/65/3 73/66/3 9/5/4
s 1
f 6/6/5 8/3/6 11/3/5 192/2/5 191/67/5 190/68/5 189/69/5 188/70/5 187/71/5 186/72/5 185/73/5 184/74/5 183/75/5 182/76/5 181/77/5 180/78/5 179/79/5 178/80/5 177/81/5 176/82/5 175/83/5 174/84/5 173/85/5 172/86/5 171/87/5 170/88/5 169/89/5 168/90/5 167/91/5 166/92/5 165/93/5 164/94/5 163/95/5 162/96/5 161/97/5 160/98/5 159/99/5 158/100/5 157/101/5 156/102/5 155/103/5 154/104/5 153/105/5 152/106/5 151/107/5 150/108/5 149/109/5 148/110/5 147/111/5 146/112/5 145/113/5 144/114/5 143/115/5 142/116/5 141/117/5 140/118/5 139/119/5 138/120/5 137/121/5 136/122/5 135/123/5 134/124/5 133/125/5 10/6/6
f 8/3/7 7/126/7 12/126/7 252/127/7 251/128/7 250/129/7 249/130/7 248/131/7 247/132/7 246/133/7 245/134/7 244/135/7 243/136/7 242/137/7 241/138/7 240/139/7 239/140/7 238/141/7 237/142/7 236/143/7 235/144/7 234/145/7 233/146/7 232/147/7 231/148/7 230/149/7 229/150/7 228/151/7 227/152/7 226/153/7 225/154/7 224/155/7 223/156/7 222/157/7 221/158/7 220/159/7 219/160/7 218/161/7 217/162/7 216/163/7 215/164/7 214/165/7 213/166/7 212/167/7 211/168/7 210/169/7 209/170/7 208/171/7 207/172/7 206/173/7 205/174/7 204/175/7 203/176/7 202/177/7 201/178/7 200/179/7 199/180/7 198/181/7 197/182/7 196/183/7 195/184/7 194/185/7 193/4/7 11/3/7
f 7/126/8 5/5/8 9/5/8 72/186/8 71/187/8 70/188/8 69/189/8 68/190/8 67/191/8 66/192/8 65/193/8 64/194/8 63/195/8 62/196/8 61/197/8 60/198/8 59/199/8 58/200/8 57/201/8 56/202/8 55/203/8 54/204/8 53/205/8 52/206/8 51/207/8 50/208/8 49/209/8 48/210/8 47/211/8 46/212/8 45/213/8 44/214/8 43/215/8 42/216/8 41/217/8 40/218/8 39/219/8 38/220/8 37/221/8 36/222/8 35/223/8 34/224/8 33/225/8 32/226/8 31/227/8 30/228/8 29/229/8 28/230/8 27/231/8 26/232/8 25/233/8 24/234/8 23/235/8 22/236/8 21/237/8 20/238/8 19/239/8 18/240/8 17/241/8 16/242/8 15/243/8 14/244/8 13/245/8 12/126/8
f 13/245/3 312/246/3 252/127/3 12/126/3
f 312/246/3 372/247/9 251/128/10 252/127/3
f 372/247/9 432/248/11 250/129/12 251/128/10
f 432/248/13 492/249/13 249/130/13 250/129/13
f 492/249/14 552/250/14 248/131/14 249/130/14
f 552/250/15 612/251/15 247/132/15 248/131/15
f 612/251/16 672/252/16 246/133/16 247/132/16
f 672/252/17 732/253/17 245/134/17 246/133/17
f 732/253/18 792/254/18 244/135/18 245/134/18
f 792/254/19 852/255/19 243/136/19 244/135/19
f 852/255/20 912/256/20 242/137/20 243/136/20
f 912/256/21 967/257/22 241/138/23 242/137/23
f 967/257/24 1014/258/24 240/139/24 241/138/24
f 1014/258/25 1056/259/25 239/140/25 240/139/25
f 1056/259/26 1098/260/26 238/141/26 239/140/26
f 1098/260/27 1132/261/27 237/142/27 238/141/27
f 1132/261/28 1173/262/28 236/143/28 237/142/28
f 1173/262/29 1218/263/29 235/144/29 236/143/29
f 1218/263/30 1265/264/30 234/145/30 235/144/30
f 1265/264/31 1294/265/31 233/146/31 234/145/31
f 1294/265/32 1322/266/32 232/147/32 233/146/32
f 1322/266/33 1350/267/33 231/148/33 232/147/33
f 1350/267/34 1384/268/34 230/149/34 231/148/34
f 1384/268/35 1419/269/35 229/150/35 230/149/35
f 1419/269/36 1456/270/36 228/151/36 229/150/36
f 1456/270/37 1506/271/37 227/152/37 228/151/37
f 1506/271/38 1558/272/38 226/153/38 227/152/38
f 1558/272/39 1609/273/39 225/154/39 226/153/39
f 1609/273/40 1661/274/40 224/155/40 225/154/40
f 1661/274/41 1716/275/41 223/156/41 224/155/41
f 1716/275/42 1776/276/42 222/157/42 223/156/42
f 1776/276/43 1836/277/43 221/158/43 222/157/43
f 1836/277/44 1896/278/44 220/159/44 221/158/44
f 1896/278/45 1956/279/45 219/160/45 220/159/45
f 1956/279/3 2016/280/3 218/161/3 219/160/3
f 2016/280/3 2076/281/3 217/162/3 218/161/3
f 2076/281/3 2136/282/3 216/163/3 217/162/3
f 2136/282/46 2196/283/46 215/164/46 216/163/46
f 2196/283/47 2256/284/47 214/165/47 215/164/47
f 2256/284/48 2316/285/48 213/166/48 214/165/48
f 2316/285/49 2376/286/49 212/167/49 213/166/49
f 2376/286/50 2436/287/50 211/168/50 212/167/50
f 2436/287/51 2496/288/51 210/169/51 211/168/51
f 2496/288/52 2556/289/52 209/170/52 210/169/52
f 2556/289/53 2616/290/53 208/171/53 209/170/53
f 2616/290/54 2676/291/54 207/172/54 208/171/54
f 2676/291/55 2736/292/55 206/173/55 207/172/55
f 2736/292/56 2796/293/56 205/174/56 206/173/56
f 2796/293/57 2856/294/57 204/175/57 205/174/57
f 2856/294/58 2916/295/58 203/176/58 204/175/58
f 2916/295/59 2976/296/59 202/177/59 203/176/59
f 2976/296/60 3036/297/60 201/178/60 202/177/60
f 3036/297/61 3096/298/61 200/179/61 201/178/61
f 3096/298/62 3156/299/62 199/180/62 200/179/62
f 3156/299/63 3216/300/63 198/181/63 199/180/63
f 3216/300/64 3276/301/64 197/182/64 198/181/64
f 3276/301/65 3336/302/65 196/183/65 197/182/65
f 3336/302/66 3396/303/66 195/184/66 196/183/66
f 3396/303/67 3456/304/67 194/185/67 195/184/67
f 3456/304/68 3516/1/68 193/4/68 194/185/68
f 9/5/3 73/66/3 253/305/3 72/186/3
f 72/186/3 253/305/3 254/306/3 71/187/3
f 71/187/3 254/306/3 255/307/3 70/188/3
f 70/188/3 255/307/3 256/308/3 69/189/3
f 69/189/3 256/308/3 257/309/3 68/190/3
f 68/190/3 257/309/3 258/310/3 67/191/3
f 67/191/3 258/310/3 259/311/3 66/192/3
f 66/192/3 259/311/3 260/312/3 65/193/3
f 65/193/3 260/312/3 261/313/3 64/194/3
f 64/194/3 261/313/3 262/314/3 63/195/3
f 63/195/3 262/314/3 263/315/3 62/196/3
f 62/196/3 263/315/3 264/316/3 61/197/3
f 61/197/3 264/316/3 265/317/3 60/198/3
f 60/198/3 265/317/3 266/318/3 59/199/3
f 59/199/3 266/318/3 267/319/3 58/200/3
f 58/200/3 267/319/3 268/320/69 57/201/3
f 57/201/3 268/320/69 269/321/70 56/202/3
f 56/202/71 269/321/71 270/322/71 55/203/71
f 55/203/72 270/322/72 271/323/72 54/204/72
f 54/204/73 271/323/73 272/324/73 53/205/73
f 53/205/74 272/324/74 273/325/74 52/206/74
f 52/206/75 273/325/75 274/326/75 51/207/75
f 51/207/76 274/326/76 275/327/76 50/208/76
f 50/208/77 275/327/77 276/328/77 49/209/77
f 49/209/78 276/328/78 277/329/79 48/210/80
f 48/210/80 277/329/79 278/330/81 47/211/81
f 47/211/82 278/330/82 279/331/82 46/212/82
f 46/212/83 279/331/83 280/332/83 45/213/83
f 45/213/84 280/332/84 281/333/84 44/214/84
f 44/214/85 281/333/85 282/334/85 43/215/85
f 43/215/86 282/334/86 283/335/86 42/216/86
f 42/216/87 283/335/87 284/336/87 41/217/87
f 41/217/88 284/336/88 285/337/88 40/218/88
f 40/218/89 285/337/89 286/338/89 39/219/89
f 39/219/90 286/338/90 287/339/90 38/220/90
f 38/220/91 287/339/91 288/340/91 37/221/91
f 37/221/3 288/340/3 289/341/3 36/222/3
f 36/222/3 289/341/3 290/342/3 35/223/3
f 35/223/3 290/342/3 291/343/3 34/224/3
f 34/224/3 291/343/3 292/344/92 33/225/93
f 33/225/93 292/344/92 293/345/94 32/226/94
f 32/226/95 293/345/95 294/346/95 31/227/95
f 31/227/96 294/346/96 295/347/96 30/228/96
f 30/228/97 295/347/97 296/348/97 29/229/97
f 29/229/98 296/348/98 297/349/98 28/230/98
f 28/230/99 297/349/99 298/350/99 27/231/99
f 27/231/100 298/350/100 299/351/100 26/232/100
f 26/232/101 299/351/101 300/352/101 25/233/101
f 25/233/102 300/352/102 301/353/102 24/234/102
f 24/234/103 301/353/103 302/354/103 23/235/103
f 23/235/104 302/354/104 303/355/104 22/236/104
f 22/236/105 303/355/105 304/356/105 21/237/105
f 21/237/106 304/356/106 305/357/106 20/238/106
f 20/238/107 305/357/107 306/358/107 19/239/107
f 19/239/108 306/358/108 307/359/108 18/240/108
f 18/240/109 307/359/109 308/360/109 17/241/109
f 17/241/110 308/360/110 309/361/69 16/242/70
f 16/242/70 309/361/69 310/362/3 15/243/3
f 15/243/3 310/362/3 311/363/3 14/244/3
f 14/244/3 311/363/3 312/246/3 13/245/3
f 73/66/3 74/65/3 313/364/3 253/305/3
f 253/305/3 313/364/3 314/365/111 254/306/3
f 254/306/3 314/365/111 315/366/112 255/307/3
f 255/307/3 315/366/112 316/367/3 256/308/3
f 256/308/3 316/367/3 317/368/3 257/309/3
f 257/309/3 317/368/3 318/369/3 258/310/3
f 258/310/3 318/369/3 319/370/3 259/311/3
f 259/311/113 319/370/113 320/371/113 260/312/113
f 260/312/114 320/371/114 321/372/114 261/313/114
f 261/313/115 321/372/115 322/373/115 262/314/115
f 262/314/116 322/373/116 323/374/116 263/315/116
f 263/315/117 323/374/117 324/375/117 264/316/117
f 264/316/118 324/375/118 325/376/118 265/317/118
f 265/317/119 325/376/119 326/377/119 266/318/119
f 266/318/120 326/377/120 327/378/120 267/319/120
f 267/319/121 327/378/121 328/379/121 268/320/121
f 268/320/69 328/379/110 329/380/110 269/321/70
f 269/321/122 329/380/122 330/381/122 270/322/122
f 270/322/123 330/381/123 331/382/123 271/323/123
f 271/323/124 331/382/124 332/383/124 272/324/124
f 272/324/125 332/383/125 333/384/125 273/325/125
f 273/325/126 333/384/126 334/385/126 274/326/126
f 274/326/127 334/385/127 335/386/127 275/327/127
f 275/327/128 335/386/128 336/387/128 276/328/128
f 276/328/129 336/387/129 337/388/129 277/329/129
f 277/329/130 337/388/130 338/389/130 278/330/130
f 278/330/131 338/389/131 339/390/131 279/331/131
f 279/331/132 339/390/132 340/391/132 280/332/132
f 280/332/133 340/391/133 341/392/133 281/333/133
f 281/333/134 341/392/134 342/393/134 282/334/134
f 282/334/135 342/393/135 343/394/135 283/335/135
f 283/335/136 343/394/136 344/395/136 284/336/136
f 284/336/137 344/395/137 345/396/137 285/337/137
f 285/337/138 345/396/138 346/397/138 286/338/138
f 286/338/139 346/397/139 347/398/139 287/339/139
f 287/339/140 347/398/140 348/399/140 288/340/140
f 288/340/141 348/399/141 349/400/141 289/341/141
f 289/341/3 349/400/3 350/401/142 290/342/3
f 290/342/3 350/401/142 351/402/143 291/343/3
f 291/343/3 351/402/143 352/403/3 292/344/92
f 292/344/144 352/403/144 353/404/144 293/345/144
f 293/345/145 353/404/145 354/405/145 294/346/145
f 294/346/146 354/405/146 355/406/146 295/347/146
f 295/347/147 355/406/147 356/407/147 296/348/147
f 296/348/148 356/407/148 357/408/148 297/349/148
f 297/349/149 357/408/149 358/409/149 298/350/149
f 298/350/150 358/409/150 359/410/150 299/351/150
f 299/351/151 359/410/151 360/411/151 300/352/151
f 300/352/152 360/411/152 361/412/152 301/353/152
f 301/353/153 361/412/153 362/413/153 302/354/153
f 302/354/154 362/413/154 363/414/154 303/355/154
f 303/355/155 363/414/155 364/415/155 304/356/155
f 304/356/156 364/415/156 365/416/156 305/357/156
f 305/357/157 365/416/157 366/417/157 306/358/157
f 306/358/158 366/417/158 367/418/158 307/359/158
f 307/359/159 367/418/159 368/419/159 308/360/159
f 308/360/160 368/419/160 369/420/160 309/361/160
f 309/361/69 369/420/161 370/421/162 310/362/3
f 310/362/3 370/421/162 371/422/163 311/363/3
f 311/363/3 371/422/163 372/247/9 312/246/3
f 74/65/3 75/64/3 373/423/164 313/364/3
f 313/364/3 373/423/164 374/424/165 314/365/111
f 314/365/111 374/424/165 375/425/166 315/366/112
f 315/366/167 375/425/167 376/426/167 316/367/167
f 316/367/168 376/426/168 377/427/168 317/368/168
f 317/368/169 377/427/169 378/428/169 318/369/169
f 318/369/3 378/428/3 379/429/3 319/370/3
f 319/370/170 379/429/170 380/430/170 320/371/170
f 320/371/171 380/430/171 381/431/171 321/372/171
f 321/372/172 381/431/172 382/432/172 322/373/172
f 322/373/173 382/432/173 383/433/173 323/374/173
f 323/374/174 383/433/174 384/434/174 324/375/174
f 324/375/175 384/434/175 385/435/175 325/376/175
f 325/376/176 385/435/176 386/436/176 326/377/176
f 326/377/177 386/436/177 387/437/177 327/378/177
f 327/378/178 387/437/178 388/438/178 328/379/178
f 328/379/179 388/438/179 389/439/179 329/380/179
f 329/380/180 389/439/180 390/440/180 330/381/180
f 330/381/181 390/440/181 391/441/181 331/382/181
f 331/382/182 391/441/182 392/442/182 332/383/182
f 332/383/183 392/442/183 393/443/183 333/384/183
f 333/384/184 393/443/184 394/444/184 334/385/184
f 334/385/185 394/444/185 395/445/185 335/386/185
f 335/386/186 395/445/186 396/446/186 336/387/186
f 336/387/187 396/446/187 397/447/187 337/388/187
f 337/388/188 397/447/188 398/448/188 338/389/188
f 338/389/189 398/448/189 399/449/189 339/390/189
f 339/390/190 399/449/190 400/450/190 340/391/190
f 340/391/191 400/450/191 401/451/191 341/392/191
f 341/392/192 401/451/192 402/452/192 342/393/192
f 342/393/193 402/452/193 403/453/193 343/394/193
f 343/394/194 403/453/194 404/454/194 344/395/194
f 344/395/195 404/454/195 405/455/195 345/396/195
f 345/396/196 405/455/196 406/456/196 346/397/196
f 346/397/197 406/456/197 407/457/197 347/398/197
f 347/398/198 407/457/198 408/458/198 348/399/198
f 348/399/199 408/458/199 409/459/199 349/400/199
f 349/400/200 409/459/200 410/460/200 350/401/200
f 350/401/142 410/460/201 411/461/142 351/402/143
f 351/402/143 411/461/142 412/462/3 352/403/3
f 352/403/202 412/462/202 413/463/202 353/404/202
f 353/404/203 413/463/203 414/464/203 354/405/203
f 354/405/204 414/464/204 415/465/204 355/406/204
f 355/406/205 415/465/205 416/466/205 356/407/205
f 356/407/206 416/466/206 417/467/206 357/408/206
f 357/408/207 417/467/207 418/468/207 358/409/207
f 358/409/208 418/468/208 419/469/208 359/410/208
f 359/410/209 419/469/209 420/470/209 360/411/209
f 360/411/210 420/470/210 421/471/210 361/412/210
f 361/412/211 421/471/211 422/472/211 362/413/211
f 362/413/212 422/472/212 423/473/212 363/414/212
f 363/414/213 423/473/213 424/474/213 364/415/213
f 364/415/214 424/474/214 425/475/214 365/416/214
f 365/416/215 425/475/215 426/476/215 366/417/215
f 366/417/216 426/476/216 427/477/216 367/418/216
f 367/418/217 427/477/217 428/478/217 368/419/217
f 368/419/218 428/478/218 429/479/218 369/420/218
f 369/420/161 429/479/219 430/480/220 370/421/162
f 370/421/162 430/480/220 431/481/221 371/422/163
f 371/422/163 431/481/221 432/248/11 372/247/9
f 75/64/3 76/63/3 433/482/222 373/423/164
f 373/423/164 433/482/222 434/483/223 374/424/165
f 374/424/224 434/483/224 435/484/224 375/425/224
f 375/425/225 435/484/225 436/485/225 376/426/225
f 376/426/226 436/485/226 437/486/226 377/427/226
f 377/427/227 437/486/227 438/487/227 378/428/227
f 378/428/228 438/487/228 439/488/228 379/429/228
f 379/429/229 439/488/229 440/489/229 380/430/229
f 380/430/230 440/489/230 441/490/230 381/431/230
f 381/431/231 441/490/231 442/491/231 382/432/231
f 382/432/232 442/491/232 443/492/232 383/433/232
f 383/433/233 443/492/233 444/493/233 384/434/233
f 384/434/234 444/493/234 445/494/234 385/435/234
f 385/435/235 445/494/235 446/495/235 386/436/235
f 386/436/236 446/495/236 447/496/236 387/437/236
f 387/437/237 447/496/237 448/497/237 388/438/237
f 388/438/238 448/497/238 449/498/238 389/439/238
f 389/439/239 449/498/239 450/499/239 390/440/239
f 390/440/240 450/499/240 451/500/240 391/441/240
f 391/441/241 451/500/241 452/501/241 392/442/241
f 392/442/242 452/501/242 453/502/242 393/443/242
f 393/443/243 453/502/243 454/503/243 394/444/243
f 394/444/244 454/503/244 455/504/244 395/445/244
f 395/445/245 455/504/245 456/505/245 396/446/245
f 396/446/246 456/505/246 457/506/246 397/447/246
f 397/447/247 457/506/247 458/507/247 398/448/247
f 398/448/248 458/507/248 459/508/248 399/449/248
f 399/449/249 459/508/249 460/509/249 400/450/249
f 400/450/250 460/509/250 461/510/250 401/451/250
f 401/451/251 461/510/251 462/511/251 402/452/251
f 402/452/252 462/511/252 463/512/252 403/453/252
f 403/453/253 463/512/253 464/513/253 404/454/253
f 404/454/254 464/513/254 465/514/254 405/455/254
f 405/455/255 465/514/255 466/515/255 406/456/255
f 406/456/256 466/515/256 467/516/256 407/457/256
f 407/457/257 467/516/257 468/517/257 408/458/257
f 408/458/258 468/517/258 469/518/258 409/459/258
f 409/459/259 469/518/259 470/519/259 410/460/259
f 410/460/260 470/519/260 471/520/260 411/461/260
f 411/461/142 471/520/261 472/521/261 412/462/3
f 412/462/262 472/521/263 473/522/263 413/463/262
f 413/463/264 473/522/264 474/523/264 414/464/264
f 414/464/265 474/523/265 475/524/265 415/465/265
f 415/465/266 475/524/266 476/525/266 416/466/266
f 416/466/267 476/525/267 477/526/267 417/467/267
f 417/467/268 477/526/268 478/527/268 418/468/268
f 418/468/269 478/527/269 479/528/269 419/469/269
f 419/469/270 479/528/270 480/529/270 420/470/270
f 420/470/271 480/529/271 481/530/271 421/471/271
f 421/471/272 481/530/272 482/531/272 422/472/272
f 422/472/273 482/531/273 483/532/273 423/473/273
f 423/473/274 483/532/274 484/533/274 424/474/274
f 424/474/275 484/533/275 485/534/275 425/475/275
f 425/475/276 485/534/276 486/535/276 426/476/276
f 426/476/277 486/535/277 487/536/277 427/477/277
f 427/477/278 487/536/278 488/537/278 428/478/278
f 428/478/279 488/537/279 489/538/279 429/479/279
f 429/479/280 489/538/280 490/539/281 430/480/282
f 430/480/282 490/539/281 491/540/283 431/481/284
f 431/481/285 491/540/286 492/249/287 432/248/285
f 76/63/3 77/62/3 493/541/3 433/482/222
f 433/482/288 493/541/288 494/542/288 434/483/288
f 434/483/289 494/542/289 495/543/289 435/484/289
f 435/484/290 495/543/290 496/544/290 436/485/290
f 436/485/291 496/544/291 497/545/291 437/486/291
f 437/486/292 497/545/292 498/546/292 438/487/292
f 438/487/293 498/546/293 499/547/293 439/488/293
f 439/488/294 499/547/294 500/548/294 440/489/294
f 440/489/295 500/548/295 501/549/295 441/490/295
f 441/490/296 501/549/296 502/550/296 442/491/296
f 442/491/297 502/550/297 503/551/297 443/492/297
f 443/492/298 503/551/298 504/552/298 444/493/298
f 444/493/299 504/552/299 505/553/299 445/494/299
f 445/494/300 505/553/300 506/554/300 446/495/300
f 446/495/301 506/554/301 507/555/301 447/496/301
f 447/496/302 507/555/302 508/556/302 448/497/302
f 448/497/303 508/556/303 509/557/303 449/498/303
f 449/498/304 509/557/304 510/558/304 450/499/304
f 450/499/305 510/558/305 511/559/305 451/500/305
f 451/500/306 511/559/306 512/560/306 452/501/306
f 452/501/307 512/560/307 513/561/307 453/502/307
f 453/502/308 513/561/308 514/562/308 454/503/308
f 454/503/309 514/562/309 515/563/309 455/504/309
f 455/504/310 515/563/310 516/564/310 456/505/310
f 456/505/311 516/564/311 517/565/311 457/506/311
f 457/506/312 517/565/312 518/566/312 458/507/312
f 458/507/313 518/566/313 519/567/313 459/508/313
f 459/508/314 519/567/314 520/568/314 460/509/314
f 460/509/315 520/568/315 521/569/315 461/510/315
f 461/510/316 521/569/316 522/570/316 462/511/316
f 462/511/317 522/570/317 523/571/317 463/512/317
f 463/512/318 523/571/318 524/572/318 464/513/318
f 464/513/319 524/572/319 525/573/319 465/514/319
f 465/514/320 525/573/320 526/574/320 466/515/320
f 466/515/321 526/574/321 527/575/321 467/516/321
f 467/516/322 527/575/322 528/576/322 468/517/322
f 468/517/323 528/576/323 529/577/323 469/518/323
f 469/518/324 529/577/324 530/578/324 470/519/324
f 470/519/325 530/578/325 531/579/325 471/520/325
f 471/520/261 531/579/326 532/580/327 472/521/261
f 472/521/263 532/580/327 533/581/328 473/522/263
f 473/522/329 533/581/329 534/582/329 474/523/329
f 474/523/330 534/582/330 535/583/330 475/524/330
f 475/524/331 535/583/331 536/584/331 476/525/331
f 476/525/332 536/584/332 537/585/332 477/526/332
f 477/526/333 537/585/333 538/586/333 478/527/333
f 478/527/334 538/586/334 539/587/334 479/528/334
f 479/528/335 539/587/335 540/588/335 480/529/335
f 480/529/336 540/588/336 541/589/336 481/530/336
f 481/530/337 541/589/337 542/590/337 482/531/337
f 482/531/338 542/590/338 543/591/338 483/532/338
f 483/532/339 543/591/339 544/592/339 484/533/339
f 484/533/340 544/592/340 545/593/340 485/534/340
f 485/534/341 545/593/341 546/594/341 486/535/341
f 486/535/342 546/594/342 547/595/342 487/536/342
f 487/536/343 547/595/343 548/596/343 488/537/343
f 488/537/344 548/596/344 549/597/344 489/538/344
f 489/538/345 549/597/346 550/598/347 490/539/345
f 490/539/281 550/598/348 551/599/349 491/540/283
f 491/540/286 551/599/350 552/250/351 492/249/287
f 77/62/3 78/61/3 553/600/328 493/541/3
f 493/541/352 553/600/352 554/601/352 494/542/352
f 494/542/353 554/601/353 555/602/353 495/543/353
f 495/543/354 555/602/354 556/603/354 496/544/354
f 496/544/355 556/603/355 557/604/355 497/545/355
f 497/545/356 557/604/356 558/605/356 498/546/356
f 498/546/357 558/605/357 559/606/357 499/547/357
f 499/547/358 559/606/358 560/607/358 500/548/358
f 500/548/359 560/607/359 561/608/359 501/549/359
f 501/549/360 561/608/360 562/609/360 502/550/360
f 502/550/361 562/609/361 563/610/361 503/551/361
f 503/551/362 563/610/362 564/611/362 504/552/362
f 504/552/363 564/611/363 565/612/363 505/553/363
f 505/553/364 565/612/364 566/613/364 506/554/364
f 506/554/365 566/613/365 567/614/365 507/555/365
f 507/555/366 567/614/366 568/615/366 508/556/366
f 508/556/367 568/615/367 569/616/367 509/557/367
f 509/557/368 569/616/368 570/617/368 510/558/368
f 510/558/369 570/617/369 571/618/369 511/559/369
f 511/559/370 571/618/370 572/619/370 512/560/370
f 512/560/371 572/619/371 573/620/371 513/561/371
f 513/561/372 573/620/372 574/621/372 514/562/372
f 514/562/373 574/621/373 575/622/373 515/563/373
f 515/563/374 575/622/374 576/623/374 516/564/374
f 516/564/375 576/623/375 577/624/375 517/565/375
f 517/565/376 577/624/376 578/625/376 518/566/376
f 518/566/377 578/625/377 579/626/377 519/567/377
f 519/567/378 579/626/378 580/627/378 520/568/378
f 520/568/379 580/627/379 581/628/379 521/569/379
f 521/569/380 581/628/380 582/629/380 522/570/380
f 522/570/381 582/629/381 583/630/381 523/571/381
f 523/571/382 583/630/382 584/631/382 524/572/382
f 524/572/383 584/631/383 585/632/383 525/573/383
f 525/573/384 585/632/384 586/633/384 526/574/384
f 526/574/385 586/633/385 587/634/385 527/575/385
f 527/575/386 587/634/386 588/635/386 528/576/386
f 528/576/387 588/635/387 589/636/387 529/577/387
f 529/577/388 589/636/388 590/637/388 530/578/388
f 530/578/389 590/637/389 591/638/389 531/579/389
f 531/579/326 591/638/390 592/639/391 532/580/327
f 532/580/327 592/639/391 593/640/392 533/581/328
f 533/581/328 593/640/392 594/641/393 534/582/393
f 534/582/394 594/641/394 595/642/394 535/583/394
f 535/583/395 595/642/395 596/643/395 536/584/395
f 536/584/396 596/643/396 597/644/396 537/585/396
f 537/585/397 597/644/397 598/645/397 538/586/397
f 538/586/398 598/645/398 599/646/398 539/587/398
f 539/587/399 599/646/399 600/647/399 540/588/399
f 540/588/400 600/647/400 601/648/400 541/589/400
f 541/589/401 601/648/401 602/649/401 542/590/401
f 542/590/402 602/649/402 603/650/402 543/591/402
f 543/591/403 603/650/403 604/651/403 544/592/403
f 544/592/404 604/651/404 605/652/404 545/593/404
f 545/593/405 605/652/405 606/653/405 546/594/405
f 546/594/406 606/653/406 607/654/406 547/595/406
f 547/595/407 607/654/407 608/655/407 548/596/407
f 548/596/408 608/655/408 609/656/408 549/597/408
f 549/597/346 609/656/409 610/657/409 550/598/347
f 550/598/348 610/657/410 611/658/410 551/599/349
f 551/599/350 611/658/411 612/251/411 552/250/351
f 78/61/3 79/60/3 613/659/328 553/600/328
f 553/600/328 613/659/328 614/660/412 554/601/413
f 554/601/414 614/660/414 615/661/414 555/602/414
f 555/602/415 615/661/415 616/662/415 556/603/415
f 556/603/416 616/662/416 617/663/416 557/604/416
f 557/604/417 617/663/417 618/664/417 558/605/417
f 558/605/418 618/664/418 619/665/418 559/606/418
f 559/606/419 619/665/419 620/666/419 560/607/419
f 560/607/420 620/666/420 621/667/420 561/608/420
f 561/608/421 621/667/421 622/668/421 562/609/421
f 562/609/422 622/668/422 623/669/422 563/610/422
f 563/610/423 623/669/423 624/670/423 564/611/423
f 564/611/424 624/670/424 625/671/424 565/612/424
f 565/612/425 625/671/425 626/672/425 566/613/425
f 566/613/426 626/672/426 627/673/426 567/614/426
f 567/614/427 627/673/427 628/674/427 568/615/427
f 568/615/428 628/674/428 629/675/428 569/616/428
f 569/616/429 629/675/429 630/676/429 570/617/429
f 570/617/430 630/676/430 631/677/430 571/618/430
f 571/618/431 631/677/431 632/678/431 572/619/431
f 572/619/432 632/678/432 633/679/432 573/620/432
f 573/620/433 633/679/433 634/680/433 574/621/433
f 574/621/434 634/680/434 635/681/434 575/622/434
f 575/622/435 635/681/435 636/682/435 576/623/435
f 576/623/436 636/682/436 637/683/436 577/624/436
f 577/624/437 637/683/437 638/684/437 578/625/437
f 578/625/438 638/684/438 639/685/438 579/626/438
f 579/626/439 639/685/439 640/686/439 580/627/439
f 580/627/440 640/686/440 641/687/440 581/628/440
f 581/628/441 641/687/441 642/688/441 582/629/441
f 582/629/3 642/688/3 643/689/442 583/630/443
f 583/630/443 643/689/442 644/690/443 584/631/444
f 584/631/445 644/690/445 645/691/445 585/632/445
f 585/632/446 645/691/446 646/692/446 586/633/446
f 586/633/447 646/692/447 647/693/447 587/634/447
f 587/634/448 647/693/448 648/694/448 588/635/448
f 588/635/449 648/694/449 649/695/449 589/636/449
f 589/636/450 649/695/450 650/696/450 590/637/450
f 590/637/451 650/696/451 651/697/451 591/638/451
f 591/638/452 651/697/452 652/698/452 592/639/452
f 592/639/453 652/698/453 653/699/453 593/640/453
f 593/640/454 653/699/454 654/700/454 594/641/454
f 594/641/455 654/700/455 655/701/455 595/642/455
f 595/642/456 655/701/456 656/702/456 596/643/456
f 596/643/457 656/702/457 657/703/457 597/644/457
f 597/644/458 657/703/458 658/704/458 598/645/458
f 598/645/459 658/704/459 659/705/459 599/646/459
f 599/646/460 659/705/460 660/706/460 600/647/460
f 600/647/461 660/706/461 661/707/461 601/648/461
f 601/648/462 661/707/462 662/708/462 602/649/462
f 602/649/463 662/708/463 663/709/463 603/650/463
f 603/650/464 663/709/464 664/710/464 604/651/464
f 604/651/465 664/710/465 665/711/465 605/652/465
f 605/652/466 665/711/466 666/712/466 606/653/466
f 606/653/467 666/712/467 667/713/467 607/654/467
f 607/654/468 667/713/468 668/714/468 608/655/468
f 608/655/469 668/714/469 669/715/470 609/656/471
f 609/656/471 669/715/470 670/716/472 610/657/472
f 610/657/473 670/716/473 671/717/473 611/658/473
f 611/658/474 671/717/474 672/252/474 612/251/474
f 79/60/3 80/59/3 673/718/3 613/659/328
f 613/659/328 673/718/3 674/719/393 614/660/412
f 614/660/412 674/719/393 675/720/442 615/661/475
f 615/661/476 675/720/476 676/721/476 616/662/476
f 616/662/477 676/721/477 677/722/477 617/663/477
f 617/663/478 677/722/479 678/723/480 618/664/478
f 618/664/481 678/723/481 679/724/481 619/665/481
f 619/665/482 679/724/482 680/725/482 620/666/482
f 620/666/483 680/725/483 681/726/483 621/667/483
f 621/667/484 681/726/484 682/727/484 622/668/484
f 622/668/485 682/727/485 683/728/485 623/669/485
f 623/669/486 683/728/486 684/729/486 624/670/486
f 624/670/487 684/729/487 685/730/487 625/671/487
f 625/671/488 685/730/489 686/731/490 626/672/491
f 626/672/491 686/731/490 687/732/3 627/673/3
f 627/673/3 687/732/3 688/733/3 628/674/3
f 628/674/492 688/733/492 689/734/492 629/675/492
f 629/675/493 689/734/493 690/735/493 630/676/493
f 630/676/494 690/735/494 691/736/494 631/677/494
f 631/677/495 691/736/495 692/737/495 632/678/495
f 632/678/496 692/737/496 693/738/496 633/679/496
f 633/679/3 693/738/3 694/739/3 634/680/3
f 634/680/3 694/739/3 695/740/328 635/681/392
f 635/681/392 695/740/328 696/741/328 636/682/413
f 636/682/497 696/741/497 697/742/497 637/683/497
f 637/683/498 697/742/498 698/743/498 638/684/498
f 638/684/499 698/743/500 699/744/489 639/685/501
f 639/685/501 699/744/489 700/745/3 640/686/3
f 640/686/3 700/745/3 701/746/3 641/687/3
f 641/687/3 701/746/3 702/747/3 642/688/3
f 642/688/3 702/747/3 703/748/3 643/689/442
f 643/689/442 703/748/3 704/749/3 644/690/443
f 644/690/502 704/749/502 705/750/502 645/691/502
f 645/691/503 705/750/503 706/751/503 646/692/503
f 646/692/504 706/751/504 707/752/504 647/693/504
f 647/693/505 707/752/505 708/753/505 648/694/505
f 648/694/506 708/753/506 709/754/506 649/695/506
f 649/695/507 709/754/507 710/755/507 650/696/507
f 650/696/508 710/755/508 711/756/508 651/697/508
f 651/697/509 711/756/509 712/757/509 652/698/509
f 652/698/510 712/757/510 713/758/510 653/699/510
f 653/699/511 713/758/511 714/759/511 654/700/511
f 654/700/512 714/759/512 715/760/512 655/701/512
f 655/701/513 715/760/513 716/761/513 656/702/513
f 656/702/514 716/761/514 717/762/514 657/703/514
f 657/703/515 717/762/515 718/763/515 658/704/515
f 658/704/516 718/763/516 719/764/516 659/705/516
f 659/705/517 719/764/517 720/765/517 660/706/517
f 660/706/518 720/765/518 721/766/518 661/707/518
f 661/707/519 721/766/519 722/767/519 662/708/519
f 662/708/520 722/767/520 723/768/520 663/709/520
f 663/709/521 723/768/521 724/769/521 664/710/521
f 664/710/522 724/769/522 725/770/522 665/711/522
f 665/711/523 725/770/523 726/771/523 666/712/523
f 666/712/524 726/771/524 727/772/524 667/713/524
f 667/713/525 727/772/525 728/773/525 668/714/525
f 668/714/526 728/773/526 729/774/527 669/715/528
f 669/715/528 729/774/527 730/775/529 670/716/529
f 670/716/530 730/775/530 731/776/530 671/717/530
f 671/717/531 731/776/531 732/253/531 672/252/531
f 80/59/3 81/58/3 733/777/3 673/718/3
f 673/718/3 733/777/3 734/778/3 674/719/393
f 674/719/393 734/778/3 735/779/3 675/720/442
f 675/720/442 735/779/3 736/780/3 676/721/3
f 676/721/3 736/780/3 737/781/3 677/722/479
f 677/722/479 737/781/3 738/782/3 678/723/480
f 678/723/532 738/782/532 739/783/532 679/724/532
f 679/724/533 739/783/533 740/784/533 680/725/533
f 680/725/534 740/784/534 741/785/534 681/726/534
f 681/726/535 741/785/535 742/786/535 682/727/535
f 682/727/536 742/786/536 743/787/536 683/728/536
f 683/728/537 743/787/537 744/788/537 684/729/537
f 684/729/3 744/788/3 745/789/3 685/730/489
f 685/730/489 745/789/3 746/790/3 686/731/490
f 686/731/490 746/790/3 747/791/3 687/732/3
f 687/732/3 747/791/3 748/792/3 688/733/3
f 688/733/3 748/792/3 749/793/3 689/734/3
f 689/734/3 749/793/3 750/794/3 690/735/3
f 690/735/3 750/794/3 751/795/3 691/736/3
f 691/736/3 751/795/3 752/796/3 692/737/3
f 692/737/3 752/796/3 753/797/3 693/738/3
f 693/738/3 753/797/3 754/798/3 694/739/3
f 694/739/3 754/798/3 755/799/3 695/740/328
f 695/740/328 755/799/3 756/800/3 696/741/328
f 696/741/328 756/800/3 757/801/3 697/742/3
f 697/742/3 757/801/3 758/802/3 698/743/500
f 698/743/500 758/802/3 759/803/3 699/744/489
f 699/744/489 759/803/3 760/804/3 700/745/3
f 700/745/3 760/804/3 761/805/3 701/746/3
f 701/746/3 761/805/3 762/806/3 702/747/3
f 702/747/3 762/806/3 763/807/3 703/748/3
f 703/748/3 763/807/3 764/808/3 704/749/3
f 704/749/3 764/808/3 765/809/328 705/750/328
f 705/750/538 765/809/538 766/810/538 706/751/538
f 706/751/539 766/810/539 767/811/539 707/752/539
f 707/752/540 767/811/540 768/812/540 708/753/540
f 708/753/541 768/812/541 769/813/541 709/754/541
f 709/754/542 769/813/542 770/814/542 710/755/542
f 710/755/543 770/814/543 771/815/543 711/756/543
f 711/756/544 771/815/544 772/816/544 712/757/544
f 712/757/545 772/816/545 773/817/545 713/758/545
f 713/758/546 773/817/546 774/818/546 714/759/546
f 714/759/547 774/818/547 775/819/547 715/760/547
f 715/760/548 775/819/548 776/820/548 716/761/548
f 716/761/549 776/820/549 777/821/549 717/762/549
f 717/762/550 777/821/550 778/822/550 718/763/550
f 718/763/551 778/822/551 779/823/551 719/764/551
f 719/764/552 779/823/552 780/824/552 720/765/552
f 720/765/553 780/824/553 781/825/553 721/766/553
f 721/766/554 781/825/554 782/826/554 722/767/554
f 722/767/555 782/826/555 783/827/555 723/768/555
f 723/768/556 783/827/556 784/828/556 724/769/556
f 724/769/557 784/828/557 785/829/557 725/770/557
f 725/770/558 785/829/558 786/830/558 726/771/558
f 726/771/559 786/830/559 787/831/559 727/772/559
f 727/772/560 787/831/560 788/832/560 728/773/560
f 728/773/561 788/832/561 789/833/561 729/774/561
f 729/774/562 789/833/562 790/834/562 730/775/562
f 730/775/563 790/834/563 791/835/563 731/776/563
f 731/776/564 791/835/564 792/254/564 732/253/564
f 81/58/3 82/57/3 793/836/3 733/777/3
f 733/777/3 793/836/3 794/837/3 734/778/3
f 734/778/3 794/837/3 795/838/3 735/779/3
f 735/779/3 795/838/3 796/839/3 736/780/3
f 736/780/3 796/839/3 797/840/3 737/781/3
f 737/781/3 797/840/3 798/841/3 738/782/3
f 738/782/565 798/841/565 799/842/565 739/783/565
f 739/783/566 799/842/566 800/843/566 740/784/566
f 740/784/567 800/843/567 801/844/567 741/785/567
f 741/785/568 801/844/568 802/845/568 742/786/568
f 742/786/569 802/845/569 803/846/569 743/787/569
f 743/787/570 803/846/570 804/847/570 744/788/570
f 744/788/3 804/847/3 805/848/3 745/789/3
f 745/789/3 805/848/3 806/849/3 746/790/3
f 746/790/3 806/849/3 807/850/3 747/791/3
f 747/791/3 807/850/3 808/851/3 748/792/3
f 748/792/3 808/851/3 809/852/3 749/793/3
f 749/793/3 809/852/3 810/853/3 750/794/3
f 750/794/3 810/853/3 811/854/3 751/795/3
f 751/795/3 811/854/3 812/855/3 752/796/3
f 752/796/3 812/855/3 813/856/3 753/797/3
f 753/797/3 813/856/3 814/857/3 754/798/3
f 754/798/3 814/857/3 815/858/3 755/799/3
f 755/799/3 815/858/3 816/859/3 756/800/3
f 756/800/3 816/859/3 817/860/3 757/801/3
f 757/801/3 817/860/3 818/861/3 758/802/3
f 758/802/3 818/861/3 819/862/3 759/803/3
f 759/803/3 819/862/3 820/863/3 760/804/3
f 760/804/3 820/863/3 821/864/3 761/805/3
f 761/805/3 821/864/3 822/865/3 762/806/3
f 762/806/3 822/865/3 823/866/3 763/807/3
f 763/807/3 823/866/3 824/867/3 764/808/3
f 764/808/3 824/867/3 825/868/3 765/809/328
f 765/809/571 825/868/571 826/869/571 766/810/571
f 766/810/572 826/869/572 827/870/572 767/811/572
f 767/811/573 827/870/573 828/871/573 768/812/573
f 768/812/574 828/871/574 829/872/574 769/813/574
f 769/813/575 829/872/575 830/873/575 770/814/575
f 770/814/576 830/873/576 831/874/576 771/815/576
f 771/815/577 831/874/577 832/875/577 772/816/577
f 772/816/578 832/875/578 833/876/578 773/817/578
f 773/817/579 833/876/579 834/877/579 774/818/579
f 774/818/580 834/877/580 835/878/580 775/819/580
f 775/819/581 835/878/581 836/879/581 776/820/581
f 776/820/582 836/879/582 837/880/582 777/821/582
f 777/821/583 837/880/583 838/881/584 778/822/585
f 778/822/585 838/881/584 839/882/586 779/823/586
f 779/823/587 839/882/587 840/883/587 780/824/587
f 780/824/588 840/883/588 841/884/588 781/825/588
f 781/825/589 841/884/589 842/885/589 782/826/589
f 782/826/590 842/885/590 843/886/590 783/827/590
f 783/827/591 843/886/591 844/887/591 784/828/591
f 784/828/592 844/887/592 845/888/592 785/829/592
f 785/829/593 845/888/593 846/889/593 786/830/593
f 786/830/594 846/889/594 847/890/594 787/831/594
f 787/831/595 847/890/595 848/891/595 788/832/595
f 788/832/596 848/891/596 849/892/596 789/833/596
f 789/833/597 849/892/597 850/893/597 790/834/597
f 790/834/598 850/893/598 851/894/598 791/835/598
f 791/835/599 851/894/599 852/255/599 792/254/599
f 82/57/3 83/56/3 853/895/3 793/836/3
f 793/836/3 853/895/3 854/896/3 794/837/3
f 794/837/3 854/896/3 855/897/3 795/838/3
f 795/838/3 855/897/3 856/898/3 796/839/3
f 796/839/3 856/898/3 857/899/3 797/840/3
f 797/840/3 857/899/3 858/900/3 798/841/3
f 798/841/600 858/900/600 859/901/600 799/842/600
f 799/842/601 859/901/601 860/902/601 800/843/601
f 800/843/602 860/902/602 861/903/602 801/844/602
f 801/844/603 861/903/603 862/904/603 802/845/603
f 802/845/604 862/904/604 863/905/604 803/846/604
f 803/846/605 863/905/605 864/906/605 804/847/605
f 804/847/3 864/906/3 865/907/3 805/848/3
f 805/848/3 865/907/3 866/908/3 806/849/3
f 806/849/3 866/908/3 867/909/3 807/850/3
f 807/850/3 867/909/3 868/910/3 808/851/3
f 808/851/3 868/910/3 869/911/3 809/852/3
f 809/852/3 869/911/3 870/912/3 810/853/3
f 810/853/3 870/912/3 871/913/3 811/854/3
f 811/854/3 871/913/3 872/914/3 812/855/3
f 812/855/3 872/914/3 873/915/3 813/856/3
f 813/856/3 873/915/3 874/916/3 814/857/3
f 814/857/3 874/916/3 875/917/3 815/858/3
f 815/858/3 875/917/3 876/918/3 816/859/3
f 816/859/3 876/918/3 877/919/3 817/860/3
f 817/860/3 877/919/3 878/920/3 818/861/3
f 818/861/3 878/920/3 879/921/3 819/862/3
f 819/862/3 879/921/3 880/922/3 820/863/3
f 820/863/3 880/922/3 881/923/3 821/864/3
f 821/864/3 881/923/3 882/924/3 822/865/3
f 822/865/3 882/924/3 883/925/3 823/866/3
f 823/866/3 883/925/3 884/926/3 824/867/3
f 824/867/3 884/926/3 885/927/3 825/868/3
f 825/868/3 885/927/3 886/928/606 826/869/607
f 826/869/607 886/928/606 887/929/608 827/870/609
f 827/870/610 887/929/610 888/930/610 828/871/610
f 828/871/611 888/930/611 889/931/611 829/872/611
f 829/872/612 889/931/612 890/932/612 830/873/612
f 830/873/613 890/932/613 891/933/613 831/874/613
f 831/874/614 891/933/614 892/934/614 832/875/614
f 832/875/615 892/934/615 893/935/615 833/876/615
f 833/876/616 893/935/616 894/936/616 834/877/616
f 834/877/617 894/936/617 895/937/617 835/878/617
f 835/878/618 895/937/618 896/938/618 836/879/618
f 836/879/619 896/938/619 897/939/619 837/880/619
f 837/880/620 897/939/620 898/940/620 838/881/620
f 838/881/621 898/940/621 899/941/621 839/882/621
f 839/882/622 899/941/622 900/942/622 840/883/622
f 840/883/623 900/942/623 901/943/623 841/884/623
f 841/884/624 901/943/624 902/944/624 842/885/624
f 842/885/625 902/944/625 903/945/625 843/886/625
f 843/886/626 903/945/626 904/946/626 844/887/626
f 844/887/627 904/946/627 905/947/627 845/888/627
f 845/888/628 905/947/628 906/948/628 846/889/628
f 846/889/629 906/948/629 907/949/629 847/890/629
f 847/890/630 907/949/630 908/950/630 848/891/630
f 848/891/631 908/950/631 909/951/631 849/892/631
f 849/892/632 909/951/632 910/952/632 850/893/632
f 850/893/633 910/952/633 911/953/633 851/894/633
f 851/894/634 911/953/634 912/256/634 852/255/634
f 83/56/3 84/55/3 913/954/3 853/895/3
f 853/895/3 913/954/3 914/955/3 854/896/3
f 854/896/3 914/955/3 915/956/3 855/897/3
f 855/897/635 915/956/635 916/957/635 856/898/635
f 856/898/636 916/957/636 917/958/636 857/899/636
f 857/899/637 917/958/637 918/959/637 858/900/637
f 858/900/638 918/959/638 919/960/638 859/901/638
f 859/901/639 919/960/639 920/961/639 860/902/639
f 860/902/640 920/961/640 921/962/640 861/903/640
f 861/903/641 921/962/641 922/963/641 862/904/641
f 862/904/642 922/963/642 923/964/642 863/905/642
f 863/905/643 923/964/643 924/965/643 864/906/643
f 864/906/3 924/965/644 925/966/645 865/907/3
f 865/907/3 925/966/645 926/967/3 866/908/3
f 866/908/3 926/967/3 927/968/3 867/909/3
f 867/909/3 927/968/3 928/969/3 868/910/3
f 868/910/3 928/969/3 929/970/3 869/911/3
f 869/911/3 929/970/3 930/971/3 870/912/3
f 870/912/3 930/971/3 931/972/3 871/913/3
f 871/913/3 931/972/3 932/973/3 872/914/3
f 872/914/3 932/973/3 933/974/3 873/915/3
f 879/921/3 934/975/3 935/976/3 880/922/3
f 880/922/3 935/976/3 936/977/3 881/923/3
f 881/923/3 936/977/3 937/978/3 882/924/3
f 882/924/3 937/978/3 938/979/3 883/925/3
f 883/925/3 938/979/3 939/980/3 884/926/3
f 884/926/3 939/980/3 940/981/3 885/927/3
f 885/927/3 940/981/3 941/982/3 886/928/606
f 886/928/606 941/982/3 942/983/3 887/929/608
f 887/929/608 942/983/3 943/984/3 888/930/3
f 888/930/3 943/984/3 944/985/3 889/931/3
f 889/931/646 944/985/646 945/986/646 890/932/646
f 890/932/647 945/986/647 946/987/647 891/933/647
f 891/933/648 946/987/648 947/988/648 892/934/648
f 892/934/649 947/988/649 948/989/649 893/935/649
f 893/935/650 948/989/650 949/990/650 894/936/650
f 894/936/651 949/990/651 950/991/651 895/937/651
f 895/937/652 950/991/652 951/992/652 896/938/652
f 896/938/653 951/992/653 952/993/653 897/939/653
f 897/939/654 952/993/654 953/994/654 898/940/654
f 898/940/655 953/994/655 954/995/655 899/941/655
f 899/941/656 954/995/656 955/996/656 900/942/656
f 900/942/657 955/996/657 956/997/657 901/943/657
f 901/943/658 956/997/658 957/998/658 902/944/658
f 902/944/659 957/998/659 958/999/659 903/945/659
f 903/945/660 958/999/660 959/1000/660 904/946/660
f 904/946/661 959/1000/661 960/1001/661 905/947/661
f 905/947/662 960/1001/662 961/1002/662 906/948/662
f 906/948/663 961/1002/663 962/1003/663 907/949/663
f 907/949/664 962/1003/664 963/1004/664 908/950/664
f 908/950/665 963/1004/665 964/1005/665 909/951/665
f 909/951/666 964/1005/666 965/1006/667 910/952/668
f 910/952/668 965/1006/667 966/1007/669 911/953/670
f 911/953/670 966/1007/669 967/257/22 912/256/21
f 84/55/3 85/54/3 968/1008/3 913/954/3
f 913/954/3 968/1008/3 969/1009/3 914/955/3
f 914/955/3 969/1009/3 970/1010/3 915/956/3
f 915/956/671 970/1010/671 971/1011/671 916/957/671
f 916/957/672 971/1011/672 972/1012/672 917/958/672
f 917/958/673 972/1012/673 973/1013/673 918/959/673
f 918/959/674 973/1013/674 974/1014/674 919/960/674
f 919/960/675 974/1014/675 975/1015/675 920/961/675
f 920/961/676 975/1015/676 976/1016/676 921/962/676
f 921/962/677 976/1016/677 977/1017/677 922/963/677
f 922/963/678 977/1017/678 978/1018/678 923/964/678
f 923/964/679 978/1018/679 979/1019/679 924/965/679
f 924/965/644 979/1019/680 980/1020/681 925/966/645
f 925/966/645 980/1020/681 981/1021/3 926/967/3
f 926/967/3 981/1021/3 982/1022/3 927/968/3
f 927/968/3 982/1022/3 983/1023/3 928/969/3
f 928/969/3 983/1023/3 984/1024/3 929/970/3
f 929/970/3 984/1024/3 985/1025/3 930/971/3
f 930/971/3 985/1025/3 986/1026/3 931/972/3
f 934/975/3 987/1027/3 988/1028/3 935/976/3
f 935/976/3 988/1028/3 989/1029/3 936/977/3
f 936/977/3 989/1029/3 990/1030/3 937/978/3
f 944/985/682 991/1031/682 992/1032/682 945/986/682
f 945/986/683 992/1032/683 993/1033/683 946/987/683
f 946/987/684 993/1033/684 994/1034/684 947/988/684
f 947/988/685 994/1034/685 995/1035/685 948/989/685
f 948/989/686 995/1035/686 996/1036/686 949/990/686
f 949/990/687 996/1036/687 997/1037/687 950/991/687
f 950/991/688 997/1037/688 998/1038/688 951/992/688
f 951/992/689 998/1038/689 999/1039/689 952/993/689
f 952/993/690 999/1039/690 1000/1040/690 953/994/690
f 953/994/691 1000/1040/691 1001/1041/691 954/995/691
f 954/995/692 1001/1041/692 1002/1042/692 955/996/692
f 955/996/693 1002/1042/693 1003/1043/693 956/997/693
f 956/997/694 1003/1043/694 1004/1044/694 957/998/694
f 957/998/695 1004/1044/695 1005/1045/695 958/999/695
f 958/999/696 1005/1045/696 1006/1046/696 959/1000/696
f 959/1000/697 1006/1046/697 1007/1047/697 960/1001/697
f 960/1001/698 1007/1047/698 1008/1048/698 961/1002/698
f 961/1002/699 1008/1048/699 1009/1049/699 962/1003/699
f 962/1003/700 1009/1049/700 1010/1050/700 963/1004/700
f 963/1004/701 1010/1050/701 1011/1051/701 964/1005/701
f 964/1005/702 1011/1051/702 1012/1052/702 965/1006/702
f 965/1006/703 1012/1052/703 1013/1053/703 966/1007/703
f 966/1007/704 1013/1053/704 1014/258/704 967/257/704
f 85/54/3 86/53/3 1015/1054/3 968/1008/3
f 968/1008/3 1015/1054/3 1016/1055/3 969/1009/3
f 969/1009/3 1016/1055/3 1017/1056/3 970/1010/3
f 970/1010/705 1017/1056/705 1018/1057/705 971/1011/705
f 971/1011/706 1018/1057/706 1019/1058/706 972/1012/706
f 972/1012/707 1019/1058/707 1020/1059/707 973/1013/707
f 973/1013/708 1020/1059/708 1021/1060/708 974/1014/708
f 974/1014/709 1021/1060/709 1022/1061/709 975/1015/709
f 975/1015/710 1022/1061/710 1023/1062/710 976/1016/710
f 976/1016/711 1023/1062/711 1024/1063/711 977/1017/711
f 977/1017/712 1024/1063/712 1025/1064/712 978/1018/712
f 978/1018/713 1025/1064/713 1026/1065/713 979/1019/713
f 979/1019/714 1026/1065/714 1027/1066/714 980/1020/714
f 980/1020/681 1027/1066/715 1028/1067/3 981/1021/3
f 981/1021/3 1028/1067/3 1029/1068/3 982/1022/3
f 982/1022/3 1029/1068/3 1030/1069/3 983/1023/3
f 983/1023/3 1030/1069/3 1031/1070/3 984/1024/3
f 987/1027/3 1034/1071/3 1035/1072/3 988/1028/3
f 994/1034/716 1036/1073/716 1037/1074/716 995/1035/716
f 995/1035/717 1037/1074/717 1038/1075/717 996/1036/717
f 996/1036/718 1038/1075/718 1039/1076/718 997/1037/718
f 997/1037/719 1039/1076/719 1040/1077/719 998/1038/719
f 998/1038/720 1040/1077/720 1041/1078/720 999/1039/720
f 999/1039/721 1041/1078/721 1042/1079/721 1000/1040/721
f 1000/1040/722 1042/1079/722 1043/1080/722 1001/1041/722
f 1001/1041/723 1043/1080/723 1044/1081/723 1002/1042/723
f 1002/1042/724 1044/1081/724 1045/1082/724 1003/1043/724
f 1003/1043/725 1045/1082/725 1046/1083/725 1004/1044/725
f 1004/1044/726 1046/1083/726 1047/1084/726 1005/1045/726
f 1005/1045/727 1047/1084/727 1048/1085/727 1006/1046/727
f 1006/1046/728 1048/1085/728 1049/1086/728 1007/1047/728
f 1007/1047/729 1049/1086/729 1050/1087/729 1008/1048/729
f 1008/1048/730 1050/1087/730 1051/1088/730 1009/1049/730
f 1009/1049/731 1051/1088/731 1052/1089/731 1010/1050/731
f 1010/1050/732 1052/1089/732 1053/1090/732 1011/1051/732
f 1011/1051/733 1053/1090/733 1054/1091/733 1012/1052/733
f 1012/1052/734 1054/1091/734 1055/1092/734 1013/1053/734
f 1013/1053/735 1055/1092/735 1056/259/735 1014/258/735
f 86/53/3 87/52/3 1057/1093/3 1015/1054/3
f 1015/1054/3 1057/1093/3 1058/1094/3 1016/1055/3
f 1016/1055/3 1058/1094/3 1059/1095/3 1017/1056/3
f 1017/1056/736 1059/1095/736 1060/1096/736 1018/1057/736
f 1018/1057/737 1060/1096/737 1061/1097/737 1019/1058/737
f 1019/1058/738 1061/1097/738 1062/1098/738 1020/1059/738
f 1020/1059/739 1062/1098/739 1063/1099/739 1021/1060/739
f 1021/1060/740 1063/1099/740 1064/1100/740 1022/1061/740
f 1022/1061/741 1064/1100/741 1065/1101/741 1023/1062/741
f 1023/1062/742 1065/1101/742 1066/1102/742 1024/1063/742
f 1024/1063/743 1066/1102/743 1067/1103/743 1025/1064/743
f 1025/1064/744 1067/1103/744 1068/1104/744 1026/1065/744
f 1026/1065/745 1068/1104/745 1069/1105/491 1027/1066/715
f 1027/1066/715 1069/1105/491 1070/1106/3 1028/1067/3
f 1028/1067/3 1070/1106/3 1071/1107/3 1029/1068/3
f 1029/1068/3 1071/1107/3 1072/1108/3 1030/1069/3
f 1030/1069/3 1072/1108/3 1073/1109/3 1031/1070/3
f 1032/1110/3 1074/1111/3 1075/1112/3 1033/1113/3
f 1033/1113/3 1075/1112/3 1076/1114/3 1034/1071/3
f 1034/1071/3 1076/1114/3 1077/1115/3 1035/1072/3
f 1036/1073/746 1078/1116/746 1079/1117/746 1037/1074/746
f 1037/1074/747 1079/1117/747 1080/1118/747 1038/1075/747
f 1038/1075/748 1080/1118/748 1081/1119/748 1039/1076/748
f 1039/1076/749 1081/1119/749 1082/1120/749 1040/1077/749
f 1040/1077/750 1082/1120/750 1083/1121/750 1041/1078/750
f 1041/1078/751 1083/1121/751 1084/1122/751 1042/1079/751
f 1042/1079/752 1084/1122/752 1085/1123/752 1043/1080/752
f 1043/1080/753 1085/1123/753 1086/1124/753 1044/1081/753
f 1044/1081/754 1086/1124/754 1087/1125/754 1045/1082/754
f 1045/1082/755 1087/1125/755 1088/1126/755 1046/1083/755
f 1046/1083/756 1088/1126/756 1089/1127/756 1047/1084/756
f 1047/1084/757 1089/1127/757 1090/1128/757 1048/1085/757
f 1048/1085/758 1090/1128/758 1091/1129/758 1049/1086/758
f 1049/1086/759 1091/1129/759 1092/1130/759 1050/1087/759
f 1050/1087/760 1092/1130/760 1093/1131/760 1051/1088/760
f 1051/1088/761 1093/1131/761 1094/1132/761 1052/1089/761
f 1052/1089/762 1094/1132/762 1095/1133/762 1053/1090/762
f 1053/1090/763 1095/1133/763 1096/1134/763 1054/1091/763
f 1054/1091/764 1096/1134/764 1097/1135/764 1055/1092/764
f 1055/1092/765 1097/1135/765 1098/260/765 1056/259/765
f 87/52/3 88/51/3 1099/1136/3 1057/1093/3
f 1057/1093/3 1099/1136/3 1100/1137/3 1058/1094/3
f 1058/1094/3 1100/1137/3 1101/1138/3 1059/1095/3
f 1059/1095/766 1101/1138/766 1102/1139/766 1060/1096/766
f 1060/1096/767 1102/1139/767 1103/1140/767 1061/1097/767
f 1061/1097/768 1103/1140/768 1104/1141/768 1062/1098/768
f 1062/1098/769 1104/1141/769 1105/1142/769 1063/1099/769
f 1063/1099/770 1105/1142/770 1106/1143/770 1064/1100/770
f 1064/1100/771 1106/1143/771 1107/1144/771 1065/1101/771
f 1065/1101/772 1107/1144/772 1108/1145/772 1066/1102/772
f 1066/1102/773 1108/1145/773 1109/1146/773 1067/1103/773
f 1078/1116/3 1112/1147/3 1113/1148/3 1079/1117/3
f 1079/1117/774 1113/1148/775 1114/1149/776 1080/1118/774
f 1080/1118/777 1114/1149/777 1115/1150/777 1081/1119/777
f 1081/1119/778 1115/1150/778 1116/1151/778 1082/1120/778
f 1082/1120/779 1116/1151/779 1117/1152/779 1083/1121/779
f 1083/1121/780 1117/1152/780 1118/1153/780 1084/1122/780
f 1084/1122/781 1118/1153/781 1119/1154/781 1085/1123/781
f 1085/1123/782 1119/1154/782 1120/1155/782 1086/1124/782
f 1086/1124/783 1120/1155/783 1121/1156/783 1087/1125/783
f 1087/1125/784 1121/1156/784 1122/1157/784 1088/1126/784
f 1088/1126/785 1122/1157/785 1123/1158/785 1089/1127/785
f 1089/1127/786 1123/1158/786 1124/1159/786 1090/1128/786
f 1090/1128/787 1124/1159/787 1125/1160/787 1091/1129/787
f 1091/1129/788 1125/1160/788 1126/1161/788 1092/1130/788
f 1092/1130/789 1126/1161/789 1127/1162/789 1093/1131/789
f 1093/1131/790 1127/1162/790 1128/1163/790 1094/1132/790
f 1094/1132/791 1128/1163/791 1129/1164/791 1095/1133/791
f 1095/1133/792 1129/1164/792 1130/1165/792 1096/1134/792
f 1096/1134/793 1130/1165/793 1131/1166/793 1097/1135/793
f 1097/1135/794 1131/1166/794 1132/261/794 1098/260/794
f 88/51/3 89/50/3 1133/1167/3 1099/1136/3
f 1099/1136/3 1133/1167/3 1134/1168/3 1100/1137/3
f 1100/1137/3 1134/1168/3 1135/1169/3 1101/1138/3
f 1101/1138/795 1135/1169/795 1136/1170/795 1102/1139/795
f 1102/1139/796 1136/1170/796 1137/1171/796 1103/1140/796
f 1103/1140/797 1137/1171/797 1138/1172/797 1104/1141/797
f 1104/1141/798 1138/1172/798 1139/1173/798 1105/1142/798
f 1105/1142/799 1139/1173/799 1140/1174/799 1106/1143/799
f 1106/1143/800 1140/1174/800 1141/1175/800 1107/1144/800
f 1107/1144/3 1141/1175/3 1142/1176/3 1108/1145/3
f 1110/1177/3 1151/1178/3 1152/1179/3 1111/1180/3
f 1111/1180/3 1152/1179/3 1153/1181/3 1112/1147/3
f 1112/1147/3 1153/1181/3 1154/1182/3 1113/1148/3
f 1113/1148/775 1154/1182/801 1155/1183/801 1114/1149/776
f 1114/1149/802 1155/1183/802 1156/1184/802 1115/1150/802
f 1115/1150/803 1156/1184/803 1157/1185/803 1116/1151/803
f 1116/1151/804 1157/1185/804 1158/1186/804 1117/1152/804
f 1117/1152/805 1158/1186/805 1159/1187/805 1118/1153/805
f 1118/1153/806 1159/1187/806 1160/1188/806 1119/1154/806
f 1119/1154/807 1160/1188/807 1161/1189/807 1120/1155/807
f 1120/1155/808 1161/1189/808 1162/1190/808 1121/1156/808
f 1121/1156/809 1162/1190/809 1163/1191/809 1122/1157/809
f 1122/1157/3 1163/1191/3 1164/1192/810 1123/1158/811
f 1123/1158/811 1164/1192/810 1165/1193/812 1124/1159/813
f 1124/1159/814 1165/1193/814 1166/1194/814 1125/1160/814
f 1125/1160/815 1166/1194/815 1167/1195/815 1126/1161/815
f 1126/1161/816 1167/1195/816 1168/1196/816 1127/1162/816
f 1127/1162/817 1168/1196/817 1169/1197/817 1128/1163/817
f 1128/1163/818 1169/1197/818 1170/1198/818 1129/1164/818
f 1129/1164/819 1170/1198/819 1171/1199/819 1130/1165/819
f 1130/1165/820 1171/1199/820 1172/1200/820 1131/1166/820
f 1131/1166/821 1172/1200/821 1173/262/821 1132/261/821
f 89/50/3 90/49/3 1174/1201/3 1133/1167/3
f 1133/1167/3 1174/1201/3 1175/1202/3 1134/1168/3
f 1134/1168/822 1175/1202/822 1176/1203/822 1135/1169/822
f 1135/1169/823 1176/1203/823 1177/1204/823 1136/1170/823
f 1136/1170/824 1177/1204/824 1178/1205/824 1137/1171/824
f 1137/1171/825 1178/1205/825 1179/1206/825 1138/1172/825
f 1138/1172/826 1179/1206/826 1180/1207/826 1139/1173/826
f 1139/1173/827 1180/1207/827 1181/1208/827 1140/1174/827
f 1140/1174/828 1181/1208/828 1182/1209/828 1141/1175/828
f 1141/1175/3 1182/1209/3 1183/1210/3 1142/1176/3
f 1143/1211/3 1188/1212/3 1189/1213/3 1144/1214/3
f 1144/1214/3 1189/1213/3 1190/1215/3 1145/1216/3
f 1145/1216/3 1190/1215/3 1191/1217/3 1146/1218/3
f 1147/1219/3 1192/1220/3 1193/1221/3 1148/1222/3
f 1148/1222/3 1193/1221/3 1194/1223/3 1149/1224/3
f 1149/1224/3 1194/1223/3 1195/1225/3 1150/1226/3
f 1150/1226/3 1195/1225/3 1196/1227/3 1151/1178/3
f 1151/1178/3 1196/1227/3 1197/1228/3 1152/1179/3
f 1152/1179/3 1197/1228/3 1198/1229/3 1153/1181/3
f 1153/1181/3 1198/1229/3 1199/1230/3 1154/1182/3
f 1154/1182/829 1199/1230/829 1200/1231/829 1155/1183/829
f 1155/1183/830 1200/1231/830 1201/1232/830 1156/1184/830
f 1156/1184/831 1201/1232/831 1202/1233/831 1157/1185/831
f 1157/1185/832 1202/1233/832 1203/1234/832 1158/1186/832
f 1158/1186/833 1203/1234/833 1204/1235/833 1159/1187/833
f 1159/1187/834 1204/1235/834 1205/1236/834 1160/1188/834
f 1160/1188/835 1205/1236/835 1206/1237/835 1161/1189/835
f 1161/1189/836 1206/1237/836 1207/1238/836 1162/1190/836
f 1162/1190/837 1207/1238/837 1208/1239/837 1163/1191/837
f 1163/1191/3 1208/1239/3 1209/1240/838 1164/1192/810
f 1164/1192/810 1209/1240/838 1210/1241/839 1165/1193/812
f 1165/1193/840 1210/1241/840 1211/1242/840 1166/1194/840
f 1166/1194/841 1211/1242/841 1212/1243/841 1167/1195/841
f 1167/1195/842 1212/1243/842 1213/1244/842 1168/1196/842
f 1168/1196/843 1213/1244/843 1214/1245/843 1169/1197/843
f 1169/1197/844 1214/1245/844 1215/1246/844 1170/1198/844
f 1170/1198/845 1215/1246/845 1216/1247/845 1171/1199/845
f 1171/1199/846 1216/1247/846 1217/1248/846 1172/1200/846
f 1172/1200/847 1217/1248/847 1218/263/847 1173/262/847
f 90/49/3 91/48/3 1219/1249/3 1174/1201/3
f 1174/1201/3 1219/1249/3 1220/1250/3 1175/1202/3
f 1175/1202/848 1220/1250/848 1221/1251/848 1176/1203/848
f 1176/1203/849 1221/1251/849 1222/1252/849 1177/1204/849
f 1177/1204/850 1222/1252/850 1223/1253/850 1178/1205/850
f 1178/1205/851 1223/1253/851 1224/1254/851 1179/1206/851
f 1179/1206/852 1224/1254/852 1225/1255/852 1180/1207/852
f 1180/1207/853 1225/1255/853 1226/1256/853 1181/1208/853
f 1181/1208/854 1226/1256/854 1227/1257/854 1182/1209/854
f 1182/1209/855 1227/1257/855 1228/1258/855 1183/1210/855
f 1183/1210/856 1228/1258/856 1229/1259/856 1184/1260/856
f 1185/1261/3 1231/1262/3 1232/1263/3 1186/1264/3
f 1186/1264/3 1232/1263/3 1233/1265/3 1187/1266/3
f 1188/1212/3 1235/1267/3 1236/1268/3 1189/1213/3
f 1189/1213/3 1236/1268/3 1237/1269/3 1190/1215/3
f 1190/1215/3 1237/1269/3 1238/1270/3 1191/1217/3
f 1191/1217/3 1238/1270/3 1239/1271/3 1192/1220/3
f 1192/1220/3 1239/1271/3 1240/1272/3 1193/1221/3
f 1193/1221/3 1240/1272/3 1241/1273/3 1194/1223/3
f 1194/1223/3 1241/1273/3 1242/1274/3 1195/1225/3
f 1195/1225/3 1242/1274/3 1243/1275/3 1196/1227/3
f 1196/1227/3 1243/1275/3 1244/1276/3 1197/1228/3
f 1197/1228/3 1244/1276/3 1245/1277/3 1198/1229/3
f 1198/1229/3 1245/1277/3 1246/1278/3 1199/1230/3
f 1199/1230/857 1246/1278/857 1247/1279/857 1200/1231/857
f 1200/1231/858 1247/1279/858 1248/1280/858 1201/1232/858
f 1201/1232/859 1248/1280/859 1249/1281/859 1202/1233/859
f 1202/1233/860 1249/1281/860 1250/1282/860 1203/1234/860
f 1203/1234/861 1250/1282/861 1251/1283/861 1204/1235/861
f 1204/1235/862 1251/1283/862 1252/1284/862 1205/1236/862
f 1205/1236/863 1252/1284/863 1253/1285/863 1206/1237/863
f 1206/1237/864 1253/1285/864 1254/1286/864 1207/1238/864
f 1207/1238/865 1254/1286/865 1255/1287/865 1208/1239/865
f 1208/1239/866 1255/1287/866 1256/1288/867 1209/1240/868
f 1209/1240/868 1256/1288/867 1257/1289/869 1210/1241/869
f 1210/1241/870 1257/1289/870 1258/1290/870 1211/1242/870
f 1211/1242/871 1258/1290/871 1259/1291/871 1212/1243/871
f 1212/1243/872 1259/1291/872 1260/1292/872 1213/1244/872
f 1213/1244/873 1260/1292/873 1261/1293/873 1214/1245/873
f 1214/1245/874 1261/1293/874 1262/1294/874 1215/1246/874
f 1215/1246/875 1262/1294/875 1263/1295/875 1216/1247/875
f 1216/1247/876 1263/1295/876 1264/1296/876 1217/1248/876
f 1217/1248/877 1264/1296/877 1265/264/877 1218/263/877
f 91/48/3 92/47/3 1266/1297/3 1219/1249/3
f 1219/1249/3 1266/1297/3 1267/1298/3 1220/1250/3
f 1220/1250/878 1267/1298/878 1268/1299/878 1221/1251/878
f 1221/1251/879 1268/1299/879 1269/1300/879 1222/1252/879
f 1222/1252/880 1269/1300/880 1270/1301/880 1223/1253/880
f 1223/1253/881 1270/1301/881 1271/1302/881 1224/1254/881
f 1224/1254/882 1271/1302/882 1272/1303/882 1225/1255/882
f 1225/1255/883 1272/1303/884 1273/1304/884 1226/1256/883
f 1226/1256/885 1273/1304/885 1274/1305/885 1227/1257/885
f 1227/1257/886 1274/1305/886 1275/1306/886 1228/1258/886
f 1228/1258/887 1275/1306/887 1276/1307/887 1229/1259/887
f 1229/1259/888 1276/1307/888 1277/1308/888 1230/1309/888
f 1230/1309/3 1277/1308/3 1278/1310/3 1231/1262/3
f 1231/1262/3 1278/1310/3 1279/1311/3 1232/1263/3
f 1232/1263/3 1279/1311/3 1280/1312/3 1233/1265/3
f 1233/1265/3 1280/1312/3 1281/1313/3 1234/1314/3
f 1235/1267/3 1286/1315/3 1287/1316/3 1236/1268/3
f 1249/1281/889 1288/1317/889 1289/1318/889 1250/1282/889
f 1261/1293/890 1290/1319/890 1291/1320/890 1262/1294/890
f 1262/1294/891 1291/1320/891 1292/1321/891 1263/1295/891
f 1263/1295/892 1292/1321/892 1293/1322/892 1264/1296/892
f 1264/1296/893 1293/1322/893 1294/265/893 1265/264/893
f 92/47/3 93/46/3 1295/1323/3 1266/1297/3
f 1266/1297/3 1295/1323/3 1296/1324/3 1267/1298/3
f 1267/1298/894 1296/1324/894 1297/1325/894 1268/1299/894
f 1268/1299/895 1297/1325/895 1298/1326/895 1269/1300/895
f 1269/1300/896 1298/1326/896 1299/1327/896 1270/1301/896
f 1270/1301/897 1299/1327/897 1300/1328/897 1271/1302/897
f 1271/1302/898 1300/1328/898 1301/1329/898 1272/1303/898
f 1272/1303/884 1301/1329/3 1302/1330/3 1273/1304/884
f 1273/1304/899 1302/1330/899 1303/1331/899 1274/1305/899
f 1274/1305/900 1303/1331/900 1304/1332/900 1275/1306/900
f 1275/1306/901 1304/1332/901 1305/1333/901 1276/1307/901
f 1276/1307/902 1305/1333/902 1306/1334/902 1277/1308/902
f 1277/1308/3 1306/1334/3 1307/1335/3 1278/1310/3
f 1278/1310/3 1307/1335/3 1308/1336/3 1279/1311/3
f 1279/1311/3 1308/1336/3 1309/1337/3 1280/1312/3
f 1282/1338/3 1314/1339/3 1315/1340/3 1283/1341/3
f 1283/1341/3 1315/1340/3 1316/1342/3 1284/1343/3
f 1284/1343/3 1316/1342/3 1317/1344/3 1285/1345/3
f 1290/1319/903 1318/1346/903 1319/1347/903 1291/1320/903
f 1291/1320/904 1319/1347/904 1320/1348/904 1292/1321/904
f 1292/1321/905 1320/1348/905 1321/1349/905 1293/1322/905
f 1293/1322/906 1321/1349/906 1322/266/906 1294/265/906
f 93/46/3 94/45/3 1323/1350/3 1295/1323/3
f 1295/1323/3 1323/1350/3 1324/1351/3 1296/1324/3
f 1296/1324/907 1324/1351/907 1325/1352/907 1297/1325/907
f 1297/1325/908 1325/1352/908 1326/1353/908 1298/1326/908
f 1298/1326/909 1326/1353/909 1327/1354/909 1299/1327/909
f 1299/1327/910 1327/1354/910 1328/1355/910 1300/1328/910
f 1300/1328/911 1328/1355/911 1329/1356/911 1301/1329/911
f 1301/1329/3 1329/1356/3 1330/1357/3 1302/1330/3
f 1302/1330/912 1330/1357/912 1331/1358/912 1303/1331/912
f 1303/1331/913 1331/1358/913 1332/1359/913 1304/1332/913
f 1304/1332/914 1332/1359/914 1333/1360/914 1305/1333/914
f 1305/1333/915 1333/1360/915 1334/1361/915 1306/1334/915
f 1306/1334/916 1334/1361/916 1335/1362/916 1307/1335/916
f 1307/1335/3 1335/1362/3 1336/1363/3 1308/1336/3
f 1308/1336/3 1336/1363/3 1337/1364/3 1309/1337/3
s 0
f 1588/1365/3 1639/1366/4 4023/1366/3 4012/1365/4
f 1076/1114/917 1075/1112/917 3608/1112/917 3609/1114/917
f 1075/1112/917 1074/1111/917 3607/1111/917 3608/1112/917
f 931/972/3 986/1026/4 3547/1026/3 3528/972/4
f 1287/1316/917 1286/1315/917 3766/1315/917 3767/1316/917
f 1250/1282/918 1289/1318/4 3781/1318/3 3739/1282/4
f 1379/1367/919 1380/1368/4 3910/1368/919 3909/1367/920
s 1
f 1310/1369/3 1339/1370/3 1340/1371/3 1311/1372/3
f 1311/1372/3 1340/1371/3 1341/1373/3 1312/1374/3
f 1312/1374/3 1341/1373/3 1342/1375/3 1313/1376/3
f 1313/1376/3 1342/1375/3 1343/1377/3 1314/1339/3
f 1314/1339/3 1343/1377/3 1344/1378/3 1315/1340/3
f 1315/1340/3 1344/1378/3 1345/1379/3 1316/1342/3
s 0
f 1288/1317/919 1249/1281/4 3738/1281/919 3780/1317/920
f 994/1034/921 993/1033/920 3567/1033/3 3568/1034/920
f 1316/1342/3 1345/1379/4 3844/1379/3 3805/1342/4
f 1538/1380/3 1488/1381/4 3983/1381/3 4007/1380/4
f 1284/1343/917 1285/1345/917 3765/1345/917 3764/1343/917
f 993/1033/3 992/1032/4 3566/1032/3 3567/1033/920
f 1451/1382/3 1414/1383/4 3940/1383/919 3969/1382/4
f 1283/1341/917 1284/1343/917 3764/1343/917 3763/1341/917
f 992/1032/917 991/1031/917 3565/1031/917 3566/1032/917
f 1282/1338/917 1283/1341/917 3763/1341/917 3762/1338/917
f 1112/1147/3 1078/1116/4 3622/1116/3 3653/1147/4
f 1073/1109/917 1072/1108/917 3598/1108/917 3599/1109/917
f 1695/1384/917 1696/1385/917 4043/1385/917 4042/1384/917
f 1339/1370/3 1310/1369/4 3800/1369/3 3841/1370/4
f 1072/1108/917 1071/1107/917 3597/1107/917 3598/1108/917
f 1694/1386/917 1695/1384/917 4042/1384/917 4041/1386/917
f 1071/1107/917 1070/1106/917 3596/1106/917 3597/1107/917
f 1070/1106/917 1069/1105/917 3595/1105/917 3596/1106/917
f 1069/1105/917 1068/1104/917 3594/1104/917 3595/1105/917
f 1487/1387/3 1537/1388/4 3998/1388/3 3974/1387/4
f 990/1030/917 989/1029/917 3557/1029/917 3558/1030/917
f 1068/1104/922 1067/1103/920 3593/1103/3 3594/1104/4
f 989/1029/917 988/1028/917 3556/1028/917 3557/1029/917
f 1445/1389/917 1446/1390/917 3942/1390/917 3941/1389/917
f 1236/1268/3 1287/1316/4 3767/1316/3 3725/1268/4
f 1309/1337/3 1337/1364/4 3834/1364/3 3793/1337/4
f 1191/1217/917 1192/1220/917 3705/1220/917 3704/1217/917
f 1692/1391/917 1693/1392/917 4035/1392/917 4034/1391/917
s 1
f 1318/1346/923 1346/1393/923 1347/1394/923 1319/1347/923
f 1319/1347/924 1347/1394/924 1348/1395/924 1320/1348/924
f 1320/1348/925 1348/1395/925 1349/1396/925 1321/1349/925
f 1321/1349/926 1349/1396/926 1350/267/926 1322/266/926
f 94/45/3 95/44/3 1351/1397/3 1323/1350/3
f 1323/1350/3 1351/1397/3 1352/1398/3 1324/1351/3
f 1324/1351/927 1352/1398/927 1353/1399/927 1325/1352/927
f 1325/1352/928 1353/1399/928 1354/1400/928 1326/1353/928
f 1326/1353/929 1354/1400/929 1355/1401/929 1327/1354/929
f 1327/1354/930 1355/1401/930 1356/1402/930 1328/1355/930
f 1328/1355/931 1356/1402/931 1357/1403/931 1329/1356/931
f 1329/1356/3 1357/1403/932 1358/1404/932 1330/1357/3
f 1330/1357/933 1358/1404/933 1359/1405/933 1331/1358/933
f 1331/1358/934 1359/1405/934 1360/1406/934 1332/1359/934
f 1332/1359/935 1360/1406/935 1361/1407/935 1333/1360/935
f 1333/1360/936 1361/1407/936 1362/1408/936 1334/1361/936
f 1334/1361/937 1362/1408/937 1363/1409/937 1335/1362/937
f 1335/1362/3 1363/1409/3 1364/1410/3 1336/1363/3
f 1336/1363/3 1364/1410/3 1365/1411/3 1337/1364/3
s 0
f 1281/1313/917 1280/1312/917 3751/1312/917 3752/1313/917
f 1377/1412/917 1378/1413/917 3896/1413/917 3895/1412/917
f 1286/1315/3 1235/1267/4 3724/1267/3 3766/1315/4
f 1413/1414/3 1449/1415/4 3956/1415/3 3927/1414/4
f 1380/1368/938 1346/1393/4 3872/1393/3 3910/1368/920
f 1447/1416/3 1411/1417/4 3925/1417/3 3955/1416/4
s 1
f 1338/1418/3 1371/1419/3 1372/1420/3 1339/1370/3
f 1339/1370/3 1372/1420/3 1373/1421/3 1340/1371/3
f 1340/1371/3 1373/1421/3 1374/1422/3 1341/1373/3
f 1341/1373/3 1374/1422/3 1375/1423/3 1342/1375/3
f 1342/1375/3 1375/1423/3 1376/1424/3 1343/1377/3
s 0
f 1036/1073/3 994/1034/4 3568/1034/919 3592/1073/920
f 986/1026/917 985/1025/917 3546/1025/917 3547/1026/917
f 985/1025/917 984/1024/917 3545/1024/917 3546/1025/917
f 1111/1180/917 1112/1147/917 3653/1147/917 3652/1180/917
f 1192/1220/3 1147/1219/4 3678/1219/3 3705/1220/4
f 1110/1177/917 1111/1180/917 3652/1180/917 3651/1177/917
f 1146/1218/3 1191/1217/4 3704/1217/3 3677/1218/4
f 1499/1425/917 1500/1426/917 3996/1426/917 3995/1425/917
f 1234/1314/3 1281/1313/4 3752/1313/3 3710/1314/4
f 1498/1427/917 1499/1425/917 3995/1425/917 3994/1427/917
f 1497/1428/938 1498/1427/920 3994/1427/3 3993/1428/4
f 1696/1385/3 1641/1429/4 4033/1429/3 4043/1385/4
f 1188/1212/3 1143/1211/4 3674/1211/3 3703/1212/4
f 1496/1430/3 1497/1428/920 3993/1428/921 3992/1430/4
f 1410/1431/3 1445/1389/4 3941/1389/3 3911/1431/4
f 879/921/917 878/920/917 3526/920/917 3527/921/917
f 1495/1432/3 1496/1430/920 3992/1430/3 3991/1432/4
f 878/920/917 877/919/917 3525/919/917 3526/920/917
f 1318/1346/922 1290/1319/4 3792/1319/3 3833/1346/4
f 988/1028/3 1035/1072/4 3580/1072/3 3556/1028/4
f 1186/1264/917 1187/1266/917 3688/1266/917 3687/1264/917
f 877/919/917 876/918/917 3524/918/917 3525/919/917
f 1034/1071/3 987/1027/4 3555/1027/3 3579/1071/4
f 1067/1103/918 1109/1146/920 3624/1146/3 3593/1103/4
f 1185/1261/917 1186/1264/917 3687/1264/917 3686/1261/917
f 876/918/917 875/917/917 3523/917/917 3524/918/917
f 1370/1433/917 1371/1419/917 3879/1419/917 3878/1433/917
f 875/917/917 874/916/917 3522/916/917 3523/917/917
f 1261/1293/3 1260/1292/4 3749/1292/3 3750/1293/4
f 1369/1434/917 1370/1433/917 3878/1433/917 3877/1434/917
s 1
f 1346/1393/939 1380/1368/939 1381/1435/939 1347/1394/939
f 1347/1394/940 1381/1435/940 1382/1436/940 1348/1395/940
f 1348/1395/941 1382/1436/941 1383/1437/941 1349/1396/941
f 1349/1396/942 1383/1437/942 1384/268/942 1350/267/942
f 95/44/3 96/43/3 1385/1438/3 1351/1397/3
f 1351/1397/3 1385/1438/3 1386/1439/3 1352/1398/3
f 1352/1398/943 1386/1439/943 1387/1440/943 1353/1399/943
f 1353/1399/944 1387/1440/944 1388/1441/944 1354/1400/944
f 1354/1400/945 1388/1441/945 1389/1442/945 1355/1401/945
f 1355/1401/946 1389/1442/946 1390/1443/946 1356/1402/946
f 1356/1402/947 1390/1443/947 1391/1444/947 1357/1403/947
f 1357/1403/932 1391/1444/948 1392/1445/948 1358/1404/932
f 1358/1404/949 1392/1445/949 1393/1446/949 1359/1405/949
f 1359/1405/950 1393/1446/950 1394/1447/950 1360/1406/950
f 1360/1406/951 1394/1447/951 1395/1448/951 1361/1407/951
f 1361/1407/952 1395/1448/952 1396/1449/952 1362/1408/952
f 1362/1408/953 1396/1449/953 1397/1450/953 1363/1409/953
f 1363/1409/3 1397/1450/3 1398/1451/3 1364/1410/3
f 1364/1410/3 1398/1451/3 1399/1452/3 1365/1411/3
f 1365/1411/3 1399/1452/3 1400/1453/3 1366/1454/3
f 1366/1454/3 1400/1453/3 1401/1455/3 1367/1456/3
f 1367/1456/3 1401/1455/3 1402/1457/3 1368/1458/3
f 1368/1458/3 1402/1457/3 1403/1459/3 1369/1434/3
f 1369/1434/3 1403/1459/3 1404/1460/3 1370/1433/3
f 1370/1433/3 1404/1460/3 1405/1461/3 1371/1419/3
f 1371/1419/3 1405/1461/3 1406/1462/3 1372/1420/3
f 1372/1420/3 1406/1462/3 1407/1463/3 1373/1421/3
f 1373/1421/3 1407/1463/3 1408/1464/3 1374/1422/3
f 1374/1422/3 1408/1464/3 1409/1465/3 1375/1423/3
f 1375/1423/3 1409/1465/3 1410/1431/3 1376/1424/3
s 0
f 1493/1466/3 1494/1467/4 3988/1467/3 3987/1466/4
f 874/916/917 873/915/917 3521/915/917 3522/916/917
f 1260/1292/919 1259/1291/920 3748/1291/3 3749/1292/4
f 1368/1458/917 1369/1434/917 3877/1434/917 3876/1458/917
f 1492/1468/3 1493/1466/4 3987/1466/3 3986/1468/4
f 1183/1210/917 1184/1260/917 3684/1260/917 3683/1210/917
f 1259/1291/3 1258/1290/4 3747/1290/3 3748/1291/4
f 1367/1456/917 1368/1458/917 3876/1458/917 3875/1456/917
f 1491/1469/3 1492/1468/4 3986/1468/922 3985/1469/920
f 1258/1290/328 1257/1289/4 3746/1289/3 3747/1290/920
f 1366/1454/917 1367/1456/917 3875/1456/917 3874/1454/917
f 1490/1470/917 1491/1469/917 3985/1469/917 3984/1470/917
f 1640/1471/3 1692/1391/4 4034/1391/3 4024/1471/4
f 1257/1289/922 1256/1288/4 3745/1288/3 3746/1289/4
f 1365/1411/917 1366/1454/917 3874/1454/917 3873/1411/917
s 1
f 1377/1412/3 1412/1472/3 1413/1414/3 1378/1413/3
s 0
f 1256/1288/3 1255/1287/920 3744/1287/938 3745/1288/4
f 1255/1287/917 1254/1286/917 3743/1286/917 3744/1287/917
f 1254/1286/3 1253/1285/920 3742/1285/3 3743/1286/4
f 1253/1285/3 1252/1284/920 3741/1284/3 3742/1285/920
f 984/1024/3 1031/1070/4 3569/1070/3 3545/1024/4
f 1252/1284/954 1251/1283/4 3740/1283/3 3741/1284/4
f 1317/1344/917 1316/1342/917 3805/1342/917 3806/1344/917
f 1251/1283/917 1250/1282/917 3739/1282/917 3740/1283/917
f 1589/1473/3 1538/1380/4 4007/1380/3 4022/1473/4
f 1343/1377/3 1376/1424/4 3880/1424/3 3842/1377/4
f 1249/1281/921 1248/1280/920 3737/1280/3 3738/1281/920
f 1500/1426/3 1450/1474/4 3968/1474/938 3996/1426/920
f 1313/1376/917 1314/1339/917 3804/1339/917 3803/1376/917
s 1
f 1379/1367/955 1414/1383/955 1415/1475/955 1380/1368/955
f 1380/1368/956 1415/1475/956 1416/1476/956 1381/1435/956
f 1381/1435/957 1416/1476/957 1417/1477/957 1382/1436/957
f 1382/1436/958 1417/1477/958 1418/1478/958 1383/1437/958
f 1383/1437/959 1418/1478/959 1419/269/959 1384/268/959
f 96/43/3 97/42/3 1420/1479/3 1385/1438/3
f 1385/1438/3 1420/1479/3 1421/1480/3 1386/1439/3
f 1386/1439/960 1421/1480/960 1422/1481/960 1387/1440/960
f 1387/1440/961 1422/1481/961 1423/1482/961 1388/1441/961
f 1388/1441/962 1423/1482/962 1424/1483/962 1389/1442/962
f 1389/1442/963 1424/1483/963 1425/1484/963 1390/1443/963
f 1390/1443/964 1425/1484/964 1426/1485/964 1391/1444/964
f 1391/1444/965 1426/1485/965 1427/1486/965 1392/1445/965
f 1392/1445/966 1427/1486/966 1428/1487/966 1393/1446/966
f 1393/1446/967 1428/1487/967 1429/1488/967 1394/1447/967
f 1394/1447/968 1429/1488/968 1430/1489/968 1395/1448/968
f 1395/1448/969 1430/1489/969 1431/1490/969 1396/1449/969
f 1396/1449/970 1431/1490/970 1432/1491/970 1397/1450/970
f 1397/1450/3 1432/1491/3 1433/1492/3 1398/1451/3
f 1398/1451/3 1433/1492/3 1434/1493/3 1399/1452/3
f 1399/1452/3 1434/1493/3 1435/1494/3 1400/1453/3
f 1400/1453/3 1435/1494/3 1436/1495/3 1401/1455/3
f 1401/1455/3 1436/1495/3 1437/1496/3 1402/1457/3
f 1402/1457/3 1437/1496/3 1438/1497/3 1403/1459/3
f 1403/1459/3 1438/1497/3 1439/1498/3 1404/1460/3
f 1404/1460/3 1439/1498/3 1440/1499/3 1405/1461/3
f 1405/1461/3 1440/1499/3 1441/1500/3 1406/1462/3
f 1406/1462/3 1441/1500/3 1442/1501/3 1407/1463/3
f 1407/1463/3 1442/1501/3 1443/1502/3 1408/1464/3
f 1408/1464/3 1443/1502/3 1444/1503/3 1409/1465/3
f 1409/1465/3 1444/1503/3 1445/1389/3 1410/1431/3
s 0
f 1248/1280/921 1247/1279/920 3736/1279/919 3737/1280/920
f 1312/1374/917 1313/1376/917 3803/1376/917 3802/1374/917
f 1247/1279/917 1246/1278/917 3735/1278/917 3736/1279/917
f 1311/1372/917 1312/1374/917 3802/1374/917 3801/1372/917
f 934/975/3 879/921/4 3527/921/3 3536/975/4
f 1142/1176/3 1183/1210/4 3683/1210/3 3654/1176/4
f 1246/1278/917 1245/1277/917 3734/1277/917 3735/1278/917
f 1310/1369/917 1311/1372/917 3801/1372/917 3800/1369/917
f 1486/1504/917 1487/1387/917 3974/1387/917 3973/1504/917
f 1151/1178/3 1110/1177/4 3651/1177/3 3682/1178/4
f 1753/1505/917 1754/1506/917 4050/1506/917 4049/1505/917
f 1245/1277/917 1244/1276/917 3733/1276/917 3734/1277/917
f 1485/1507/917 1486/1504/917 3973/1504/917 3972/1507/917
f 1371/1419/3 1338/1418/4 3840/1418/3 3879/1419/4
s 1
f 1411/1417/3 1447/1416/3 1448/1508/3 1412/1472/3
f 1412/1472/3 1448/1508/3 1449/1415/3 1413/1414/3
s 0
f 1752/1509/917 1753/1505/917 4049/1505/917 4048/1509/917
f 1244/1276/917 1243/1275/917 3732/1275/917 3733/1276/917
f 1484/1510/917 1485/1507/917 3972/1507/917 3971/1510/917
f 1751/1511/917 1752/1509/917 4048/1509/917 4047/1511/917
f 1243/1275/917 1242/1274/917 3731/1274/917 3732/1275/917
f 1483/1512/917 1484/1510/917 3971/1510/917 3970/1512/917
f 1750/1513/917 1751/1511/917 4047/1511/917 4046/1513/917
f 1242/1274/917 1241/1273/917 3730/1273/917 3731/1274/917
f 1109/1146/917 1108/1145/917 3623/1145/917 3624/1146/917
f 1749/1514/917 1750/1513/917 4046/1513/917 4045/1514/917
f 1241/1273/917 1240/1272/917 3729/1272/917 3730/1273/917
f 1536/1515/3 1588/1365/4 4012/1365/3 3997/1515/4
f 873/915/3 933/974/4 3530/974/3 3521/915/4
s 1
f 1414/1383/971 1451/1382/971 1452/1516/971 1415/1475/971
f 1415/1475/972 1452/1516/972 1453/1517/972 1416/1476/972
f 1416/1476/973 1453/1517/973 1454/1518/973 1417/1477/973
f 1417/1477/974 1454/1518/974 1455/1519/974 1418/1478/974
f 1418/1478/975 1455/1519/975 1456/270/975 1419/269/975
f 97/42/3 98/41/3 1457/1520/3 1420/1479/3
f 1420/1479/3 1457/1520/3 1458/1521/3 1421/1480/3
f 1421/1480/976 1458/1521/976 1459/1522/976 1422/1481/976
f 1422/1481/977 1459/1522/977 1460/1523/977 1423/1482/977
f 1423/1482/978 1460/1523/978 1461/1524/978 1424/1483/978
f 1424/1483/979 1461/1524/979 1462/1525/979 1425/1484/979
f 1425/1484/980 1462/1525/980 1463/1526/980 1426/1485/980
f 1426/1485/884 1463/1526/981 1464/1527/491 1427/1486/981
f 1427/1486/981 1464/1527/491 1465/1528/3 1428/1487/3
f 1428/1487/3 1465/1528/3 1466/1529/3 1429/1488/3
f 1429/1488/3 1466/1529/3 1467/1530/3 1430/1489/3
f 1430/1489/3 1467/1530/3 1468/1531/3 1431/1490/3
f 1431/1490/3 1468/1531/3 1469/1532/3 1432/1491/3
f 1432/1491/3 1469/1532/3 1470/1533/3 1433/1492/3
f 1433/1492/3 1470/1533/3 1471/1534/3 1434/1493/3
f 1434/1493/3 1471/1534/3 1472/1535/3 1435/1494/3
f 1435/1494/3 1472/1535/3 1473/1536/3 1436/1495/3
f 1436/1495/3 1473/1536/3 1474/1537/3 1437/1496/3
f 1437/1496/3 1474/1537/3 1475/1538/3 1438/1497/3
f 1438/1497/3 1475/1538/3 1476/1539/3 1439/1498/3
f 1439/1498/3 1476/1539/3 1477/1540/3 1440/1499/3
f 1440/1499/3 1477/1540/3 1478/1541/3 1441/1500/3
f 1441/1500/3 1478/1541/3 1479/1542/3 1442/1501/3
f 1442/1501/3 1479/1542/3 1480/1543/3 1443/1502/3
f 1443/1502/3 1480/1543/3 1481/1544/3 1444/1503/3
f 1444/1503/3 1481/1544/3 1482/1545/3 1445/1389/3
f 1445/1389/3 1482/1545/3 1483/1512/3 1446/1390/3
s 0
f 1748/1546/917 1749/1514/917 4045/1514/917 4044/1546/917
f 1240/1272/917 1239/1271/917 3728/1271/917 3729/1272/917
f 1033/1113/917 1034/1071/917 3579/1071/917 3578/1113/917
f 1239/1271/917 1238/1270/917 3727/1270/917 3728/1271/917
f 1032/1110/917 1033/1113/917 3578/1113/917 3577/1110/917
f 1337/1364/3 1365/1411/4 3873/1411/3 3834/1364/4
f 1238/1270/917 1237/1269/917 3726/1269/917 3727/1270/917
f 1411/1417/917 1412/1472/917 3926/1472/917 3925/1417/917
f 1449/1415/3 1490/1470/4 3984/1470/3 3956/1415/4
f 1237/1269/917 1236/1268/917 3725/1268/917 3726/1269/917
f 1285/1345/3 1317/1344/4 3806/1344/3 3765/1345/4
f 1488/1381/3 1447/1416/4 3955/1416/3 3983/1381/4
f 1414/1383/3 1379/1367/920 3909/1367/919 3940/1383/920
s 1
f 1447/1416/3 1488/1381/3 1489/1547/3 1448/1508/3
f 1448/1508/3 1489/1547/3 1490/1470/3 1449/1415/3
s 0
f 1314/1339/3 1282/1338/4 3762/1338/3 3804/1339/4
f 944/985/917 943/984/917 3543/984/917 3544/985/917
f 1078/1116/3 1036/1073/920 3592/1073/3 3622/1116/920
f 943/984/917 942/983/917 3542/983/917 3543/984/917
f 942/983/917 941/982/917 3541/982/917 3542/983/917
f 941/982/917 940/981/917 3540/981/917 3541/982/917
f 940/981/917 939/980/917 3539/980/917 3540/981/917
f 939/980/917 938/979/917 3538/979/917 3539/980/917
f 938/979/917 937/978/917 3537/978/917 3538/979/917
f 1150/1226/917 1151/1178/917 3682/1178/917 3681/1226/917
f 1149/1224/917 1150/1226/917 3681/1226/917 3680/1224/917
f 1148/1222/917 1149/1224/917 3680/1224/917 3679/1222/917
s 1
f 1450/1474/982 1500/1426/982 1501/1548/982 1451/1382/982
f 1451/1382/983 1501/1548/983 1502/1549/983 1452/1516/983
f 1452/1516/984 1502/1549/984 1503/1550/984 1453/1517/984
f 1453/1517/985 1503/1550/985 1504/1551/985 1454/1518/985
f 1454/1518/986 1504/1551/986 1505/1552/986 1455/1519/986
f 1455/1519/987 1505/1552/987 1506/271/987 1456/270/987
f 98/41/3 99/40/3 1507/1553/3 1457/1520/3
f 1457/1520/3 1507/1553/3 1508/1554/3 1458/1521/3
f 1458/1521/988 1508/1554/988 1509/1555/988 1459/1522/988
f 1459/1522/989 1509/1555/989 1510/1556/989 1460/1523/989
f 1460/1523/990 1510/1556/990 1511/1557/990 1461/1524/990
f 1461/1524/991 1511/1557/991 1512/1558/991 1462/1525/991
f 1462/1525/992 1512/1558/992 1513/1559/992 1463/1526/992
f 1463/1526/981 1513/1559/3 1514/1560/3 1464/1527/491
f 1464/1527/491 1514/1560/3 1515/1561/3 1465/1528/3
f 1465/1528/3 1515/1561/3 1516/1562/3 1466/1529/3
f 1466/1529/3 1516/1562/3 1517/1563/3 1467/1530/3
f 1467/1530/3 1517/1563/3 1518/1564/3 1468/1531/3
f 1468/1531/3 1518/1564/3 1519/1565/3 1469/1532/3
f 1469/1532/3 1519/1565/3 1520/1566/3 1470/1533/3
f 1470/1533/3 1520/1566/3 1521/1567/3 1471/1534/3
f 1471/1534/3 1521/1567/3 1522/1568/3 1472/1535/3
f 1472/1535/3 1522/1568/3 1523/1569/3 1473/1536/3
f 1473/1536/3 1523/1569/3 1524/1570/3 1474/1537/3
f 1474/1537/3 1524/1570/3 1525/1571/3 1475/1538/3
f 1475/1538/3 1525/1571/3 1526/1572/3 1476/1539/3
f 1476/1539/3 1526/1572/3 1527/1573/3 1477/1540/3
f 1477/1540/3 1527/1573/3 1528/1574/3 1478/1541/3
f 1478/1541/3 1528/1574/3 1529/1575/3 1479/1542/3
f 1479/1542/3 1529/1575/3 1530/1576/3 1480/1543/3
f 1480/1543/3 1530/1576/3 1531/1577/3 1481/1544/3
f 1481/1544/3 1531/1577/3 1532/1578/3 1482/1545/3
f 1482/1545/3 1532/1578/3 1533/1579/3 1483/1512/3
f 1483/1512/3 1533/1579/3 1534/1580/3 1484/1510/3
f 1484/1510/3 1534/1580/3 1535/1581/3 1485/1507/3
f 1485/1507/3 1535/1581/3 1536/1515/3 1486/1504/3
f 1486/1504/3 1536/1515/3 1537/1388/3 1487/1387/3
s 0
f 1280/1312/3 1309/1337/4 3793/1337/3 3751/1312/4
f 1147/1219/917 1148/1222/917 3679/1222/917 3678/1219/917
f 1446/1390/3 1483/1512/4 3970/1512/3 3942/1390/4
f 1235/1267/3 1188/1212/4 3703/1212/3 3724/1267/4
f 1378/1413/3 1413/1414/4 3927/1414/3 3896/1413/4
f 1233/1265/917 1234/1314/917 3710/1314/917 3709/1265/917
f 1546/1582/3 1547/1583/920 4011/1583/3 4010/1582/920
f 1754/1506/3 1694/1386/4 4041/1386/3 4050/1506/4
f 1145/1216/917 1146/1218/917 3677/1218/917 3676/1216/917
s 1
f 1488/1381/3 1538/1380/3 1539/1584/3 1489/1547/3
f 1489/1547/3 1539/1584/3 1540/1585/3 1490/1470/3
f 1490/1470/3 1540/1585/3 1541/1586/3 1491/1469/3
f 1491/1469/993 1541/1586/993 1542/1587/993 1492/1468/993
f 1492/1468/994 1542/1587/994 1543/1588/994 1493/1466/994
f 1493/1466/995 1543/1588/995 1544/1589/995 1494/1467/995
s 0
f 1639/1366/917 1640/1471/917 4024/1471/917 4023/1366/917
f 1412/1472/3 1377/1412/4 3895/1412/3 3926/1472/4
f 1545/1590/3 1546/1582/920 4010/1582/3 4009/1590/920
s 1
f 1495/1432/996 1547/1583/996 1548/1591/996 1496/1430/996
f 1496/1430/997 1548/1591/997 1549/1592/997 1497/1428/997
f 1497/1428/998 1549/1592/998 1550/1593/998 1498/1427/998
f 1498/1427/999 1550/1593/1000 1551/1594/1001 1499/1425/1002
f 1499/1425/1002 1551/1594/1001 1552/1595/1003 1500/1426/1003
f 1500/1426/1004 1552/1595/1004 1553/1596/1004 1501/1548/1004
f 1501/1548/1005 1553/1596/1005 1554/1597/1005 1502/1549/1005
f 1502/1549/1006 1554/1597/1006 1555/1598/1006 1503/1550/1006
f 1503/1550/1007 1555/1598/1007 1556/1599/1007 1504/1551/1007
f 1504/1551/1008 1556/1599/1008 1557/1600/1008 1505/1552/1008
f 1505/1552/1009 1557/1600/1009 1558/272/1009 1506/271/1009
f 99/40/3 100/39/3 1559/1601/3 1507/1553/3
f 1507/1553/3 1559/1601/3 1560/1602/3 1508/1554/3
f 1508/1554/1010 1560/1602/1010 1561/1603/1010 1509/1555/1010
f 1509/1555/1011 1561/1603/1011 1562/1604/1011 1510/1556/1011
f 1510/1556/1012 1562/1604/1012 1563/1605/1012 1511/1557/1012
f 1511/1557/1013 1563/1605/1013 1564/1606/1013 1512/1558/1013
f 1512/1558/3 1564/1606/3 1565/1607/3 1513/1559/3
f 1513/1559/3 1565/1607/3 1566/1608/3 1514/1560/3
f 1514/1560/3 1566/1608/3 1567/1609/3 1515/1561/3
f 1515/1561/3 1567/1609/3 1568/1610/3 1516/1562/3
f 1516/1562/3 1568/1610/3 1569/1611/3 1517/1563/3
f 1517/1563/3 1569/1611/3 1570/1612/3 1518/1564/3
f 1518/1564/3 1570/1612/3 1571/1613/3 1519/1565/3
f 1519/1565/3 1571/1613/3 1572/1614/3 1520/1566/3
f 1520/1566/3 1572/1614/3 1573/1615/3 1521/1567/3
f 1521/1567/3 1573/1615/3 1574/1616/3 1522/1568/3
f 1522/1568/3 1574/1616/3 1575/1617/3 1523/1569/3
f 1523/1569/3 1575/1617/3 1576/1618/3 1524/1570/3
f 1524/1570/3 1576/1618/3 1577/1619/3 1525/1571/3
f 1525/1571/3 1577/1619/3 1578/1620/3 1526/1572/3
f 1526/1572/3 1578/1620/3 1579/1621/3 1527/1573/3
f 1527/1573/3 1579/1621/3 1580/1622/3 1528/1574/3
f 1528/1574/3 1580/1622/3 1581/1623/3 1529/1575/3
f 1529/1575/3 1581/1623/3 1582/1624/3 1530/1576/3
f 1530/1576/3 1582/1624/3 1583/1625/3 1531/1577/3
f 1531/1577/3 1583/1625/3 1584/1626/3 1532/1578/3
f 1532/1578/3 1584/1626/3 1585/1627/3 1533/1579/3
f 1533/1579/3 1585/1627/3 1586/1628/3 1534/1580/3
f 1534/1580/3 1586/1628/3 1587/1629/3 1535/1581/3
f 1535/1581/3 1587/1629/3 1588/1365/3 1536/1515/3
s 0
f 1346/1393/938 1318/1346/4 3833/1346/3 3872/1393/4
f 1035/1072/3 1077/1115/4 3610/1115/3 3580/1072/4
f 1144/1214/917 1145/1216/917 3676/1216/917 3675/1214/917
f 1544/1589/3 1545/1590/4 4009/1590/922 4008/1589/920
f 1143/1211/917 1144/1214/917 3675/1214/917 3674/1211/917
f 1230/1309/917 1231/1262/917 3708/1262/917 3707/1309/917
f 1108/1145/3 1142/1176/4 3654/1176/3 3623/1145/4
f 1229/1259/938 1230/1309/4 3707/1309/3 3706/1259/4
f 1074/1111/3 1032/1110/4 3577/1110/3 3607/1111/4
f 933/974/917 932/973/917 3529/973/917 3530/974/917
s 1
f 1538/1380/3 1589/1473/3 1590/1630/3 1539/1584/3
f 1539/1584/3 1590/1630/3 1591/1631/3 1540/1585/3
f 1540/1585/3 1591/1631/3 1592/1632/3 1541/1586/3
f 1541/1586/1014 1592/1632/1014 1593/1633/1014 1542/1587/1014
f 1542/1587/1015 1593/1633/1015 1594/1634/1015 1543/1588/1015
f 1543/1588/1016 1594/1634/1016 1595/1635/1016 1544/1589/1016
f 1544/1589/1017 1595/1635/1017 1596/1636/1017 1545/1590/1017
f 1545/1590/1018 1596/1636/1018 1597/1637/1018 1546/1582/1018
f 1546/1582/1019 1597/1637/1019 1598/1638/1019 1547/1583/1019
f 1547/1583/1020 1598/1638/1020 1599/1639/1020 1548/1591/1020
f 1548/1591/1021 1599/1639/1021 1600/1640/1021 1549/1592/1021
f 1549/1592/1022 1600/1640/1022 1601/1641/1022 1550/1593/1022
f 1550/1593/1000 1601/1641/1023 1602/1642/1023 1551/1594/1001
f 1551/1594/1024 1602/1642/1024 1603/1643/1024 1552/1595/1024
f 1552/1595/1025 1603/1643/1025 1604/1644/1025 1553/1596/1025
f 1553/1596/1026 1604/1644/1026 1605/1645/1026 1554/1597/1026
f 1554/1597/1027 1605/1645/1027 1606/1646/1027 1555/1598/1027
f 1555/1598/1028 1606/1646/1028 1607/1647/1028 1556/1599/1028
f 1556/1599/1029 1607/1647/1029 1608/1648/1029 1557/1600/1029
f 1557/1600/1030 1608/1648/1030 1609/273/1030 1558/272/1030
f 100/39/3 101/38/3 1610/1649/3 1559/1601/3
f 1559/1601/3 1610/1649/3 1611/1650/3 1560/1602/3
f 1560/1602/1031 1611/1650/1031 1612/1651/1031 1561/1603/1031
f 1561/1603/1032 1612/1651/1032 1613/1652/1032 1562/1604/1032
f 1562/1604/1033 1613/1652/1033 1614/1653/1033 1563/1605/1033
f 1563/1605/1034 1614/1653/1034 1615/1654/1034 1564/1606/1034
f 1564/1606/3 1615/1654/3 1616/1655/3 1565/1607/3
f 1565/1607/3 1616/1655/3 1617/1656/3 1566/1608/3
f 1566/1608/3 1617/1656/3 1618/1657/3 1567/1609/3
f 1567/1609/3 1618/1657/3 1619/1658/3 1568/1610/3
f 1568/1610/3 1619/1658/3 1620/1659/3 1569/1611/3
f 1569/1611/3 1620/1659/3 1621/1660/3 1570/1612/3
f 1570/1612/3 1621/1660/3 1622/1661/3 1571/1613/3
f 1571/1613/3 1622/1661/3 1623/1662/3 1572/1614/3
f 1572/1614/3 1623/1662/3 1624/1663/3 1573/1615/3
f 1573/1615/3 1624/1663/3 1625/1664/3 1574/1616/3
f 1574/1616/3 1625/1664/3 1626/1665/3 1575/1617/3
f 1575/1617/3 1626/1665/3 1627/1666/3 1576/1618/3
f 1576/1618/3 1627/1666/3 1628/1667/3 1577/1619/3
f 1577/1619/3 1628/1667/3 1629/1668/3 1578/1620/3
f 1578/1620/3 1629/1668/3 1630/1669/3 1579/1621/3
f 1579/1621/3 1630/1669/3 1631/1670/3 1580/1622/3
f 1580/1622/3 1631/1670/3 1632/1671/3 1581/1623/3
f 1581/1623/3 1632/1671/3 1633/1672/3 1582/1624/3
f 1582/1624/3 1633/1672/3 1634/1673/3 1583/1625/3
f 1583/1625/3 1634/1673/3 1635/1674/3 1584/1626/3
f 1584/1626/3 1635/1674/3 1636/1675/3 1585/1627/3
f 1585/1627/3 1636/1675/3 1637/1676/3 1586/1628/3
f 1586/1628/3 1637/1676/3 1638/1677/3 1587/1629/3
f 1587/1629/3 1638/1677/3 1639/1366/3 1588/1365/3
s 0
f 932/973/917 931/972/917 3528/972/917 3529/973/917
f 1693/1392/3 1748/1546/4 4044/1546/3 4035/1392/4
f 991/1031/3 944/985/4 3544/985/3 3565/1031/4
f 1450/1474/919 1451/1382/920 3969/1382/921 3968/1474/4
f 4/1678/3 3/1678/4 3517/1678/3 3520/1678/4
f 1031/1070/3 1073/1109/4 3599/1109/3 3569/1070/4
f 1345/1379/917 1344/1378/917 3843/1378/917 3844/1379/917
f 2/1678/917 4/1678/917 3520/1678/917 3519/1678/917
f 1289/1318/3 1288/1317/4 3780/1317/3 3781/1318/4
f 1187/1266/3 1233/1265/4 3709/1265/3 3688/1266/4
s 1
f 1589/1473/3 1641/1429/3 1642/1679/3 1590/1630/3
f 1590/1630/3 1642/1679/3 1643/1680/3 1591/1631/3
f 1591/1631/3 1643/1680/3 1644/1681/608 1592/1632/3
f 1592/1632/1035 1644/1681/1035 1645/1682/1035 1593/1633/1035
f 1593/1633/1036 1645/1682/1036 1646/1683/1036 1594/1634/1036
f 1594/1634/1037 1646/1683/1037 1647/1684/1037 1595/1635/1037
f 1595/1635/1038 1647/1684/1038 1648/1685/1038 1596/1636/1038
f 1596/1636/1039 1648/1685/1039 1649/1686/1039 1597/1637/1039
f 1597/1637/1040 1649/1686/1040 1650/1687/1040 1598/1638/1040
f 1598/1638/1041 1650/1687/1041 1651/1688/1041 1599/1639/1041
f 1599/1639/1042 1651/1688/1042 1652/1689/1042 1600/1640/1042
f 1600/1640/1043 1652/1689/1043 1653/1690/1043 1601/1641/1043
f 1601/1641/1023 1653/1690/1044 1654/1691/1045 1602/1642/1023
f 1602/1642/1046 1654/1691/1046 1655/1692/1046 1603/1643/1046
f 1603/1643/1047 1655/1692/1047 1656/1693/1047 1604/1644/1047
f 1604/1644/1048 1656/1693/1048 1657/1694/1048 1605/1645/1048
f 1605/1645/1049 1657/1694/1049 1658/1695/1049 1606/1646/1049
f 1606/1646/1050 1658/1695/1050 1659/1696/1050 1607/1647/1050
f 1607/1647/1051 1659/1696/1051 1660/1697/1051 1608/1648/1051
f 1608/1648/1052 1660/1697/1052 1661/274/1052 1609/273/1052
f 101/38/3 102/37/3 1662/1698/3 1610/1649/3
f 1610/1649/1053 1662/1698/1053 1663/1699/1053 1611/1650/1053
f 1611/1650/1054 1663/1699/1054 1664/1700/1054 1612/1651/1054
f 1612/1651/1055 1664/1700/1055 1665/1701/1055 1613/1652/1055
f 1613/1652/1056 1665/1701/1056 1666/1702/1056 1614/1653/1056
f 1614/1653/1057 1666/1702/1057 1667/1703/1057 1615/1654/1057
f 1615/1654/3 1667/1703/3 1668/1704/3 1616/1655/3
f 1616/1655/3 1668/1704/3 1669/1705/3 1617/1656/3
f 1617/1656/3 1669/1705/3 1670/1706/3 1618/1657/3
f 1618/1657/3 1670/1706/3 1671/1707/3 1619/1658/3
f 1619/1658/3 1671/1707/3 1672/1708/3 1620/1659/3
f 1620/1659/3 1672/1708/3 1673/1709/3 1621/1660/3
f 1621/1660/3 1673/1709/3 1674/1710/3 1622/1661/3
f 1622/1661/3 1674/1710/3 1675/1711/3 1623/1662/3
f 1623/1662/3 1675/1711/3 1676/1712/3 1624/1663/3
f 1624/1663/3 1676/1712/3 1677/1713/3 1625/1664/3
f 1625/1664/3 1677/1713/3 1678/1714/3 1626/1665/3
f 1626/1665/3 1678/1714/3 1679/1715/3 1627/1666/3
f 1627/1666/3 1679/1715/3 1680/1716/3 1628/1667/3
f 1628/1667/3 1680/1716/3 1681/1717/3 1629/1668/3
f 1629/1668/3 1681/1717/3 1682/1718/3 1630/1669/3
f 1630/1669/3 1682/1718/3 1683/1719/3 1631/1670/3
f 1631/1670/3 1683/1719/3 1684/1720/3 1632/1671/3
f 1632/1671/3 1684/1720/3 1685/1721/3 1633/1672/3
f 1633/1672/3 1685/1721/3 1686/1722/3 1634/1673/3
f 1634/1673/3 1686/1722/3 1687/1723/3 1635/1674/3
f 1635/1674/3 1687/1723/3 1688/1724/3 1636/1675/3
f 1636/1675/3 1688/1724/3 1689/1725/3 1637/1676/3
f 1637/1676/3 1689/1725/3 1690/1726/3 1638/1677/3
f 1638/1677/3 1690/1726/3 1691/1727/3 1639/1366/3
f 1639/1366/3 1691/1727/3 1692/1391/3 1640/1471/3
s 0
f 1344/1378/917 1343/1377/917 3842/1377/917 3843/1378/917
f 1/1678/3 2/1678/4 3519/1678/3 3518/1678/4
f 1641/1429/3 1589/1473/4 4022/1473/3 4033/1429/4
f 937/978/3 990/1030/4 3558/1030/3 3537/978/4
f 3/1678/917 1/1678/917 3518/1678/917 3517/1678/917
f 1376/1424/3 1410/1431/4 3911/1431/3 3880/1424/4
f 1231/1262/3 1185/1261/4 3686/1261/3 3708/1262/4
f 1290/1319/3 1261/1293/920 3750/1293/3 3792/1319/920
f 1184/1260/3 1229/1259/920 3706/1259/921 3684/1260/920
s 1
f 1641/1429/3 1696/1385/3 1697/1728/3 1642/1679/3
f 1642/1679/3 1697/1728/3 1698/1729/3 1643/1680/3
f 1643/1680/3 1698/1729/3 1699/1730/606 1644/1681/608
f 1644/1681/608 1699/1730/606 1700/1731/607 1645/1682/1058
f 1645/1682/1059 1700/1731/1059 1701/1732/1059 1646/1683/1059
f 1646/1683/1060 1701/1732/1060 1702/1733/1060 1647/1684/1060
f 1647/1684/1061 1702/1733/1061 1703/1734/1061 1648/1685/1061
f 1648/1685/1062 1703/1734/1062 1704/1735/1062 1649/1686/1062
f 1649/1686/1063 1704/1735/1063 1705/1736/1063 1650/1687/1063
f 1650/1687/1064 1705/1736/1064 1706/1737/1064 1651/1688/1064
f 1651/1688/1065 1706/1737/1065 1707/1738/1065 1652/1689/1065
f 1652/1689/1066 1707/1738/1066 1708/1739/1067 1653/1690/1044
f 1653/1690/1044 1708/1739/1067 1709/1740/1068 1654/1691/1045
f 1654/1691/1069 1709/1740/1069 1710/1741/1069 1655/1692/1069
f 1655/1692/1070 1710/1741/1070 1711/1742/1070 1656/1693/1070
f 1656/1693/1071 1711/1742/1071 1712/1743/1071 1657/1694/1071
f 1657/1694/1072 1712/1743/1072 1713/1744/1072 1658/1695/1072
f 1658/1695/1073 1713/1744/1073 1714/1745/1073 1659/1696/1073
f 1659/1696/1074 1714/1745/1074 1715/1746/1074 1660/1697/1074
f 1660/1697/1075 1715/1746/1075 1716/275/1075 1661/274/1075
f 102/37/3 103/36/1076 1717/1747/1076 1662/1698/3
f 1662/1698/1077 1717/1747/1077 1718/1748/1077 1663/1699/1077
f 1663/1699/1078 1718/1748/1078 1719/1749/1078 1664/1700/1078
f 1664/1700/1079 1719/1749/1079 1720/1750/1079 1665/1701/1079
f 1665/1701/1080 1720/1750/1080 1721/1751/1080 1666/1702/1080
f 1666/1702/1081 1721/1751/1081 1722/1752/1081 1667/1703/1081
f 1667/1703/3 1722/1752/3 1723/1753/3 1668/1704/3
f 1668/1704/3 1723/1753/3 1724/1754/3 1669/1705/3
f 1669/1705/3 1724/1754/3 1725/1755/3 1670/1706/3
f 1670/1706/3 1725/1755/3 1726/1756/3 1671/1707/3
f 1671/1707/3 1726/1756/3 1727/1757/3 1672/1708/3
f 1672/1708/3 1727/1757/3 1728/1758/3 1673/1709/3
f 1673/1709/3 1728/1758/3 1729/1759/3 1674/1710/3
f 1674/1710/3 1729/1759/3 1730/1760/3 1675/1711/3
f 1675/1711/3 1730/1760/3 1731/1761/3 1676/1712/3
f 1676/1712/3 1731/1761/3 1732/1762/3 1677/1713/3
f 1677/1713/3 1732/1762/3 1733/1763/3 1678/1714/3
f 1678/1714/3 1733/1763/3 1734/1764/3 1679/1715/3
f 1679/1715/3 1734/1764/3 1735/1765/3 1680/1716/3
f 1680/1716/3 1735/1765/3 1736/1766/3 1681/1717/3
f 1681/1717/3 1736/1766/3 1737/1767/3 1682/1718/3
f 1682/1718/3 1737/1767/3 1738/1768/3 1683/1719/3
f 1683/1719/3 1738/1768/3 1739/1769/3 1684/1720/3
f 1684/1720/3 1739/1769/3 1740/1770/3 1685/1721/3
f 1685/1721/3 1740/1770/3 1741/1771/3 1686/1722/3
f 1686/1722/3 1741/1771/3 1742/1772/3 1687/1723/3
f 1687/1723/3 1742/1772/3 1743/1773/3 1688/1724/3
f 1688/1724/3 1743/1773/3 1744/1774/3 1689/1725/3
f 1689/1725/3 1744/1774/3 1745/1775/3 1690/1726/3
f 1690/1726/3 1745/1775/3 1746/1776/3 1691/1727/3
f 1691/1727/3 1746/1776/3 1747/1777/3 1692/1391/3
f 1692/1391/3 1747/1777/3 1748/1546/3 1693/1392/3
s 0
f 987/1027/3 934/975/4 3536/975/3 3555/1027/4
f 1537/1388/917 1536/1515/917 3997/1515/917 3998/1388/917
f 1338/1418/917 1339/1370/917 3841/1370/917 3840/1418/917
f 1547/1583/938 1495/1432/4 3991/1432/3 4011/1583/920
f 1077/1115/917 1076/1114/917 3609/1114/917 3610/1115/917
f 1494/1467/3 1544/1589/4 4008/1589/922 3988/1467/920
s 1
f 1694/1386/3 1754/1506/3 1755/1778/3 1695/1384/3
f 1695/1384/3 1755/1778/3 1756/1779/3 1696/1385/3
f 1696/1385/3 1756/1779/3 1757/1780/3 1697/1728/3
f 1697/1728/3 1757/1780/3 1758/1781/3 1698/1729/3
f 1698/1729/3 1758/1781/3 1759/1782/3 1699/1730/606
f 1699/1730/606 1759/1782/3 1760/1783/3 1700/1731/607
f 1700/1731/1082 1760/1783/1082 1761/1784/1082 1701/1732/1082
f 1701/1732/1083 1761/1784/1083 1762/1785/1083 1702/1733/1083
f 1702/1733/1084 1762/1785/1084 1763/1786/1084 1703/1734/1084
f 1703/1734/1085 1763/1786/1085 1764/1787/1085 1704/1735/1085
f 1704/1735/1086 1764/1787/1086 1765/1788/1086 1705/1736/1086
f 1705/1736/1087 1765/1788/1087 1766/1789/1087 1706/1737/1087
f 1706/1737/1088 1766/1789/1088 1767/1790/1088 1707/1738/1088
f 1707/1738/1089 1767/1790/1089 1768/1791/1089 1708/1739/1089
f 1708/1739/1090 1768/1791/1090 1769/1792/1090 1709/1740/1090
f 1709/1740/1091 1769/1792/1091 1770/1793/1091 1710/1741/1091
f 1710/1741/1092 1770/1793/1092 1771/1794/1092 1711/1742/1092
f 1711/1742/1093 1771/1794/1093 1772/1795/1093 1712/1743/1093
f 1712/1743/1094 1772/1795/1094 1773/1796/1094 1713/1744/1094
f 1713/1744/1095 1773/1796/1095 1774/1797/1095 1714/1745/1095
f 1714/1745/1096 1774/1797/1096 1775/1798/1096 1715/1746/1096
f 1715/1746/1097 1775/1798/1097 1776/276/1097 1716/275/1097
f 103/36/1076 104/35/1098 1777/1799/1098 1717/1747/1076
f 1717/1747/1099 1777/1799/1099 1778/1800/1099 1718/1748/1099
f 1718/1748/1100 1778/1800/1100 1779/1801/1100 1719/1749/1100
f 1719/1749/1101 1779/1801/1101 1780/1802/1101 1720/1750/1101
f 1720/1750/1102 1780/1802/1102 1781/1803/1102 1721/1751/1102
f 1721/1751/1103 1781/1803/1103 1782/1804/1103 1722/1752/1103
f 1722/1752/3 1782/1804/3 1783/1805/3 1723/1753/3
f 1723/1753/3 1783/1805/3 1784/1806/3 1724/1754/3
f 1724/1754/3 1784/1806/3 1785/1807/3 1725/1755/3
f 1725/1755/3 1785/1807/3 1786/1808/3 1726/1756/3
f 1726/1756/3 1786/1808/3 1787/1809/3 1727/1757/3
f 1727/1757/3 1787/1809/3 1788/1810/3 1728/1758/3
f 1728/1758/3 1788/1810/3 1789/1811/3 1729/1759/3
f 1729/1759/3 1789/1811/3 1790/1812/3 1730/1760/3
f 1730/1760/3 1790/1812/3 1791/1813/3 1731/1761/3
f 1731/1761/3 1791/1813/3 1792/1814/3 1732/1762/3
f 1732/1762/3 1792/1814/3 1793/1815/3 1733/1763/3
f 1733/1763/3 1793/1815/3 1794/1816/3 1734/1764/3
f 1734/1764/3 1794/1816/3 1795/1817/3 1735/1765/3
f 1735/1765/3 1795/1817/3 1796/1818/3 1736/1766/3
f 1736/1766/3 1796/1818/3 1797/1819/3 1737/1767/3
f 1737/1767/3 1797/1819/3 1798/1820/3 1738/1768/3
f 1738/1768/3 1798/1820/3 1799/1821/3 1739/1769/3
f 1739/1769/3 1799/1821/3 1800/1822/3 1740/1770/3
f 1740/1770/3 1800/1822/3 1801/1823/3 1741/1771/3
f 1741/1771/3 1801/1823/3 1802/1824/3 1742/1772/3
f 1742/1772/3 1802/1824/3 1803/1825/3 1743/1773/3
f 1743/1773/3 1803/1825/3 1804/1826/3 1744/1774/3
f 1744/1774/3 1804/1826/3 1805/1827/3 1745/1775/3
f 1745/1775/3 1805/1827/3 1806/1828/3 1746/1776/3
f 1746/1776/3 1806/1828/3 1807/1829/3 1747/1777/3
f 1747/1777/3 1807/1829/3 1808/1830/3 1748/1546/3
f 1748/1546/3 1808/1830/3 1809/1831/3 1749/1514/3
f 1749/1514/3 1809/1831/3 1810/1832/3 1750/1513/3
f 1750/1513/3 1810/1832/3 1811/1833/3 1751/1511/3
f 1751/1511/3 1811/1833/3 1812/1834/3 1752/1509/3
f 1752/1509/3 1812/1834/3 1813/1835/3 1753/1505/3
f 1753/1505/3 1813/1835/3 1814/1836/3 1754/1506/3
f 1754/1506/3 1814/1836/3 1815/1837/3 1755/1778/3
f 1755/1778/3 1815/1837/3 1816/1838/3 1756/1779/3
f 1756/1779/3 1816/1838/3 1817/1839/3 1757/1780/3
f 1757/1780/3 1817/1839/3 1818/1840/3 1758/1781/3
f 1758/1781/3 1818/1840/3 1819/1841/3 1759/1782/3
f 1759/1782/3 1819/1841/3 1820/1842/3 1760/1783/3
f 1760/1783/3 1820/1842/3 1821/1843/3 1761/1784/3
f 1761/1784/3 1821/1843/3 1822/1844/442 1762/1785/1104
f 1762/1785/1104 1822/1844/442 1823/1845/1105 1763/1786/1106
f 1763/1786/1106 1823/1845/1105 1824/1846/1107 1764/1787/1108
f 1764/1787/1109 1824/1846/1109 1825/1847/1109 1765/1788/1109
f 1765/1788/1110 1825/1847/1110 1826/1848/1110 1766/1789/1110
f 1766/1789/1111 1826/1848/1111 1827/1849/1111 1767/1790/1111
f 1767/1790/1112 1827/1849/1112 1828/1850/1112 1768/1791/1112
f 1768/1791/1113 1828/1850/1113 1829/1851/1113 1769/1792/1113
f 1769/1792/1114 1829/1851/1114 1830/1852/1114 1770/1793/1114
f 1770/1793/1115 1830/1852/1115 1831/1853/1115 1771/1794/1115
f 1771/1794/1116 1831/1853/1116 1832/1854/1116 1772/1795/1116
f 1772/1795/1117 1832/1854/1117 1833/1855/1117 1773/1796/1117
f 1773/1796/1118 1833/1855/1118 1834/1856/1118 1774/1797/1118
f 1774/1797/1119 1834/1856/1119 1835/1857/1119 1775/1798/1119
f 1775/1798/1120 1835/1857/1120 1836/277/1120 1776/276/1120
f 104/35/1121 105/34/1121 1837/1858/1121 1777/1799/1121
f 1777/1799/1122 1837/1858/1122 1838/1859/1122 1778/1800/1122
f 1778/1800/1123 1838/1859/1123 1839/1860/1123 1779/1801/1123
f 1779/1801/1124 1839/1860/1124 1840/1861/1124 1780/1802/1124
f 1780/1802/1125 1840/1861/1125 1841/1862/1125 1781/1803/1125
f 1781/1803/1126 1841/1862/1126 1842/1863/1126 1782/1804/1126
f 1782/1804/3 1842/1863/3 1843/1864/3 1783/1805/3
f 1783/1805/3 1843/1864/3 1844/1865/3 1784/1806/3
f 1784/1806/3 1844/1865/3 1845/1866/3 1785/1807/3
f 1785/1807/3 1845/1866/3 1846/1867/3 1786/1808/3
f 1786/1808/3 1846/1867/3 1847/1868/3 1787/1809/3
f 1787/1809/3 1847/1868/3 1848/1869/3 1788/1810/3
f 1788/1810/3 1848/1869/3 1849/1870/3 1789/1811/3
f 1789/1811/3 1849/1870/3 1850/1871/3 1790/1812/3
f 1790/1812/3 1850/1871/3 1851/1872/3 1791/1813/3
f 1791/1813/3 1851/1872/3 1852/1873/3 1792/1814/3
f 1792/1814/3 1852/1873/3 1853/1874/3 1793/1815/3
f 1793/1815/3 1853/1874/3 1854/1875/3 1794/1816/3
f 1794/1816/3 1854/1875/3 1855/1876/3 1795/1817/3
f 1795/1817/3 1855/1876/3 1856/1877/3 1796/1818/3
f 1796/1818/3 1856/1877/3 1857/1878/3 1797/1819/3
f 1797/1819/3 1857/1878/3 1858/1879/3 1798/1820/3
f 1798/1820/3 1858/1879/3 1859/1880/3 1799/1821/3
f 1799/1821/3 1859/1880/3 1860/1881/3 1800/1822/3
f 1800/1822/3 1860/1881/3 1861/1882/3 1801/1823/3
f 1801/1823/3 1861/1882/3 1862/1883/3 1802/1824/3
f 1802/1824/3 1862/1883/3 1863/1884/3 1803/1825/3
f 1803/1825/3 1863/1884/3 1864/1885/3 1804/1826/3
f 1804/1826/3 1864/1885/3 1865/1886/3 1805/1827/3
f 1805/1827/3 1865/1886/3 1866/1887/3 1806/1828/3
f 1806/1828/3 1866/1887/3 1867/1888/3 1807/1829/3
f 1807/1829/3 1867/1888/3 1868/1889/3 1808/1830/3
f 1808/1830/3 1868/1889/3 1869/1890/3 1809/1831/3
f 1809/1831/3 1869/1890/3 1870/1891/3 1810/1832/3
f 1810/1832/3 1870/1891/3 1871/1892/3 1811/1833/3
f 1811/1833/3 1871/1892/3 1872/1893/3 1812/1834/3
f 1812/1834/3 1872/1893/3 1873/1894/3 1813/1835/3
f 1813/1835/3 1873/1894/3 1874/1895/3 1814/1836/3
f 1814/1836/3 1874/1895/3 1875/1896/3 1815/1837/3
f 1815/1837/3 1875/1896/3 1876/1897/3 1816/1838/3
f 1816/1838/3 1876/1897/3 1877/1898/3 1817/1839/3
f 1817/1839/3 1877/1898/3 1878/1899/3 1818/1840/3
f 1818/1840/3 1878/1899/3 1879/1900/3 1819/1841/3
f 1819/1841/3 1879/1900/3 1880/1901/3 1820/1842/3
f 1820/1842/3 1880/1901/3 1881/1902/3 1821/1843/3
f 1821/1843/3 1881/1902/3 1882/1903/3 1822/1844/442
f 1822/1844/442 1882/1903/3 1883/1904/1127 1823/1845/1105
f 1823/1845/1105 1883/1904/1127 1884/1905/1128 1824/1846/1107
f 1824/1846/1129 1884/1905/1129 1885/1906/1129 1825/1847/1129
f 1825/1847/1130 1885/1906/1130 1886/1907/1130 1826/1848/1130
f 1826/1848/1131 1886/1907/1131 1887/1908/1131 1827/1849/1131
f 1827/1849/1132 1887/1908/1132 1888/1909/1132 1828/1850/1132
f 1828/1850/1133 1888/1909/1133 1889/1910/1133 1829/1851/1133
f 1829/1851/1134 1889/1910/1134 1890/1911/1134 1830/1852/1134
f 1830/1852/1135 1890/1911/1135 1891/1912/1135 1831/1853/1135
f 1831/1853/1136 1891/1912/1136 1892/1913/1136 1832/1854/1136
f 1832/1854/1137 1892/1913/1137 1893/1914/1137 1833/1855/1137
f 1833/1855/1138 1893/1914/1138 1894/1915/1138 1834/1856/1138
f 1834/1856/1139 1894/1915/1139 1895/1916/1139 1835/1857/1139
f 1835/1857/1140 1895/1916/1140 1896/278/1140 1836/277/1140
f 105/34/1141 106/33/1141 1897/1917/1141 1837/1858/1141
f 1837/1858/1142 1897/1917/1142 1898/1918/1142 1838/1859/1142
f 1838/1859/1143 1898/1918/1143 1899/1919/1143 1839/1860/1143
f 1839/1860/1144 1899/1919/1144 1900/1920/1144 1840/1861/1144
f 1840/1861/1145 1900/1920/1145 1901/1921/1145 1841/1862/1145
f 1841/1862/1146 1901/1921/1146 1902/1922/1146 1842/1863/1146
f 1842/1863/3 1902/1922/489 1903/1923/3 1843/1864/3
f 1843/1864/3 1903/1923/3 1904/1924/3 1844/1865/3
f 1844/1865/3 1904/1924/3 1905/1925/3 1845/1866/3
f 1845/1866/3 1905/1925/3 1906/1926/3 1846/1867/3
f 1846/1867/3 1906/1926/3 1907/1927/3 1847/1868/3
f 1847/1868/3 1907/1927/3 1908/1928/3 1848/1869/3
f 1848/1869/3 1908/1928/3 1909/1929/3 1849/1870/3
f 1849/1870/3 1909/1929/3 1910/1930/3 1850/1871/3
f 1850/1871/3 1910/1930/3 1911/1931/3 1851/1872/3
f 1851/1872/3 1911/1931/3 1912/1932/3 1852/1873/3
f 1852/1873/3 1912/1932/3 1913/1933/3 1853/1874/3
f 1853/1874/3 1913/1933/3 1914/1934/3 1854/1875/3
f 1854/1875/3 1914/1934/3 1915/1935/3 1855/1876/3
f 1855/1876/3 1915/1935/3 1916/1936/3 1856/1877/3
f 1856/1877/3 1916/1936/3 1917/1937/3 1857/1878/3
f 1857/1878/3 1917/1937/3 1918/1938/3 1858/1879/3
f 1858/1879/3 1918/1938/3 1919/1939/3 1859/1880/3
f 1859/1880/3 1919/1939/3 1920/1940/3 1860/1881/3
f 1860/1881/3 1920/1940/3 1921/1941/3 1861/1882/3
f 1861/1882/3 1921/1941/3 1922/1942/3 1862/1883/3
f 1862/1883/3 1922/1942/3 1923/1943/3 1863/1884/3
f 1863/1884/3 1923/1943/3 1924/1944/3 1864/1885/3
f 1864/1885/3 1924/1944/3 1925/1945/3 1865/1886/3
f 1865/1886/3 1925/1945/3 1926/1946/3 1866/1887/3
f 1866/1887/3 1926/1946/3 1927/1947/3 1867/1888/3
f 1867/1888/3 1927/1947/3 1928/1948/3 1868/1889/3
f 1868/1889/3 1928/1948/3 1929/1949/3 1869/1890/3
f 1869/1890/3 1929/1949/3 1930/1950/3 1870/1891/3
f 1870/1891/3 1930/1950/3 1931/1951/3 1871/1892/3
f 1871/1892/3 1931/1951/3 1932/1952/3 1872/1893/3
f 1872/1893/3 1932/1952/3 1933/1953/3 1873/1894/3
f 1873/1894/3 1933/1953/3 1934/1954/3 1874/1895/3
f 1874/1895/3 1934/1954/3 1935/1955/3 1875/1896/3
f 1875/1896/3 1935/1955/3 1936/1956/3 1876/1897/3
f 1876/1897/3 1936/1956/3 1937/1957/3 1877/1898/3
f 1877/1898/3 1937/1957/3 1938/1958/3 1878/1899/3
f 1878/1899/3 1938/1958/3 1939/1959/3 1879/1900/3
f 1879/1900/3 1939/1959/3 1940/1960/3 1880/1901/3
f 1880/1901/3 1940/1960/3 1941/1961/3 1881/1902/3
f 1881/1902/3 1941/1961/3 1942/1962/3 1882/1903/3
f 1882/1903/3 1942/1962/3 1943/1963/3 1883/1904/1127
f 1883/1904/1147 1943/1963/1147 1944/1964/1147 1884/1905/1147
f 1884/1905/1148 1944/1964/1148 1945/1965/1148 1885/1906/1148
f 1885/1906/1149 1945/1965/1149 1946/1966/1149 1886/1907/1149
f 1886/1907/1150 1946/1966/1150 1947/1967/1150 1887/1908/1150
f 1887/1908/1151 1947/1967/1151 1948/1968/1151 1888/1909/1151
f 1888/1909/1152 1948/1968/1152 1949/1969/1152 1889/1910/1152
f 1889/1910/1153 1949/1969/1153 1950/1970/1153 1890/1911/1153
f 1890/1911/1154 1950/1970/1154 1951/1971/1154 1891/1912/1154
f 1891/1912/1155 1951/1971/1155 1952/1972/1155 1892/1913/1155
f 1892/1913/1156 1952/1972/1156 1953/1973/1156 1893/1914/1156
f 1893/1914/1157 1953/1973/1157 1954/1974/1157 1894/1915/1157
f 1894/1915/1158 1954/1974/1158 1955/1975/1158 1895/1916/1158
f 1895/1916/1159 1955/1975/1159 1956/279/1159 1896/278/1159
f 106/33/1160 107/32/1161 1957/1976/1162 1897/1917/1160
f 1897/1917/1163 1957/1976/1163 1958/1977/1163 1898/1918/1163
f 1898/1918/1164 1958/1977/1164 1959/1978/1164 1899/1919/1164
f 1899/1919/1165 1959/1978/1165 1960/1979/1165 1900/1920/1165
f 1900/1920/1166 1960/1979/1166 1961/1980/1166 1901/1921/1166
f 1901/1921/2 1961/1980/1167 1962/1981/1168 1902/1922/489
f 1902/1922/489 1962/1981/1168 1963/1982/3 1903/1923/3
f 1903/1923/3 1963/1982/3 1964/1983/3 1904/1924/3
f 1904/1924/3 1964/1983/3 1965/1984/3 1905/1925/3
f 1905/1925/3 1965/1984/3 1966/1985/3 1906/1926/3
f 1906/1926/3 1966/1985/3 1967/1986/3 1907/1927/3
f 1907/1927/3 1967/1986/3 1968/1987/3 1908/1928/3
f 1908/1928/3 1968/1987/3 1969/1988/3 1909/1929/3
f 1909/1929/3 1969/1988/3 1970/1989/3 1910/1930/3
f 1910/1930/3 1970/1989/3 1971/1990/3 1911/1931/3
f 1911/1931/3 1971/1990/3 1972/1991/3 1912/1932/3
f 1912/1932/3 1972/1991/3 1973/1992/3 1913/1933/3
f 1913/1933/3 1973/1992/3 1974/1993/3 1914/1934/3
f 1914/1934/3 1974/1993/3 1975/1994/3 1915/1935/3
f 1915/1935/3 1975/1994/3 1976/1995/3 1916/1936/3
f 1916/1936/3 1976/1995/3 1977/1996/3 1917/1937/3
f 1917/1937/3 1977/1996/3 1978/1997/3 1918/1938/3
f 1918/1938/3 1978/1997/3 1979/1998/3 1919/1939/3
f 1919/1939/3 1979/1998/3 1980/1999/3 1920/1940/3
f 1920/1940/3 1980/1999/3 1981/2000/3 1921/1941/3
f 1921/1941/3 1981/2000/3 1982/2001/3 1922/1942/3
f 1922/1942/3 1982/2001/3 1983/2002/3 1923/1943/3
f 1923/1943/3 1983/2002/3 1984/2003/3 1924/1944/3
f 1924/1944/3 1984/2003/3 1985/2004/3 1925/1945/3
f 1925/1945/3 1985/2004/3 1986/2005/3 1926/1946/3
f 1926/1946/3 1986/2005/3 1987/2006/3 1927/1947/3
f 1927/1947/3 1987/2006/3 1988/2007/3 1928/1948/3
f 1928/1948/3 1988/2007/3 1989/2008/3 1929/1949/3
f 1929/1949/3 1989/2008/3 1990/2009/3 1930/1950/3
f 1930/1950/3 1990/2009/3 1991/2010/3 1931/1951/3
f 1931/1951/3 1991/2010/3 1992/2011/3 1932/1952/3
f 1932/1952/3 1992/2011/3 1993/2012/3 1933/1953/3
f 1933/1953/3 1993/2012/3 1994/2013/3 1934/1954/3
f 1934/1954/3 1994/2013/3 1995/2014/3 1935/1955/3
f 1935/1955/3 1995/2014/3 1996/2015/3 1936/1956/3
f 1936/1956/3 1996/2015/3 1997/2016/3 1937/1957/3
f 1937/1957/3 1997/2016/3 1998/2017/3 1938/1958/3
f 1938/1958/3 1998/2017/3 1999/2018/3 1939/1959/3
f 1939/1959/3 1999/2018/3 2000/2019/3 1940/1960/3
f 1940/1960/3 2000/2019/3 2001/2020/3 1941/1961/3
f 1941/1961/3 2001/2020/3 2002/2021/3 1942/1962/3
f 1942/1962/3 2002/2021/3 2003/2022/3 1943/1963/3
f 1943/1963/1169 2003/2022/1169 2004/2023/1169 1944/1964/1169
f 1944/1964/1170 2004/2023/1170 2005/2024/1170 1945/1965/1170
f 1945/1965/1171 2005/2024/1171 2006/2025/1171 1946/1966/1171
f 1946/1966/1172 2006/2025/1172 2007/2026/1172 1947/1967/1172
f 1947/1967/1173 2007/2026/1173 2008/2027/1173 1948/1968/1173
f 1948/1968/1174 2008/2027/1174 2009/2028/1174 1949/1969/1174
f 1949/1969/1175 2009/2028/1175 2010/2029/1175 1950/1970/1175
f 1950/1970/1176 2010/2029/1176 2011/2030/1176 1951/1971/1176
f 1951/1971/1177 2011/2030/1177 2012/2031/1177 1952/1972/1177
f 1952/1972/1178 2012/2031/1178 2013/2032/1178 1953/1973/1178
f 1953/1973/1179 2013/2032/1179 2014/2033/1179 1954/1974/1179
f 1954/1974/1180 2014/2033/1180 2015/2034/1180 1955/1975/1180
f 1955/1975/1181 2015/2034/1181 2016/280/1181 1956/279/1181
f 107/32/1161 108/31/3 2017/2035/1182 1957/1976/1162
f 1957/1976/1162 2017/2035/1182 2018/2036/1183 1958/1977/1184
f 1958/1977/1185 2018/2036/1185 2019/2037/1185 1959/1978/1185
f 1959/1978/1186 2019/2037/1186 2020/2038/1186 1960/1979/1186
f 1960/1979/1187 2020/2038/1187 2021/2039/1167 1961/1980/1167
f 1961/1980/1167 2021/2039/1167 2022/2040/3 1962/1981/1168
f 1962/1981/1168 2022/2040/3 2023/2041/3 1963/1982/3
f 1963/1982/3 2023/2041/3 2024/2042/3 1964/1983/3
f 1964/1983/3 2024/2042/3 2025/2043/3 1965/1984/3
f 1965/1984/3 2025/2043/3 2026/2044/3 1966/1985/3
f 1966/1985/3 2026/2044/3 2027/2045/3 1967/1986/3
f 1967/1986/3 2027/2045/3 2028/2046/3 1968/1987/3
f 1968/1987/3 2028/2046/3 2029/2047/3 1969/1988/3
f 1969/1988/3 2029/2047/3 2030/2048/3 1970/1989/3
f 1970/1989/3 2030/2048/3 2031/2049/3 1971/1990/3
f 1971/1990/3 2031/2049/3 2032/2050/3 1972/1991/3
f 1972/1991/3 2032/2050/3 2033/2051/3 1973/1992/3
f 1973/1992/3 2033/2051/3 2034/2052/3 1974/1993/3
f 1974/1993/3 2034/2052/3 2035/2053/3 1975/1994/3
f 1975/1994/3 2035/2053/3 2036/2054/3 1976/1995/3
f 1976/1995/3 2036/2054/3 2037/2055/3 1977/1996/3
f 1977/1996/3 2037/2055/3 2038/2056/3 1978/1997/3
f 1978/1997/3 2038/2056/3 2039/2057/3 1979/1998/3
f 1979/1998/3 2039/2057/3 2040/2058/3 1980/1999/3
f 1980/1999/3 2040/2058/3 2041/2059/3 1981/2000/3
f 1981/2000/3 2041/2059/3 2042/2060/3 1982/2001/3
f 1982/2001/3 2042/2060/3 2043/2061/3 1983/2002/3
f 1983/2002/3 2043/2061/3 2044/2062/3 1984/2003/3
f 1984/2003/3 2044/2062/3 2045/2063/3 1985/2004/3
f 1985/2004/3 2045/2063/3 2046/2064/3 1986/2005/3
f 1986/2005/3 2046/2064/3 2047/2065/3 1987/2006/3
f 1987/2006/3 2047/2065/3 2048/2066/3 1988/2007/3
f 1988/2007/3 2048/2066/3 2049/2067/3 1989/2008/3
f 1989/2008/3 2049/2067/3 2050/2068/3 1990/2009/3
f 1990/2009/3 2050/2068/3 2051/2069/3 1991/2010/3
f 1991/2010/3 2051/2069/3 2052/2070/3 1992/2011/3
f 1992/2011/3 2052/2070/3 2053/2071/3 1993/2012/3
f 1993/2012/3 2053/2071/3 2054/2072/3 1994/2013/3
f 1994/2013/3 2054/2072/3 2055/2073/3 1995/2014/3
f 1995/2014/3 2055/2073/3 2056/2074/3 1996/2015/3
f 1996/2015/3 2056/2074/3 2057/2075/3 1997/2016/3
f 1997/2016/3 2057/2075/3 2058/2076/3 1998/2017/3
f 1998/2017/3 2058/2076/3 2059/2077/3 1999/2018/3
f 1999/2018/3 2059/2077/3 2060/2078/3 2000/2019/3
f 2000/2019/3 2060/2078/3 2061/2079/3 2001/2020/3
f 2001/2020/3 2061/2079/3 2062/2080/3 2002/2021/3
f 2002/2021/3 2062/2080/3 2063/2081/3 2003/2022/3
f 2003/2022/1188 2063/2081/1188 2064/2082/1188 2004/2023/1188
f 2004/2023/1189 2064/2082/1189 2065/2083/1189 2005/2024/1189
f 2005/2024/1190 2065/2083/1190 2066/2084/1190 2006/2025/1190
f 2006/2025/1191 2066/2084/1191 2067/2085/1191 2007/2026/1191
f 2007/2026/1192 2067/2085/1192 2068/2086/1192 2008/2027/1192
f 2008/2027/1193 2068/2086/1193 2069/2087/1193 2009/2028/1193
f 2009/2028/1194 2069/2087/1194 2070/2088/1194 2010/2029/1194
f 2010/2029/1195 2070/2088/1195 2071/2089/1195 2011/2030/1195
f 2011/2030/1196 2071/2089/1196 2072/2090/1196 2012/2031/1196
f 2012/2031/1197 2072/2090/1198 2073/2091/1199 2013/2032/1200
f 2013/2032/1200 2073/2091/1199 2074/2092/3 2014/2033/3
f 2014/2033/3 2074/2092/3 2075/2093/3 2015/2034/3
f 2015/2034/3 2075/2093/3 2076/281/3 2016/280/3
f 108/31/3 109/30/3 2077/2094/3 2017/2035/1182
f 2017/2035/1182 2077/2094/3 2078/2095/3 2018/2036/1183
f 2018/2036/1183 2078/2095/3 2079/2096/3 2019/2037/3
f 2019/2037/1201 2079/2096/1201 2080/2097/1201 2020/2038/1201
f 2020/2038/1202 2080/2097/1202 2081/2098/1202 2021/2039/1202
f 2021/2039/1203 2081/2098/1203 2082/2099/1203 2022/2040/1203
f 2022/2040/1204 2082/2099/1204 2083/2100/1204 2023/2041/1204
f 2023/2041/3 2083/2100/3 2084/2101/3 2024/2042/3
f 2024/2042/3 2084/2101/3 2085/2102/3 2025/2043/3
f 2025/2043/3 2085/2102/3 2086/2103/3 2026/2044/3
f 2026/2044/3 2086/2103/3 2087/2104/3 2027/2045/3
f 2027/2045/3 2087/2104/3 2088/2105/3 2028/2046/3
f 2028/2046/3 2088/2105/3 2089/2106/3 2029/2047/3
f 2029/2047/3 2089/2106/3 2090/2107/3 2030/2048/3
f 2030/2048/3 2090/2107/3 2091/2108/3 2031/2049/3
f 2031/2049/3 2091/2108/3 2092/2109/3 2032/2050/3
f 2032/2050/3 2092/2109/3 2093/2110/3 2033/2051/3
f 2033/2051/3 2093/2110/3 2094/2111/3 2034/2052/3
f 2034/2052/3 2094/2111/3 2095/2112/3 2035/2053/3
f 2035/2053/3 2095/2112/3 2096/2113/3 2036/2054/3
f 2036/2054/3 2096/2113/3 2097/2114/3 2037/2055/3
f 2037/2055/3 2097/2114/3 2098/2115/3 2038/2056/3
f 2038/2056/3 2098/2115/3 2099/2116/3 2039/2057/3
f 2039/2057/3 2099/2116/3 2100/2117/3 2040/2058/3
f 2040/2058/3 2100/2117/3 2101/2118/3 2041/2059/3
f 2041/2059/3 2101/2118/3 2102/2119/3 2042/2060/3
f 2042/2060/3 2102/2119/3 2103/2120/3 2043/2061/3
f 2043/2061/3 2103/2120/3 2104/2121/3 2044/2062/3
f 2044/2062/3 2104/2121/3 2105/2122/3 2045/2063/3
f 2045/2063/3 2105/2122/3 2106/2123/3 2046/2064/3
f 2046/2064/3 2106/2123/3 2107/2124/3 2047/2065/3
f 2047/2065/3 2107/2124/3 2108/2125/3 2048/2066/3
f 2048/2066/3 2108/2125/3 2109/2126/3 2049/2067/3
f 2049/2067/3 2109/2126/3 2110/2127/3 2050/2068/3
f 2050/2068/3 2110/2127/3 2111/2128/3 2051/2069/3
f 2051/2069/3 2111/2128/3 2112/2129/3 2052/2070/3
f 2052/2070/3 2112/2129/3 2113/2130/3 2053/2071/3
f 2053/2071/3 2113/2130/3 2114/2131/3 2054/2072/3
f 2054/2072/3 2114/2131/3 2115/2132/3 2055/2073/3
f 2055/2073/3 2115/2132/3 2116/2133/3 2056/2074/3
f 2056/2074/3 2116/2133/3 2117/2134/3 2057/2075/3
f 2057/2075/3 2117/2134/3 2118/2135/3 2058/2076/3
f 2058/2076/3 2118/2135/3 2119/2136/3 2059/2077/3
f 2059/2077/3 2119/2136/3 2120/2137/3 2060/2078/3
f 2060/2078/3 2120/2137/3 2121/2138/3 2061/2079/3
f 2061/2079/3 2121/2138/3 2122/2139/3 2062/2080/3
f 2062/2080/3 2122/2139/3 2123/2140/3 2063/2081/3
f 2063/2081/1205 2123/2140/1205 2124/2141/1205 2064/2082/1205
f 2064/2082/1206 2124/2141/1206 2125/2142/1206 2065/2083/1206
f 2065/2083/1207 2125/2142/1207 2126/2143/1207 2066/2084/1207
f 2066/2084/1208 2126/2143/1208 2127/2144/1208 2067/2085/1208
f 2067/2085/1209 2127/2144/1209 2128/2145/1209 2068/2086/1209
f 2068/2086/1210 2128/2145/1210 2129/2146/1210 2069/2087/1210
f 2069/2087/1211 2129/2146/1211 2130/2147/1211 2070/2088/1211
f 2070/2088/1212 2130/2147/1212 2131/2148/1212 2071/2089/1212
f 2071/2089/1213 2131/2148/1213 2132/2149/1213 2072/2090/1213
f 2072/2090/1198 2132/2149/918 2133/2150/3 2073/2091/1199
f 2073/2091/1199 2133/2150/3 2134/2151/1214 2074/2092/3
f 2074/2092/3 2134/2151/1214 2135/2152/164 2075/2093/3
f 2075/2093/3 2135/2152/164 2136/282/3 2076/281/3
f 109/30/3 110/29/3 2137/2153/3 2077/2094/3
f 2077/2094/3 2137/2153/3 2138/2154/3 2078/2095/3
f 2078/2095/1215 2138/2154/1215 2139/2155/1215 2079/2096/1215
f 2079/2096/1216 2139/2155/1216 2140/2156/1216 2080/2097/1216
f 2080/2097/1217 2140/2156/1217 2141/2157/1217 2081/2098/1217
f 2081/2098/1218 2141/2157/1218 2142/2158/1218 2082/2099/1218
f 2082/2099/1219 2142/2158/1219 2143/2159/1219 2083/2100/1219
f 2083/2100/1220 2143/2159/1220 2144/2160/1220 2084/2101/1220
f 2084/2101/3 2144/2160/3 2145/2161/3 2085/2102/3
f 2085/2102/3 2145/2161/3 2146/2162/3 2086/2103/3
f 2086/2103/3 2146/2162/3 2147/2163/3 2087/2104/3
f 2087/2104/3 2147/2163/3 2148/2164/3 2088/2105/3
f 2088/2105/3 2148/2164/3 2149/2165/3 2089/2106/3
f 2089/2106/3 2149/2165/3 2150/2166/3 2090/2107/3
f 2090/2107/3 2150/2166/3 2151/2167/3 2091/2108/3
f 2091/2108/3 2151/2167/3 2152/2168/3 2092/2109/3
f 2092/2109/3 2152/2168/3 2153/2169/3 2093/2110/3
f 2093/2110/3 2153/2169/3 2154/2170/3 2094/2111/3
f 2094/2111/3 2154/2170/3 2155/2171/3 2095/2112/3
f 2095/2112/3 2155/2171/3 2156/2172/3 2096/2113/3
f 2096/2113/3 2156/2172/3 2157/2173/3 2097/2114/3
f 2097/2114/3 2157/2173/3 2158/2174/3 2098/2115/3
f 2098/2115/3 2158/2174/3 2159/2175/3 2099/2116/3
f 2099/2116/3 2159/2175/3 2160/2176/3 2100/2117/3
f 2100/2117/3 2160/2176/3 2161/2177/3 2101/2118/3
f 2101/2118/3 2161/2177/3 2162/2178/3 2102/2119/3
f 2102/2119/3 2162/2178/3 2163/2179/3 2103/2120/3
f 2103/2120/3 2163/2179/3 2164/2180/3 2104/2121/3
f 2104/2121/3 2164/2180/3 2165/2181/3 2105/2122/3
f 2105/2122/3 2165/2181/3 2166/2182/3 2106/2123/3
f 2106/2123/3 2166/2182/3 2167/2183/3 2107/2124/3
f 2107/2124/3 2167/2183/3 2168/2184/3 2108/2125/3
f 2108/2125/3 2168/2184/3 2169/2185/3 2109/2126/3
f 2109/2126/3 2169/2185/3 2170/2186/3 2110/2127/3
f 2110/2127/3 2170/2186/3 2171/2187/3 2111/2128/3
f 2111/2128/3 2171/2187/3 2172/2188/3 2112/2129/3
f 2112/2129/3 2172/2188/3 2173/2189/3 2113/2130/3
f 2113/2130/3 2173/2189/3 2174/2190/3 2114/2131/3
f 2114/2131/3 2174/2190/3 2175/2191/3 2115/2132/3
f 2115/2132/3 2175/2191/3 2176/2192/3 2116/2133/3
f 2116/2133/3 2176/2192/3 2177/2193/3 2117/2134/3
f 2117/2134/3 2177/2193/3 2178/2194/3 2118/2135/3
f 2118/2135/3 2178/2194/3 2179/2195/3 2119/2136/3
f 2119/2136/3 2179/2195/3 2180/2196/3 2120/2137/3
f 2120/2137/3 2180/2196/3 2181/2197/3 2121/2138/3
f 2121/2138/3 2181/2197/3 2182/2198/3 2122/2139/3
f 2122/2139/3 2182/2198/3 2183/2199/3 2123/2140/3
f 2123/2140/3 2183/2199/3 2184/2200/3 2124/2141/3
f 2124/2141/1221 2184/2200/1221 2185/2201/1221 2125/2142/1221
f 2125/2142/1222 2185/2201/1222 2186/2202/1222 2126/2143/1222
f 2126/2143/1223 2186/2202/1223 2187/2203/1223 2127/2144/1223
f 2127/2144/1224 2187/2203/1224 2188/2204/1224 2128/2145/1224
f 2128/2145/1225 2188/2204/1225 2189/2205/1225 2129/2146/1225
f 2129/2146/1226 2189/2205/1226 2190/2206/1226 2130/2147/1226
f 2130/2147/1227 2190/2206/1227 2191/2207/1227 2131/2148/1227
f 2131/2148/1228 2191/2207/1228 2192/2208/1228 2132/2149/1228
f 2132/2149/918 2192/2208/3 2193/2209/1229 2133/2150/3
f 2133/2150/3 2193/2209/1229 2194/2210/1230 2134/2151/1214
f 2134/2151/1214 2194/2210/1230 2195/2211/1231 2135/2152/164
f 2135/2152/1232 2195/2211/1232 2196/283/1232 2136/282/1232
f 110/29/3 111/28/3 2197/2212/3 2137/2153/3
f 2137/2153/3 2197/2212/3 2198/2213/3 2138/2154/3
f 2138/2154/1233 2198/2213/1233 2199/2214/1233 2139/2155/1233
f 2139/2155/1234 2199/2214/1234 2200/2215/1234 2140/2156/1234
f 2140/2156/1235 2200/2215/1235 2201/2216/1235 2141/2157/1235
f 2141/2157/1236 2201/2216/1236 2202/2217/1236 2142/2158/1236
f 2142/2158/1237 2202/2217/1237 2203/2218/1237 2143/2159/1237
f 2143/2159/1238 2203/2218/1238 2204/2219/1238 2144/2160/1238
f 2144/2160/3 2204/2219/3 2205/2220/3 2145/2161/3
f 2145/2161/3 2205/2220/3 2206/2221/3 2146/2162/3
f 2146/2162/3 2206/2221/3 2207/2222/3 2147/2163/3
f 2147/2163/3 2207/2222/3 2208/2223/3 2148/2164/3
f 2148/2164/3 2208/2223/3 2209/2224/3 2149/2165/3
f 2149/2165/3 2209/2224/3 2210/2225/3 2150/2166/3
f 2150/2166/3 2210/2225/3 2211/2226/3 2151/2167/3
f 2151/2167/3 2211/2226/3 2212/2227/3 2152/2168/3
f 2152/2168/3 2212/2227/3 2213/2228/3 2153/2169/3
f 2153/2169/3 2213/2228/3 2214/2229/3 2154/2170/3
f 2154/2170/3 2214/2229/3 2215/2230/3 2155/2171/3
f 2155/2171/3 2215/2230/3 2216/2231/3 2156/2172/3
f 2156/2172/3 2216/2231/3 2217/2232/3 2157/2173/3
f 2157/2173/3 2217/2232/3 2218/2233/3 2158/2174/3
f 2158/2174/3 2218/2233/3 2219/2234/3 2159/2175/3
f 2159/2175/3 2219/2234/3 2220/2235/3 2160/2176/3
f 2160/2176/3 2220/2235/3 2221/2236/3 2161/2177/3
f 2161/2177/3 2221/2236/3 2222/2237/3 2162/2178/3
f 2162/2178/3 2222/2237/3 2223/2238/3 2163/2179/3
f 2163/2179/3 2223/2238/3 2224/2239/3 2164/2180/3
f 2164/2180/3 2224/2239/3 2225/2240/3 2165/2181/3
f 2165/2181/3 2225/2240/3 2226/2241/3 2166/2182/3
f 2166/2182/3 2226/2241/3 2227/2242/3 2167/2183/3
f 2167/2183/3 2227/2242/3 2228/2243/3 2168/2184/3
f 2168/2184/3 2228/2243/3 2229/2244/3 2169/2185/3
f 2169/2185/3 2229/2244/3 2230/2245/3 2170/2186/3
f 2170/2186/3 2230/2245/3 2231/2246/3 2171/2187/3
f 2171/2187/3 2231/2246/3 2232/2247/3 2172/2188/3
f 2172/2188/3 2232/2247/3 2233/2248/3 2173/2189/3
f 2173/2189/3 2233/2248/3 2234/2249/3 2174/2190/3
f 2174/2190/3 2234/2249/3 2235/2250/3 2175/2191/3
f 2175/2191/3 2235/2250/3 2236/2251/3 2176/2192/3
f 2176/2192/3 2236/2251/3 2237/2252/3 2177/2193/3
f 2177/2193/3 2237/2252/3 2238/2253/3 2178/2194/3
f 2178/2194/3 2238/2253/3 2239/2254/3 2179/2195/3
f 2179/2195/3 2239/2254/3 2240/2255/3 2180/2196/3
f 2180/2196/3 2240/2255/3 2241/2256/3 2181/2197/3
f 2181/2197/3 2241/2256/3 2242/2257/3 2182/2198/3
f 2182/2198/1239 2242/2257/1239 2243/2258/1239 2183/2199/1239
f 2183/2199/1240 2243/2258/1240 2244/2259/1240 2184/2200/1240
f 2184/2200/1241 2244/2259/1241 2245/2260/1241 2185/2201/1241
f 2185/2201/1242 2245/2260/1242 2246/2261/1242 2186/2202/1242
f 2186/2202/1243 2246/2261/1243 2247/2262/1243 2187/2203/1243
f 2187/2203/1244 2247/2262/1244 2248/2263/1244 2188/2204/1244
f 2188/2204/1245 2248/2263/1245 2249/2264/1245 2189/2205/1245
f 2189/2205/1246 2249/2264/1246 2250/2265/1246 2190/2206/1246
f 2190/2206/1247 2250/2265/1247 2251/2266/1247 2191/2207/1247
f 2191/2207/3 2251/2266/3 2252/2267/1248 2192/2208/3
f 2192/2208/3 2252/2267/1248 2253/2268/1249 2193/2209/1229
f 2193/2209/1229 2253/2268/1249 2254/2269/1250 2194/2210/1230
f 2194/2210/1251 2254/2269/1251 2255/2270/1251 2195/2211/1251
f 2195/2211/1252 2255/2270/1252 2256/284/1252 2196/283/1252
f 111/28/3 112/27/3 2257/2271/3 2197/2212/3
f 2197/2212/3 2257/2271/3 2258/2272/3 2198/2213/3
f 2198/2213/1253 2258/2272/1253 2259/2273/1253 2199/2214/1253
f 2199/2214/1254 2259/2273/1254 2260/2274/1254 2200/2215/1254
f 2200/2215/1255 2260/2274/1255 2261/2275/1255 2201/2216/1255
f 2201/2216/1256 2261/2275/1256 2262/2276/1256 2202/2217/1256
f 2202/2217/1257 2262/2276/1257 2263/2277/1257 2203/2218/1257
f 2203/2218/1258 2263/2277/1258 2264/2278/1258 2204/2219/1258
f 2204/2219/3 2264/2278/3 2265/2279/3 2205/2220/3
f 2205/2220/3 2265/2279/3 2266/2280/3 2206/2221/3
f 2206/2221/3 2266/2280/3 2267/2281/3 2207/2222/3
f 2207/2222/3 2267/2281/3 2268/2282/3 2208/2223/3
f 2208/2223/3 2268/2282/3 2269/2283/3 2209/2224/3
f 2209/2224/3 2269/2283/3 2270/2284/3 2210/2225/3
f 2210/2225/3 2270/2284/3 2271/2285/3 2211/2226/3
f 2211/2226/3 2271/2285/3 2272/2286/3 2212/2227/3
f 2212/2227/3 2272/2286/3 2273/2287/3 2213/2228/3
f 2213/2228/3 2273/2287/3 2274/2288/3 2214/2229/3
f 2214/2229/3 2274/2288/3 2275/2289/3 2215/2230/3
f 2215/2230/3 2275/2289/3 2276/2290/3 2216/2231/3
f 2216/2231/3 2276/2290/3 2277/2291/3 2217/2232/3
f 2217/2232/3 2277/2291/3 2278/2292/3 2218/2233/3
f 2218/2233/3 2278/2292/3 2279/2293/3 2219/2234/3
f 2219/2234/3 2279/2293/3 2280/2294/3 2220/2235/3
f 2220/2235/3 2280/2294/3 2281/2295/3 2221/2236/3
f 2221/2236/3 2281/2295/3 2282/2296/3 2222/2237/3
f 2222/2237/3 2282/2296/3 2283/2297/3 2223/2238/3
f 2223/2238/3 2283/2297/3 2284/2298/3 2224/2239/3
f 2224/2239/3 2284/2298/3 2285/2299/3 2225/2240/3
f 2225/2240/3 2285/2299/3 2286/2300/3 2226/2241/3
f 2226/2241/3 2286/2300/3 2287/2301/3 2227/2242/3
f 2227/2242/3 2287/2301/3 2288/2302/3 2228/2243/3
f 2228/2243/3 2288/2302/3 2289/2303/3 2229/2244/3
f 2229/2244/3 2289/2303/3 2290/2304/3 2230/2245/3
f 2230/2245/3 2290/2304/3 2291/2305/3 2231/2246/3
f 2231/2246/3 2291/2305/3 2292/2306/3 2232/2247/3
f 2232/2247/3 2292/2306/3 2293/2307/3 2233/2248/3
f 2233/2248/3 2293/2307/3 2294/2308/3 2234/2249/3
f 2234/2249/3 2294/2308/3 2295/2309/3 2235/2250/3
f 2235/2250/3 2295/2309/3 2296/2310/3 2236/2251/3
f 2236/2251/3 2296/2310/3 2297/2311/3 2237/2252/3
f 2237/2252/3 2297/2311/3 2298/2312/3 2238/2253/3
f 2238/2253/3 2298/2312/3 2299/2313/3 2239/2254/3
f 2239/2254/3 2299/2313/3 2300/2314/3 2240/2255/3
f 2240/2255/3 2300/2314/3 2301/2315/3 2241/2256/3
f 2241/2256/3 2301/2315/3 2302/2316/921 2242/2257/3
f 2242/2257/1259 2302/2316/1259 2303/2317/1259 2243/2258/1259
f 2243/2258/1260 2303/2317/1260 2304/2318/1260 2244/2259/1260
f 2244/2259/1261 2304/2318/1261 2305/2319/1261 2245/2260/1261
f 2245/2260/1262 2305/2319/1262 2306/2320/1262 2246/2261/1262
f 2246/2261/1263 2306/2320/1263 2307/2321/1263 2247/2262/1263
f 2247/2262/1264 2307/2321/1264 2308/2322/1265 2248/2263/1265
f 2248/2263/1265 2308/2322/1265 2309/2323/1266 2249/2264/1266
f 2249/2264/1266 2309/2323/1266 2310/2324/69 2250/2265/69
f 2250/2265/69 2310/2324/69 2311/2325/3 2251/2266/3
f 2251/2266/3 2311/2325/3 2312/2326/164 2252/2267/1248
f 2252/2267/1248 2312/2326/164 2313/2327/1267 2253/2268/1249
f 2253/2268/1268 2313/2327/1268 2314/2328/1268 2254/2269/1268
f 2254/2269/1269 2314/2328/1269 2315/2329/1269 2255/2270/1269
f 2255/2270/1270 2315/2329/1270 2316/285/1270 2256/284/1270
f 112/27/3 113/26/3 2317/2330/3 2257/2271/3
f 2257/2271/3 2317/2330/3 2318/2331/3 2258/2272/3
f 2258/2272/3 2318/2331/3 2319/2332/3 2259/2273/3
f 2259/2273/1271 2319/2332/1271 2320/2333/1271 2260/2274/1271
f 2260/2274/1272 2320/2333/1272 2321/2334/1272 2261/2275/1272
f 2261/2275/1273 2321/2334/1273 2322/2335/1273 2262/2276/1273
f 2262/2276/1274 2322/2335/1274 2323/2336/1274 2263/2277/1274
f 2263/2277/3 2323/2336/3 2324/2337/3 2264/2278/3
f 2264/2278/3 2324/2337/3 2325/2338/3 2265/2279/3
f 2265/2279/3 2325/2338/3 2326/2339/3 2266/2280/3
f 2266/2280/3 2326/2339/3 2327/2340/3 2267/2281/3
f 2267/2281/3 2327/2340/3 2328/2341/3 2268/2282/3
f 2268/2282/3 2328/2341/3 2329/2342/3 2269/2283/3
f 2269/2283/3 2329/2342/3 2330/2343/3 2270/2284/3
f 2270/2284/3 2330/2343/3 2331/2344/3 2271/2285/3
f 2271/2285/3 2331/2344/3 2332/2345/3 2272/2286/3
f 2272/2286/3 2332/2345/3 2333/2346/3 2273/2287/3
f 2273/2287/3 2333/2346/3 2334/2347/3 2274/2288/3
f 2274/2288/3 2334/2347/3 2335/2348/3 2275/2289/3
f 2275/2289/3 2335/2348/3 2336/2349/3 2276/2290/3
f 2276/2290/3 2336/2349/3 2337/2350/3 2277/2291/3
f 2277/2291/3 2337/2350/3 2338/2351/3 2278/2292/3
f 2278/2292/3 2338/2351/3 2339/2352/3 2279/2293/3
f 2279/2293/3 2339/2352/3 2340/2353/3 2280/2294/3
f 2280/2294/3 2340/2353/3 2341/2354/3 2281/2295/3
f 2281/2295/3 2341/2354/3 2342/2355/3 2282/2296/3
f 2282/2296/3 2342/2355/3 2343/2356/3 2283/2297/3
f 2283/2297/3 2343/2356/3 2344/2357/3 2284/2298/3
f 2284/2298/3 2344/2357/3 2345/2358/3 2285/2299/3
f 2285/2299/3 2345/2358/3 2346/2359/3 2286/2300/3
f 2286/2300/3 2346/2359/3 2347/2360/3 2287/2301/3
f 2287/2301/3 2347/2360/3 2348/2361/3 2288/2302/3
f 2288/2302/3 2348/2361/3 2349/2362/3 2289/2303/3
f 2289/2303/3 2349/2362/3 2350/2363/3 2290/2304/3
f 2290/2304/3 2350/2363/3 2351/2364/3 2291/2305/3
f 2291/2305/3 2351/2364/3 2352/2365/3 2292/2306/3
f 2292/2306/3 2352/2365/3 2353/2366/3 2293/2307/3
f 2293/2307/3 2353/2366/3 2354/2367/3 2294/2308/3
f 2294/2308/3 2354/2367/3 2355/2368/3 2295/2309/3
f 2295/2309/3 2355/2368/3 2356/2369/3 2296/2310/3
f 2296/2310/3 2356/2369/3 2357/2370/3 2297/2311/3
f 2297/2311/3 2357/2370/3 2358/2371/3 2298/2312/3
f 2298/2312/3 2358/2371/3 2359/2372/3 2299/2313/3
f 2299/2313/3 2359/2372/3 2360/2373/3 2300/2314/3
f 2300/2314/3 2360/2373/3 2361/2374/921 2301/2315/3
f 2301/2315/3 2361/2374/921 2362/2375/921 2302/2316/921
f 2302/2316/1275 2362/2375/1275 2363/2376/1275 2303/2317/1275
f 2303/2317/1276 2363/2376/1276 2364/2377/1276 2304/2318/1276
f 2304/2318/1277 2364/2377/1277 2365/2378/1277 2305/2319/1277
f 2305/2319/1278 2365/2378/1278 2366/2379/1278 2306/2320/1278
f 2306/2320/1279 2366/2379/1279 2367/2380/1279 2307/2321/1279
f 2307/2321/1280 2367/2380/1280 2368/2381/1280 2308/2322/1280
f 2308/2322/1281 2368/2381/1281 2369/2382/1281 2309/2323/1281
f 2309/2323/1282 2369/2382/1282 2370/2383/1282 2310/2324/1282
f 2310/2324/1283 2370/2383/1283 2371/2384/1283 2311/2325/1283
f 2311/2325/1284 2371/2384/1284 2372/2385/1284 2312/2326/1284
f 2312/2326/1285 2372/2385/1285 2373/2386/1285 2313/2327/1285
f 2313/2327/1286 2373/2386/1286 2374/2387/1286 2314/2328/1286
f 2314/2328/1287 2374/2387/1287 2375/2388/1287 2315/2329/1287
f 2315/2329/1288 2375/2388/1288 2376/286/1288 2316/285/1288
f 113/26/3 114/25/3 2377/2389/3 2317/2330/3
f 2317/2330/3 2377/2389/3 2378/2390/3 2318/2331/3
f 2318/2331/1289 2378/2390/1289 2379/2391/1289 2319/2332/1289
f 2319/2332/1290 2379/2391/1290 2380/2392/1290 2320/2333/1290
f 2320/2333/1291 2380/2392/1291 2381/2393/1291 2321/2334/1291
f 2321/2334/1292 2381/2393/1292 2382/2394/1293 2322/2335/142
f 2322/2335/142 2382/2394/1293 2383/2395/3 2323/2336/3
f 2323/2336/3 2383/2395/3 2384/2396/3 2324/2337/3
f 2324/2337/3 2384/2396/3 2385/2397/3 2325/2338/3
f 2325/2338/3 2385/2397/3 2386/2398/3 2326/2339/3
f 2326/2339/3 2386/2398/3 2387/2399/3 2327/2340/3
f 2327/2340/3 2387/2399/3 2388/2400/3 2328/2341/3
f 2328/2341/3 2388/2400/3 2389/2401/3 2329/2342/3
f 2329/2342/3 2389/2401/3 2390/2402/3 2330/2343/3
f 2330/2343/3 2390/2402/3 2391/2403/3 2331/2344/3
f 2331/2344/3 2391/2403/3 2392/2404/3 2332/2345/3
f 2332/2345/3 2392/2404/3 2393/2405/3 2333/2346/3
f 2333/2346/3 2393/2405/3 2394/2406/3 2334/2347/3
f 2334/2347/3 2394/2406/3 2395/2407/3 2335/2348/3
f 2335/2348/3 2395/2407/3 2396/2408/3 2336/2349/3
f 2336/2349/3 2396/2408/3 2397/2409/3 2337/2350/3
f 2337/2350/3 2397/2409/3 2398/2410/3 2338/2351/3
f 2338/2351/3 2398/2410/3 2399/2411/3 2339/2352/3
f 2339/2352/3 2399/2411/3 2400/2412/3 2340/2353/3
f 2340/2353/3 2400/2412/3 2401/2413/3 2341/2354/3
f 2341/2354/3 2401/2413/3 2402/2414/3 2342/2355/3
f 2342/2355/3 2402/2414/3 2403/2415/3 2343/2356/3
f 2343/2356/3 2403/2415/3 2404/2416/3 2344/2357/3
f 2344/2357/3 2404/2416/3 2405/2417/3 2345/2358/3
f 2345/2358/3 2405/2417/3 2406/2418/3 2346/2359/3
f 2346/2359/3 2406/2418/3 2407/2419/3 2347/2360/3
f 2347/2360/3 2407/2419/3 2408/2420/3 2348/2361/3
f 2348/2361/3 2408/2420/3 2409/2421/3 2349/2362/3
f 2349/2362/3 2409/2421/3 2410/2422/3 2350/2363/3
f 2350/2363/3 2410/2422/3 2411/2423/3 2351/2364/3
f 2351/2364/3 2411/2423/3 2412/2424/3 2352/2365/3
f 2352/2365/3 2412/2424/3 2413/2425/3 2353/2366/3
f 2353/2366/3 2413/2425/3 2414/2426/3 2354/2367/3
f 2354/2367/3 2414/2426/3 2415/2427/3 2355/2368/3
f 2355/2368/3 2415/2427/3 2416/2428/3 2356/2369/3
f 2356/2369/3 2416/2428/3 2417/2429/3 2357/2370/3
f 2357/2370/3 2417/2429/3 2418/2430/3 2358/2371/3
f 2358/2371/3 2418/2430/3 2419/2431/3 2359/2372/3
f 2359/2372/3 2419/2431/3 2420/2432/3 2360/2373/3
f 2360/2373/3 2420/2432/3 2421/2433/3 2361/2374/921
f 2361/2374/921 2421/2433/3 2422/2434/3 2362/2375/921
f 2362/2375/1294 2422/2434/1294 2423/2435/1294 2363/2376/1294
f 2363/2376/1295 2423/2435/1295 2424/2436/1295 2364/2377/1295
f 2364/2377/1296 2424/2436/1296 2425/2437/1296 2365/2378/1296
f 2365/2378/1297 2425/2437/1297 2426/2438/1297 2366/2379/1297
f 2366/2379/1298 2426/2438/1298 2427/2439/1298 2367/2380/1298
f 2367/2380/1299 2427/2439/1299 2428/2440/1299 2368/2381/1299
f 2368/2381/1300 2428/2440/1301 2429/2441/1302 2369/2382/1300
f 2369/2382/1303 2429/2441/1303 2430/2442/1303 2370/2383/1303
f 2370/2383/1304 2430/2442/1304 2431/2443/1304 2371/2384/1304
f 2371/2384/1305 2431/2443/1305 2432/2444/1305 2372/2385/1305
f 2372/2385/1306 2432/2444/1306 2433/2445/1306 2373/2386/1306
f 2373/2386/1307 2433/2445/1307 2434/2446/1307 2374/2387/1307
f 2374/2387/1308 2434/2446/1308 2435/2447/1308 2375/2388/1308
f 2375/2388/1309 2435/2447/1309 2436/287/1309 2376/286/1309
f 114/25/3 115/24/3 2437/2448/3 2377/2389/3
f 2377/2389/1310 2437/2448/1310 2438/2449/1310 2378/2390/1310
f 2378/2390/1311 2438/2449/1311 2439/2450/1311 2379/2391/1311
f 2379/2391/1312 2439/2450/1312 2440/2451/1312 2380/2392/1312
f 2380/2392/1313 2440/2451/1313 2441/2452/1313 2381/2393/1313
f 2381/2393/1314 2441/2452/1314 2442/2453/1314 2382/2394/1314
f 2382/2394/1293 2442/2453/110 2443/2454/261 2383/2395/3
f 2383/2395/3 2443/2454/261 2444/2455/3 2384/2396/3
f 2384/2396/3 2444/2455/3 2445/2456/3 2385/2397/3
f 2385/2397/3 2445/2456/3 2446/2457/3 2386/2398/3
f 2386/2398/3 2446/2457/3 2447/2458/3 2387/2399/3
f 2387/2399/3 2447/2458/3 2448/2459/3 2388/2400/3
f 2388/2400/3 2448/2459/3 2449/2460/3 2389/2401/3
f 2389/2401/3 2449/2460/3 2450/2461/3 2390/2402/3
f 2390/2402/3 2450/2461/3 2451/2462/3 2391/2403/3
f 2391/2403/3 2451/2462/3 2452/2463/3 2392/2404/3
f 2392/2404/3 2452/2463/3 2453/2464/3 2393/2405/3
f 2393/2405/3 2453/2464/3 2454/2465/3 2394/2406/3
f 2394/2406/3 2454/2465/3 2455/2466/3 2395/2407/3
f 2395/2407/3 2455/2466/3 2456/2467/3 2396/2408/3
f 2396/2408/3 2456/2467/3 2457/2468/3 2397/2409/3
f 2397/2409/3 2457/2468/3 2458/2469/3 2398/2410/3
f 2398/2410/3 2458/2469/3 2459/2470/3 2399/2411/3
f 2399/2411/3 2459/2470/3 2460/2471/3 2400/2412/3
f 2400/2412/3 2460/2471/3 2461/2472/3 2401/2413/3
f 2401/2413/3 2461/2472/3 2462/2473/3 2402/2414/3
f 2402/2414/3 2462/2473/3 2463/2474/3 2403/2415/3
f 2403/2415/3 2463/2474/3 2464/2475/3 2404/2416/3
f 2404/2416/3 2464/2475/3 2465/2476/3 2405/2417/3
f 2405/2417/3 2465/2476/3 2466/2477/3 2406/2418/3
f 2406/2418/3 2466/2477/3 2467/2478/3 2407/2419/3
f 2407/2419/3 2467/2478/3 2468/2479/3 2408/2420/3
f 2408/2420/3 2468/2479/3 2469/2480/3 2409/2421/3
f 2409/2421/3 2469/2480/3 2470/2481/3 2410/2422/3
f 2410/2422/3 2470/2481/3 2471/2482/3 2411/2423/3
f 2411/2423/3 2471/2482/3 2472/2483/3 2412/2424/3
f 2412/2424/3 2472/2483/3 2473/2484/3 2413/2425/3
f 2413/2425/3 2473/2484/3 2474/2485/3 2414/2426/3
f 2414/2426/3 2474/2485/3 2475/2486/3 2415/2427/3
f 2415/2427/3 2475/2486/3 2476/2487/3 2416/2428/3
f 2416/2428/3 2476/2487/3 2477/2488/3 2417/2429/3
f 2417/2429/3 2477/2488/3 2478/2489/3 2418/2430/3
f 2418/2430/3 2478/2489/3 2479/2490/3 2419/2431/3
f 2419/2431/3 2479/2490/3 2480/2491/3 2420/2432/3
f 2420/2432/3 2480/2491/3 2481/2492/3 2421/2433/3
f 2421/2433/3 2481/2492/3 2482/2493/3 2422/2434/3
f 2422/2434/1315 2482/2493/1315 2483/2494/1315 2423/2435/1315
f 2423/2435/1316 2483/2494/1316 2484/2495/1316 2424/2436/1316
f 2424/2436/1317 2484/2495/1317 2485/2496/1317 2425/2437/1317
f 2425/2437/1318 2485/2496/1318 2486/2497/1318 2426/2438/1318
f 2426/2438/1319 2486/2497/1319 2487/2498/1319 2427/2439/1319
f 2427/2439/1320 2487/2498/1320 2488/2499/1320 2428/2440/1320
f 2428/2440/1301 2488/2499/1321 2489/2500/1321 2429/2441/1302
f 2429/2441/1322 2489/2500/1322 2490/2501/1322 2430/2442/1322
f 2430/2442/1323 2490/2501/1323 2491/2502/1323 2431/2443/1323
f 2431/2443/1324 2491/2502/1324 2492/2503/1324 2432/2444/1324
f 2432/2444/1325 2492/2503/1325 2493/2504/1325 2433/2445/1325
f 2433/2445/1326 2493/2504/1326 2494/2505/1326 2434/2446/1326
f 2434/2446/1327 2494/2505/1327 2495/2506/1327 2435/2447/1327
f 2435/2447/1328 2495/2506/1328 2496/288/1328 2436/287/1328
f 115/24/3 116/23/3 2497/2507/3 2437/2448/3
f 2437/2448/1329 2497/2507/1329 2498/2508/1329 2438/2449/1329
f 2438/2449/1330 2498/2508/1330 2499/2509/1330 2439/2450/1330
f 2439/2450/1331 2499/2509/1331 2500/2510/1331 2440/2451/1331
f 2440/2451/1332 2500/2510/1332 2501/2511/1332 2441/2452/1332
f 2441/2452/1333 2501/2511/1333 2502/2512/1333 2442/2453/1333
f 2442/2453/110 2502/2512/1334 2503/2513/1335 2443/2454/261
f 2443/2454/261 2503/2513/1335 2504/2514/3 2444/2455/3
f 2444/2455/3 2504/2514/3 2505/2515/3 2445/2456/3
f 2445/2456/3 2505/2515/3 2506/2516/3 2446/2457/3
f 2446/2457/3 2506/2516/3 2507/2517/3 2447/2458/3
f 2447/2458/3 2507/2517/3 2508/2518/3 2448/2459/3
f 2448/2459/3 2508/2518/3 2509/2519/3 2449/2460/3
f 2449/2460/3 2509/2519/3 2510/2520/3 2450/2461/3
f 2450/2461/3 2510/2520/3 2511/2521/3 2451/2462/3
f 2451/2462/3 2511/2521/3 2512/2522/3 2452/2463/3
f 2452/2463/3 2512/2522/3 2513/2523/3 2453/2464/3
f 2453/2464/3 2513/2523/3 2514/2524/3 2454/2465/3
f 2454/2465/3 2514/2524/3 2515/2525/3 2455/2466/3
f 2455/2466/3 2515/2525/3 2516/2526/3 2456/2467/3
f 2456/2467/3 2516/2526/3 2517/2527/3 2457/2468/3
f 2457/2468/3 2517/2527/3 2518/2528/3 2458/2469/3
f 2458/2469/3 2518/2528/3 2519/2529/3 2459/2470/3
f 2459/2470/3 2519/2529/3 2520/2530/3 2460/2471/3
f 2460/2471/3 2520/2530/3 2521/2531/3 2461/2472/3
f 2461/2472/3 2521/2531/3 2522/2532/3 2462/2473/3
f 2462/2473/3 2522/2532/3 2523/2533/3 2463/2474/3
f 2463/2474/3 2523/2533/3 2524/2534/3 2464/2475/3
f 2464/2475/3 2524/2534/3 2525/2535/3 2465/2476/3
f 2465/2476/3 2525/2535/3 2526/2536/3 2466/2477/3
f 2466/2477/3 2526/2536/3 2527/2537/3 2467/2478/3
f 2467/2478/3 2527/2537/3 2528/2538/3 2468/2479/3
f 2468/2479/3 2528/2538/3 2529/2539/3 2469/2480/3
f 2469/2480/3 2529/2539/3 2530/2540/3 2470/2481/3
f 2470/2481/3 2530/2540/3 2531/2541/3 2471/2482/3
f 2471/2482/3 2531/2541/3 2532/2542/3 2472/2483/3
f 2472/2483/3 2532/2542/3 2533/2543/3 2473/2484/3
f 2473/2484/3 2533/2543/3 2534/2544/3 2474/2485/3
f 2474/2485/3 2534/2544/3 2535/2545/3 2475/2486/3
f 2475/2486/3 2535/2545/3 2536/2546/3 2476/2487/3
f 2476/2487/3 2536/2546/3 2537/2547/3 2477/2488/3
f 2477/2488/3 2537/2547/3 2538/2548/3 2478/2489/3
f 2478/2489/3 2538/2548/3 2539/2549/3 2479/2490/3
f 2479/2490/3 2539/2549/3 2540/2550/3 2480/2491/3
f 2480/2491/3 2540/2550/3 2541/2551/3 2481/2492/3
f 2481/2492/3 2541/2551/3 2542/2552/3 2482/2493/3
f 2482/2493/3 2542/2552/3 2543/2553/3 2483/2494/3
f 2483/2494/3 2543/2553/3 2544/2554/3 2484/2495/3
f 2484/2495/1336 2544/2554/1336 2545/2555/1336 2485/2496/1336
f 2485/2496/1337 2545/2555/1337 2546/2556/1337 2486/2497/1337
f 2486/2497/1338 2546/2556/1338 2547/2557/1338 2487/2498/1338
f 2487/2498/1339 2547/2557/1339 2548/2558/1339 2488/2499/1339
f 2488/2499/1340 2548/2558/1340 2549/2559/1340 2489/2500/1340
f 2489/2500/1341 2549/2559/1341 2550/2560/1341 2490/2501/1341
f 2490/2501/1342 2550/2560/1342 2551/2561/1342 2491/2502/1342
f 2491/2502/1343 2551/2561/1343 2552/2562/1343 2492/2503/1343
f 2492/2503/1344 2552/2562/1344 2553/2563/1344 2493/2504/1344
f 2493/2504/1345 2553/2563/1345 2554/2564/1345 2494/2505/1345
f 2494/2505/1346 2554/2564/1346 2555/2565/1346 2495/2506/1346
f 2495/2506/1347 2555/2565/1347 2556/289/1347 2496/288/1347
f 116/23/3 117/22/3 2557/2566/3 2497/2507/3
f 2497/2507/1348 2557/2566/1348 2558/2567/1348 2498/2508/1348
f 2498/2508/1349 2558/2567/1349 2559/2568/1349 2499/2509/1349
f 2499/2509/1350 2559/2568/1350 2560/2569/1350 2500/2510/1350
f 2500/2510/1351 2560/2569/1351 2561/2570/1351 2501/2511/1351
f 2501/2511/1352 2561/2570/1352 2562/2571/1352 2502/2512/1352
f 2502/2512/1353 2562/2571/1354 2563/2572/1167 2503/2513/1335
f 2503/2513/1335 2563/2572/1167 2564/2573/3 2504/2514/3
f 2504/2514/3 2564/2573/3 2565/2574/3 2505/2515/3
f 2505/2515/3 2565/2574/3 2566/2575/3 2506/2516/3
f 2506/2516/3 2566/2575/3 2567/2576/3 2507/2517/3
f 2507/2517/3 2567/2576/3 2568/2577/3 2508/2518/3
f 2508/2518/3 2568/2577/3 2569/2578/3 2509/2519/3
f 2509/2519/3 2569/2578/3 2570/2579/3 2510/2520/3
f 2510/2520/3 2570/2579/3 2571/2580/3 2511/2521/3
f 2511/2521/3 2571/2580/3 2572/2581/3 2512/2522/3
f 2512/2522/3 2572/2581/3 2573/2582/3 2513/2523/3
f 2513/2523/3 2573/2582/3 2574/2583/3 2514/2524/3
f 2514/2524/3 2574/2583/3 2575/2584/3 2515/2525/3
f 2515/2525/3 2575/2584/3 2576/2585/3 2516/2526/3
f 2516/2526/3 2576/2585/3 2577/2586/3 2517/2527/3
f 2517/2527/3 2577/2586/3 2578/2587/3 2518/2528/3
f 2518/2528/3 2578/2587/3 2579/2588/3 2519/2529/3
f 2519/2529/3 2579/2588/3 2580/2589/3 2520/2530/3
f 2520/2530/3 2580/2589/3 2581/2590/3 2521/2531/3
f 2521/2531/3 2581/2590/3 2582/2591/3 2522/2532/3
f 2522/2532/3 2582/2591/3 2583/2592/3 2523/2533/3
f 2523/2533/3 2583/2592/3 2584/2593/3 2524/2534/3
f 2524/2534/3 2584/2593/3 2585/2594/3 2525/2535/3
f 2525/2535/3 2585/2594/3 2586/2595/3 2526/2536/3
f 2526/2536/3 2586/2595/3 2587/2596/3 2527/2537/3
f 2527/2537/3 2587/2596/3 2588/2597/3 2528/2538/3
f 2528/2538/3 2588/2597/3 2589/2598/3 2529/2539/3
f 2529/2539/3 2589/2598/3 2590/2599/3 2530/2540/3
f 2530/2540/3 2590/2599/3 2591/2600/3 2531/2541/3
f 2531/2541/3 2591/2600/3 2592/2601/3 2532/2542/3
f 2532/2542/3 2592/2601/3 2593/2602/3 2533/2543/3
f 2533/2543/3 2593/2602/3 2594/2603/3 2534/2544/3
f 2534/2544/3 2594/2603/3 2595/2604/3 2535/2545/3
f 2535/2545/3 2595/2604/3 2596/2605/3 2536/2546/3
f 2536/2546/3 2596/2605/3 2597/2606/3 2537/2547/3
f 2537/2547/3 2597/2606/3 2598/2607/3 2538/2548/3
f 2538/2548/3 2598/2607/3 2599/2608/3 2539/2549/3
f 2539/2549/3 2599/2608/3 2600/2609/3 2540/2550/3
f 2540/2550/3 2600/2609/3 2601/2610/3 2541/2551/3
f 2541/2551/3 2601/2610/3 2602/2611/3 2542/2552/3
f 2542/2552/3 2602/2611/3 2603/2612/3 2543/2553/3
f 2543/2553/3 2603/2612/3 2604/2613/3 2544/2554/3
f 2544/2554/1355 2604/2613/1355 2605/2614/1355 2545/2555/1355
f 2545/2555/1356 2605/2614/1356 2606/2615/1356 2546/2556/1356
f 2546/2556/1357 2606/2615/1357 2607/2616/1357 2547/2557/1357
f 2547/2557/1358 2607/2616/1358 2608/2617/1358 2548/2558/1358
f 2548/2558/1359 2608/2617/1359 2609/2618/1359 2549/2559/1359
f 2549/2559/1360 2609/2618/1360 2610/2619/1360 2550/2560/1360
f 2550/2560/1361 2610/2619/1361 2611/2620/1361 2551/2561/1361
f 2551/2561/1362 2611/2620/1362 2612/2621/1362 2552/2562/1362
f 2552/2562/1363 2612/2621/1363 2613/2622/1363 2553/2563/1363
f 2553/2563/1364 2613/2622/1364 2614/2623/1364 2554/2564/1364
f 2554/2564/1365 2614/2623/1365 2615/2624/1365 2555/2565/1365
f 2555/2565/1366 2615/2624/1366 2616/290/1366 2556/289/1366
f 117/22/3 118/21/3 2617/2625/3 2557/2566/3
f 2557/2566/1367 2617/2625/1367 2618/2626/1367 2558/2567/1367
f 2558/2567/1368 2618/2626/1368 2619/2627/1368 2559/2568/1368
f 2559/2568/1369 2619/2627/1369 2620/2628/1369 2560/2569/1369
f 2560/2569/1370 2620/2628/1370 2621/2629/1370 2561/2570/1370
f 2561/2570/1371 2621/2629/1371 2622/2630/1371 2562/2571/1371
f 2562/2571/1354 2622/2630/3 2623/2631/3 2563/2572/1167
f 2563/2572/1167 2623/2631/3 2624/2632/3 2564/2573/3
f 2564/2573/3 2624/2632/3 2625/2633/3 2565/2574/3
f 2565/2574/3 2625/2633/3 2626/2634/3 2566/2575/3
f 2566/2575/3 2626/2634/3 2627/2635/3 2567/2576/3
f 2567/2576/3 2627/2635/3 2628/2636/3 2568/2577/3
f 2568/2577/3 2628/2636/3 2629/2637/3 2569/2578/3
f 2569/2578/3 2629/2637/3 2630/2638/3 2570/2579/3
f 2570/2579/3 2630/2638/3 2631/2639/3 2571/2580/3
f 2571/2580/3 2631/2639/3 2632/2640/3 2572/2581/3
f 2572/2581/3 2632/2640/3 2633/2641/3 2573/2582/3
f 2573/2582/3 2633/2641/3 2634/2642/3 2574/2583/3
f 2574/2583/3 2634/2642/3 2635/2643/3 2575/2584/3
f 2575/2584/3 2635/2643/3 2636/2644/3 2576/2585/3
f 2576/2585/3 2636/2644/3 2637/2645/3 2577/2586/3
f 2577/2586/3 2637/2645/3 2638/2646/3 2578/2587/3
f 2578/2587/3 2638/2646/3 2639/2647/3 2579/2588/3
f 2579/2588/3 2639/2647/3 2640/2648/3 2580/2589/3
f 2580/2589/3 2640/2648/3 2641/2649/3 2581/2590/3
f 2581/2590/3 2641/2649/3 2642/2650/3 2582/2591/3
f 2582/2591/3 2642/2650/3 2643/2651/3 2583/2592/3
f 2583/2592/3 2643/2651/3 2644/2652/3 2584/2593/3
f 2584/2593/3 2644/2652/3 2645/2653/3 2585/2594/3
f 2585/2594/3 2645/2653/3 2646/2654/3 2586/2595/3
f 2586/2595/3 2646/2654/3 2647/2655/3 2587/2596/3
f 2587/2596/3 2647/2655/3 2648/2656/3 2588/2597/3
f 2588/2597/3 2648/2656/3 2649/2657/3 2589/2598/3
f 2589/2598/3 2649/2657/3 2650/2658/3 2590/2599/3
f 2590/2599/3 2650/2658/3 2651/2659/3 2591/2600/3
f 2591/2600/3 2651/2659/3 2652/2660/3 2592/2601/3
f 2592/2601/3 2652/2660/3 2653/2661/3 2593/2602/3
f 2593/2602/3 2653/2661/3 2654/2662/3 2594/2603/3
f 2594/2603/3 2654/2662/3 2655/2663/3 2595/2604/3
f 2595/2604/3 2655/2663/3 2656/2664/3 2596/2605/3
f 2596/2605/3 2656/2664/3 2657/2665/3 2597/2606/3
f 2597/2606/3 2657/2665/3 2658/2666/3 2598/2607/3
f 2598/2607/3 2658/2666/3 2659/2667/3 2599/2608/3
f 2599/2608/3 2659/2667/3 2660/2668/3 2600/2609/3
f 2600/2609/3 2660/2668/3 2661/2669/3 2601/2610/3
f 2601/2610/3 2661/2669/3 2662/2670/3 2602/2611/3
f 2602/2611/3 2662/2670/3 2663/2671/3 2603/2612/3
f 2603/2612/3 2663/2671/3 2664/2672/3 2604/2613/3
f 2604/2613/1372 2664/2672/1372 2665/2673/1372 2605/2614/1372
f 2605/2614/1373 2665/2673/1373 2666/2674/1373 2606/2615/1373
f 2606/2615/1374 2666/2674/1374 2667/2675/1374 2607/2616/1374
f 2607/2616/1375 2667/2675/1375 2668/2676/1375 2608/2617/1375
f 2608/2617/1376 2668/2676/1376 2669/2677/1376 2609/2618/1376
f 2609/2618/1377 2669/2677/1377 2670/2678/1377 2610/2619/1377
f 2610/2619/1378 2670/2678/1378 2671/2679/1378 2611/2620/1378
f 2611/2620/1379 2671/2679/1379 2672/2680/1379 2612/2621/1379
f 2612/2621/1380 2672/2680/1380 2673/2681/1380 2613/2622/1380
f 2613/2622/1381 2673/2681/1381 2674/2682/1381 2614/2623/1381
f 2614/2623/1382 2674/2682/1382 2675/2683/1382 2615/2624/1382
f 2615/2624/1383 2675/2683/1383 2676/291/1383 2616/290/1383
f 118/21/3 119/20/3 2677/2684/3 2617/2625/3
f 2617/2625/1384 2677/2684/1384 2678/2685/1384 2618/2626/1384
f 2618/2626/1385 2678/2685/1385 2679/2686/1385 2619/2627/1385
f 2619/2627/1386 2679/2686/1386 2680/2687/1386 2620/2628/1386
f 2620/2628/1387 2680/2687/1387 2681/2688/1387 2621/2629/1387
f 2621/2629/1388 2681/2688/1388 2682/2689/1388 2622/2630/1388
f 2622/2630/1389 2682/2689/1389 2683/2690/1389 2623/2631/1389
f 2623/2631/3 2683/2690/3 2684/2691/3 2624/2632/3
f 2624/2632/3 2684/2691/3 2685/2692/3 2625/2633/3
f 2625/2633/3 2685/2692/3 2686/2693/3 2626/2634/3
f 2626/2634/3 2686/2693/3 2687/2694/3 2627/2635/3
f 2627/2635/3 2687/2694/3 2688/2695/3 2628/2636/3
f 2628/2636/3 2688/2695/3 2689/2696/3 2629/2637/3
f 2629/2637/3 2689/2696/3 2690/2697/3 2630/2638/3
f 2630/2638/3 2690/2697/3 2691/2698/3 2631/2639/3
f 2631/2639/3 2691/2698/3 2692/2699/3 2632/2640/3
f 2632/2640/3 2692/2699/3 2693/2700/3 2633/2641/3
f 2633/2641/3 2693/2700/3 2694/2701/3 2634/2642/3
f 2634/2642/3 2694/2701/3 2695/2702/3 2635/2643/3
f 2635/2643/3 2695/2702/3 2696/2703/3 2636/2644/3
f 2636/2644/3 2696/2703/3 2697/2704/3 2637/2645/3
f 2637/2645/3 2697/2704/3 2698/2705/3 2638/2646/3
f 2638/2646/3 2698/2705/3 2699/2706/3 2639/2647/3
f 2639/2647/3 2699/2706/3 2700/2707/3 2640/2648/3
f 2640/2648/3 2700/2707/3 2701/2708/3 2641/2649/3
f 2641/2649/3 2701/2708/3 2702/2709/3 2642/2650/3
f 2642/2650/3 2702/2709/3 2703/2710/3 2643/2651/3
f 2643/2651/3 2703/2710/3 2704/2711/3 2644/2652/3
f 2644/2652/3 2704/2711/3 2705/2712/3 2645/2653/3
f 2645/2653/3 2705/2712/3 2706/2713/3 2646/2654/3
f 2646/2654/3 2706/2713/3 2707/2714/3 2647/2655/3
f 2647/2655/3 2707/2714/3 2708/2715/3 2648/2656/3
f 2648/2656/3 2708/2715/3 2709/2716/3 2649/2657/3
f 2649/2657/3 2709/2716/3 2710/2717/3 2650/2658/3
f 2650/2658/3 2710/2717/3 2711/2718/3 2651/2659/3
f 2651/2659/3 2711/2718/3 2712/2719/3 2652/2660/3
f 2652/2660/3 2712/2719/3 2713/2720/3 2653/2661/3
f 2653/2661/3 2713/2720/3 2714/2721/3 2654/2662/3
f 2654/2662/3 2714/2721/3 2715/2722/3 2655/2663/3
f 2655/2663/3 2715/2722/3 2716/2723/3 2656/2664/3
f 2656/2664/3 2716/2723/3 2717/2724/3 2657/2665/3
f 2657/2665/3 2717/2724/3 2718/2725/3 2658/2666/3
f 2658/2666/3 2718/2725/3 2719/2726/3 2659/2667/3
f 2659/2667/3 2719/2726/3 2720/2727/3 2660/2668/3
f 2660/2668/3 2720/2727/3 2721/2728/3 2661/2669/3
f 2661/2669/3 2721/2728/3 2722/2729/3 2662/2670/3
f 2662/2670/3 2722/2729/3 2723/2730/3 2663/2671/3
f 2663/2671/3 2723/2730/3 2724/2731/3 2664/2672/3
f 2664/2672/1390 2724/2731/1390 2725/2732/1390 2665/2673/1390
f 2665/2673/1391 2725/2732/1391 2726/2733/1391 2666/2674/1391
f 2666/2674/1392 2726/2733/1392 2727/2734/1392 2667/2675/1392
f 2667/2675/1393 2727/2734/1393 2728/2735/1393 2668/2676/1393
f 2668/2676/1394 2728/2735/1394 2729/2736/1394 2669/2677/1394
f 2669/2677/1395 2729/2736/1395 2730/2737/1395 2670/2678/1395
f 2670/2678/1396 2730/2737/1396 2731/2738/1396 2671/2679/1396
f 2671/2679/1397 2731/2738/1397 2732/2739/1397 2672/2680/1397
f 2672/2680/1398 2732/2739/1398 2733/2740/1398 2673/2681/1398
f 2673/2681/1399 2733/2740/1399 2734/2741/1399 2674/2682/1399
f 2674/2682/1400 2734/2741/1400 2735/2742/1400 2675/2683/1400
f 2675/2683/1401 2735/2742/1401 2736/292/1401 2676/291/1401
f 119/20/3 120/19/3 2737/2743/3 2677/2684/3
f 2677/2684/1402 2737/2743/1402 2738/2744/1402 2678/2685/1402
f 2678/2685/1403 2738/2744/1403 2739/2745/1403 2679/2686/1403
f 2679/2686/1404 2739/2745/1404 2740/2746/1404 2680/2687/1404
f 2680/2687/1405 2740/2746/1405 2741/2747/1405 2681/2688/1405
f 2681/2688/1406 2741/2747/1406 2742/2748/1406 2682/2689/1406
f 2682/2689/1407 2742/2748/1407 2743/2749/1407 2683/2690/1407
f 2683/2690/3 2743/2749/3 2744/2750/3 2684/2691/3
f 2684/2691/3 2744/2750/3 2745/2751/3 2685/2692/3
f 2685/2692/3 2745/2751/3 2746/2752/3 2686/2693/3
f 2686/2693/3 2746/2752/3 2747/2753/3 2687/2694/3
f 2687/2694/3 2747/2753/3 2748/2754/3 2688/2695/3
f 2688/2695/3 2748/2754/3 2749/2755/3 2689/2696/3
f 2689/2696/3 2749/2755/3 2750/2756/3 2690/2697/3
f 2690/2697/3 2750/2756/3 2751/2757/3 2691/2698/3
f 2691/2698/3 2751/2757/3 2752/2758/3 2692/2699/3
f 2692/2699/3 2752/2758/3 2753/2759/3 2693/2700/3
f 2693/2700/3 2753/2759/3 2754/2760/3 2694/2701/3
f 2694/2701/3 2754/2760/3 2755/2761/3 2695/2702/3
f 2695/2702/3 2755/2761/3 2756/2762/3 2696/2703/3
f 2696/2703/3 2756/2762/3 2757/2763/3 2697/2704/3
f 2697/2704/3 2757/2763/3 2758/2764/3 2698/2705/3
f 2698/2705/3 2758/2764/3 2759/2765/3 2699/2706/3
f 2699/2706/3 2759/2765/3 2760/2766/3 2700/2707/3
f 2700/2707/3 2760/2766/3 2761/2767/3 2701/2708/3
f 2701/2708/3 2761/2767/3 2762/2768/3 2702/2709/3
f 2702/2709/3 2762/2768/3 2763/2769/3 2703/2710/3
f 2703/2710/3 2763/2769/3 2764/2770/3 2704/2711/3
f 2704/2711/3 2764/2770/3 2765/2771/3 2705/2712/3
f 2705/2712/3 2765/2771/3 2766/2772/3 2706/2713/3
f 2706/2713/3 2766/2772/3 2767/2773/3 2707/2714/3
f 2707/2714/3 2767/2773/3 2768/2774/3 2708/2715/3
f 2708/2715/3 2768/2774/3 2769/2775/3 2709/2716/3
f 2709/2716/3 2769/2775/3 2770/2776/3 2710/2717/3
f 2710/2717/3 2770/2776/3 2771/2777/3 2711/2718/3
f 2711/2718/3 2771/2777/3 2772/2778/3 2712/2719/3
f 2712/2719/3 2772/2778/3 2773/2779/3 2713/2720/3
f 2713/2720/3 2773/2779/3 2774/2780/3 2714/2721/3
f 2714/2721/3 2774/2780/3 2775/2781/3 2715/2722/3
f 2715/2722/3 2775/2781/3 2776/2782/3 2716/2723/3
f 2716/2723/3 2776/2782/3 2777/2783/3 2717/2724/3
f 2717/2724/3 2777/2783/3 2778/2784/3 2718/2725/3
f 2718/2725/3 2778/2784/3 2779/2785/3 2719/2726/3
f 2719/2726/3 2779/2785/3 2780/2786/3 2720/2727/3
f 2720/2727/3 2780/2786/3 2781/2787/3 2721/2728/3
f 2721/2728/3 2781/2787/3 2782/2788/3 2722/2729/3
f 2722/2729/3 2782/2788/3 2783/2789/3 2723/2730/3
f 2723/2730/3 2783/2789/3 2784/2790/3 2724/2731/3
f 2724/2731/3 2784/2790/3 2785/2791/3 2725/2732/3
f 2725/2732/1408 2785/2791/1408 2786/2792/1408 2726/2733/1408
f 2726/2733/1409 2786/2792/1409 2787/2793/1409 2727/2734/1409
f 2727/2734/1410 2787/2793/1410 2788/2794/1410 2728/2735/1410
f 2728/2735/1411 2788/2794/1411 2789/2795/1411 2729/2736/1411
f 2729/2736/1412 2789/2795/1412 2790/2796/1412 2730/2737/1412
f 2730/2737/1413 2790/2796/1413 2791/2797/1413 2731/2738/1413
f 2731/2738/1414 2791/2797/1414 2792/2798/1414 2732/2739/1414
f 2732/2739/1415 2792/2798/1415 2793/2799/1415 2733/2740/1415
f 2733/2740/1416 2793/2799/1416 2794/2800/1416 2734/2741/1416
f 2734/2741/1417 2794/2800/1417 2795/2801/1417 2735/2742/1417
f 2735/2742/1418 2795/2801/1418 2796/293/1418 2736/292/1418
f 120/19/3 121/18/3 2797/2802/3 2737/2743/3
f 2737/2743/1419 2797/2802/1419 2798/2803/1419 2738/2744/1419
f 2738/2744/1420 2798/2803/1420 2799/2804/1420 2739/2745/1420
f 2739/2745/1421 2799/2804/1421 2800/2805/1421 2740/2746/1421
f 2740/2746/1422 2800/2805/1422 2801/2806/1422 2741/2747/1422
f 2741/2747/1423 2801/2806/1423 2802/2807/1423 2742/2748/1423
f 2742/2748/1424 2802/2807/1424 2803/2808/1424 2743/2749/1424
f 2743/2749/3 2803/2808/3 2804/2809/3 2744/2750/3
f 2744/2750/3 2804/2809/3 2805/2810/3 2745/2751/3
f 2745/2751/3 2805/2810/3 2806/2811/3 2746/2752/3
f 2746/2752/3 2806/2811/3 2807/2812/3 2747/2753/3
f 2747/2753/3 2807/2812/3 2808/2813/3 2748/2754/3
f 2748/2754/3 2808/2813/3 2809/2814/3 2749/2755/3
f 2749/2755/3 2809/2814/3 2810/2815/3 2750/2756/3
f 2750/2756/3 2810/2815/3 2811/2816/3 2751/2757/3
f 2751/2757/3 2811/2816/3 2812/2817/3 2752/2758/3
f 2752/2758/3 2812/2817/3 2813/2818/3 2753/2759/3
f 2753/2759/3 2813/2818/3 2814/2819/3 2754/2760/3
f 2754/2760/3 2814/2819/3 2815/2820/3 2755/2761/3
f 2755/2761/3 2815/2820/3 2816/2821/3 2756/2762/3
f 2756/2762/3 2816/2821/3 2817/2822/3 2757/2763/3
f 2757/2763/3 2817/2822/3 2818/2823/3 2758/2764/3
f 2758/2764/3 2818/2823/3 2819/2824/1425 2759/2765/3
f 2759/2765/3 2819/2824/1425 2820/2825/1426 2760/2766/3
f 2760/2766/3 2820/2825/1426 2821/2826/3 2761/2767/3
f 2761/2767/3 2821/2826/3 2822/2827/3 2762/2768/3
f 2762/2768/3 2822/2827/3 2823/2828/3 2763/2769/3
f 2763/2769/3 2823/2828/3 2824/2829/3 2764/2770/3
f 2764/2770/3 2824/2829/3 2825/2830/3 2765/2771/3
f 2765/2771/3 2825/2830/3 2826/2831/3 2766/2772/3
f 2766/2772/3 2826/2831/3 2827/2832/3 2767/2773/3
f 2767/2773/3 2827/2832/3 2828/2833/3 2768/2774/3
f 2768/2774/3 2828/2833/3 2829/2834/3 2769/2775/3
f 2769/2775/3 2829/2834/3 2830/2835/3 2770/2776/3
f 2770/2776/3 2830/2835/3 2831/2836/3 2771/2777/3
f 2771/2777/3 2831/2836/3 2832/2837/3 2772/2778/3
f 2772/2778/3 2832/2837/3 2833/2838/3 2773/2779/3
f 2773/2779/3 2833/2838/3 2834/2839/3 2774/2780/3
f 2774/2780/3 2834/2839/3 2835/2840/3 2775/2781/3
f 2775/2781/3 2835/2840/3 2836/2841/3 2776/2782/3
f 2776/2782/3 2836/2841/3 2837/2842/3 2777/2783/3
f 2777/2783/3 2837/2842/3 2838/2843/3 2778/2784/3
f 2778/2784/3 2838/2843/3 2839/2844/3 2779/2785/3
f 2779/2785/3 2839/2844/3 2840/2845/3 2780/2786/3
f 2780/2786/3 2840/2845/3 2841/2846/143 2781/2787/3
f 2781/2787/3 2841/2846/143 2842/2847/1427 2782/2788/3
f 2782/2788/3 2842/2847/1427 2843/2848/3 2783/2789/3
f 2783/2789/3 2843/2848/3 2844/2849/3 2784/2790/3
f 2784/2790/3 2844/2849/3 2845/2850/3 2785/2791/3
f 2785/2791/3 2845/2850/3 2846/2851/3 2786/2792/3
f 2786/2792/1428 2846/2851/1428 2847/2852/1428 2787/2793/1428
f 2787/2793/1429 2847/2852/1429 2848/2853/1429 2788/2794/1429
f 2788/2794/1430 2848/2853/1430 2849/2854/1430 2789/2795/1430
f 2789/2795/1431 2849/2854/1431 2850/2855/1431 2790/2796/1431
f 2790/2796/1432 2850/2855/1432 2851/2856/1432 2791/2797/1432
f 2791/2797/1433 2851/2856/1433 2852/2857/1433 2792/2798/1433
f 2792/2798/1434 2852/2857/1434 2853/2858/1434 2793/2799/1434
f 2793/2799/1435 2853/2858/1435 2854/2859/1435 2794/2800/1435
f 2794/2800/1436 2854/2859/1436 2855/2860/1436 2795/2801/1436
f 2795/2801/1437 2855/2860/1437 2856/294/1437 2796/293/1437
f 121/18/3 122/17/3 2857/2861/3 2797/2802/3
f 2797/2802/3 2857/2861/3 2858/2862/3 2798/2803/3
f 2798/2803/1438 2858/2862/1438 2859/2863/1438 2799/2804/1438
f 2799/2804/1439 2859/2863/1439 2860/2864/1439 2800/2805/1439
f 2800/2805/1440 2860/2864/1440 2861/2865/1440 2801/2806/1440
f 2801/2806/1441 2861/2865/1441 2862/2866/1441 2802/2807/1441
f 2802/2807/3 2862/2866/3 2863/2867/3 2803/2808/3
f 2803/2808/3 2863/2867/3 2864/2868/1442 2804/2809/3
f 2804/2809/3 2864/2868/1442 2865/2869/1442 2805/2810/3
f 2805/2810/3 2865/2869/1442 2866/2870/3 2806/2811/3
f 2806/2811/3 2866/2870/3 2867/2871/3 2807/2812/3
f 2807/2812/3 2867/2871/3 2868/2872/1023 2808/2813/3
f 2808/2813/3 2868/2872/1023 2869/2873/919 2809/2814/3
f 2809/2814/3 2869/2873/919 2870/2874/3 2810/2815/3
f 2810/2815/3 2870/2874/3 2871/2875/3 2811/2816/3
f 2811/2816/3 2871/2875/3 2872/2876/3 2812/2817/3
f 2812/2817/3 2872/2876/3 2873/2877/3 2813/2818/3
f 2813/2818/3 2873/2877/3 2874/2878/3 2814/2819/3
f 2814/2819/3 2874/2878/3 2875/2879/3 2815/2820/3
f 2815/2820/3 2875/2879/3 2876/2880/3 2816/2821/3
f 2816/2821/3 2876/2880/3 2877/2881/3 2817/2822/3
f 2817/2822/3 2877/2881/3 2878/2882/1425 2818/2823/3
f 2818/2823/3 2878/2882/1425 2879/2883/1230 2819/2824/1425
f 2819/2824/1425 2879/2883/1230 2880/2884/1443 2820/2825/1426
f 2820/2825/1444 2880/2884/1444 2881/2885/1444 2821/2826/1444
f 2821/2826/1445 2881/2885/1445 2882/2886/1445 2822/2827/1445
f 2822/2827/1446 2882/2886/1446 2883/2887/1446 2823/2828/1446
f 2823/2828/1447 2883/2887/1447 2884/2888/1447 2824/2829/1447
f 2824/2829/3 2884/2888/3 2885/2889/3 2825/2830/3
f 2825/2830/3 2885/2889/3 2886/2890/3 2826/2831/3
f 2826/2831/3 2886/2890/3 2887/2891/3 2827/2832/3
f 2827/2832/3 2887/2891/3 2888/2892/3 2828/2833/3
f 2828/2833/3 2888/2892/3 2889/2893/3 2829/2834/3
f 2829/2834/3 2889/2893/3 2890/2894/3 2830/2835/3
f 2830/2835/3 2890/2894/3 2891/2895/3 2831/2836/3
f 2831/2836/3 2891/2895/3 2892/2896/3 2832/2837/3
f 2832/2837/3 2892/2896/3 2893/2897/3 2833/2838/3
f 2833/2838/3 2893/2897/3 2894/2898/3 2834/2839/3
f 2834/2839/3 2894/2898/3 2895/2899/3 2835/2840/3
f 2835/2840/3 2895/2899/3 2896/2900/1448 2836/2841/3
f 2836/2841/3 2896/2900/1448 2897/2901/1449 2837/2842/3
f 2837/2842/3 2897/2901/1449 2898/2902/3 2838/2843/3
f 2838/2843/1450 2898/2902/1450 2899/2903/1450 2839/2844/1450
f 2839/2844/1451 2899/2903/1451 2900/2904/1451 2840/2845/1451
f 2840/2845/1452 2900/2904/1452 2901/2905/1452 2841/2846/1452
f 2841/2846/143 2901/2905/1453 2902/2906/1454 2842/2847/1427
f 2842/2847/1427 2902/2906/1454 2903/2907/3 2843/2848/3
f 2843/2848/3 2903/2907/3 2904/2908/3 2844/2849/3
f 2844/2849/3 2904/2908/3 2905/2909/3 2845/2850/3
f 2845/2850/3 2905/2909/3 2906/2910/3 2846/2851/3
f 2846/2851/3 2906/2910/3 2907/2911/3 2847/2852/3
f 2847/2852/3 2907/2911/3 2908/2912/3 2848/2853/3
f 2848/2853/3 2908/2912/3 2909/2913/1455 2849/2854/3
f 2849/2854/3 2909/2913/1455 2910/2914/164 2850/2855/3
f 2850/2855/1456 2910/2914/1456 2911/2915/1456 2851/2856/1456
f 2851/2856/1457 2911/2915/1457 2912/2916/1457 2852/2857/1457
f 2852/2857/1458 2912/2916/1458 2913/2917/1458 2853/2858/1458
f 2853/2858/1459 2913/2917/1459 2914/2918/1459 2854/2859/1459
f 2854/2859/1460 2914/2918/1460 2915/2919/1460 2855/2860/1460
f 2855/2860/1461 2915/2919/1461 2916/295/1461 2856/294/1461
f 122/17/3 123/16/3 2917/2920/3 2857/2861/3
f 2857/2861/3 2917/2920/3 2918/2921/3 2858/2862/3
f 2858/2862/3 2918/2921/3 2919/2922/1425 2859/2863/3
f 2859/2863/3 2919/2922/1425 2920/2923/1462 2860/2864/3
f 2860/2864/1463 2920/2923/1463 2921/2924/1463 2861/2865/1463
f 2861/2865/1464 2921/2924/1464 2922/2925/1464 2862/2866/1464
f 2862/2866/1465 2922/2925/1465 2923/2926/1465 2863/2867/1465
f 2863/2867/1466 2923/2926/1466 2924/2927/1466 2864/2868/1466
f 2864/2868/1442 2924/2927/1467 2925/2928/1467 2865/2869/1442
f 2865/2869/1468 2925/2928/1468 2926/2929/1468 2866/2870/1468
f 2866/2870/1469 2926/2929/1469 2927/2930/1469 2867/2871/1469
f 2867/2871/1470 2927/2930/1470 2928/2931/1470 2868/2872/1470
f 2868/2872/1023 2928/2931/1455 2929/2932/1471 2869/2873/919
f 2869/2873/919 2929/2932/1471 2930/2933/954 2870/2874/3
f 2870/2874/3 2930/2933/954 2931/2934/3 2871/2875/3
f 2871/2875/3 2931/2934/3 2932/2935/3 2872/2876/3
f 2872/2876/3 2932/2935/3 2933/2936/3 2873/2877/3
f 2873/2877/3 2933/2936/3 2934/2937/3 2874/2878/3
f 2874/2878/3 2934/2937/3 2935/2938/3 2875/2879/3
f 2875/2879/3 2935/2938/3 2936/2939/3 2876/2880/3
f 2876/2880/3 2936/2939/3 2937/2940/3 2877/2881/3
f 2877/2881/3 2937/2940/3 2938/2941/111 2878/2882/1425
f 2878/2882/1425 2938/2941/111 2939/2942/1472 2879/2883/1230
f 2879/2883/1473 2939/2942/1473 2940/2943/1473 2880/2884/1473
f 2880/2884/1474 2940/2943/1474 2941/2944/1474 2881/2885/1474
f 2881/2885/1475 2941/2944/1475 2942/2945/1475 2882/2886/1475
f 2882/2886/1476 2942/2945/1476 2943/2946/1476 2883/2887/1476
f 2883/2887/1477 2943/2946/1477 2944/2947/1477 2884/2888/1477
f 2884/2888/1478 2944/2947/1478 2945/2948/1478 2885/2889/1478
f 2885/2889/3 2945/2948/3 2946/2949/3 2886/2890/3
f 2886/2890/3 2946/2949/3 2947/2950/3 2887/2891/3
f 2887/2891/3 2947/2950/3 2948/2951/3 2888/2892/3
f 2888/2892/3 2948/2951/3 2949/2952/3 2889/2893/3
f 2889/2893/3 2949/2952/3 2950/2953/3 2890/2894/3
f 2890/2894/3 2950/2953/3 2951/2954/3 2891/2895/3
f 2891/2895/3 2951/2954/3 2952/2955/3 2892/2896/3
f 2892/2896/3 2952/2955/3 2953/2956/3 2893/2897/3
f 2893/2897/3 2953/2956/3 2954/2957/3 2894/2898/3
f 2894/2898/3 2954/2957/3 2955/2958/223 2895/2899/3
f 2895/2899/3 2955/2958/223 2956/2959/419 2896/2900/1448
f 2896/2900/1448 2956/2959/419 2957/2960/1230 2897/2901/1449
f 2897/2901/1479 2957/2960/1479 2958/2961/1479 2898/2902/1479
f 2898/2902/1480 2958/2961/1480 2959/2962/1480 2899/2903/1480
f 2899/2903/1481 2959/2962/1481 2960/2963/1481 2900/2904/1481
f 2900/2904/1482 2960/2963/1482 2961/2964/1482 2901/2905/1482
f 2901/2905/1483 2961/2964/1483 2962/2965/1483 2902/2906/1483
f 2902/2906/1484 2962/2965/1484 2963/2966/1484 2903/2907/1484
f 2903/2907/3 2963/2966/3 2964/2967/3 2904/2908/3
f 2904/2908/3 2964/2967/3 2965/2968/3 2905/2909/3
f 2905/2909/3 2965/2968/3 2966/2969/3 2906/2910/3
f 2906/2910/3 2966/2969/3 2967/2970/3 2907/2911/3
f 2907/2911/3 2967/2970/3 2968/2971/3 2908/2912/3
f 2908/2912/3 2968/2971/3 2969/2972/164 2909/2913/1455
f 2909/2913/1455 2969/2972/164 2970/2973/1448 2910/2914/164
f 2910/2914/1485 2970/2973/1485 2971/2974/1485 2911/2915/1485
f 2911/2915/1486 2971/2974/1486 2972/2975/1486 2912/2916/1486
f 2912/2916/1487 2972/2975/1487 2973/2976/1487 2913/2917/1487
f 2913/2917/1488 2973/2976/1488 2974/2977/1488 2914/2918/1488
f 2914/2918/1489 2974/2977/1489 2975/2978/1489 2915/2919/1489
f 2915/2919/1490 2975/2978/1490 2976/296/1490 2916/295/1490
f 123/16/3 124/15/3 2977/2979/3 2917/2920/3
f 2917/2920/3 2977/2979/3 2978/2980/3 2918/2921/3
f 2918/2921/3 2978/2980/3 2979/2981/1491 2919/2922/1425
f 2919/2922/1425 2979/2981/1491 2980/2982/1492 2920/2923/1462
f 2920/2923/1493 2980/2982/1493 2981/2983/1493 2921/2924/1493
f 2921/2924/1494 2981/2983/1494 2982/2984/1494 2922/2925/1494
f 2922/2925/1495 2982/2984/1495 2983/2985/1495 2923/2926/1495
f 2923/2926/1496 2983/2985/1496 2984/2986/1496 2924/2927/1496
f 2924/2927/1497 2984/2986/1497 2985/2987/1497 2925/2928/1497
f 2925/2928/1498 2985/2987/1498 2986/2988/1498 2926/2929/1498
f 2926/2929/1499 2986/2988/1499 2987/2989/1499 2927/2930/1499
f 2927/2930/1500 2987/2989/1500 2988/2990/1500 2928/2931/1500
f 2928/2931/1501 2988/2990/1501 2989/2991/1501 2929/2932/1501
f 2929/2932/1502 2989/2991/1502 2990/2992/1502 2930/2933/1502
f 2930/2933/1503 2990/2992/1503 2991/2993/1503 2931/2934/1503
f 2931/2934/3 2991/2993/3 2992/2994/3 2932/2935/3
f 2932/2935/3 2992/2994/3 2993/2995/3 2933/2936/3
f 2933/2936/3 2993/2995/3 2994/2996/3 2934/2937/3
f 2934/2937/3 2994/2996/3 2995/2997/3 2935/2938/3
f 2935/2938/3 2995/2997/3 2996/2998/3 2936/2939/3
f 2936/2939/3 2996/2998/3 2997/2999/1504 2937/2940/3
f 2937/2940/3 2997/2999/1504 2998/3000/1448 2938/2941/111
f 2938/2941/1505 2998/3000/1505 2999/3001/1505 2939/2942/1505
f 2939/2942/1506 2999/3001/1506 3000/3002/1506 2940/2943/1506
f 2940/2943/1507 3000/3002/1507 3001/3003/1507 2941/2944/1507
f 2941/2944/1508 3001/3003/1508 3002/3004/1508 2942/2945/1508
f 2942/2945/1509 3002/3004/1509 3003/3005/1509 2943/2946/1509
f 2943/2946/1510 3003/3005/1510 3004/3006/1510 2944/2947/1510
f 2944/2947/1511 3004/3006/1511 3005/3007/1511 2945/2948/1511
f 2945/2948/1512 3005/3007/1512 3006/3008/1512 2946/2949/1512
f 2946/2949/1513 3006/3008/1513 3007/3009/1513 2947/2950/1513
f 2947/2950/1514 3007/3009/1514 3008/3010/1514 2948/2951/1514
f 2948/2951/1515 3008/3010/1515 3009/3011/1515 2949/2952/1515
f 2949/2952/1516 3009/3011/1516 3010/3012/1516 2950/2953/1516
f 2950/2953/3 3010/3012/3 3011/3013/3 2951/2954/3
f 2951/2954/3 3011/3013/3 3012/3014/3 2952/2955/3
f 2952/2955/3 3012/3014/3 3013/3015/3 2953/2956/3
f 2953/2956/3 3013/3015/3 3014/3016/3 2954/2957/3
f 2954/2957/3 3014/3016/3 3015/3017/1517 2955/2958/223
f 2955/2958/223 3015/3017/1517 3016/3018/1518 2956/2959/419
f 2956/2959/1519 3016/3018/1519 3017/3019/1519 2957/2960/1519
f 2957/2960/1520 3017/3019/1520 3018/3020/1520 2958/2961/1520
f 2958/2961/1521 3018/3020/1521 3019/3021/1521 2959/2962/1521
f 2959/2962/1522 3019/3021/1522 3020/3022/1522 2960/2963/1522
f 2960/2963/1523 3020/3022/1523 3021/3023/1523 2961/2964/1523
f 2961/2964/1524 3021/3023/1524 3022/3024/1524 2962/2965/1524
f 2962/2965/1525 3022/3024/1525 3023/3025/1525 2963/2966/1525
f 2963/2966/1526 3023/3025/1526 3024/3026/1526 2964/2967/1526
f 2964/2967/3 3024/3026/3 3025/3027/3 2965/2968/3
f 2965/2968/3 3025/3027/3 3026/3028/3 2966/2969/3
f 2966/2969/3 3026/3028/3 3027/3029/3 2967/2970/3
f 2967/2970/1527 3027/3029/1527 3028/3030/1527 2968/2971/1527
f 2968/2971/1528 3028/3030/1528 3029/3031/1528 2969/2972/1528
f 2969/2972/1529 3029/3031/1529 3030/3032/1529 2970/2973/1529
f 2970/2973/1530 3030/3032/1530 3031/3033/1530 2971/2974/1530
f 2971/2974/1531 3031/3033/1531 3032/3034/1531 2972/2975/1531
f 2972/2975/1532 3032/3034/1532 3033/3035/1532 2973/2976/1532
f 2973/2976/1533 3033/3035/1533 3034/3036/1533 2974/2977/1533
f 2974/2977/1534 3034/3036/1534 3035/3037/1534 2975/2978/1534
f 2975/2978/1535 3035/3037/1535 3036/297/1535 2976/296/1535
f 124/15/3 125/14/3 3037/3038/3 2977/2979/3
f 2977/2979/3 3037/3038/3 3038/3039/3 2978/2980/3
f 2978/2980/3 3038/3039/3 3039/3040/1536 2979/2981/1491
f 2979/2981/1491 3039/3040/1536 3040/3041/1537 2980/2982/1492
f 2980/2982/1538 3040/3041/1538 3041/3042/1538 2981/2983/1538
f 2981/2983/1539 3041/3042/1539 3042/3043/1539 2982/2984/1539
f 2982/2984/1540 3042/3043/1540 3043/3044/1540 2983/2985/1540
f 2983/2985/1541 3043/3044/1541 3044/3045/1541 2984/2986/1541
f 2984/2986/1542 3044/3045/1542 3045/3046/1542 2985/2987/1542
f 2985/2987/1543 3045/3046/1543 3046/3047/1543 2986/2988/1543
f 2986/2988/1544 3046/3047/1544 3047/3048/1544 2987/2989/1544
f 2987/2989/1545 3047/3048/1545 3048/3049/1545 2988/2990/1545
f 2988/2990/1546 3048/3049/1546 3049/3050/1546 2989/2991/1546
f 2989/2991/1547 3049/3050/1547 3050/3051/1547 2990/2992/1547
f 2990/2992/1548 3050/3051/1548 3051/3052/1548 2991/2993/1548
f 2991/2993/1549 3051/3052/1549 3052/3053/1549 2992/2994/1549
f 2992/2994/3 3052/3053/3 3053/3054/3 2993/2995/3
f 2993/2995/1550 3053/3054/1550 3054/3055/1550 2994/2996/1550
f 2994/2996/1551 3054/3055/1551 3055/3056/1551 2995/2997/1551
f 2995/2997/1552 3055/3056/1552 3056/3057/1552 2996/2998/1552
f 2996/2998/1516 3056/3057/1516 3057/3058/1516 2997/2999/1516
f 2997/2999/1504 3057/3058/1426 3058/3059/1426 2998/3000/1448
f 2998/3000/1553 3058/3059/1553 3059/3060/1553 2999/3001/1553
f 2999/3001/1554 3059/3060/1554 3060/3061/1554 3000/3002/1554
f 3000/3002/1555 3060/3061/1555 3061/3062/1555 3001/3003/1555
f 3001/3003/1556 3061/3062/1556 3062/3063/1556 3002/3004/1556
f 3002/3004/1557 3062/3063/1557 3063/3064/1557 3003/3005/1557
f 3003/3005/1558 3063/3064/1558 3064/3065/1558 3004/3006/1558
f 3004/3006/1559 3064/3065/1559 3065/3066/1559 3005/3007/1559
f 3005/3007/1560 3065/3066/1560 3066/3067/1560 3006/3008/1560
f 3006/3008/1561 3066/3067/1561 3067/3068/1561 3007/3009/1561
f 3007/3009/1562 3067/3068/1562 3068/3069/1562 3008/3010/1562
f 3008/3010/1563 3068/3069/1563 3069/3070/1563 3009/3011/1563
f 3009/3011/1564 3069/3070/1564 3070/3071/1564 3010/3012/1564
f 3010/3012/1565 3070/3071/1565 3071/3072/1565 3011/3013/1565
f 3011/3013/1566 3071/3072/1566 3072/3073/1566 3012/3014/1566
f 3012/3014/1567 3072/3073/1567 3073/3074/1567 3013/3015/1567
f 3013/3015/1568 3073/3074/1568 3074/3075/1568 3014/3016/1568
f 3014/3016/1569 3074/3075/1569 3075/3076/1569 3015/3017/1569
f 3015/3017/1570 3075/3076/1570 3076/3077/1570 3016/3018/1570
f 3016/3018/1571 3076/3077/1571 3077/3078/1571 3017/3019/1571
f 3017/3019/1572 3077/3078/1572 3078/3079/1572 3018/3020/1572
f 3018/3020/1573 3078/3079/1573 3079/3080/1573 3019/3021/1573
f 3019/3021/1574 3079/3080/1574 3080/3081/1574 3020/3022/1574
f 3020/3022/1575 3080/3081/1575 3081/3082/1575 3021/3023/1575
f 3021/3023/1576 3081/3082/1576 3082/3083/1576 3022/3024/1576
f 3022/3024/1577 3082/3083/1577 3083/3084/1577 3023/3025/1577
f 3023/3025/1578 3083/3084/1578 3084/3085/1578 3024/3026/1578
f 3024/3026/3 3084/3085/3 3085/3086/3 3025/3027/3
f 3025/3027/3 3085/3086/3 3086/3087/3 3026/3028/3
f 3026/3028/1579 3086/3087/1579 3087/3088/1579 3027/3029/1579
f 3027/3029/1580 3087/3088/1580 3088/3089/1580 3028/3030/1580
f 3028/3030/1581 3088/3089/1581 3089/3090/1581 3029/3031/1581
f 3029/3031/1582 3089/3090/1582 3090/3091/1582 3030/3032/1582
f 3030/3032/1583 3090/3091/1583 3091/3092/1583 3031/3033/1583
f 3031/3033/1584 3091/3092/1584 3092/3093/1584 3032/3034/1584
f 3032/3034/1585 3092/3093/1585 3093/3094/1585 3033/3035/1585
f 3033/3035/1586 3093/3094/1586 3094/3095/1586 3034/3036/1586
f 3034/3036/1587 3094/3095/1587 3095/3096/1587 3035/3037/1587
f 3035/3037/1588 3095/3096/1588 3096/298/1588 3036/297/1588
f 125/14/3 126/13/3 3097/3097/3 3037/3038/3
f 3037/3038/3 3097/3097/3 3098/3098/3 3038/3039/3
f 3038/3039/3 3098/3098/3 3099/3099/1589 3039/3040/1536
f 3039/3040/1536 3099/3099/1589 3100/3100/1590 3040/3041/1537
f 3040/3041/1591 3100/3100/1591 3101/3101/1591 3041/3042/1591
f 3041/3042/1592 3101/3101/1592 3102/3102/1592 3042/3043/1592
f 3042/3043/1593 3102/3102/1593 3103/3103/1593 3043/3044/1593
f 3043/3044/1594 3103/3103/1594 3104/3104/1594 3044/3045/1594
f 3044/3045/1595 3104/3104/1595 3105/3105/1595 3045/3046/1595
f 3045/3046/1596 3105/3105/1596 3106/3106/1596 3046/3047/1596
f 3046/3047/1597 3106/3106/1597 3107/3107/1597 3047/3048/1597
f 3047/3048/1598 3107/3107/1598 3108/3108/1598 3048/3049/1598
f 3048/3049/1599 3108/3108/1599 3109/3109/1599 3049/3050/1599
f 3049/3050/1600 3109/3109/1600 3110/3110/1600 3050/3051/1600
f 3050/3051/1601 3110/3110/1601 3111/3111/1601 3051/3052/1601
f 3051/3052/1602 3111/3111/1602 3112/3112/1602 3052/3053/1602
f 3052/3053/1603 3112/3112/1603 3113/3113/1603 3053/3054/1603
f 3053/3054/1604 3113/3113/1604 3114/3114/1604 3054/3055/1604
f 3054/3055/1605 3114/3114/1605 3115/3115/1605 3055/3056/1605
f 3055/3056/1606 3115/3115/1606 3116/3116/1606 3056/3057/1606
f 3056/3057/1607 3116/3116/1607 3117/3117/1607 3057/3058/1607
f 3057/3058/1608 3117/3117/1608 3118/3118/1608 3058/3059/1608
f 3058/3059/1609 3118/3118/1609 3119/3119/1609 3059/3060/1609
f 3059/3060/1610 3119/3119/1610 3120/3120/1610 3060/3061/1610
f 3060/3061/1611 3120/3120/1611 3121/3121/1611 3061/3062/1611
f 3061/3062/1612 3121/3121/1612 3122/3122/1612 3062/3063/1612
f 3062/3063/1613 3122/3122/1613 3123/3123/1613 3063/3064/1613
f 3063/3064/1614 3123/3123/1614 3124/3124/1614 3064/3065/1614
f 3064/3065/1615 3124/3124/1615 3125/3125/1615 3065/3066/1615
f 3065/3066/1616 3125/3125/1616 3126/3126/1616 3066/3067/1616
f 3066/3067/1617 3126/3126/1617 3127/3127/1617 3067/3068/1617
f 3067/3068/1618 3127/3127/1618 3128/3128/1618 3068/3069/1618
f 3068/3069/1619 3128/3128/1619 3129/3129/1619 3069/3070/1619
f 3069/3070/1620 3129/3129/1620 3130/3130/1620 3070/3071/1620
f 3070/3071/1621 3130/3130/1621 3131/3131/1621 3071/3072/1621
f 3071/3072/1622 3131/3131/1622 3132/3132/1622 3072/3073/1622
f 3072/3073/1623 3132/3132/1623 3133/3133/1623 3073/3074/1623
f 3073/3074/1624 3133/3133/1624 3134/3134/1624 3074/3075/1624
f 3074/3075/1625 3134/3134/1625 3135/3135/1625 3075/3076/1625
f 3075/3076/1626 3135/3135/1626 3136/3136/1626 3076/3077/1626
f 3076/3077/1627 3136/3136/1627 3137/3137/1627 3077/3078/1627
f 3077/3078/1628 3137/3137/1628 3138/3138/1628 3078/3079/1628
f 3078/3079/1629 3138/3138/1629 3139/3139/1629 3079/3080/1629
f 3079/3080/1630 3139/3139/1630 3140/3140/1630 3080/3081/1630
f 3080/3081/1631 3140/3140/1631 3141/3141/1631 3081/3082/1631
f 3081/3082/1632 3141/3141/1632 3142/3142/1632 3082/3083/1632
f 3082/3083/1633 3142/3142/1633 3143/3143/1633 3083/3084/1633
f 3083/3084/1634 3143/3143/1634 3144/3144/1634 3084/3085/1634
f 3084/3085/3 3144/3144/3 3145/3145/3 3085/3086/3
f 3085/3086/1635 3145/3145/1635 3146/3146/1635 3086/3087/1635
f 3086/3087/1636 3146/3146/1636 3147/3147/1636 3087/3088/1636
f 3087/3088/1637 3147/3147/1637 3148/3148/1637 3088/3089/1637
f 3088/3089/1638 3148/3148/1638 3149/3149/1638 3089/3090/1638
f 3089/3090/1639 3149/3149/1639 3150/3150/1639 3090/3091/1639
f 3090/3091/1640 3150/3150/1640 3151/3151/1640 3091/3092/1640
f 3091/3092/1641 3151/3151/1641 3152/3152/1641 3092/3093/1641
f 3092/3093/1642 3152/3152/1642 3153/3153/1642 3093/3094/1642
f 3093/3094/1643 3153/3153/1643 3154/3154/1643 3094/3095/1643
f 3094/3095/1644 3154/3154/1644 3155/3155/1644 3095/3096/1644
f 3095/3096/1645 3155/3155/1645 3156/299/1645 3096/298/1645
f 126/13/3 127/12/3 3157/3156/3 3097/3097/3
f 3097/3097/3 3157/3156/3 3158/3157/3 3098/3098/3
f 3098/3098/3 3158/3157/3 3159/3158/1646 3099/3099/1589
f 3099/3099/1589 3159/3158/1646 3160/3159/111 3100/3100/1590
f 3100/3100/1647 3160/3159/1647 3161/3160/1647 3101/3101/1647
f 3101/3101/1648 3161/3160/1648 3162/3161/1648 3102/3102/1648
f 3102/3102/1649 3162/3161/1649 3163/3162/1649 3103/3103/1649
f 3103/3103/1650 3163/3162/1650 3164/3163/1650 3104/3104/1650
f 3104/3104/1651 3164/3163/1651 3165/3164/1651 3105/3105/1651
f 3105/3105/1652 3165/3164/1652 3166/3165/1652 3106/3106/1652
f 3106/3106/1653 3166/3165/1653 3167/3166/1654 3107/3107/1655
f 3107/3107/1655 3167/3166/1654 3168/3167/1656 3108/3108/1656
f 3108/3108/1657 3168/3167/1657 3169/3168/1657 3109/3109/1657
f 3109/3109/1658 3169/3168/1658 3170/3169/1658 3110/3110/1658
f 3110/3110/1659 3170/3169/1659 3171/3170/1659 3111/3111/1659
f 3111/3111/1660 3171/3170/1660 3172/3171/1660 3112/3112/1660
f 3112/3112/1661 3172/3171/1661 3173/3172/1661 3113/3113/1661
f 3113/3113/1662 3173/3172/1662 3174/3173/1662 3114/3114/1662
f 3114/3114/1663 3174/3173/1663 3175/3174/1663 3115/3115/1663
f 3115/3115/1664 3175/3174/1664 3176/3175/1664 3116/3116/1664
f 3116/3116/1665 3176/3175/1665 3177/3176/1665 3117/3117/1665
f 3117/3117/1666 3177/3176/1666 3178/3177/1666 3118/3118/1666
f 3118/3118/1667 3178/3177/1667 3179/3178/1667 3119/3119/1667
f 3119/3119/1668 3179/3178/1668 3180/3179/1668 3120/3120/1668
f 3120/3120/1669 3180/3179/1669 3181/3180/1669 3121/3121/1669
f 3121/3121/1670 3181/3180/1670 3182/3181/1670 3122/3122/1670
f 3122/3122/1671 3182/3181/1671 3183/3182/1671 3123/3123/1671
f 3123/3123/1672 3183/3182/1672 3184/3183/1672 3124/3124/1672
f 3124/3124/1673 3184/3183/1674 3185/3184/1675 3125/3125/1673
f 3125/3125/1676 3185/3184/1676 3186/3185/1676 3126/3126/1676
f 3126/3126/1677 3186/3185/1677 3187/3186/1677 3127/3127/1677
f 3127/3127/1678 3187/3186/1678 3188/3187/1678 3128/3128/1678
f 3128/3128/1679 3188/3187/1679 3189/3188/1679 3129/3129/1679
f 3129/3129/1680 3189/3188/1680 3190/3189/1680 3130/3130/1680
f 3130/3130/1681 3190/3189/1681 3191/3190/1681 3131/3131/1681
f 3131/3131/1682 3191/3190/1682 3192/3191/1682 3132/3132/1682
f 3132/3132/1683 3192/3191/1683 3193/3192/1683 3133/3133/1683
f 3133/3133/1684 3193/3192/1684 3194/3193/1684 3134/3134/1684
f 3134/3134/1685 3194/3193/1685 3195/3194/1685 3135/3135/1685
f 3135/3135/1686 3195/3194/1686 3196/3195/1686 3136/3136/1686
f 3136/3136/1687 3196/3195/1687 3197/3196/1687 3137/3137/1687
f 3137/3137/1688 3197/3196/1688 3198/3197/1688 3138/3138/1688
f 3138/3138/1689 3198/3197/1689 3199/3198/1689 3139/3139/1689
f 3139/3139/1690 3199/3198/1690 3200/3199/1690 3140/3140/1690
f 3140/3140/1691 3200/3199/1691 3201/3200/1691 3141/3141/1691
f 3141/3141/1692 3201/3200/1692 3202/3201/1692 3142/3142/1692
f 3142/3142/1693 3202/3201/1693 3203/3202/1693 3143/3143/1693
f 3143/3143/1694 3203/3202/1694 3204/3203/1694 3144/3144/1694
f 3144/3144/1695 3204/3203/1695 3205/3204/1695 3145/3145/1695
f 3145/3145/1696 3205/3204/1696 3206/3205/1696 3146/3146/1696
f 3146/3146/1697 3206/3205/1697 3207/3206/1697 3147/3147/1697
f 3147/3147/1698 3207/3206/1698 3208/3207/1698 3148/3148/1698
f 3148/3148/1699 3208/3207/1699 3209/3208/1699 3149/3149/1699
f 3149/3149/1700 3209/3208/1700 3210/3209/1700 3150/3150/1700
f 3150/3150/1701 3210/3209/1701 3211/3210/1701 3151/3151/1701
f 3151/3151/1702 3211/3210/1702 3212/3211/1702 3152/3152/1702
f 3152/3152/1703 3212/3211/1703 3213/3212/1703 3153/3153/1703
f 3153/3153/1704 3213/3212/1704 3214/3213/1704 3154/3154/1704
f 3154/3154/1705 3214/3213/1705 3215/3214/1705 3155/3155/1705
f 3155/3155/1706 3215/3214/1706 3216/300/1706 3156/299/1706
f 127/12/3 128/11/3 3217/3215/3 3157/3156/3
f 3157/3156/3 3217/3215/3 3218/3216/3 3158/3157/3
f 3158/3157/1707 3218/3216/1707 3219/3217/1707 3159/3158/1707
f 3159/3158/1708 3219/3217/1708 3220/3218/1708 3160/3159/1708
f 3160/3159/1709 3220/3218/1709 3221/3219/1709 3161/3160/1709
f 3161/3160/1710 3221/3219/1710 3222/3220/1710 3162/3161/1710
f 3162/3161/1711 3222/3220/1711 3223/3221/1711 3163/3162/1711
f 3163/3162/1712 3223/3221/1712 3224/3222/1712 3164/3163/1712
f 3164/3163/1713 3224/3222/1713 3225/3223/1713 3165/3164/1713
f 3165/3164/1714 3225/3223/1714 3226/3224/1714 3166/3165/1714
f 3166/3165/1715 3226/3224/1715 3227/3225/1715 3167/3166/1715
f 3167/3166/1716 3227/3225/1716 3228/3226/1716 3168/3167/1716
f 3168/3167/1717 3228/3226/1717 3229/3227/1717 3169/3168/1717
f 3169/3168/1718 3229/3227/1718 3230/3228/1718 3170/3169/1718
f 3170/3169/1719 3230/3228/1719 3231/3229/1719 3171/3170/1719
f 3171/3170/1720 3231/3229/1720 3232/3230/1720 3172/3171/1720
f 3172/3171/1721 3232/3230/1721 3233/3231/1721 3173/3172/1721
f 3173/3172/1722 3233/3231/1722 3234/3232/1722 3174/3173/1722
f 3174/3173/1723 3234/3232/1723 3235/3233/1723 3175/3174/1723
f 3175/3174/1724 3235/3233/1724 3236/3234/1724 3176/3175/1724
f 3176/3175/1725 3236/3234/1725 3237/3235/1725 3177/3176/1725
f 3177/3176/1726 3237/3235/1726 3238/3236/1726 3178/3177/1726
f 3178/3177/1727 3238/3236/1727 3239/3237/1727 3179/3178/1727
f 3179/3178/1728 3239/3237/1728 3240/3238/1728 3180/3179/1728
f 3180/3179/1729 3240/3238/1729 3241/3239/1729 3181/3180/1729
f 3181/3180/1730 3241/3239/1730 3242/3240/1730 3182/3181/1730
f 3182/3181/1731 3242/3240/1731 3243/3241/1731 3183/3182/1731
f 3183/3182/1732 3243/3241/1732 3244/3242/1732 3184/3183/1732
f 3184/3183/1674 3244/3242/1733 3245/3243/1733 3185/3184/1675
f 3185/3184/1734 3245/3243/1734 3246/3244/1734 3186/3185/1734
f 3186/3185/1735 3246/3244/1735 3247/3245/1735 3187/3186/1735
f 3187/3186/1736 3247/3245/1736 3248/3246/1736 3188/3187/1736
f 3188/3187/1737 3248/3246/1737 3249/3247/1737 3189/3188/1737
f 3189/3188/1738 3249/3247/1738 3250/3248/1738 3190/3189/1738
f 3190/3189/1739 3250/3248/1739 3251/3249/1739 3191/3190/1739
f 3191/3190/1740 3251/3249/1740 3252/3250/1740 3192/3191/1740
f 3192/3191/1741 3252/3250/1741 3253/3251/1741 3193/3192/1741
f 3193/3192/1742 3253/3251/1742 3254/3252/1742 3194/3193/1742
f 3194/3193/1743 3254/3252/1743 3255/3253/1743 3195/3194/1743
f 3195/3194/1744 3255/3253/1744 3256/3254/1744 3196/3195/1744
f 3196/3195/1745 3256/3254/1745 3257/3255/1745 3197/3196/1745
f 3197/3196/1746 3257/3255/1746 3258/3256/1746 3198/3197/1746
f 3198/3197/1747 3258/3256/1747 3259/3257/1747 3199/3198/1747
f 3199/3198/1748 3259/3257/1748 3260/3258/1748 3200/3199/1748
f 3200/3199/1749 3260/3258/1749 3261/3259/1749 3201/3200/1749
f 3201/3200/1750 3261/3259/1750 3262/3260/1750 3202/3201/1750
f 3202/3201/1751 3262/3260/1751 3263/3261/1751 3203/3202/1751
f 3203/3202/1752 3263/3261/1752 3264/3262/1752 3204/3203/1752
f 3204/3203/1753 3264/3262/1753 3265/3263/1753 3205/3204/1753
f 3205/3204/1754 3265/3263/1754 3266/3264/1754 3206/3205/1754
f 3206/3205/1755 3266/3264/1755 3267/3265/1755 3207/3206/1755
f 3207/3206/1756 3267/3265/1756 3268/3266/1756 3208/3207/1756
f 3208/3207/1757 3268/3266/1757 3269/3267/1757 3209/3208/1757
f 3209/3208/1758 3269/3267/1758 3270/3268/1758 3210/3209/1758
f 3210/3209/1759 3270/3268/1759 3271/3269/1759 3211/3210/1759
f 3211/3210/1760 3271/3269/1760 3272/3270/1760 3212/3211/1760
f 3212/3211/1761 3272/3270/1761 3273/3271/1761 3213/3212/1761
f 3213/3212/1762 3273/3271/1762 3274/3272/1762 3214/3213/1762
f 3214/3213/1763 3274/3272/1763 3275/3273/1763 3215/3214/1763
f 3215/3214/1764 3275/3273/1764 3276/301/1764 3216/300/1764
f 128/11/3 129/10/3 3277/3274/3 3217/3215/3
f 3217/3215/3 3277/3274/3 3278/3275/3 3218/3216/3
f 3218/3216/1765 3278/3275/1765 3279/3276/1765 3219/3217/1765
f 3219/3217/1766 3279/3276/1766 3280/3277/1766 3220/3218/1766
f 3220/3218/1767 3280/3277/1767 3281/3278/1767 3221/3219/1767
f 3221/3219/1768 3281/3278/1768 3282/3279/1768 3222/3220/1768
f 3222/3220/1769 3282/3279/1769 3283/3280/1769 3223/3221/1769
f 3223/3221/1770 3283/3280/1770 3284/3281/1770 3224/3222/1770
f 3224/3222/1771 3284/3281/1771 3285/3282/1771 3225/3223/1771
f 3225/3223/3 3285/3282/3 3286/3283/3 3226/3224/3
f 3226/3224/3 3286/3283/3 3287/3284/3 3227/3225/3
f 3227/3225/1772 3287/3284/1772 3288/3285/1772 3228/3226/1772
f 3228/3226/1773 3288/3285/1773 3289/3286/1773 3229/3227/1773
f 3229/3227/1774 3289/3286/1774 3290/3287/1774 3230/3228/1774
f 3230/3228/1775 3290/3287/1775 3291/3288/1775 3231/3229/1775
f 3231/3229/1776 3291/3288/1776 3292/3289/1776 3232/3230/1776
f 3232/3230/1777 3292/3289/1777 3293/3290/1777 3233/3231/1777
f 3233/3231/1778 3293/3290/1778 3294/3291/1778 3234/3232/1778
f 3234/3232/1779 3294/3291/1779 3295/3292/1779 3235/3233/1779
f 3235/3233/1780 3295/3292/1780 3296/3293/1780 3236/3234/1780
f 3236/3234/1781 3296/3293/1781 3297/3294/1781 3237/3235/1781
f 3237/3235/1782 3297/3294/1782 3298/3295/1782 3238/3236/1782
f 3238/3236/1783 3298/3295/1783 3299/3296/1783 3239/3237/1783
f 3239/3237/1784 3299/3296/1784 3300/3297/1784 3240/3238/1784
f 3240/3238/1785 3300/3297/1785 3301/3298/1785 3241/3239/1785
f 3241/3239/1786 3301/3298/1786 3302/3299/1786 3242/3240/1786
f 3242/3240/3 3302/3299/3 3303/3300/3 3243/3241/3
f 3243/3241/3 3303/3300/3 3304/3301/393 3244/3242/3
f 3244/3242/1787 3304/3301/1787 3305/3302/1787 3245/3243/1787
f 3245/3243/1788 3305/3302/1788 3306/3303/1788 3246/3244/1788
f 3246/3244/1789 3306/3303/1789 3307/3304/1789 3247/3245/1789
f 3247/3245/1790 3307/3304/1790 3308/3305/1790 3248/3246/1790
f 3248/3246/1791 3308/3305/1791 3309/3306/1791 3249/3247/1791
f 3249/3247/1792 3309/3306/1792 3310/3307/1792 3250/3248/1792
f 3250/3248/1793 3310/3307/1793 3311/3308/1793 3251/3249/1793
f 3251/3249/1794 3311/3308/1794 3312/3309/1794 3252/3250/1794
f 3252/3250/1795 3312/3309/1795 3313/3310/1795 3253/3251/1795
f 3253/3251/1796 3313/3310/1796 3314/3311/1796 3254/3252/1796
f 3254/3252/1797 3314/3311/1797 3315/3312/1797 3255/3253/1797
f 3255/3253/1798 3315/3312/1798 3316/3313/1798 3256/3254/1798
f 3256/3254/1799 3316/3313/1799 3317/3314/1799 3257/3255/1799
f 3257/3255/1800 3317/3314/1800 3318/3315/1800 3258/3256/1800
f 3258/3256/1801 3318/3315/1801 3319/3316/1801 3259/3257/1801
f 3259/3257/1802 3319/3316/1802 3320/3317/1802 3260/3258/1802
f 3260/3258/1803 3320/3317/1803 3321/3318/1803 3261/3259/1803
f 3261/3259/1804 3321/3318/1804 3322/3319/1804 3262/3260/1804
f 3262/3260/1805 3322/3319/1805 3323/3320/1805 3263/3261/1805
f 3263/3261/1806 3323/3320/1806 3324/3321/1806 3264/3262/1806
f 3264/3262/1807 3324/3321/1807 3325/3322/1807 3265/3263/1807
f 3265/3263/1808 3325/3322/1808 3326/3323/1808 3266/3264/1808
f 3266/3264/1809 3326/3323/1809 3327/3324/1809 3267/3265/1809
f 3267/3265/1810 3327/3324/1810 3328/3325/1810 3268/3266/1810
f 3268/3266/1811 3328/3325/1811 3329/3326/1811 3269/3267/1811
f 3269/3267/1812 3329/3326/1812 3330/3327/1812 3270/3268/1812
f 3270/3268/1813 3330/3327/1813 3331/3328/1813 3271/3269/1813
f 3271/3269/1814 3331/3328/1814 3332/3329/1814 3272/3270/1814
f 3272/3270/1815 3332/3329/1815 3333/3330/1815 3273/3271/1815
f 3273/3271/1816 3333/3330/1816 3334/3331/1816 3274/3272/1816
f 3274/3272/1817 3334/3331/1817 3335/3332/1817 3275/3273/1817
f 3275/3273/1818 3335/3332/1818 3336/302/1818 3276/301/1818
f 129/10/3 130/9/3 3337/3333/3 3277/3274/3
f 3277/3274/3 3337/3333/3 3338/3334/3 3278/3275/3
f 3278/3275/1819 3338/3334/1819 3339/3335/1819 3279/3276/1819
f 3279/3276/1820 3339/3335/1820 3340/3336/1820 3280/3277/1820
f 3280/3277/1821 3340/3336/1821 3341/3337/1821 3281/3278/1821
f 3281/3278/1822 3341/3337/1822 3342/3338/1822 3282/3279/1822
f 3282/3279/1823 3342/3338/1823 3343/3339/1823 3283/3280/1823
f 3283/3280/1824 3343/3339/1824 3344/3340/1824 3284/3281/1824
f 3284/3281/1825 3344/3340/1825 3345/3341/1825 3285/3282/1825
f 3285/3282/3 3345/3341/3 3346/3342/3 3286/3283/3
f 3286/3283/3 3346/3342/3 3347/3343/3 3287/3284/3
f 3287/3284/1826 3347/3343/1826 3348/3344/1826 3288/3285/1826
f 3288/3285/1827 3348/3344/1827 3349/3345/1827 3289/3286/1827
f 3289/3286/1828 3349/3345/1828 3350/3346/1828 3290/3287/1828
f 3290/3287/1829 3350/3346/1829 3351/3347/1829 3291/3288/1829
f 3291/3288/1830 3351/3347/1830 3352/3348/1830 3292/3289/1830
f 3292/3289/1831 3352/3348/1831 3353/3349/1831 3293/3290/1831
f 3293/3290/1832 3353/3349/1832 3354/3350/1832 3294/3291/1832
f 3294/3291/1833 3354/3350/1833 3355/3351/1833 3295/3292/1833
f 3295/3292/1834 3355/3351/1834 3356/3352/1834 3296/3293/1834
f 3296/3293/1835 3356/3352/1835 3357/3353/1835 3297/3294/1835
f 3297/3294/1836 3357/3353/1836 3358/3354/1836 3298/3295/1836
f 3298/3295/1837 3358/3354/1837 3359/3355/1837 3299/3296/1837
f 3299/3296/1838 3359/3355/1838 3360/3356/1838 3300/3297/1838
f 3300/3297/1839 3360/3356/1839 3361/3357/1839 3301/3298/1839
f 3301/3298/1840 3361/3357/1840 3362/3358/1840 3302/3299/1840
f 3302/3299/3 3362/3358/1841 3363/3359/3 3303/3300/3
f 3303/3300/3 3363/3359/3 3364/3360/392 3304/3301/393
f 3304/3301/393 3364/3360/392 3365/3361/393 3305/3302/443
f 3305/3302/1842 3365/3361/1842 3366/3362/1842 3306/3303/1842
f 3306/3303/1843 3366/3362/1843 3367/3363/1843 3307/3304/1843
f 3307/3304/1844 3367/3363/1844 3368/3364/1844 3308/3305/1844
f 3308/3305/1845 3368/3364/1845 3369/3365/1845 3309/3306/1845
f 3309/3306/1846 3369/3365/1846 3370/3366/1846 3310/3307/1846
f 3310/3307/1847 3370/3366/1847 3371/3367/1847 3311/3308/1847
f 3311/3308/1848 3371/3367/1848 3372/3368/1848 3312/3309/1848
f 3312/3309/1849 3372/3368/1849 3373/3369/1849 3313/3310/1849
f 3313/3310/1850 3373/3369/1850 3374/3370/1850 3314/3311/1850
f 3314/3311/1851 3374/3370/1851 3375/3371/1851 3315/3312/1851
f 3315/3312/1852 3375/3371/1852 3376/3372/1852 3316/3313/1852
f 3316/3313/1853 3376/3372/1853 3377/3373/1853 3317/3314/1853
f 3317/3314/1854 3377/3373/1854 3378/3374/1854 3318/3315/1854
f 3318/3315/1855 3378/3374/1855 3379/3375/1855 3319/3316/1855
f 3319/3316/1856 3379/3375/1856 3380/3376/1856 3320/3317/1856
f 3320/3317/1857 3380/3376/1857 3381/3377/1857 3321/3318/1857
f 3321/3318/1858 3381/3377/1858 3382/3378/1858 3322/3319/1858
f 3322/3319/500 3382/3378/1859 3383/3379/1168 3323/3320/500
f 3323/3320/1860 3383/3379/1860 3384/3380/1860 3324/3321/1860
f 3324/3321/1861 3384/3380/1861 3385/3381/1861 3325/3322/1861
f 3325/3322/1862 3385/3381/1862 3386/3382/1862 3326/3323/1862
f 3326/3323/1863 3386/3382/1863 3387/3383/1863 3327/3324/1863
f 3327/3324/1864 3387/3383/1864 3388/3384/1864 3328/3325/1864
f 3328/3325/1865 3388/3384/1865 3389/3385/1865 3329/3326/1865
f 3329/3326/1866 3389/3385/1866 3390/3386/1866 3330/3327/1866
f 3330/3327/1867 3390/3386/1867 3391/3387/1867 3331/3328/1867
f 3331/3328/1868 3391/3387/1868 3392/3388/1868 3332/3329/1868
f 3332/3329/1869 3392/3388/1869 3393/3389/1869 3333/3330/1869
f 3333/3330/1870 3393/3389/1870 3394/3390/1870 3334/3331/1870
f 3334/3331/1871 3394/3390/1871 3395/3391/1871 3335/3332/1871
f 3335/3332/1872 3395/3391/1872 3396/303/1872 3336/302/1872
f 130/9/3 131/8/3 3397/3392/3 3337/3333/3
f 3337/3333/3 3397/3392/3 3398/3393/3 3338/3334/3
f 3338/3334/1873 3398/3393/1873 3399/3394/1873 3339/3335/1873
f 3339/3335/1874 3399/3394/1874 3400/3395/1874 3340/3336/1874
f 3340/3336/1875 3400/3395/1875 3401/3396/1875 3341/3337/1875
f 3341/3337/1876 3401/3396/1876 3402/3397/1876 3342/3338/1876
f 3342/3338/1877 3402/3397/1877 3403/3398/1877 3343/3339/1877
f 3343/3339/1878 3403/3398/1878 3404/3399/1878 3344/3340/1878
f 3344/3340/3 3404/3399/3 3405/3400/3 3345/3341/3
f 3345/3341/3 3405/3400/3 3406/3401/3 3346/3342/3
f 3346/3342/3 3406/3401/3 3407/3402/1879 3347/3343/3
f 3347/3343/1880 3407/3402/1880 3408/3403/1880 3348/3344/1880
f 3348/3344/1881 3408/3403/1881 3409/3404/1881 3349/3345/1881
f 3349/3345/1882 3409/3404/1882 3410/3405/1882 3350/3346/1882
f 3350/3346/1883 3410/3405/1883 3411/3406/1883 3351/3347/1883
f 3351/3347/1884 3411/3406/1884 3412/3407/1884 3352/3348/1884
f 3352/3348/1885 3412/3407/1885 3413/3408/1885 3353/3349/1885
f 3353/3349/1886 3413/3408/1886 3414/3409/1886 3354/3350/1886
f 3354/3350/1887 3414/3409/1887 3415/3410/1887 3355/3351/1887
f 3355/3351/1888 3415/3410/1888 3416/3411/1888 3356/3352/1888
f 3356/3352/1889 3416/3411/1889 3417/3412/1889 3357/3353/1889
f 3357/3353/1890 3417/3412/1890 3418/3413/1890 3358/3354/1890
f 3358/3354/1891 3418/3413/1891 3419/3414/1891 3359/3355/1891
f 3359/3355/1892 3419/3414/1892 3420/3415/1892 3360/3356/1892
f 3360/3356/1893 3420/3415/1893 3421/3416/1893 3361/3357/1893
f 3361/3357/1894 3421/3416/1841 3422/3417/1859 3362/3358/1841
f 3362/3358/1841 3422/3417/1859 3423/3418/3 3363/3359/3
f 3363/3359/3 3423/3418/3 3424/3419/3 3364/3360/392
f 3364/3360/392 3424/3419/3 3425/3420/3 3365/3361/393
f 3365/3361/393 3425/3420/3 3426/3421/393 3366/3362/1895
f 3366/3362/1895 3426/3421/393 3427/3422/1896 3367/3363/1897
f 3367/3363/1897 3427/3422/1896 3428/3423/1898 3368/3364/1899
f 3368/3364/1899 3428/3423/1898 3429/3424/1900 3369/3365/1901
f 3369/3365/1901 3429/3424/1900 3430/3425/1879 3370/3366/444
f 3370/3366/1902 3430/3425/1902 3431/3426/1902 3371/3367/1902
f 3371/3367/1903 3431/3426/1903 3432/3427/1903 3372/3368/1903
f 3372/3368/1904 3432/3427/1904 3433/3428/1904 3373/3369/1904
f 3373/3369/1905 3433/3428/1905 3434/3429/1905 3374/3370/1905
f 3374/3370/1906 3434/3429/1906 3435/3430/1906 3375/3371/1906
f 3375/3371/1907 3435/3430/1907 3436/3431/1907 3376/3372/1907
f 3376/3372/1908 3436/3431/1908 3437/3432/1908 3377/3373/1908
f 3377/3373/1909 3437/3432/1909 3438/3433/1909 3378/3374/1909
f 3378/3374/1910 3438/3433/1910 3439/3434/1910 3379/3375/1910
f 3379/3375/1911 3439/3434/1911 3440/3435/1911 3380/3376/1911
f 3380/3376/1912 3440/3435/1894 3441/3436/1913 3381/3377/1914
f 3381/3377/1914 3441/3436/1913 3442/3437/3 3382/3378/1859
f 3382/3378/1859 3442/3437/3 3443/3438/393 3383/3379/1168
f 3383/3379/1915 3443/3438/1915 3444/3439/1915 3384/3380/1915
f 3384/3380/1916 3444/3439/1916 3445/3440/1916 3385/3381/1916
f 3385/3381/1917 3445/3440/1917 3446/3441/1917 3386/3382/1917
f 3386/3382/1918 3446/3441/1918 3447/3442/1918 3387/3383/1918
f 3387/3383/1919 3447/3442/1919 3448/3443/1919 3388/3384/1919
f 3388/3384/1920 3448/3443/1920 3449/3444/1920 3389/3385/1920
f 3389/3385/1921 3449/3444/1921 3450/3445/1921 3390/3386/1921
f 3390/3386/1922 3450/3445/1922 3451/3446/1922 3391/3387/1922
f 3391/3387/1923 3451/3446/1923 3452/3447/1923 3392/3388/1923
f 3392/3388/1924 3452/3447/1924 3453/3448/1924 3393/3389/1924
f 3393/3389/1925 3453/3448/1925 3454/3449/1925 3394/3390/1925
f 3394/3390/1926 3454/3449/1926 3455/3450/1926 3395/3391/1926
f 3395/3391/1927 3455/3450/1927 3456/304/1927 3396/303/1927
f 131/8/3 132/7/3 3457/3451/3 3397/3392/3
f 3397/3392/3 3457/3451/3 3458/3452/3 3398/3393/3
f 3398/3393/3 3458/3452/3 3459/3453/3 3399/3394/3
f 3399/3394/1928 3459/3453/1928 3460/3454/1928 3400/3395/1928
f 3400/3395/1929 3460/3454/1929 3461/3455/1929 3401/3396/1929
f 3401/3396/1930 3461/3455/1930 3462/3456/1930 3402/3397/1930
f 3402/3397/1931 3462/3456/1931 3463/3457/1931 3403/3398/1931
f 3403/3398/3 3463/3457/3 3464/3458/3 3404/3399/3
f 3404/3399/3 3464/3458/3 3465/3459/3 3405/3400/3
f 3405/3400/3 3465/3459/3 3466/3460/3 3406/3401/3
f 3406/3401/3 3466/3460/3 3467/3461/1182 3407/3402/1879
f 3407/3402/1879 3467/3461/1182 3468/3462/1879 3408/3403/1932
f 3408/3403/1933 3468/3462/1933 3469/3463/1933 3409/3404/1933
f 3409/3404/1934 3469/3463/1934 3470/3464/1934 3410/3405/1934
f 3410/3405/1935 3470/3464/1935 3471/3465/1935 3411/3406/1935
f 3411/3406/1936 3471/3465/1936 3472/3466/1936 3412/3407/1936
f 3412/3407/1937 3472/3466/1937 3473/3467/1937 3413/3408/1937
f 3413/3408/3 3473/3467/3 3474/3468/3 3414/3409/3
f 3414/3409/3 3474/3468/3 3475/3469/3 3415/3410/3
f 3415/3410/3 3475/3469/3 3476/3470/3 3416/3411/3
f 3416/3411/3 3476/3470/3 3477/3471/413 3417/3412/1938
f 3417/3412/1938 3477/3471/413 3478/3472/1939 3418/3413/1940
f 3418/3413/1940 3478/3472/1939 3479/3473/1941 3419/3414/1942
f 3419/3414/1942 3479/3473/1941 3480/3474/1913 3420/3415/1167
f 3420/3415/1167 3480/3474/1913 3481/3475/3 3421/3416/1841
f 3421/3416/1841 3481/3475/3 3482/3476/3 3422/3417/1859
f 3422/3417/1859 3482/3476/3 3483/3477/3 3423/3418/3
f 3423/3418/3 3483/3477/3 3484/3478/3 3424/3419/3
f 3424/3419/3 3484/3478/3 3485/3479/3 3425/3420/3
f 3425/3420/3 3485/3479/3 3486/3480/3 3426/3421/393
f 3426/3421/393 3486/3480/3 3487/3481/3 3427/3422/1896
f 3427/3422/1896 3487/3481/3 3488/3482/3 3428/3423/1898
f 3428/3423/1898 3488/3482/3 3489/3483/3 3429/3424/1900
f 3429/3424/1900 3489/3483/3 3490/3484/1943 3430/3425/1879
f 3430/3425/1879 3490/3484/1943 3491/3485/1104 3431/3426/1162
f 3431/3426/1944 3491/3485/1944 3492/3486/1944 3432/3427/1944
f 3432/3427/1945 3492/3486/1945 3493/3487/1945 3433/3428/1945
f 3433/3428/1946 3493/3487/1946 3494/3488/1946 3434/3429/1946
f 3434/3429/1947 3494/3488/1947 3495/3489/1947 3435/3430/1947
f 3435/3430/1948 3495/3489/2 3496/3490/1949 3436/3431/1950
f 3436/3431/1950 3496/3490/1949 3497/3491/1951 3437/3432/1952
f 3437/3432/1952 3497/3491/1951 3498/3492/1953 3438/3433/1954
f 3438/3433/1954 3498/3492/1953 3499/3493/489 3439/3434/501
f 3439/3434/501 3499/3493/489 3500/3494/3 3440/3435/1894
f 3440/3435/1894 3500/3494/3 3501/3495/3 3441/3436/1913
f 3441/3436/1913 3501/3495/3 3502/3496/3 3442/3437/3
f 3442/3437/3 3502/3496/3 3503/3497/392 3443/3438/393
f 3443/3438/393 3503/3497/392 3504/3498/413 3444/3439/1943
f 3444/3439/1955 3504/3498/1955 3505/3499/1955 3445/3440/1955
f 3445/3440/1956 3505/3499/1956 3506/3500/1956 3446/3441/1956
f 3446/3441/1957 3506/3500/1957 3507/3501/1957 3447/3442/1957
f 3447/3442/1958 3507/3501/1958 3508/3502/1958 3448/3443/1958
f 3448/3443/1959 3508/3502/1959 3509/3503/1959 3449/3444/1959
f 3449/3444/1960 3509/3503/1960 3510/3504/1960 3450/3445/1960
f 3450/3445/1961 3510/3504/1961 3511/3505/1961 3451/3446/1961
f 3451/3446/1962 3511/3505/1962 3512/3506/1962 3452/3447/1962
f 3452/3447/1963 3512/3506/1963 3513/3507/1963 3453/3448/1963
f 3453/3448/1964 3513/3507/1964 3514/3508/1964 3454/3449/1964
f 3454/3449/1965 3514/3508/1965 3515/3509/1965 3455/3450/1965
f 3455/3450/1966 3515/3509/1966 3516/1/1966 3456/304/1966
f 132/7/3 10/6/3 133/125/3 3457/3451/3
f 3457/3451/3 133/125/3 134/124/3 3458/3452/3
f 3458/3452/3 134/124/3 135/123/3 3459/3453/3
f 3459/3453/3 135/123/3 136/122/3 3460/3454/3
f 3460/3454/3 136/122/3 137/121/3 3461/3455/3
f 3461/3455/3 137/121/3 138/120/3 3462/3456/3
f 3462/3456/3 138/120/3 139/119/3 3463/3457/3
f 3463/3457/3 139/119/3 140/118/3 3464/3458/3
f 3464/3458/3 140/118/3 141/117/3 3465/3459/3
f 3465/3459/3 141/117/3 142/116/3 3466/3460/3
f 3466/3460/3 142/116/3 143/115/3 3467/3461/1182
f 3467/3461/1182 143/115/3 144/114/3 3468/3462/1879
f 3468/3462/1879 144/114/3 145/113/1967 3469/3463/1967
f 3469/3463/1967 145/113/1967 146/112/1968 3470/3464/1969
f 3470/3464/1969 146/112/1968 147/111/1970 3471/3465/1970
f 3471/3465/1970 147/111/1970 148/110/918 3472/3466/918
f 3472/3466/918 148/110/918 149/109/3 3473/3467/3
f 3473/3467/3 149/109/3 150/108/3 3474/3468/3
f 3474/3468/3 150/108/3 151/107/3 3475/3469/3
f 3475/3469/3 151/107/3 152/106/3 3476/3470/3
f 3476/3470/3 152/106/3 153/105/3 3477/3471/413
f 3477/3471/413 153/105/3 154/104/3 3478/3472/1939
f 3478/3472/1939 154/104/3 155/103/3 3479/3473/1941
f 3479/3473/1941 155/103/3 156/102/3 3480/3474/1913
f 3480/3474/1913 156/102/3 157/101/3 3481/3475/3
f 3481/3475/3 157/101/3 158/100/3 3482/3476/3
f 3482/3476/3 158/100/3 159/99/3 3483/3477/3
f 3483/3477/3 159/99/3 160/98/3 3484/3478/3
f 3484/3478/3 160/98/3 161/97/3 3485/3479/3
f 3485/3479/3 161/97/3 162/96/3 3486/3480/3
f 3486/3480/3 162/96/3 163/95/3 3487/3481/3
f 3487/3481/3 163/95/3 164/94/3 3488/3482/3
f 3488/3482/3 164/94/3 165/93/3 3489/3483/3
f 3489/3483/3 165/93/3 166/92/3 3490/3484/1943
f 3490/3484/1943 166/92/3 167/91/3 3491/3485/1104
f 3491/3485/1104 167/91/3 168/90/3 3492/3486/3
f 3492/3486/3 168/90/3 169/89/3 3493/3487/3
f 3493/3487/3 169/89/3 170/88/3 3494/3488/3
f 3494/3488/3 170/88/3 171/87/3 3495/3489/2
f 3495/3489/2 171/87/3 172/86/3 3496/3490/1949
f 3496/3490/1949 172/86/3 173/85/3 3497/3491/1951
f 3497/3491/1951 173/85/3 174/84/3 3498/3492/1953
f 3498/3492/1953 174/84/3 175/83/3 3499/3493/489
f 3499/3493/489 175/83/3 176/82/3 3500/3494/3
f 3500/3494/3 176/82/3 177/81/3 3501/3495/3
f 3501/3495/3 177/81/3 178/80/3 3502/3496/3
f 3502/3496/3 178/80/3 179/79/3 3503/3497/392
f 3503/3497/392 179/79/3 180/78/3 3504/3498/413
f 3504/3498/857 180/78/857 181/77/857 3505/3499/857
f 3505/3499/1971 181/77/1971 182/76/1971 3506/3500/1971
f 3506/3500/1972 182/76/1972 183/75/1972 3507/3501/1972
f 3507/3501/1973 183/75/1973 184/74/1973 3508/3502/1973
f 3508/3502/1974 184/74/1974 185/73/1974 3509/3503/1974
f 3509/3503/1975 185/73/1975 186/72/1975 3510/3504/1975
f 3510/3504/1976 186/72/1976 187/71/1976 3511/3505/1976
f 3511/3505/1977 187/71/1977 188/70/1977 3512/3506/1977
f 3512/3506/3 188/70/3 189/69/1978 3513/3507/1978
f 3513/3507/1978 189/69/1978 190/68/1979 3514/3508/1979
f 3514/3508/1979 190/68/1979 191/67/1980 3515/3509/1980
f 3515/3509/1980 191/67/1980 192/2/1 3516/1/1
f 3518/1678/3 3519/3510/3 3520/3511/3 3517/3512/3
f 3521/915/3 3530/974/3 3531/3513/3 3522/916/3
f 3522/916/3 3531/3513/3 3532/3514/3 3523/917/3
f 3523/917/3 3532/3514/3 3533/3515/3 3524/918/3
f 3524/918/3 3533/3515/3 3534/3516/3 3525/919/3
f 3525/919/3 3534/3516/3 3535/3517/3 3526/920/3
f 3526/920/3 3535/3517/3 3536/975/3 3527/921/3
f 3528/972/3 3547/1026/3 3548/3518/3 3529/973/3
f 3529/973/3 3548/3518/3 3549/3519/3 3530/974/3
f 3530/974/3 3549/3519/3 3550/3520/3 3531/3513/3
f 3531/3513/3 3550/3520/3 3551/3521/3 3532/3514/3
f 3532/3514/3 3551/3521/3 3552/3522/3 3533/3515/3
f 3533/3515/3 3552/3522/3 3553/3523/3 3534/3516/3
f 3534/3516/3 3553/3523/3 3554/3524/3 3535/3517/3
f 3535/3517/3 3554/3524/3 3555/1027/3 3536/975/3
f 3537/978/3 3558/1030/3 3559/3525/3 3538/979/3
f 3538/979/3 3559/3525/3 3560/3526/3 3539/980/3
f 3539/980/3 3560/3526/3 3561/3527/3 3540/981/3
f 3540/981/3 3561/3527/3 3562/3528/3 3541/982/3
f 3541/982/3 3562/3528/3 3563/3529/3 3542/983/3
f 3542/983/3 3563/3529/3 3564/3530/3 3543/984/3
f 3543/984/3 3564/3530/3 3565/1031/3 3544/985/3
f 3545/1024/3 3569/1070/3 3570/3531/3 3546/1025/3
f 3546/1025/3 3570/3531/3 3571/3532/3 3547/1026/3
f 3547/1026/3 3571/3532/3 3572/3533/3 3548/3518/3
f 3548/3518/3 3572/3533/3 3573/3534/3 3549/3519/3
f 3549/3519/3 3573/3534/3 3574/3535/3 3550/3520/3
f 3550/3520/3 3574/3535/3 3575/3536/3 3551/3521/3
f 3551/3521/3 3575/3536/3 3576/3537/3 3552/3522/3
f 3552/3522/3 3576/3537/3 3577/1110/3 3553/3523/3
f 3553/3523/3 3577/1110/3 3578/1113/3 3554/3524/3
f 3554/3524/3 3578/1113/3 3579/1071/3 3555/1027/3
f 3556/1028/3 3580/1072/3 3581/3538/3 3557/1029/3
f 3557/1029/3 3581/3538/3 3582/3539/3 3558/1030/3
f 3558/1030/3 3582/3539/3 3583/3540/3 3559/3525/3
f 3559/3525/3 3583/3540/3 3584/3541/3 3560/3526/3
f 3560/3526/3 3584/3541/3 3585/3542/3 3561/3527/3
f 3561/3527/3 3585/3542/3 3586/3543/3 3562/3528/3
f 3562/3528/3 3586/3543/3 3587/3544/3 3563/3529/3
f 3563/3529/3 3587/3544/3 3588/3545/3 3564/3530/3
f 3564/3530/3 3588/3545/3 3589/3546/3 3565/1031/3
f 3565/1031/3 3589/3546/3 3590/3547/3 3566/1032/3
f 3566/1032/1981 3590/3547/1981 3591/3548/1981 3567/1033/1981
f 3567/1033/1982 3591/3548/1982 3592/1073/1982 3568/1034/1982
f 3569/1070/3 3599/1109/3 3600/3549/3 3570/3531/3
f 3570/3531/3 3600/3549/3 3601/3550/3 3571/3532/3
f 3571/3532/3 3601/3550/3 3602/3551/3 3572/3533/3
f 3572/3533/3 3602/3551/3 3603/3552/3 3573/3534/3
f 3573/3534/3 3603/3552/3 3604/3553/3 3574/3535/3
f 3574/3535/3 3604/3553/3 3605/3554/3 3575/3536/3
f 3575/3536/3 3605/3554/3 3606/3555/3 3576/3537/3
f 3576/3537/3 3606/3555/3 3607/1111/3 3577/1110/3
f 3580/1072/3 3610/1115/3 3611/3556/3 3581/3538/3
f 3581/3538/3 3611/3556/3 3612/3557/3 3582/3539/3
f 3582/3539/3 3612/3557/3 3613/3558/3 3583/3540/3
f 3583/3540/3 3613/3558/3 3614/3559/3 3584/3541/3
f 3584/3541/3 3614/3559/3 3615/3560/3 3585/3542/3
f 3585/3542/3 3615/3560/3 3616/3561/3 3586/3543/3
f 3586/3543/3 3616/3561/3 3617/3562/3 3587/3544/3
f 3587/3544/3 3617/3562/3 3618/3563/3 3588/3545/3
f 3588/3545/3 3618/3563/3 3619/3564/3 3589/3546/3
f 3589/3546/3 3619/3564/3 3620/3565/3 3590/3547/3
f 3590/3547/3 3620/3565/3 3621/3566/1983 3591/3548/1984
f 3591/3548/1984 3621/3566/1983 3622/1116/1984 3592/1073/1985
f 3593/1103/1986 3624/1146/1986 3625/3567/1986 3594/1104/1986
f 3594/1104/3 3625/3567/3 3626/3568/3 3595/1105/3
f 3595/1105/3 3626/3568/3 3627/3569/3 3596/1106/3
f 3596/1106/3 3627/3569/3 3628/3570/3 3597/1107/3
f 3597/1107/3 3628/3570/3 3629/3571/3 3598/1108/3
f 3598/1108/3 3629/3571/3 3630/3572/3 3599/1109/3
f 3599/1109/3 3630/3572/3 3631/3573/3 3600/3549/3
f 3600/3549/3 3631/3573/3 3632/3574/3 3601/3550/3
f 3601/3550/3 3632/3574/3 3633/3575/3 3602/3551/3
f 3602/3551/3 3633/3575/3 3634/3576/3 3603/3552/3
f 3603/3552/3 3634/3576/3 3635/3577/3 3604/3553/3
f 3604/3553/3 3635/3577/3 3636/3578/3 3605/3554/3
f 3605/3554/3 3636/3578/3 3637/3579/3 3606/3555/3
f 3606/3555/3 3637/3579/3 3638/3580/3 3607/1111/3
f 3607/1111/3 3638/3580/3 3639/3581/3 3608/1112/3
f 3608/1112/3 3639/3581/3 3640/3582/3 3609/1114/3
f 3609/1114/3 3640/3582/3 3641/3583/3 3610/1115/3
f 3610/1115/3 3641/3583/3 3642/3584/3 3611/3556/3
f 3611/3556/3 3642/3584/3 3643/3585/3 3612/3557/3
f 3612/3557/3 3643/3585/3 3644/3586/3 3613/3558/3
f 3613/3558/3 3644/3586/3 3645/3587/3 3614/3559/3
f 3614/3559/3 3645/3587/3 3646/3588/3 3615/3560/3
f 3615/3560/3 3646/3588/3 3647/3589/3 3616/3561/3
f 3616/3561/3 3647/3589/3 3648/3590/3 3617/3562/3
f 3617/3562/3 3648/3590/3 3649/3591/3 3618/3563/3
f 3618/3563/3 3649/3591/3 3650/3592/3 3619/3564/3
f 3619/3564/3 3650/3592/3 3651/1177/3 3620/3565/3
f 3620/3565/3 3651/1177/3 3652/1180/3 3621/3566/1983
f 3621/3566/1983 3652/1180/3 3653/1147/3 3622/1116/1984
f 3623/1145/3 3654/1176/3 3655/3593/3 3624/1146/3
f 3624/1146/3 3655/3593/3 3656/3594/3 3625/3567/3
f 3625/3567/3 3656/3594/3 3657/3595/3 3626/3568/3
f 3626/3568/3 3657/3595/3 3658/3596/3 3627/3569/3
f 3627/3569/3 3658/3596/3 3659/3597/3 3628/3570/3
f 3628/3570/3 3659/3597/3 3660/3598/3 3629/3571/3
f 3629/3571/3 3660/3598/3 3661/3599/3 3630/3572/3
f 3630/3572/3 3661/3599/3 3662/3600/3 3631/3573/3
f 3631/3573/3 3662/3600/3 3663/3601/3 3632/3574/3
f 3632/3574/3 3663/3601/3 3664/3602/3 3633/3575/3
f 3633/3575/3 3664/3602/3 3665/3603/3 3634/3576/3
f 3634/3576/3 3665/3603/3 3666/3604/3 3635/3577/3
f 3635/3577/3 3666/3604/3 3667/3605/3 3636/3578/3
f 3636/3578/3 3667/3605/3 3668/3606/3 3637/3579/3
f 3637/3579/3 3668/3606/3 3669/3607/3 3638/3580/3
f 3638/3580/3 3669/3607/3 3670/3608/3 3639/3581/3
f 3639/3581/3 3670/3608/3 3671/3609/3 3640/3582/3
f 3640/3582/3 3671/3609/3 3672/3610/3 3641/3583/3
f 3641/3583/3 3672/3610/3 3673/3611/3 3642/3584/3
f 3642/3584/3 3673/3611/3 3674/1211/3 3643/3585/3
f 3643/3585/3 3674/1211/3 3675/1214/3 3644/3586/3
f 3644/3586/3 3675/1214/3 3676/1216/3 3645/3587/3
f 3645/3587/3 3676/1216/3 3677/1218/3 3646/3588/3
f 3646/3588/3 3677/1218/3 3678/1219/3 3647/3589/3
f 3647/3589/3 3678/1219/3 3679/1222/3 3648/3590/3
f 3648/3590/3 3679/1222/3 3680/1224/3 3649/3591/3
f 3649/3591/3 3680/1224/3 3681/1226/3 3650/3592/3
f 3650/3592/3 3681/1226/3 3682/1178/3 3651/1177/3
f 3654/1176/3 3683/1210/3 3684/1260/3 3655/3593/3
f 3655/3593/3 3684/1260/3 3685/3612/3 3656/3594/3
f 3656/3594/3 3685/3612/3 3686/1261/3 3657/3595/3
f 3657/3595/3 3686/1261/3 3687/1264/3 3658/3596/3
f 3658/3596/3 3687/1264/3 3688/1266/3 3659/3597/3
f 3659/3597/3 3688/1266/3 3689/3613/3 3660/3598/3
f 3660/3598/3 3689/3613/3 3690/3614/3 3661/3599/3
f 3661/3599/3 3690/3614/3 3691/3615/3 3662/3600/3
f 3662/3600/3 3691/3615/3 3692/3616/3 3663/3601/3
f 3663/3601/3 3692/3616/3 3693/3617/3 3664/3602/3
f 3664/3602/3 3693/3617/3 3694/3618/3 3665/3603/3
f 3665/3603/3 3694/3618/3 3695/3619/3 3666/3604/3
f 3666/3604/3 3695/3619/3 3696/3620/3 3667/3605/3
f 3667/3605/3 3696/3620/3 3697/3621/3 3668/3606/3
f 3668/3606/3 3697/3621/3 3698/3622/3 3669/3607/3
f 3669/3607/3 3698/3622/3 3699/3623/3 3670/3608/3
f 3670/3608/3 3699/3623/3 3700/3624/3 3671/3609/3
f 3671/3609/3 3700/3624/3 3701/3625/3 3672/3610/3
f 3672/3610/3 3701/3625/3 3702/3626/3 3673/3611/3
f 3673/3611/3 3702/3626/3 3703/1212/3 3674/1211/3
f 3677/1218/3 3704/1217/3 3705/1220/3 3678/1219/3
f 3684/1260/1987 3706/1259/1987 3707/1309/1987 3685/3612/1987
f 3685/3612/3 3707/1309/3 3708/1262/3 3686/1261/3
f 3688/1266/3 3709/1265/3 3710/1314/3 3689/3613/3
f 3689/3613/3 3710/1314/3 3711/3627/3 3690/3614/3
f 3690/3614/3 3711/3627/3 3712/3628/3 3691/3615/3
f 3691/3615/3 3712/3628/3 3713/3629/3 3692/3616/3
f 3692/3616/3 3713/3629/3 3714/3630/3 3693/3617/3
f 3693/3617/3 3714/3630/3 3715/3631/3 3694/3618/3
f 3694/3618/3 3715/3631/3 3716/3632/3 3695/3619/3
f 3695/3619/3 3716/3632/3 3717/3633/3 3696/3620/3
f 3696/3620/3 3717/3633/3 3718/3634/3 3697/3621/3
f 3697/3621/3 3718/3634/3 3719/3635/3 3698/3622/3
f 3698/3622/3 3719/3635/3 3720/3636/3 3699/3623/3
f 3699/3623/3 3720/3636/3 3721/3637/3 3700/3624/3
f 3700/3624/3 3721/3637/3 3722/3638/3 3701/3625/3
f 3701/3625/3 3722/3638/3 3723/3639/3 3702/3626/3
f 3702/3626/3 3723/3639/3 3724/1267/3 3703/1212/3
f 3710/1314/3 3752/1313/3 3753/3640/3 3711/3627/3
f 3711/3627/3 3753/3640/3 3754/3641/3 3712/3628/3
f 3712/3628/3 3754/3641/3 3755/3642/3 3713/3629/3
f 3713/3629/3 3755/3642/3 3756/3643/3 3714/3630/3
f 3714/3630/3 3756/3643/3 3757/3644/3 3715/3631/3
f 3715/3631/3 3757/3644/3 3758/3645/3 3716/3632/3
f 3716/3632/3 3758/3645/3 3759/3646/3 3717/3633/3
f 3717/3633/3 3759/3646/3 3760/3647/3 3718/3634/3
f 3718/3634/3 3760/3647/3 3761/3648/3 3719/3635/3
f 3719/3635/3 3761/3648/3 3762/1338/3 3720/3636/3
f 3720/3636/3 3762/1338/3 3763/1341/3 3721/3637/3
f 3721/3637/3 3763/1341/3 3764/1343/3 3722/3638/3
f 3722/3638/3 3764/1343/3 3765/1345/3 3723/3639/3
f 3723/3639/3 3765/1345/3 3766/1315/3 3724/1267/3
f 3725/1268/3 3767/1316/3 3768/3649/3 3726/1269/3
f 3726/1269/3 3768/3649/3 3769/3650/3 3727/1270/3
f 3727/1270/3 3769/3650/3 3770/3651/3 3728/1271/3
f 3728/1271/3 3770/3651/3 3771/3652/3 3729/1272/3
f 3729/1272/3 3771/3652/3 3772/3653/3 3730/1273/3
f 3730/1273/3 3772/3653/3 3773/3654/3 3731/1274/3
f 3731/1274/3 3773/3654/3 3774/3655/3 3732/1275/3
f 3732/1275/3 3774/3655/3 3775/3656/3 3733/1276/3
f 3733/1276/3 3775/3656/3 3776/3657/3 3734/1277/3
f 3734/1277/3 3776/3657/3 3777/3658/3 3735/1278/3
f 3735/1278/3 3777/3658/3 3778/3659/3 3736/1279/3
f 3736/1279/1988 3778/3659/1988 3779/3660/1988 3737/1280/1988
f 3737/1280/1989 3779/3660/1989 3780/1317/1989 3738/1281/1989
f 3739/1282/1990 3781/1318/1990 3782/3661/1990 3740/1283/1990
f 3740/1283/1991 3782/3661/1991 3783/3662/1991 3741/1284/1991
f 3741/1284/1992 3783/3662/1992 3784/3663/1992 3742/1285/1992
f 3742/1285/1993 3784/3663/1993 3785/3664/1993 3743/1286/1993
f 3743/1286/1994 3785/3664/1995 3786/3665/1996 3744/1287/1994
f 3744/1287/1997 3786/3665/1997 3787/3666/1997 3745/1288/1997
f 3745/1288/1998 3787/3666/1998 3788/3667/1998 3746/1289/1998
f 3746/1289/1999 3788/3667/1999 3789/3668/1999 3747/1290/1999
f 3747/1290/2000 3789/3668/2000 3790/3669/2000 3748/1291/2000
f 3748/1291/2001 3790/3669/2001 3791/3670/2001 3749/1292/2001
f 3749/1292/2002 3791/3670/2002 3792/1319/2002 3750/1293/2002
f 3751/1312/3 3793/1337/3 3794/3671/3 3752/1313/3
f 3752/1313/3 3794/3671/3 3795/3672/3 3753/3640/3
f 3753/3640/3 3795/3672/3 3796/3673/3 3754/3641/3
f 3754/3641/3 3796/3673/3 3797/3674/3 3755/3642/3
f 3755/3642/3 3797/3674/3 3798/3675/3 3756/3643/3
f 3756/3643/3 3798/3675/3 3799/3676/3 3757/3644/3
f 3757/3644/3 3799/3676/3 3800/1369/3 3758/3645/3
f 3758/3645/3 3800/1369/3 3801/1372/3 3759/3646/3
f 3759/3646/3 3801/1372/3 3802/1374/3 3760/3647/3
f 3760/3647/3 3802/1374/3 3803/1376/3 3761/3648/3
f 3761/3648/3 3803/1376/3 3804/1339/3 3762/1338/3
f 3765/1345/3 3806/1344/3 3807/3677/3 3766/1315/3
f 3766/1315/3 3807/3677/3 3808/3678/3 3767/1316/3
f 3767/1316/3 3808/3678/3 3809/3679/3 3768/3649/3
f 3768/3649/3 3809/3679/3 3810/3680/3 3769/3650/3
f 3769/3650/3 3810/3680/3 3811/3681/3 3770/3651/3
f 3770/3651/3 3811/3681/3 3812/3682/3 3771/3652/3
f 3771/3652/3 3812/3682/3 3813/3683/3 3772/3653/3
f 3772/3653/3 3813/3683/3 3814/3684/3 3773/3654/3
f 3773/3654/3 3814/3684/3 3815/3685/3 3774/3655/3
f 3774/3655/3 3815/3685/3 3816/3686/3 3775/3656/3
f 3775/3656/3 3816/3686/3 3817/3687/3 3776/3657/3
f 3776/3657/3 3817/3687/3 3818/3688/3 3777/3658/3
f 3777/3658/3 3818/3688/3 3819/3689/3 3778/3659/3
f 3778/3659/3 3819/3689/3 3820/3690/3 3779/3660/3
f 3779/3660/2003 3820/3690/2003 3821/3691/2003 3780/1317/2003
f 3780/1317/2004 3821/3691/2004 3822/3692/2004 3781/1318/2004
f 3781/1318/2005 3822/3692/2005 3823/3693/2005 3782/3661/2005
f 3782/3661/2006 3823/3693/2006 3824/3694/2006 3783/3662/2006
f 3783/3662/2007 3824/3694/2007 3825/3695/2007 3784/3663/2007
f 3784/3663/1066 3825/3695/3 3826/3696/3 3785/3664/1066
f 3785/3664/1995 3826/3696/2008 3827/3697/2009 3786/3665/1996
f 3786/3665/2010 3827/3697/2010 3828/3698/2010 3787/3666/2010
f 3787/3666/2011 3828/3698/2011 3829/3699/2011 3788/3667/2011
f 3788/3667/2012 3829/3699/2012 3830/3700/2012 3789/3668/2012
f 3789/3668/2013 3830/3700/2013 3831/3701/2013 3790/3669/2013
f 3790/3669/2014 3831/3701/2014 3832/3702/2014 3791/3670/2014
f 3791/3670/2015 3832/3702/2015 3833/1346/2015 3792/1319/2015
f 3793/1337/3 3834/1364/3 3835/3703/3 3794/3671/3
f 3794/3671/3 3835/3703/3 3836/3704/3 3795/3672/3
f 3795/3672/3 3836/3704/3 3837/3705/3 3796/3673/3
f 3796/3673/3 3837/3705/3 3838/3706/3 3797/3674/3
f 3797/3674/3 3838/3706/3 3839/3707/3 3798/3675/3
f 3798/3675/3 3839/3707/3 3840/1418/3 3799/3676/3
f 3799/3676/3 3840/1418/3 3841/1370/3 3800/1369/3
f 3805/1342/3 3844/1379/3 3845/3708/3 3806/1344/3
f 3806/1344/3 3845/3708/3 3846/3709/3 3807/3677/3
f 3807/3677/3 3846/3709/3 3847/3710/3 3808/3678/3
f 3808/3678/3 3847/3710/3 3848/3711/3 3809/3679/3
f 3809/3679/3 3848/3711/3 3849/3712/3 3810/3680/3
f 3810/3680/3 3849/3712/3 3850/3713/3 3811/3681/3
f 3811/3681/3 3850/3713/3 3851/3714/3 3812/3682/3
f 3812/3682/3 3851/3714/3 3852/3715/3 3813/3683/3
f 3813/3683/3 3852/3715/3 3853/3716/3 3814/3684/3
f 3814/3684/3 3853/3716/3 3854/3717/3 3815/3685/3
f 3815/3685/3 3854/3717/3 3855/3718/3 3816/3686/3
f 3816/3686/3 3855/3718/3 3856/3719/3 3817/3687/3
f 3817/3687/3 3856/3719/3 3857/3720/3 3818/3688/3
f 3818/3688/3 3857/3720/3 3858/3721/3 3819/3689/3
f 3819/3689/3 3858/3721/3 3859/3722/3 3820/3690/3
f 3820/3690/3 3859/3722/3 3860/3723/3 3821/3691/3
f 3821/3691/3 3860/3723/3 3861/3724/3 3822/3692/3
f 3822/3692/3 3861/3724/3 3862/3725/2016 3823/3693/3
f 3823/3693/3 3862/3725/2016 3863/3726/2017 3824/3694/3
f 3824/3694/3 3863/3726/2017 3864/3727/2018 3825/3695/3
f 3825/3695/3 3864/3727/2018 3865/3728/2019 3826/3696/3
f 3826/3696/2008 3865/3728/2020 3866/3729/2021 3827/3697/2009
f 3827/3697/2022 3866/3729/2022 3867/3730/2022 3828/3698/2022
f 3828/3698/2023 3867/3730/2023 3868/3731/2023 3829/3699/2023
f 3829/3699/2024 3868/3731/2024 3869/3732/2024 3830/3700/2024
f 3830/3700/2025 3869/3732/2025 3870/3733/2025 3831/3701/2025
f 3831/3701/2026 3870/3733/2026 3871/3734/2026 3832/3702/2026
f 3832/3702/2027 3871/3734/2027 3872/1393/2027 3833/1346/2027
f 3834/1364/3 3873/1411/3 3874/1454/3 3835/3703/3
f 3835/3703/3 3874/1454/3 3875/1456/3 3836/3704/3
f 3836/3704/3 3875/1456/3 3876/1458/3 3837/3705/3
f 3837/3705/3 3876/1458/3 3877/1434/3 3838/3706/3
f 3838/3706/3 3877/1434/3 3878/1433/3 3839/3707/3
f 3839/3707/3 3878/1433/3 3879/1419/3 3840/1418/3
f 3842/1377/3 3880/1424/3 3881/3735/3 3843/1378/3
f 3843/1378/3 3881/3735/3 3882/3736/3 3844/1379/3
f 3844/1379/3 3882/3736/3 3883/3737/3 3845/3708/3
f 3845/3708/3 3883/3737/3 3884/3738/3 3846/3709/3
f 3846/3709/3 3884/3738/3 3885/3739/3 3847/3710/3
f 3847/3710/3 3885/3739/3 3886/3740/3 3848/3711/3
f 3848/3711/3 3886/3740/3 3887/3741/3 3849/3712/3
f 3849/3712/3 3887/3741/3 3888/3742/3 3850/3713/3
f 3850/3713/3 3888/3742/3 3889/3743/3 3851/3714/3
f 3851/3714/3 3889/3743/3 3890/3744/3 3852/3715/3
f 3852/3715/3 3890/3744/3 3891/3745/3 3853/3716/3
f 3853/3716/3 3891/3745/3 3892/3746/3 3854/3717/3
f 3854/3717/3 3892/3746/3 3893/3747/3 3855/3718/3
f 3855/3718/3 3893/3747/3 3894/3748/3 3856/3719/3
f 3856/3719/3 3894/3748/3 3895/1412/3 3857/3720/3
f 3857/3720/3 3895/1412/3 3896/1413/3 3858/3721/3
f 3858/3721/3 3896/1413/3 3897/3749/3 3859/3722/3
f 3859/3722/3 3897/3749/3 3898/3750/3 3860/3723/3
f 3860/3723/3 3898/3750/3 3899/3751/3 3861/3724/3
f 3861/3724/3 3899/3751/3 3900/3752/2028 3862/3725/2016
f 3862/3725/2016 3900/3752/2028 3901/3753/2029 3863/3726/2017
f 3863/3726/2017 3901/3753/2029 3902/3754/2030 3864/3727/2018
f 3864/3727/2018 3902/3754/2030 3903/3755/932 3865/3728/2019
f 3865/3728/2020 3903/3755/2031 3904/3756/2031 3866/3729/2021
f 3866/3729/2032 3904/3756/2032 3905/3757/2033 3867/3730/2034
f 3867/3730/2034 3905/3757/2033 3906/3758/2035 3868/3731/2035
f 3868/3731/2036 3906/3758/2036 3907/3759/2036 3869/3732/2036
f 3869/3732/2037 3907/3759/2037 3908/3760/2037 3870/3733/2037
f 3870/3733/2038 3908/3760/2038 3909/1367/2038 3871/3734/2038
f 3871/3734/2039 3909/1367/2039 3910/1368/2039 3872/1393/2039
f 3880/1424/3 3911/1431/3 3912/3761/3 3881/3735/3
f 3881/3735/3 3912/3761/3 3913/3762/3 3882/3736/3
f 3882/3736/3 3913/3762/3 3914/3763/3 3883/3737/3
f 3883/3737/3 3914/3763/3 3915/3764/3 3884/3738/3
f 3884/3738/3 3915/3764/3 3916/3765/3 3885/3739/3
f 3885/3739/3 3916/3765/3 3917/3766/3 3886/3740/3
f 3886/3740/3 3917/3766/3 3918/3767/3 3887/3741/3
f 3887/3741/3 3918/3767/3 3919/3768/3 3888/3742/3
f 3888/3742/3 3919/3768/3 3920/3769/3 3889/3743/3
f 3889/3743/3 3920/3769/3 3921/3770/3 3890/3744/3
f 3890/3744/3 3921/3770/3 3922/3771/3 3891/3745/3
f 3891/3745/3 3922/3771/3 3923/3772/3 3892/3746/3
f 3892/3746/3 3923/3772/3 3924/3773/3 3893/3747/3
f 3893/3747/3 3924/3773/3 3925/1417/3 3894/3748/3
f 3894/3748/3 3925/1417/3 3926/1472/3 3895/1412/3
f 3896/1413/3 3927/1414/3 3928/3774/3 3897/3749/3
f 3897/3749/3 3928/3774/3 3929/3775/3 3898/3750/3
f 3898/3750/2040 3929/3775/2040 3930/3776/2040 3899/3751/2040
f 3899/3751/2041 3930/3776/2041 3931/3777/2041 3900/3752/2041
f 3900/3752/2042 3931/3777/2042 3932/3778/2042 3901/3753/2042
f 3901/3753/2043 3932/3778/2043 3933/3779/2043 3902/3754/2043
f 3902/3754/2044 3933/3779/2044 3934/3780/2044 3903/3755/2044
f 3903/3755/2045 3934/3780/2045 3935/3781/2045 3904/3756/2045
f 3904/3756/2046 3935/3781/2046 3936/3782/2046 3905/3757/2046
f 3905/3757/2047 3936/3782/2047 3937/3783/2047 3906/3758/2047
f 3906/3758/2048 3937/3783/2048 3938/3784/2048 3907/3759/2048
f 3907/3759/2049 3938/3784/2050 3939/3785/2051 3908/3760/2049
f 3908/3760/2052 3939/3785/2052 3940/1383/2052 3909/1367/2052
f 3911/1431/3 3941/1389/3 3942/1390/3 3912/3761/3
f 3912/3761/3 3942/1390/3 3943/3786/3 3913/3762/3
f 3913/3762/3 3943/3786/3 3944/3787/3 3914/3763/3
f 3914/3763/3 3944/3787/3 3945/3788/3 3915/3764/3
f 3915/3764/3 3945/3788/3 3946/3789/3 3916/3765/3
f 3916/3765/3 3946/3789/3 3947/3790/3 3917/3766/3
f 3917/3766/3 3947/3790/3 3948/3791/3 3918/3767/3
f 3918/3767/3 3948/3791/3 3949/3792/3 3919/3768/3
f 3919/3768/3 3949/3792/3 3950/3793/3 3920/3769/3
f 3920/3769/3 3950/3793/3 3951/3794/3 3921/3770/3
f 3921/3770/3 3951/3794/3 3952/3795/3 3922/3771/3
f 3922/3771/3 3952/3795/3 3953/3796/3 3923/3772/3
f 3923/3772/3 3953/3796/3 3954/3797/3 3924/3773/3
f 3924/3773/3 3954/3797/3 3955/1416/3 3925/1417/3
f 3927/1414/3 3956/1415/3 3957/3798/3 3928/3774/3
f 3928/3774/2053 3957/3798/2053 3958/3799/2053 3929/3775/2053
f 3929/3775/2054 3958/3799/2054 3959/3800/2054 3930/3776/2054
f 3930/3776/2055 3959/3800/2055 3960/3801/2055 3931/3777/2055
f 3931/3777/2056 3960/3801/2056 3961/3802/2056 3932/3778/2056
f 3932/3778/2057 3961/3802/2057 3962/3803/2057 3933/3779/2057
f 3933/3779/2058 3962/3803/2058 3963/3804/2058 3934/3780/2058
f 3934/3780/2059 3963/3804/2059 3964/3805/2059 3935/3781/2059
f 3935/3781/2060 3964/3805/2060 3965/3806/2060 3936/3782/2060
f 3936/3782/2061 3965/3806/2061 3966/3807/2061 3937/3783/2061
f 3937/3783/2062 3966/3807/2062 3967/3808/2062 3938/3784/2062
f 3938/3784/2050 3967/3808/2063 3968/1474/2063 3939/3785/2051
f 3939/3785/2064 3968/1474/2064 3969/1382/2064 3940/1383/2064
f 3942/1390/3 3970/1512/3 3971/1510/3 3943/3786/3
f 3943/3786/3 3971/1510/3 3972/1507/3 3944/3787/3
f 3944/3787/3 3972/1507/3 3973/1504/3 3945/3788/3
f 3945/3788/3 3973/1504/3 3974/1387/3 3946/3789/3
f 3946/3789/3 3974/1387/3 3975/3809/3 3947/3790/3
f 3947/3790/3 3975/3809/3 3976/3810/3 3948/3791/3
f 3948/3791/3 3976/3810/3 3977/3811/3 3949/3792/3
f 3949/3792/3 3977/3811/3 3978/3812/3 3950/3793/3
f 3950/3793/3 3978/3812/3 3979/3813/3 3951/3794/3
f 3951/3794/3 3979/3813/3 3980/3814/3 3952/3795/3
f 3952/3795/3 3980/3814/3 3981/3815/3 3953/3796/3
f 3953/3796/3 3981/3815/3 3982/3816/3 3954/3797/3
f 3954/3797/3 3982/3816/3 3983/1381/3 3955/1416/3
f 3956/1415/3 3984/1470/3 3985/1469/3 3957/3798/3
f 3957/3798/2065 3985/1469/2065 3986/1468/2065 3958/3799/2065
f 3958/3799/2066 3986/1468/2066 3987/1466/2066 3959/3800/2066
f 3959/3800/2067 3987/1466/2067 3988/1467/2067 3960/3801/2067
f 3960/3801/2068 3988/1467/2068 3989/3817/2068 3961/3802/2068
f 3961/3802/2069 3989/3817/2069 3990/3818/2069 3962/3803/2069
f 3962/3803/2070 3990/3818/2070 3991/1432/2070 3963/3804/2070
f 3963/3804/2071 3991/1432/2071 3992/1430/2071 3964/3805/2071
f 3964/3805/2072 3992/1430/2072 3993/1428/2072 3965/3806/2072
f 3965/3806/2073 3993/1428/2073 3994/1427/2073 3966/3807/2073
f 3966/3807/2074 3994/1427/2074 3995/1425/2074 3967/3808/2074
f 3967/3808/2075 3995/1425/2075 3996/1426/2075 3968/1474/2075
f 3974/1387/3 3998/1388/3 3999/3819/3 3975/3809/3
f 3975/3809/3 3999/3819/3 4000/3820/3 3976/3810/3
f 3976/3810/3 4000/3820/3 4001/3821/3 3977/3811/3
f 3977/3811/3 4001/3821/3 4002/3822/3 3978/3812/3
f 3978/3812/3 4002/3822/3 4003/3823/3 3979/3813/3
f 3979/3813/3 4003/3823/3 4004/3824/3 3980/3814/3
f 3980/3814/3 4004/3824/3 4005/3825/3 3981/3815/3
f 3981/3815/3 4005/3825/3 4006/3826/3 3982/3816/3
f 3982/3816/3 4006/3826/3 4007/1380/3 3983/1381/3
f 3988/1467/2076 4008/1589/2076 4009/1590/2076 3989/3817/2076
f 3989/3817/2077 4009/1590/2077 4010/1582/2077 3990/3818/2077
f 3990/3818/2078 4010/1582/2078 4011/1583/2078 3991/1432/2078
f 3997/1515/3 4012/1365/3 4013/3827/3 3998/1388/3
f 3998/1388/3 4013/3827/3 4014/3828/3 3999/3819/3
f 3999/3819/3 4014/3828/3 4015/3829/3 4000/3820/3
f 4000/3820/3 4015/3829/3 4016/3830/3 4001/3821/3
f 4001/3821/3 4016/3830/3 4017/3831/3 4002/3822/3
f 4002/3822/3 4017/3831/3 4018/3832/3 4003/3823/3
f 4003/3823/3 4018/3832/3 4019/3833/3 4004/3824/3
f 4004/3824/3 4019/3833/3 4020/3834/3 4005/3825/3
f 4005/3825/3 4020/3834/3 4021/3835/3 4006/3826/3
f 4006/3826/3 4021/3835/3 4022/1473/3 4007/1380/3
f 4012/1365/3 4023/1366/3 4024/1471/3 4013/3827/3
f 4013/3827/3 4024/1471/3 4025/3836/3 4014/3828/3
f 4014/3828/3 4025/3836/3 4026/3837/3 4015/3829/3
f 4015/3829/3 4026/3837/3 4027/3838/3 4016/3830/3
f 4016/3830/3 4027/3838/3 4028/3839/3 4017/3831/3
f 4017/3831/3 4028/3839/3 4029/3840/3 4018/3832/3
f 4018/3832/3 4029/3840/3 4030/3841/3 4019/3833/3
f 4019/3833/3 4030/3841/3 4031/3842/3 4020/3834/3
f 4020/3834/3 4031/3842/3 4032/3843/3 4021/3835/3
f 4021/3835/3 4032/3843/3 4033/1429/3 4022/1473/3
f 4024/1471/3 4034/1391/3 4035/1392/3 4025/3836/3
f 4025/3836/3 4035/1392/3 4036/3844/3 4026/3837/3
f 4026/3837/3 4036/3844/3 4037/3845/3 4027/3838/3
f 4027/3838/3 4037/3845/3 4038/3846/3 4028/3839/3
f 4028/3839/3 4038/3846/3 4039/3847/3 4029/3840/3
f 4029/3840/3 4039/3847/3 4040/3848/3 4030/3841/3
f 4030/3841/3 4040/3848/3 4041/1386/3 4031/3842/3
f 4031/3842/3 4041/1386/3 4042/1384/3 4032/3843/3
f 4032/3843/3 4042/1384/3 4043/1385/3 4033/1429/3
f 4035/1392/3 4044/1546/3 4045/1514/3 4036/3844/3
f 4036/3844/3 4045/1514/3 4046/1513/3 4037/3845/3
f 4037/3845/3 4046/1513/3 4047/1511/3 4038/3846/3
f 4038/3846/3 4047/1511/3 4048/1509/3 4039/3847/3
f 4039/3847/3 4048/1509/3 4049/1505/3 4040/3848/3
f 4040/3848/3 4049/1505/3 4050/1506/3 4041/1386/3
