# Blender 4.0.2
# www.blender.org
mtllib Sneeuwkanon.mtl
o Cylinder.001
v 0.000000 0.655966 -0.722836
v 0.000000 1.629526 -0.722836
v 0.078842 0.655966 -0.715071
v 0.078842 1.629526 -0.715071
v 0.154653 0.655966 -0.692074
v 0.154653 1.629526 -0.692074
v 0.224522 0.655966 -0.654728
v 0.224522 1.629526 -0.654728
v 0.285762 0.655966 -0.604470
v 0.285762 1.629526 -0.604470
v 0.336021 0.655966 -0.543229
v 0.336021 1.629526 -0.543229
v 0.373366 0.655966 -0.473361
v 0.373366 1.629526 -0.473361
v 0.396364 0.655966 -0.397549
v 0.396364 1.629526 -0.397549
v 0.404129 0.655966 -0.318707
v 0.404129 1.629526 -0.318707
v 0.396364 0.655966 -0.239866
v 0.396364 1.629526 -0.239866
v 0.373366 0.655966 -0.164054
v 0.373366 1.629526 -0.164054
v 0.336021 0.655966 -0.094186
v 0.336021 1.629526 -0.094186
v 0.285762 0.655966 -0.032945
v 0.285762 1.629526 -0.032945
v 0.224522 0.655966 0.017313
v 0.224522 1.629526 0.017313
v 0.154653 0.655966 0.054659
v 0.154653 1.629526 0.054659
v 0.078842 0.655966 0.077656
v 0.078842 1.629526 0.077656
v 0.000000 0.655966 0.085421
v 0.000000 1.629526 0.085421
v -0.078842 0.655966 0.077656
v -0.078842 1.629526 0.077656
v -0.154653 0.655966 0.054659
v -0.154653 1.629526 0.054659
v -0.224522 0.655966 0.017313
v -0.224522 1.629526 0.017313
v -0.285762 0.655966 -0.032945
v -0.285762 1.629526 -0.032945
v -0.336021 0.655966 -0.094186
v -0.336021 1.629526 -0.094186
v -0.373366 0.655966 -0.164054
v -0.373366 1.629526 -0.164054
v -0.396364 0.655966 -0.239866
v -0.396364 1.629526 -0.239866
v -0.404129 0.655966 -0.318707
v -0.404129 1.629526 -0.318707
v -0.396364 0.655966 -0.397549
v -0.396364 1.629526 -0.397549
v -0.373366 0.655966 -0.473361
v -0.373366 1.629526 -0.473361
v -0.336021 0.655966 -0.543229
v -0.336021 1.629526 -0.543229
v -0.285762 0.655966 -0.604470
v -0.285762 1.629526 -0.604470
v -0.224522 0.655966 -0.654728
v -0.224522 1.629526 -0.654728
v -0.154653 0.655966 -0.692074
v -0.154653 1.629526 -0.692074
v -0.078842 0.655966 -0.715071
v -0.078842 1.629526 -0.715071
v -0.000000 -0.057571 -1.261218
v 0.183875 -0.057571 -1.243108
v 0.360683 -0.057571 -1.189474
v 0.523684 -0.057571 -1.102455
v 0.666456 -0.057571 -0.985163
v 0.783669 -0.057571 -0.842338
v 0.870766 -0.057571 -0.679391
v 0.924401 -0.057571 -0.502582
v 0.942511 -0.057571 -0.318707
v 0.924401 -0.057571 -0.134833
v 0.870766 -0.057571 0.041976
v 0.783669 -0.057571 0.204923
v 0.666456 -0.057571 0.347748
v 0.523631 -0.057571 0.464962
v 0.360683 -0.057571 0.552059
v 0.183875 -0.057571 0.605693
v -0.000000 -0.057571 0.623803
v -0.183875 -0.057571 0.605693
v -0.360683 -0.057571 0.552059
v -0.523631 -0.057571 0.464962
v -0.666456 -0.057571 0.347748
v -0.783669 -0.057571 0.204923
v -0.870766 -0.057571 0.041976
v -0.924400 -0.057571 -0.134833
v -0.942511 -0.057571 -0.318707
v -0.924400 -0.057571 -0.502582
v -0.870766 -0.057571 -0.679391
v -0.783669 -0.057571 -0.842338
v -0.666456 -0.057571 -0.985163
v -0.523631 -0.057571 -1.102376
v -0.360683 -0.057571 -1.189474
v -0.183875 -0.057571 -1.243108
v 0.099024 1.629526 -0.816533
v 0.000000 1.629526 -0.826286
v 0.194242 1.629526 -0.787649
v 0.281996 1.629526 -0.740744
v 0.358912 1.629526 -0.677620
v 0.422036 1.629526 -0.600703
v 0.468942 1.629526 -0.512949
v 0.497826 1.629526 -0.417731
v 0.507579 1.629526 -0.318707
v 0.497826 1.629526 -0.219684
v 0.468942 1.629526 -0.124466
v 0.422036 1.629526 -0.036712
v 0.358912 1.629526 0.040205
v 0.281996 1.629526 0.103329
v 0.194242 1.629526 0.150234
v 0.099024 1.629526 0.179118
v 0.000000 1.629526 0.188871
v -0.099024 1.629526 0.179118
v -0.194242 1.629526 0.150234
v -0.281996 1.629526 0.103329
v -0.358912 1.629526 0.040205
v -0.422036 1.629526 -0.036712
v -0.468941 1.629526 -0.124466
v -0.497826 1.629526 -0.219684
v -0.507578 1.629526 -0.318707
v -0.497826 1.629526 -0.417731
v -0.468941 1.629526 -0.512949
v -0.422036 1.629526 -0.600703
v -0.358912 1.629526 -0.677620
v -0.281996 1.629526 -0.740744
v -0.194242 1.629526 -0.787649
v -0.099024 1.629526 -0.816533
v 0.099024 1.501109 -0.816533
v 0.000000 1.501109 -0.826286
v 0.194242 1.501109 -0.787649
v 0.281996 1.501109 -0.740744
v 0.358912 1.501109 -0.677620
v 0.422036 1.501109 -0.600703
v 0.468942 1.501109 -0.512949
v 0.497826 1.501109 -0.417731
v 0.507579 1.501109 -0.318707
v 0.497826 1.501109 -0.219684
v 0.468942 1.501109 -0.124466
v 0.422036 1.501109 -0.036712
v 0.358912 1.501109 0.040205
v 0.281996 1.501109 0.103329
v 0.194242 1.501109 0.150234
v 0.099024 1.501109 0.179118
v 0.000000 1.501109 0.188871
v -0.099024 1.501109 0.179118
v -0.194242 1.501109 0.150234
v -0.281996 1.501109 0.103329
v -0.358912 1.501109 0.040205
v -0.422036 1.501109 -0.036712
v -0.468941 1.501109 -0.124466
v -0.497826 1.501109 -0.219684
v -0.507578 1.501109 -0.318707
v -0.497826 1.501109 -0.417731
v -0.468941 1.501109 -0.512949
v -0.422036 1.501109 -0.600703
v -0.358912 1.501109 -0.677620
v -0.281996 1.501109 -0.740744
v -0.194242 1.501109 -0.787649
v -0.099024 1.501109 -0.816533
v 0.099024 1.628683 -0.816533
v 0.000000 1.628683 -0.826286
v 0.194242 1.628683 -0.787649
v 0.281996 1.628683 -0.740744
v 0.358912 1.628683 -0.677620
v 0.422036 1.628683 -0.600703
v 0.468942 1.628683 -0.512949
v 0.497826 1.628683 -0.417731
v 0.507579 1.628683 -0.318707
v 0.497826 1.628683 -0.219684
v 0.468942 1.628683 -0.124466
v 0.422036 1.628683 -0.036712
v 0.358912 1.628683 0.040205
v 0.281996 1.628683 0.103329
v 0.194242 1.628683 0.150234
v 0.099024 1.628683 0.179118
v 0.000000 1.628683 0.188871
v -0.099024 1.628683 0.179118
v -0.194242 1.628683 0.150234
v -0.281996 1.628683 0.103329
v -0.358912 1.628683 0.040205
v -0.422036 1.628683 -0.036712
v -0.468941 1.628683 -0.124466
v -0.497826 1.628683 -0.219684
v -0.507578 1.628683 -0.318707
v -0.497826 1.628683 -0.417731
v -0.468941 1.628683 -0.512949
v -0.422036 1.628683 -0.600703
v -0.358912 1.628683 -0.677620
v -0.281996 1.628683 -0.740744
v -0.194242 1.628683 -0.787649
v -0.099024 1.628683 -0.816533
v 0.093538 1.609767 -0.788956
v 0.000000 1.609767 -0.798169
v 0.183482 1.609767 -0.761672
v 0.266375 1.609767 -0.717365
v 0.339031 1.609767 -0.657738
v 0.398658 1.609767 -0.585082
v 0.442965 1.609767 -0.502190
v 0.470249 1.609767 -0.412246
v 0.479462 1.609767 -0.318707
v 0.470249 1.609767 -0.225169
v 0.442965 1.609767 -0.135225
v 0.398658 1.609767 -0.052333
v 0.339031 1.609767 0.020323
v 0.266375 1.609767 0.079950
v 0.183482 1.609767 0.124257
v 0.093538 1.609767 0.151542
v 0.000000 1.609767 0.160754
v -0.093538 1.609767 0.151542
v -0.183482 1.609767 0.124257
v -0.266375 1.609767 0.079950
v -0.339031 1.609767 0.020323
v -0.398658 1.609767 -0.052333
v -0.442965 1.609767 -0.135225
v -0.470249 1.609767 -0.225169
v -0.479462 1.609767 -0.318707
v -0.470249 1.609767 -0.412246
v -0.442965 1.609767 -0.502190
v -0.398658 1.609767 -0.585082
v -0.339031 1.609767 -0.657738
v -0.266375 1.609767 -0.717365
v -0.183482 1.609767 -0.761672
v -0.093538 1.609767 -0.788956
v 0.063920 2.010892 -0.640053
v 0.000000 2.010892 -0.646349
v 0.125383 2.010892 -0.621408
v 0.182028 2.010892 -0.591131
v 0.231677 2.010892 -0.550385
v 0.272424 2.010892 -0.500735
v 0.302701 2.010892 -0.444090
v 0.321346 2.010892 -0.382627
v 0.327641 2.010892 -0.318707
v 0.321346 2.010892 -0.254788
v 0.302701 2.010892 -0.193325
v 0.272424 2.010892 -0.136680
v 0.231677 2.010892 -0.087030
v 0.182028 2.010892 -0.046284
v 0.125383 2.010892 -0.016006
v 0.063920 2.010892 0.002638
v 0.000000 2.010892 0.008934
v -0.063920 2.010892 0.002638
v -0.125383 2.010892 -0.016006
v -0.182028 2.010892 -0.046284
v -0.231677 2.010892 -0.087030
v -0.272424 2.010892 -0.136680
v -0.302701 2.010892 -0.193325
v -0.321346 2.010892 -0.254788
v -0.327641 2.010892 -0.318707
v -0.321346 2.010892 -0.382627
v -0.302701 2.010892 -0.444090
v -0.272424 2.010892 -0.500735
v -0.231677 2.010892 -0.550385
v -0.182028 2.010892 -0.591131
v -0.125383 2.010892 -0.621408
v -0.063920 2.010892 -0.640053
v 0.047699 2.797778 -0.558507
v 0.000000 2.797778 -0.563205
v 0.093565 2.797778 -0.544594
v 0.135836 2.797778 -0.522000
v 0.172886 2.797778 -0.491594
v 0.203293 2.797778 -0.454543
v 0.225887 2.797778 -0.412273
v 0.239800 2.797778 -0.366407
v 0.244498 2.797778 -0.318707
v 0.239824 2.797778 -0.271003
v 0.225887 2.797778 -0.225142
v 0.203293 2.797778 -0.182872
v 0.172886 2.797778 -0.145821
v 0.135836 2.797778 -0.115415
v 0.093565 2.797778 -0.092821
v 0.047699 2.797778 -0.078907
v 0.000000 2.797778 -0.074209
v -0.047699 2.797778 -0.078907
v -0.093565 2.797778 -0.092821
v -0.135836 2.797778 -0.115415
v -0.172886 2.797778 -0.145821
v -0.203293 2.797778 -0.182872
v -0.225887 2.797778 -0.225142
v -0.239800 2.797778 -0.271008
v -0.244498 2.797778 -0.318707
v -0.239800 2.797778 -0.366407
v -0.225887 2.797778 -0.412273
v -0.203293 2.797778 -0.454543
v -0.172886 2.797778 -0.491594
v -0.135836 2.797778 -0.522000
v -0.093565 2.797778 -0.544594
v -0.047699 2.797778 -0.558507
v 0.000000 0.655966 -0.722836
v 0.078842 0.655966 -0.715071
v 0.078842 1.629526 -0.715071
v 0.000000 1.629526 -0.722836
v 0.154653 0.655966 -0.692074
v 0.154653 1.629526 -0.692074
v 0.224522 0.655966 -0.654728
v 0.224522 1.629526 -0.654728
v 0.285762 0.655966 -0.604470
v 0.285762 1.629526 -0.604470
v 0.336021 0.655966 -0.543229
v 0.336021 1.629526 -0.543229
v 0.373366 0.655966 -0.473361
v 0.373366 1.629526 -0.473361
v 0.396364 0.655966 -0.397549
v 0.396364 1.629526 -0.397549
v 0.404129 0.655966 -0.318707
v 0.404129 1.629526 -0.318707
v 0.396364 0.655966 -0.239866
v 0.396364 1.629526 -0.239866
v 0.373366 0.655966 -0.164054
v 0.373366 1.629526 -0.164054
v 0.336021 0.655966 -0.094186
v 0.336021 1.629526 -0.094186
v 0.285762 0.655966 -0.032945
v 0.285762 1.629526 -0.032945
v 0.224522 0.655966 0.017313
v 0.224522 1.629526 0.017313
v 0.154653 0.655966 0.054659
v 0.154653 1.629526 0.054659
v 0.078842 0.655966 0.077656
v 0.078842 1.629526 0.077656
v 0.000000 0.655966 0.085421
v 0.000000 1.629526 0.085421
v -0.078842 0.655966 0.077656
v -0.078842 1.629526 0.077656
v -0.154653 0.655966 0.054659
v -0.154653 1.629526 0.054659
v -0.224522 0.655966 0.017313
v -0.224522 1.629526 0.017313
v -0.285762 0.655966 -0.032945
v -0.285762 1.629526 -0.032945
v -0.336021 0.655966 -0.094186
v -0.336021 1.629526 -0.094186
v -0.373366 0.655966 -0.164054
v -0.373366 1.629526 -0.164054
v -0.396364 0.655966 -0.239866
v -0.396364 1.629526 -0.239866
v -0.404129 0.655966 -0.318707
v -0.404129 1.629526 -0.318707
v -0.396364 0.655966 -0.397549
v -0.396364 1.629526 -0.397549
v -0.373366 0.655966 -0.473361
v -0.373366 1.629526 -0.473361
v -0.336021 0.655966 -0.543229
v -0.336021 1.629526 -0.543229
v -0.285762 0.655966 -0.604470
v -0.285762 1.629526 -0.604470
v -0.224522 0.655966 -0.654728
v -0.224522 1.629526 -0.654728
v -0.154653 0.655966 -0.692074
v -0.154653 1.629526 -0.692074
v -0.078842 0.655966 -0.715071
v -0.078842 1.629526 -0.715071
v -0.000000 -0.057571 -1.261313
v 0.183893 -0.057571 -1.243201
v 0.360720 -0.057571 -1.189561
v 0.523631 -0.057571 -1.102376
v 0.666523 -0.057571 -0.985230
v 0.783748 -0.057571 -0.842391
v 0.870854 -0.057571 -0.679427
v 0.924494 -0.057571 -0.502601
v 0.942605 -0.057571 -0.318707
v 0.924494 -0.057571 -0.134814
v 0.870854 -0.057571 0.042012
v 0.783748 -0.057571 0.204976
v 0.666523 -0.057571 0.347815
v 0.523684 -0.057571 0.465040
v 0.360720 -0.057571 0.552146
v 0.183893 -0.057571 0.605786
v -0.000000 -0.057571 0.623898
v -0.183893 -0.057571 0.605786
v -0.360720 -0.057571 0.552146
v -0.523684 -0.057571 0.465040
v -0.666523 -0.057571 0.347815
v -0.783748 -0.057571 0.204976
v -0.870854 -0.057571 0.042012
v -0.924494 -0.057571 -0.134814
v -0.942605 -0.057571 -0.318707
v -0.924494 -0.057571 -0.502601
v -0.870854 -0.057571 -0.679427
v -0.783748 -0.057571 -0.842391
v -0.666523 -0.057571 -0.985230
v -0.523684 -0.057571 -1.102455
v -0.360720 -0.057571 -1.189561
v -0.183893 -0.057571 -1.243201
v 0.099024 1.629526 -0.816533
v 0.000000 1.629526 -0.826286
v 0.194242 1.629526 -0.787649
v 0.281996 1.629526 -0.740744
v 0.358912 1.629526 -0.677620
v 0.422036 1.629526 -0.600703
v 0.468942 1.629526 -0.512949
v 0.497826 1.629526 -0.417731
v 0.507579 1.629526 -0.318707
v 0.497826 1.629526 -0.219684
v 0.468942 1.629526 -0.124466
v 0.422036 1.629526 -0.036712
v 0.358912 1.629526 0.040205
v 0.281996 1.629526 0.103329
v 0.194242 1.629526 0.150234
v 0.099024 1.629526 0.179118
v 0.000000 1.629526 0.188871
v -0.099024 1.629526 0.179118
v -0.194242 1.629526 0.150234
v -0.281996 1.629526 0.103329
v -0.358912 1.629526 0.040205
v -0.422036 1.629526 -0.036712
v -0.468941 1.629526 -0.124466
v -0.497826 1.629526 -0.219684
v -0.507578 1.629526 -0.318707
v -0.497826 1.629526 -0.417731
v -0.468941 1.629526 -0.512949
v -0.422036 1.629526 -0.600703
v -0.358912 1.629526 -0.677620
v -0.281996 1.629526 -0.740744
v -0.194242 1.629526 -0.787649
v -0.099024 1.629526 -0.816533
v 0.099024 1.501109 -0.816533
v 0.000000 1.501109 -0.826286
v 0.194242 1.501109 -0.787649
v 0.281996 1.501109 -0.740744
v 0.358912 1.501109 -0.677620
v 0.422036 1.501109 -0.600703
v 0.468942 1.501109 -0.512949
v 0.497826 1.501109 -0.417731
v 0.507579 1.501109 -0.318707
v 0.497826 1.501109 -0.219684
v 0.468942 1.501109 -0.124466
v 0.422036 1.501109 -0.036712
v 0.358912 1.501109 0.040205
v 0.281996 1.501109 0.103329
v 0.194242 1.501109 0.150234
v 0.099024 1.501109 0.179118
v 0.000000 1.501109 0.188871
v -0.099024 1.501109 0.179118
v -0.194242 1.501109 0.150234
v -0.281996 1.501109 0.103329
v -0.358912 1.501109 0.040205
v -0.422036 1.501109 -0.036712
v -0.468941 1.501109 -0.124466
v -0.497826 1.501109 -0.219684
v -0.507578 1.501109 -0.318707
v -0.497826 1.501109 -0.417731
v -0.468941 1.501109 -0.512949
v -0.422036 1.501109 -0.600703
v -0.358912 1.501109 -0.677620
v -0.281996 1.501109 -0.740744
v -0.194242 1.501109 -0.787649
v -0.099024 1.501109 -0.816533
v 0.099024 1.628683 -0.816533
v 0.000000 1.628683 -0.826286
v 0.194242 1.628683 -0.787649
v 0.281996 1.628683 -0.740744
v 0.358912 1.628683 -0.677620
v 0.422036 1.628683 -0.600703
v 0.468942 1.628683 -0.512949
v 0.497826 1.628683 -0.417731
v 0.507579 1.628683 -0.318707
v 0.497826 1.628683 -0.219684
v 0.468942 1.628683 -0.124466
v 0.422036 1.628683 -0.036712
v 0.358912 1.628683 0.040205
v 0.281996 1.628683 0.103329
v 0.194242 1.628683 0.150234
v 0.099024 1.628683 0.179118
v 0.000000 1.628683 0.188871
v -0.099024 1.628683 0.179118
v -0.194242 1.628683 0.150234
v -0.281996 1.628683 0.103329
v -0.358912 1.628683 0.040205
v -0.422036 1.628683 -0.036712
v -0.468941 1.628683 -0.124466
v -0.497826 1.628683 -0.219684
v -0.507578 1.628683 -0.318707
v -0.497826 1.628683 -0.417731
v -0.468941 1.628683 -0.512949
v -0.422036 1.628683 -0.600703
v -0.358912 1.628683 -0.677620
v -0.281996 1.628683 -0.740744
v -0.194242 1.628683 -0.787649
v -0.099024 1.628683 -0.816533
v 0.093538 1.609767 -0.788956
v 0.000000 1.609767 -0.798169
v 0.183482 1.609767 -0.761672
v 0.266375 1.609767 -0.717365
v 0.339031 1.609767 -0.657738
v 0.398658 1.609767 -0.585082
v 0.442965 1.609767 -0.502190
v 0.470249 1.609767 -0.412246
v 0.479462 1.609767 -0.318707
v 0.470249 1.609767 -0.225169
v 0.442965 1.609767 -0.135225
v 0.398658 1.609767 -0.052333
v 0.339031 1.609767 0.020323
v 0.266375 1.609767 0.079950
v 0.183482 1.609767 0.124257
v 0.093538 1.609767 0.151542
v 0.000000 1.609767 0.160754
v -0.093538 1.609767 0.151542
v -0.183482 1.609767 0.124257
v -0.266375 1.609767 0.079950
v -0.339031 1.609767 0.020323
v -0.398658 1.609767 -0.052333
v -0.442965 1.609767 -0.135225
v -0.470249 1.609767 -0.225169
v -0.479462 1.609767 -0.318707
v -0.470249 1.609767 -0.412246
v -0.442965 1.609767 -0.502190
v -0.398658 1.609767 -0.585082
v -0.339031 1.609767 -0.657738
v -0.266375 1.609767 -0.717365
v -0.183482 1.609767 -0.761672
v -0.093538 1.609767 -0.788956
v 0.047704 2.797778 -0.558532
v 0.000000 2.797778 -0.563230
v 0.093575 2.797778 -0.544617
v 0.135850 2.797778 -0.522021
v 0.172904 2.797778 -0.491611
v 0.203313 2.797778 -0.454557
v 0.225910 2.797778 -0.412282
v 0.239824 2.797778 -0.366411
v 0.244523 2.797778 -0.318707
v 0.239800 2.797778 -0.271008
v 0.225910 2.797778 -0.225133
v 0.203313 2.797778 -0.182858
v 0.172904 2.797778 -0.145804
v 0.135850 2.797778 -0.115394
v 0.093575 2.797778 -0.092798
v 0.047704 2.797778 -0.078883
v 0.000000 2.797778 -0.074185
v -0.047704 2.797778 -0.078883
v -0.093575 2.797778 -0.092798
v -0.135849 2.797778 -0.115394
v -0.172904 2.797778 -0.145804
v -0.203313 2.797778 -0.182858
v -0.225909 2.797778 -0.225133
v -0.239824 2.797778 -0.271003
v -0.244523 2.797778 -0.318707
v -0.239824 2.797778 -0.366411
v -0.225909 2.797778 -0.412282
v -0.203313 2.797778 -0.454557
v -0.172904 2.797778 -0.491611
v -0.135849 2.797778 -0.522021
v -0.093575 2.797778 -0.544617
v -0.047704 2.797778 -0.558532
v 0.039611 0.655966 -0.720889
v 0.039611 1.629526 -0.720889
v 0.000000 1.142746 -0.722836
v 0.078842 1.142746 -0.715071
v 0.117312 0.655966 -0.705433
v 0.117312 1.629526 -0.705433
v 0.154653 1.142746 -0.692074
v 0.190504 0.655966 -0.675116
v 0.190504 1.629526 -0.675116
v 0.224522 1.142746 -0.654728
v 0.256376 0.655966 -0.631102
v 0.256376 1.629526 -0.631102
v 0.285762 1.142746 -0.604470
v 0.312395 0.655966 -0.575083
v 0.312395 1.629526 -0.575083
v 0.336021 1.142746 -0.543229
v 0.356408 0.655966 -0.509212
v 0.356408 1.629526 -0.509212
v 0.373366 1.142746 -0.473361
v 0.386726 0.655966 -0.436019
v 0.386726 1.629526 -0.436019
v 0.396364 1.142746 -0.397549
v 0.402181 0.655966 -0.358319
v 0.402181 1.629526 -0.358319
v 0.404129 1.142746 -0.318707
v 0.402181 0.655966 -0.279096
v 0.402181 1.629526 -0.279096
v 0.396364 1.142746 -0.239866
v 0.386726 0.655966 -0.201396
v 0.386726 1.629526 -0.201396
v 0.373366 1.142746 -0.164054
v 0.356408 0.655966 -0.128203
v 0.356408 1.629526 -0.128203
v 0.336021 1.142746 -0.094186
v 0.312395 0.655966 -0.062332
v 0.312395 1.629526 -0.062332
v 0.285762 1.142746 -0.032945
v 0.256376 0.655966 -0.006313
v 0.256376 1.629526 -0.006313
v 0.224522 1.142746 0.017313
v 0.190504 0.655966 0.037701
v 0.190504 1.629526 0.037701
v 0.154653 1.142746 0.054659
v 0.117312 0.655966 0.068018
v 0.117312 1.629526 0.068018
v 0.078842 1.142746 0.077656
v 0.039611 0.655966 0.083474
v 0.039611 1.629526 0.083474
v 0.000000 1.142746 0.085421
v -0.039611 0.655966 0.083474
v -0.039611 1.629526 0.083474
v -0.078842 1.142746 0.077656
v -0.117312 0.655966 0.068018
v -0.117312 1.629526 0.068018
v -0.154653 1.142746 0.054659
v -0.190504 0.655966 0.037701
v -0.190504 1.629526 0.037701
v -0.224522 1.142746 0.017313
v -0.256376 0.655966 -0.006313
v -0.256376 1.629526 -0.006313
v -0.285762 1.142746 -0.032945
v -0.312394 0.655966 -0.062332
v -0.312394 1.629526 -0.062332
v -0.336021 1.142746 -0.094186
v -0.356408 0.655966 -0.128203
v -0.356408 1.629526 -0.128203
v -0.373366 1.142746 -0.164054
v -0.386726 0.655966 -0.201396
v -0.386726 1.629526 -0.201396
v -0.396364 1.142746 -0.239866
v -0.402181 0.655966 -0.279096
v -0.402181 1.629526 -0.279096
v -0.404129 1.142746 -0.318707
v -0.402181 0.655966 -0.358319
v -0.402181 1.629526 -0.358319
v -0.396363 1.142746 -0.397549
v -0.386726 0.655966 -0.436019
v -0.386726 1.629526 -0.436019
v -0.373366 1.142746 -0.473361
v -0.356408 0.655966 -0.509212
v -0.356408 1.629526 -0.509212
v -0.336021 1.142746 -0.543229
v -0.312395 0.655966 -0.575083
v -0.312394 1.629526 -0.575083
v -0.285762 1.142746 -0.604470
v -0.256376 0.655966 -0.631102
v -0.256376 1.629526 -0.631102
v -0.224522 1.142746 -0.654728
v -0.190504 0.655966 -0.675116
v -0.190504 1.629526 -0.675116
v -0.154653 1.142746 -0.692074
v -0.117312 0.655966 -0.705433
v -0.117312 1.629526 -0.705433
v -0.078842 1.142746 -0.715071
v -0.039611 0.655966 -0.720889
v -0.039611 1.629526 -0.720889
v 0.092382 -0.057571 -1.256676
v 0.273595 -0.057571 -1.220630
v 0.444295 -0.057571 -1.149924
v 0.597920 -0.057571 -1.047275
v 0.728568 -0.057571 -0.916627
v 0.831217 -0.057571 -0.763002
v 0.901923 -0.057571 -0.592303
v 0.937968 -0.057571 -0.411089
v 0.937969 -0.057571 -0.226326
v 0.901923 -0.057571 -0.045112
v 0.831217 -0.057571 0.125587
v 0.728568 -0.057571 0.279213
v 0.597920 -0.057571 0.409860
v 0.444295 -0.057571 0.512510
v 0.273595 -0.057571 0.583215
v 0.092382 -0.057571 0.619261
v -0.092382 -0.057571 0.619261
v -0.273595 -0.057571 0.583215
v -0.444295 -0.057571 0.512510
v -0.597920 -0.057571 0.409860
v -0.728568 -0.057571 0.279213
v -0.831217 -0.057571 0.125587
v -0.901923 -0.057571 -0.045112
v -0.937968 -0.057571 -0.226326
v -0.937968 -0.057571 -0.411089
v -0.901923 -0.057571 -0.592303
v -0.831217 -0.057571 -0.763002
v -0.728568 -0.057571 -0.916627
v -0.597920 -0.057571 -1.047275
v -0.444295 -0.057571 -1.149924
v -0.273595 -0.057571 -1.220630
v -0.092382 -0.057571 -1.256676
v 0.374076 0.299198 -0.878552
v 0.257668 0.299198 -0.940774
v 0.476109 0.299198 0.157401
v 0.559845 0.299198 0.055369
v -0.559845 0.299198 0.055369
v -0.476109 0.299198 0.157401
v -0.257668 0.299198 -0.940774
v -0.374076 0.299198 -0.878552
v 0.673320 0.299198 -0.318707
v 0.660382 0.299198 -0.450066
v -0.131358 0.299198 0.341675
v -0.000000 0.299198 0.354612
v -0.622066 0.299198 -0.576376
v -0.660382 0.299198 -0.450066
v 0.476109 0.299198 -0.794816
v 0.374076 0.299198 0.241137
v -0.622066 0.299198 -0.061039
v -0.131358 0.299198 -0.979090
v 0.660382 0.299198 -0.187349
v -0.257668 0.299198 0.303359
v -0.559845 0.299198 -0.692784
v 0.559845 0.299198 -0.692784
v 0.257668 0.299198 0.303359
v -0.660382 0.299198 -0.187349
v 0.131358 0.299198 -0.979090
v -0.000000 0.299197 -0.992027
v 0.622066 0.299198 -0.061039
v -0.374076 0.299198 0.241137
v -0.476109 0.299198 -0.794816
v 0.622066 0.299198 -0.576376
v 0.131358 0.299198 0.341675
v -0.673320 0.299198 -0.318707
v 0.049751 1.629526 -0.823840
v 0.147342 1.629526 -0.804428
v 0.239270 1.629526 -0.766350
v 0.322003 1.629526 -0.711069
v 0.392362 1.629526 -0.640711
v 0.447643 1.629526 -0.557977
v 0.485721 1.629526 -0.466049
v 0.505133 1.629526 -0.368459
v 0.505133 1.629526 -0.268956
v 0.485721 1.629526 -0.171366
v 0.447643 1.629526 -0.079437
v 0.392362 1.629526 0.003296
v 0.322003 1.629526 0.073655
v 0.239270 1.629526 0.128935
v 0.147342 1.629526 0.167013
v 0.049751 1.629526 0.186425
v -0.049751 1.629526 0.186425
v -0.147342 1.629526 0.167013
v -0.239270 1.629526 0.128935
v -0.322003 1.629526 0.073655
v -0.392362 1.629526 0.003296
v -0.447643 1.629526 -0.079437
v -0.485720 1.629526 -0.171366
v -0.505132 1.629526 -0.268956
v -0.505132 1.629526 -0.368459
v -0.485720 1.629526 -0.466049
v -0.447643 1.629526 -0.557977
v -0.392362 1.629526 -0.640711
v -0.322003 1.629526 -0.711069
v -0.239270 1.629526 -0.766350
v -0.147342 1.629526 -0.804428
v -0.049751 1.629526 -0.823840
v 0.455854 1.629526 -0.318707
v 0.447095 1.629526 -0.229775
v -0.088933 1.629526 0.128387
v -0.174448 1.629526 0.102446
v -0.421154 1.629526 -0.493155
v -0.379028 1.629526 -0.571966
v 0.322337 1.629526 -0.641045
v 0.379028 1.629526 -0.571966
v 0.253259 1.629526 0.060321
v 0.174448 1.629526 0.102446
v -0.421154 1.629526 -0.144260
v -0.447095 1.629526 -0.229775
v 0.000000 1.629526 -0.774561
v 0.088933 1.629526 -0.765802
v -0.088933 1.629526 -0.765802
v 0.421154 1.629526 -0.144260
v -0.253259 1.629526 0.060321
v -0.322337 1.629526 -0.641045
v 0.421154 1.629526 -0.493155
v 0.088933 1.629526 0.128387
v -0.455854 1.629526 -0.318707
v 0.174448 1.629526 -0.739861
v 0.379028 1.629526 -0.065449
v -0.322337 1.629526 0.003630
v -0.253259 1.629526 -0.697736
v 0.447095 1.629526 -0.407640
v 0.000000 1.629526 0.137146
v -0.447094 1.629526 -0.407640
v 0.253259 1.629526 -0.697736
v 0.322337 1.629526 0.003630
v -0.379028 1.629526 -0.065449
v -0.174448 1.629526 -0.739861
v 0.049751 1.501109 -0.823840
v 0.147342 1.501109 -0.804428
v 0.239270 1.501109 -0.766350
v 0.322003 1.501109 -0.711069
v 0.392362 1.501109 -0.640711
v 0.447643 1.501109 -0.557977
v 0.485721 1.501109 -0.466049
v 0.505133 1.501109 -0.368459
v 0.505133 1.501109 -0.268956
v 0.485721 1.501109 -0.171366
v 0.447643 1.501109 -0.079437
v 0.392362 1.501109 0.003296
v 0.322003 1.501109 0.073655
v 0.239270 1.501109 0.128935
v 0.147342 1.501109 0.167013
v 0.049751 1.501109 0.186425
v -0.049751 1.501109 0.186425
v -0.147342 1.501109 0.167013
v -0.239270 1.501109 0.128935
v -0.322003 1.501109 0.073655
v -0.392362 1.501109 0.003296
v -0.447643 1.501109 -0.079437
v -0.485720 1.501109 -0.171366
v -0.505132 1.501109 -0.268956
v -0.505132 1.501109 -0.368459
v -0.485720 1.501109 -0.466049
v -0.447643 1.501109 -0.557977
v -0.392362 1.501109 -0.640711
v -0.322003 1.501109 -0.711069
v -0.239270 1.501109 -0.766350
v -0.147342 1.501109 -0.804428
v -0.049751 1.501109 -0.823840
v 0.000000 1.565318 -0.826286
v 0.099024 1.565318 -0.816533
v -0.422036 1.565318 -0.600703
v -0.358912 1.565318 -0.677620
v 0.194242 1.565318 0.150234
v 0.099024 1.565318 0.179118
v 0.194242 1.565318 -0.787649
v -0.281996 1.565318 -0.740744
v 0.000000 1.565318 0.188871
v 0.281996 1.565318 -0.740744
v -0.194242 1.565318 -0.787649
v -0.099024 1.565318 0.179118
v 0.358912 1.565318 -0.677620
v -0.099024 1.565318 -0.816533
v -0.194242 1.565318 0.150234
v 0.422036 1.565318 -0.600703
v -0.281996 1.565318 0.103329
v 0.468942 1.565318 -0.512949
v -0.358912 1.565318 0.040205
v 0.497826 1.565318 -0.417731
v -0.422036 1.565318 -0.036712
v 0.507579 1.565318 -0.318707
v -0.468941 1.565318 -0.124466
v 0.497826 1.565318 -0.219684
v -0.497826 1.565318 -0.219684
v 0.468941 1.565318 -0.124466
v -0.507579 1.565318 -0.318707
v 0.422036 1.565318 -0.036712
v -0.497826 1.565318 -0.417731
v 0.358912 1.565318 0.040205
v -0.468941 1.565318 -0.512949
v 0.281996 1.565318 0.103329
v 0.049751 1.628683 -0.823840
v 0.147342 1.628683 -0.804428
v 0.239270 1.628683 -0.766350
v 0.322003 1.628683 -0.711069
v 0.392362 1.628683 -0.640711
v 0.447643 1.628683 -0.557977
v 0.485721 1.628683 -0.466049
v 0.505133 1.628683 -0.368459
v 0.505133 1.628683 -0.268956
v 0.485721 1.628683 -0.171366
v 0.447643 1.628683 -0.079437
v 0.392362 1.628683 0.003296
v 0.322003 1.628683 0.073655
v 0.239270 1.628683 0.128935
v 0.147342 1.628683 0.167013
v 0.049751 1.628683 0.186425
v -0.049751 1.628683 0.186425
v -0.147342 1.628683 0.167013
v -0.239270 1.628683 0.128935
v -0.322003 1.628683 0.073655
v -0.392362 1.628683 0.003296
v -0.447643 1.628683 -0.079437
v -0.485720 1.628683 -0.171366
v -0.505132 1.628683 -0.268956
v -0.505132 1.628683 -0.368459
v -0.485720 1.628683 -0.466049
v -0.447643 1.628683 -0.557977
v -0.392362 1.628683 -0.640711
v -0.322003 1.628683 -0.711069
v -0.239270 1.628683 -0.766350
v -0.147342 1.628683 -0.804428
v -0.049751 1.628683 -0.823840
v 0.281996 1.564896 -0.740744
v 0.358912 1.564896 -0.677620
v -0.194242 1.564896 -0.787649
v -0.099024 1.564896 -0.816533
v -0.099024 1.564896 0.179118
v -0.194242 1.564896 0.150234
v 0.422036 1.564896 -0.600703
v 0.000000 1.564896 -0.826286
v -0.281996 1.564896 0.103329
v 0.468942 1.564896 -0.512949
v -0.358912 1.564896 0.040205
v 0.497826 1.564896 -0.417731
v -0.422036 1.564896 -0.036712
v 0.507579 1.564896 -0.318707
v -0.468941 1.564896 -0.124466
v 0.497826 1.564896 -0.219684
v -0.497826 1.564896 -0.219684
v 0.468941 1.564896 -0.124466
v -0.507579 1.564896 -0.318707
v 0.422036 1.564896 -0.036712
v -0.497826 1.564896 -0.417731
v 0.358912 1.564896 0.040205
v -0.468941 1.564896 -0.512949
v 0.281996 1.564896 0.103329
v -0.422036 1.564896 -0.600703
v 0.194242 1.564896 0.150234
v 0.099024 1.564896 -0.816533
v -0.358912 1.564896 -0.677620
v 0.099024 1.564896 0.179118
v 0.194242 1.564896 -0.787649
v -0.281996 1.564896 -0.740744
v 0.000000 1.564896 0.188871
v 0.046995 1.609767 -0.795859
v 0.139180 1.609767 -0.777522
v 0.226016 1.609767 -0.741553
v 0.304166 1.609767 -0.689335
v 0.370627 1.609767 -0.622874
v 0.422846 1.609767 -0.544723
v 0.458815 1.609767 -0.457887
v 0.477151 1.609767 -0.365703
v 0.477151 1.609767 -0.271712
v 0.458815 1.609767 -0.179528
v 0.422846 1.609767 -0.092692
v 0.370628 1.609767 -0.014541
v 0.304166 1.609767 0.051920
v 0.226016 1.609767 0.104138
v 0.139180 1.609767 0.140107
v 0.046995 1.609767 0.158444
v -0.046995 1.609767 0.158444
v -0.139180 1.609767 0.140107
v -0.226016 1.609767 0.104138
v -0.304166 1.609767 0.051920
v -0.370627 1.609767 -0.014541
v -0.422846 1.609767 -0.092692
v -0.458814 1.609767 -0.179528
v -0.477151 1.609767 -0.271712
v -0.477151 1.609767 -0.365703
v -0.458814 1.609767 -0.457887
v -0.422846 1.609767 -0.544723
v -0.370627 1.609767 -0.622874
v -0.304166 1.609767 -0.689335
v -0.226016 1.609767 -0.741553
v -0.139180 1.609767 -0.777522
v -0.046995 1.609767 -0.795859
v -0.484037 1.619225 -0.222426
v -0.493520 1.619225 -0.318707
v 0.455953 1.619225 -0.129845
v 0.410347 1.619225 -0.044522
v -0.484037 1.619225 -0.414988
v 0.348971 1.619225 0.030264
v -0.455953 1.619225 -0.507569
v 0.274185 1.619225 0.091640
v -0.410347 1.619225 -0.592893
v 0.188862 1.619225 0.137246
v 0.000000 1.619225 -0.812228
v 0.096281 1.619225 -0.802745
v -0.348971 1.619225 -0.667679
v 0.096281 1.619225 0.165330
v 0.188862 1.619225 -0.774661
v -0.274185 1.619225 -0.729054
v 0.000000 1.619225 0.174813
v 0.274185 1.619225 -0.729054
v -0.188862 1.619225 -0.774661
v -0.096281 1.619225 0.165330
v 0.348971 1.619225 -0.667679
v -0.096281 1.619225 -0.802745
v -0.188862 1.619225 0.137246
v 0.410347 1.619225 -0.592893
v -0.274185 1.619225 0.091640
v 0.455953 1.619225 -0.507569
v -0.348971 1.619225 0.030264
v 0.484037 1.619225 -0.414988
v -0.410347 1.619225 -0.044522
v 0.493520 1.619225 -0.318707
v -0.455953 1.619225 -0.129845
v 0.484037 1.619225 -0.222426
v 0.032114 2.010892 -0.644770
v 0.095109 2.010892 -0.632239
v 0.154448 2.010892 -0.607660
v 0.207853 2.010892 -0.571977
v 0.253269 2.010892 -0.526560
v 0.288953 2.010892 -0.473156
v 0.313532 2.010892 -0.413816
v 0.326062 2.010892 -0.350822
v 0.326062 2.010892 -0.286593
v 0.313532 2.010892 -0.223599
v 0.288953 2.010892 -0.164259
v 0.253269 2.010892 -0.110855
v 0.207853 2.010892 -0.065438
v 0.154448 2.010892 -0.029755
v 0.095109 2.010892 -0.005176
v 0.032114 2.010892 0.007355
v -0.032114 2.010892 0.007355
v -0.095109 2.010892 -0.005176
v -0.154448 2.010892 -0.029755
v -0.207853 2.010892 -0.065438
v -0.253269 2.010892 -0.110855
v -0.288953 2.010892 -0.164259
v -0.313532 2.010892 -0.223599
v -0.326062 2.010892 -0.286593
v -0.326062 2.010892 -0.350822
v -0.313532 2.010892 -0.413816
v -0.288953 2.010892 -0.473156
v -0.253269 2.010892 -0.526560
v -0.207853 2.010892 -0.571977
v -0.154448 2.010892 -0.607660
v -0.095109 2.010892 -0.632239
v -0.032114 2.010892 -0.644770
v 0.330187 1.774165 -0.539332
v 0.366885 1.774165 -0.470676
v -0.220624 1.774165 0.011480
v -0.280801 1.774165 -0.037906
v 0.389483 1.774165 -0.396180
v -0.330187 1.774165 -0.098083
v 0.397113 1.774165 -0.318707
v -0.366885 1.774165 -0.166739
v 0.389483 1.774165 -0.241235
v -0.389483 1.774165 -0.241235
v 0.366885 1.774165 -0.166739
v -0.397113 1.774165 -0.318707
v 0.330187 1.774165 -0.098083
v -0.389483 1.774165 -0.396180
v 0.280801 1.774165 -0.037906
v -0.366885 1.774165 -0.470676
v 0.220624 1.774165 0.011480
v -0.330187 1.774165 -0.539332
v 0.151969 1.774165 0.048177
v 0.000000 1.774165 -0.715820
v 0.077473 1.774165 -0.708190
v -0.280801 1.774165 -0.599509
v 0.077473 1.774165 0.070775
v 0.151969 1.774165 -0.685592
v -0.220624 1.774165 -0.648895
v 0.000000 1.774165 0.078406
v 0.220624 1.774165 -0.648895
v -0.151969 1.774165 -0.685592
v -0.077473 1.774165 0.070775
v 0.280801 1.774165 -0.599509
v -0.077473 1.774165 -0.708190
v -0.151969 1.774165 0.048177
v 0.023965 2.797778 -0.562027
v 0.070974 2.797778 -0.552676
v 0.115255 2.797778 -0.534335
v 0.155107 2.797778 -0.507706
v 0.188999 2.797778 -0.473815
v 0.215627 2.797778 -0.433963
v 0.233969 2.797778 -0.389681
v 0.243320 2.797778 -0.342672
v 0.243320 2.797778 -0.294742
v 0.233969 2.797778 -0.247734
v 0.215627 2.797778 -0.203452
v 0.188999 2.797778 -0.163600
v 0.155107 2.797778 -0.129709
v 0.115255 2.797778 -0.103080
v 0.070974 2.797778 -0.084738
v 0.023965 2.797778 -0.075388
v -0.023965 2.797778 -0.075388
v -0.070974 2.797778 -0.084738
v -0.115255 2.797778 -0.103080
v -0.155107 2.797778 -0.129709
v -0.188999 2.797778 -0.163600
v -0.215627 2.797778 -0.203452
v -0.233969 2.797778 -0.247734
v -0.243320 2.797778 -0.294742
v -0.243320 2.797778 -0.342672
v -0.233969 2.797778 -0.389681
v -0.215627 2.797778 -0.433963
v -0.188999 2.797778 -0.473815
v -0.155107 2.797778 -0.507706
v -0.115255 2.797778 -0.534335
v -0.070974 2.797778 -0.552676
v -0.023965 2.797778 -0.562027
v 0.279631 2.368170 -0.318707
v 0.274258 2.368170 -0.264154
v -0.258345 2.368170 -0.211697
v -0.274258 2.368170 -0.264154
v 0.258346 2.368170 -0.211697
v -0.279631 2.368170 -0.318707
v 0.232505 2.368170 -0.163353
v -0.274258 2.368170 -0.373261
v 0.197729 2.368170 -0.120978
v -0.258345 2.368170 -0.425718
v 0.155355 2.368170 -0.086203
v -0.232505 2.368170 -0.474062
v 0.107010 2.368170 -0.060362
v 0.000000 2.368170 -0.598339
v 0.054553 2.368170 -0.592965
v -0.197729 2.368170 -0.516437
v 0.054553 2.368170 -0.044449
v 0.107010 2.368170 -0.577053
v -0.155355 2.368170 -0.551212
v 0.000000 2.368170 -0.039076
v 0.155355 2.368170 -0.551212
v -0.107010 2.368170 -0.577053
v -0.054553 2.368170 -0.044449
v 0.197729 2.368170 -0.516437
v -0.054553 2.368170 -0.592965
v -0.107010 2.368170 -0.060362
v 0.232505 2.368170 -0.474062
v -0.155355 2.368170 -0.086203
v 0.258346 2.368170 -0.425718
v -0.197729 2.368170 -0.120978
v 0.274258 2.368170 -0.373261
v -0.232505 2.368170 -0.163353
v 0.039611 0.655966 -0.720889
v -0.039611 0.655966 -0.720889
v 0.117312 0.655966 -0.705433
v 0.039611 1.629526 -0.720889
v 0.117312 1.629526 -0.705433
v -0.039611 1.629526 -0.720889
v 0.190504 0.655966 -0.675116
v 0.190504 1.629526 -0.675116
v 0.256376 0.655966 -0.631102
v 0.256376 1.629526 -0.631102
v 0.312395 0.655966 -0.575083
v 0.312395 1.629526 -0.575083
v 0.356408 0.655966 -0.509212
v 0.356408 1.629526 -0.509212
v 0.386726 0.655966 -0.436019
v 0.386726 1.629526 -0.436019
v 0.402181 0.655966 -0.358319
v 0.402181 1.629526 -0.358319
v 0.402181 0.655966 -0.279096
v 0.402181 1.629526 -0.279096
v 0.386726 0.655966 -0.201396
v 0.386726 1.629526 -0.201396
v 0.356408 0.655966 -0.128203
v 0.356408 1.629526 -0.128203
v 0.312395 0.655966 -0.062332
v 0.312395 1.629526 -0.062332
v 0.256376 0.655966 -0.006313
v 0.256376 1.629526 -0.006313
v 0.190504 0.655966 0.037701
v 0.190504 1.629526 0.037701
v 0.117312 0.655966 0.068018
v 0.117312 1.629526 0.068018
v 0.039611 0.655966 0.083474
v 0.039611 1.629526 0.083474
v -0.039611 0.655966 0.083474
v -0.039611 1.629526 0.083474
v -0.117312 0.655966 0.068018
v -0.117312 1.629526 0.068018
v -0.190504 0.655966 0.037701
v -0.190504 1.629526 0.037701
v -0.256376 0.655966 -0.006313
v -0.256376 1.629526 -0.006313
v -0.312394 0.655966 -0.062332
v -0.312394 1.629526 -0.062332
v -0.356408 0.655966 -0.128203
v -0.356408 1.629526 -0.128203
v -0.386726 0.655966 -0.201396
v -0.386726 1.629526 -0.201396
v -0.402181 0.655966 -0.279096
v -0.402181 1.629526 -0.279096
v -0.402181 0.655966 -0.358319
v -0.402181 1.629526 -0.358319
v -0.386726 0.655966 -0.436019
v -0.386726 1.629526 -0.436019
v -0.356408 0.655966 -0.509212
v -0.356408 1.629526 -0.509212
v -0.312394 0.655966 -0.575083
v -0.312394 1.629526 -0.575083
v -0.256376 0.655966 -0.631102
v -0.256376 1.629526 -0.631102
v -0.190504 0.655966 -0.675116
v -0.190504 1.629526 -0.675116
v -0.117312 0.655966 -0.705433
v -0.117312 1.629526 -0.705433
v 0.092382 -0.057571 -1.256676
v -0.092382 -0.057571 -1.256676
v 0.273595 -0.057571 -1.220630
v 0.444295 -0.057571 -1.149924
v 0.597920 -0.057571 -1.047275
v 0.728568 -0.057571 -0.916627
v 0.831217 -0.057571 -0.763002
v 0.901923 -0.057571 -0.592303
v 0.937969 -0.057571 -0.411089
v 0.937969 -0.057571 -0.226326
v 0.901923 -0.057571 -0.045112
v 0.831217 -0.057571 0.125587
v 0.728568 -0.057571 0.279213
v 0.597920 -0.057571 0.409860
v 0.444295 -0.057571 0.512510
v 0.273595 -0.057571 0.583215
v 0.092382 -0.057571 0.619261
v -0.092382 -0.057571 0.619261
v -0.273595 -0.057571 0.583215
v -0.444295 -0.057571 0.512510
v -0.597920 -0.057571 0.409860
v -0.728568 -0.057571 0.279213
v -0.831217 -0.057571 0.125587
v -0.901923 -0.057571 -0.045112
v -0.937968 -0.057571 -0.226326
v -0.937968 -0.057571 -0.411089
v -0.901923 -0.057571 -0.592303
v -0.831217 -0.057571 -0.763002
v -0.728568 -0.057571 -0.916627
v -0.597920 -0.057571 -1.047275
v -0.444295 -0.057571 -1.149924
v -0.273595 -0.057571 -1.220630
v 0.049751 1.629526 -0.823840
v 0.147342 1.629526 -0.804428
v -0.049751 1.629526 -0.823840
v 0.239270 1.629526 -0.766350
v 0.322003 1.629526 -0.711069
v 0.392362 1.629526 -0.640711
v 0.447643 1.629526 -0.557977
v 0.485721 1.629526 -0.466049
v 0.505132 1.629526 -0.368459
v 0.505133 1.629526 -0.268956
v 0.485721 1.629526 -0.171366
v 0.447643 1.629526 -0.079437
v 0.392362 1.629526 0.003296
v 0.322003 1.629526 0.073655
v 0.239270 1.629526 0.128935
v 0.147342 1.629526 0.167013
v 0.049751 1.629526 0.186425
v -0.049751 1.629526 0.186425
v -0.147342 1.629526 0.167013
v -0.239270 1.629526 0.128935
v -0.322003 1.629526 0.073655
v -0.392362 1.629526 0.003296
v -0.447643 1.629526 -0.079437
v -0.485720 1.629526 -0.171366
v -0.505132 1.629526 -0.268956
v -0.505132 1.629526 -0.368459
v -0.485720 1.629526 -0.466049
v -0.447643 1.629526 -0.557977
v -0.392362 1.629526 -0.640711
v -0.322003 1.629526 -0.711069
v -0.239270 1.629526 -0.766350
v -0.147342 1.629526 -0.804428
v 0.049751 1.501109 -0.823840
v 0.147342 1.501109 -0.804428
v -0.049751 1.501109 -0.823840
v 0.239270 1.501109 -0.766350
v 0.322003 1.501109 -0.711069
v 0.392362 1.501109 -0.640711
v 0.447643 1.501109 -0.557977
v 0.485721 1.501109 -0.466049
v 0.505132 1.501109 -0.368459
v 0.505133 1.501109 -0.268956
v 0.485721 1.501109 -0.171366
v 0.447643 1.501109 -0.079437
v 0.392362 1.501109 0.003296
v 0.322003 1.501109 0.073655
v 0.239270 1.501109 0.128935
v 0.147342 1.501109 0.167013
v 0.049751 1.501109 0.186425
v -0.049751 1.501109 0.186425
v -0.147342 1.501109 0.167013
v -0.239270 1.501109 0.128935
v -0.322003 1.501109 0.073655
v -0.392362 1.501109 0.003296
v -0.447643 1.501109 -0.079437
v -0.485720 1.501109 -0.171366
v -0.505132 1.501109 -0.268956
v -0.505132 1.501109 -0.368459
v -0.485720 1.501109 -0.466049
v -0.447643 1.501109 -0.557977
v -0.392362 1.501109 -0.640711
v -0.322003 1.501109 -0.711069
v -0.239270 1.501109 -0.766350
v -0.147342 1.501109 -0.804428
v 0.049751 1.628683 -0.823840
v 0.147342 1.628683 -0.804428
v -0.049751 1.628683 -0.823840
v 0.239270 1.628683 -0.766350
v 0.322003 1.628683 -0.711069
v 0.392362 1.628683 -0.640711
v 0.447643 1.628683 -0.557977
v 0.485721 1.628683 -0.466049
v 0.505132 1.628683 -0.368459
v 0.505133 1.628683 -0.268956
v 0.485721 1.628683 -0.171366
v 0.447643 1.628683 -0.079437
v 0.392362 1.628683 0.003296
v 0.322003 1.628683 0.073655
v 0.239270 1.628683 0.128935
v 0.147342 1.628683 0.167013
v 0.049751 1.628683 0.186425
v -0.049751 1.628683 0.186425
v -0.147342 1.628683 0.167013
v -0.239270 1.628683 0.128935
v -0.322003 1.628683 0.073655
v -0.392362 1.628683 0.003296
v -0.447643 1.628683 -0.079437
v -0.485720 1.628683 -0.171366
v -0.505132 1.628683 -0.268956
v -0.505132 1.628683 -0.368459
v -0.485720 1.628683 -0.466049
v -0.447643 1.628683 -0.557977
v -0.392362 1.628683 -0.640711
v -0.322003 1.628683 -0.711069
v -0.239270 1.628683 -0.766350
v -0.147342 1.628683 -0.804428
v 0.046995 1.609767 -0.795859
v 0.139180 1.609767 -0.777522
v -0.046995 1.609767 -0.795859
v 0.226016 1.609767 -0.741553
v 0.304166 1.609767 -0.689335
v 0.370628 1.609767 -0.622874
v 0.422846 1.609767 -0.544723
v 0.458815 1.609767 -0.457887
v 0.477151 1.609767 -0.365703
v 0.477151 1.609767 -0.271712
v 0.458815 1.609767 -0.179528
v 0.422846 1.609767 -0.092692
v 0.370628 1.609767 -0.014541
v 0.304166 1.609767 0.051920
v 0.226016 1.609767 0.104138
v 0.139180 1.609767 0.140107
v 0.046995 1.609767 0.158444
v -0.046995 1.609767 0.158444
v -0.139180 1.609767 0.140107
v -0.226016 1.609767 0.104138
v -0.304166 1.609767 0.051920
v -0.370627 1.609767 -0.014541
v -0.422846 1.609767 -0.092692
v -0.458814 1.609767 -0.179528
v -0.477151 1.609767 -0.271712
v -0.477151 1.609767 -0.365703
v -0.458814 1.609767 -0.457887
v -0.422846 1.609767 -0.544723
v -0.370627 1.609767 -0.622874
v -0.304166 1.609767 -0.689335
v -0.226016 1.609767 -0.741553
v -0.139180 1.609767 -0.777522
v 0.023965 2.797778 -0.562027
v 0.070974 2.797778 -0.552676
v -0.023965 2.797778 -0.562027
v 0.115255 2.797778 -0.534335
v 0.155107 2.797778 -0.507706
v 0.188999 2.797778 -0.473815
v 0.215627 2.797778 -0.433963
v 0.233969 2.797778 -0.389681
v 0.243320 2.797778 -0.342672
v 0.243320 2.797778 -0.294742
v 0.233969 2.797778 -0.247734
v 0.215627 2.797778 -0.203452
v 0.188999 2.797778 -0.163600
v 0.155107 2.797778 -0.129709
v 0.115255 2.797778 -0.103080
v 0.070974 2.797778 -0.084738
v 0.023965 2.797778 -0.075388
v -0.023965 2.797778 -0.075388
v -0.070974 2.797778 -0.084738
v -0.115255 2.797778 -0.103080
v -0.155107 2.797778 -0.129709
v -0.188999 2.797778 -0.163600
v -0.215627 2.797778 -0.203452
v -0.233969 2.797778 -0.247734
v -0.243320 2.797778 -0.294742
v -0.243320 2.797778 -0.342672
v -0.233969 2.797778 -0.389681
v -0.215627 2.797778 -0.433963
v -0.188999 2.797778 -0.473815
v -0.155107 2.797778 -0.507706
v -0.115255 2.797778 -0.534335
v -0.070974 2.797778 -0.552676
v 0.039611 1.142746 -0.720889
v 0.117312 1.142746 -0.705433
v 0.190504 1.142746 -0.675116
v 0.256376 1.142746 -0.631102
v 0.312395 1.142746 -0.575083
v 0.356408 1.142746 -0.509212
v 0.386726 1.142746 -0.436019
v 0.402181 1.142746 -0.358319
v 0.402181 1.142746 -0.279096
v 0.386726 1.142746 -0.201396
v 0.356408 1.142746 -0.128203
v 0.312395 1.142746 -0.062332
v 0.256376 1.142746 -0.006313
v 0.190504 1.142746 0.037701
v 0.117312 1.142746 0.068018
v 0.039611 1.142746 0.083474
v -0.039611 1.142746 0.083474
v -0.117312 1.142746 0.068018
v -0.190504 1.142746 0.037701
v -0.256376 1.142746 -0.006313
v -0.312394 1.142746 -0.062332
v -0.356408 1.142746 -0.128203
v -0.386726 1.142746 -0.201396
v -0.402181 1.142746 -0.279096
v -0.402181 1.142746 -0.358319
v -0.386726 1.142746 -0.436019
v -0.356408 1.142746 -0.509212
v -0.312394 1.142746 -0.575083
v -0.256376 1.142746 -0.631102
v -0.190504 1.142746 -0.675116
v 0.453657 1.629526 -0.274026
v -0.117312 1.142746 -0.705433
v -0.039611 1.142746 -0.720889
v 0.317399 0.299198 -0.912520
v 0.000000 -0.057571 -0.318707
v 0.520481 0.299198 0.108440
v -0.520481 0.299198 0.108440
v -0.317399 0.299198 -0.912520
v 0.670075 0.299198 -0.384704
v -0.065997 0.299198 0.351367
v -0.644324 0.299198 -0.514161
v 0.427148 0.299198 -0.839189
v 0.427148 0.299198 0.201774
v -0.593813 0.299198 -0.001308
v -0.195454 0.299198 -0.963032
v 0.670075 0.299198 -0.252711
v -0.195454 0.299198 0.325617
v -0.593813 0.299198 -0.636107
v 0.520481 0.299198 -0.745855
v 0.317399 0.299198 0.275105
v -0.644324 0.299198 -0.123254
v 0.065997 0.299198 -0.988782
v -0.065997 0.299198 -0.988782
v 0.644324 0.299198 -0.123254
v -0.317399 0.299198 0.275105
v -0.520481 0.299198 -0.745855
v 0.593813 0.299198 -0.636107
v 0.195454 0.299198 0.325617
v -0.670075 0.299198 -0.252711
v 0.195454 0.299198 -0.963032
v 0.593813 0.299198 -0.001308
v -0.427148 0.299198 0.201774
v -0.427148 0.299198 -0.839189
v 0.644324 0.299198 -0.514161
v 0.065997 0.299198 0.351367
v -0.670075 0.299198 -0.384704
v 0.049751 1.565318 -0.823840
v -0.132327 1.629526 0.117516
v -0.402025 1.629526 -0.533595
v 0.352378 1.629526 -0.607897
v 0.214887 1.629526 0.083318
v -0.436223 1.629526 -0.186381
v 0.044681 1.629526 -0.772364
v -0.044681 1.629526 -0.772364
v 0.436223 1.629526 -0.186381
v -0.214887 1.629526 0.083318
v -0.352378 1.629526 -0.607897
v 0.402025 1.629526 -0.533594
v 0.132327 1.629526 0.117516
v -0.453657 1.629526 -0.274026
v 0.132327 1.629526 -0.754930
v 0.402025 1.629526 -0.103820
v -0.289189 1.629526 0.033671
v -0.289189 1.629526 -0.671086
v 0.436223 1.629526 -0.451034
v 0.044681 1.629526 0.134949
v -0.453657 1.629526 -0.363389
v 0.214887 1.629526 -0.720733
v 0.352378 1.629526 -0.029518
v -0.352378 1.629526 -0.029518
v -0.214887 1.629526 -0.720733
v 0.453657 1.629526 -0.363389
v -0.044681 1.629526 0.134949
v -0.436223 1.629526 -0.451034
v 0.289189 1.629526 -0.671086
v 0.289189 1.629526 0.033671
v -0.402025 1.629526 -0.103820
v -0.132327 1.629526 -0.754930
v 0.322003 1.564896 -0.711069
v -0.392362 1.565318 -0.640711
v 0.147342 1.565318 0.167013
v 0.147342 1.565318 -0.804428
v -0.322003 1.565318 -0.711069
v 0.049751 1.565318 0.186425
v 0.239270 1.565318 -0.766350
v -0.239270 1.565318 -0.766350
v -0.049751 1.565318 0.186425
v 0.322003 1.565318 -0.711069
v -0.147342 1.565318 -0.804428
v -0.147342 1.565318 0.167013
v 0.392362 1.565318 -0.640711
v -0.049751 1.565318 -0.823840
v -0.239270 1.565318 0.128935
v 0.447643 1.565318 -0.557977
v -0.322003 1.565318 0.073655
v 0.485721 1.565318 -0.466049
v -0.392362 1.565318 0.003296
v 0.505132 1.565318 -0.368459
v -0.447643 1.565318 -0.079438
v 0.505132 1.565318 -0.268956
v -0.485720 1.565318 -0.171366
v 0.485721 1.565318 -0.171366
v -0.505132 1.565318 -0.268956
v 0.447643 1.565318 -0.079437
v -0.505132 1.565318 -0.368459
v 0.392362 1.565318 0.003296
v -0.485721 1.565318 -0.466049
v 0.322003 1.565318 0.073655
v -0.447643 1.565318 -0.557977
v 0.239270 1.565318 0.128935
v -0.491142 1.619225 -0.270334
v -0.147342 1.564896 -0.804428
v -0.147342 1.564896 0.167013
v 0.392362 1.564896 -0.640711
v -0.049751 1.564896 -0.823840
v -0.239270 1.564896 0.128935
v 0.447643 1.564896 -0.557977
v -0.322003 1.564896 0.073655
v 0.485721 1.564896 -0.466049
v -0.392362 1.564896 0.003296
v 0.505132 1.564896 -0.368459
v -0.447643 1.564896 -0.079438
v 0.505132 1.564896 -0.268956
v -0.485720 1.564896 -0.171366
v 0.485721 1.564896 -0.171366
v -0.505132 1.564896 -0.268956
v 0.447643 1.564896 -0.079437
v -0.505132 1.564896 -0.368459
v 0.392362 1.564896 0.003296
v -0.485721 1.564896 -0.466049
v 0.322003 1.564896 0.073655
v -0.447643 1.564896 -0.557977
v 0.239270 1.564896 0.128935
v 0.049751 1.564896 -0.823840
v -0.392362 1.564896 -0.640711
v 0.147342 1.564896 0.167013
v 0.147342 1.564896 -0.804428
v -0.322003 1.564896 -0.711069
v 0.049751 1.564896 0.186425
v 0.239270 1.564896 -0.766350
v -0.239270 1.564896 -0.766350
v -0.049751 1.564896 0.186425
v 0.350221 1.774165 -0.505904
v 0.435244 1.619225 -0.086065
v -0.491142 1.619225 -0.367081
v 0.381495 1.619225 -0.005623
v -0.472267 1.619225 -0.461968
v 0.313085 1.619225 0.062787
v -0.435244 1.619225 -0.551350
v 0.232643 1.619225 0.116537
v 0.048373 1.619225 -0.809849
v -0.381495 1.619225 -0.631792
v 0.143261 1.619225 0.153560
v 0.143261 1.619225 -0.790975
v -0.313085 1.619225 -0.700202
v 0.048373 1.619225 0.172434
v 0.232643 1.619225 -0.753952
v -0.232643 1.619225 -0.753952
v -0.048373 1.619225 0.172434
v 0.313085 1.619225 -0.700202
v -0.143261 1.619225 -0.790975
v -0.143261 1.619225 0.153560
v 0.381495 1.619225 -0.631792
v -0.048373 1.619225 -0.809849
v -0.232643 1.619225 0.116537
v 0.435244 1.619225 -0.551350
v -0.313085 1.619225 0.062787
v 0.472268 1.619225 -0.461968
v -0.381495 1.619225 -0.005623
v 0.491142 1.619225 -0.367081
v -0.435244 1.619225 -0.086065
v 0.491142 1.619225 -0.270334
v -0.472267 1.619225 -0.175447
v 0.472268 1.619225 -0.175447
v 0.278284 2.368170 -0.291299
v -0.251925 1.774165 -0.011736
v 0.380012 1.774165 -0.433983
v -0.306971 1.774165 -0.066783
v 0.395199 1.774165 -0.357631
v -0.350221 1.774165 -0.131510
v 0.395199 1.774165 -0.279784
v -0.380012 1.774165 -0.203432
v 0.380012 1.774165 -0.203432
v -0.395199 1.774165 -0.279784
v 0.350221 1.774165 -0.131510
v -0.395199 1.774165 -0.357631
v 0.306971 1.774165 -0.066783
v -0.380012 1.774165 -0.433983
v 0.251925 1.774165 -0.011736
v -0.350221 1.774165 -0.505904
v 0.187197 1.774165 0.031514
v 0.038924 1.774165 -0.713907
v -0.306971 1.774165 -0.570632
v 0.115275 1.774165 0.061305
v 0.115275 1.774165 -0.698719
v -0.251925 1.774165 -0.625679
v 0.038924 1.774165 0.076492
v 0.187197 1.774165 -0.668928
v -0.187197 1.774165 -0.668928
v -0.038924 1.774165 0.076492
v 0.251925 1.774165 -0.625679
v -0.115275 1.774165 -0.698719
v -0.115275 1.774165 0.061305
v 0.306971 1.774165 -0.570632
v -0.038924 1.774165 -0.713907
v -0.187197 1.774165 0.031514
v 0.000000 2.797779 -0.318707
v -0.267589 2.368170 -0.237535
v 0.267589 2.368170 -0.237535
v -0.278284 2.368170 -0.291299
v 0.246612 2.368170 -0.186891
v -0.278284 2.368170 -0.346116
v 0.216157 2.368170 -0.141312
v -0.267589 2.368170 -0.399880
v 0.177395 2.368170 -0.102550
v -0.246612 2.368170 -0.450524
v 0.131817 2.368170 -0.072096
v 0.027409 2.368170 -0.596991
v -0.216157 2.368170 -0.496103
v 0.081172 2.368170 -0.051118
v 0.081172 2.368170 -0.586297
v -0.177395 2.368170 -0.534864
v 0.027409 2.368170 -0.040424
v 0.131817 2.368170 -0.565319
v -0.131817 2.368170 -0.565319
v -0.027409 2.368170 -0.040424
v 0.177395 2.368170 -0.534864
v -0.081172 2.368170 -0.586297
v -0.081172 2.368170 -0.051118
v 0.216157 2.368170 -0.496103
v -0.027409 2.368170 -0.596991
v -0.131817 2.368170 -0.072096
v 0.246612 2.368170 -0.450524
v -0.177395 2.368170 -0.102550
v 0.267589 2.368170 -0.399880
v -0.216157 2.368170 -0.141312
v 0.278284 2.368170 -0.346116
v -0.246612 2.368170 -0.186891
vn 0.0491 -0.0000 -0.9988
vn 0.1467 -0.0000 -0.9892
vn 0.2430 -0.0000 -0.9700
vn 0.3369 -0.0000 -0.9416
vn 0.4276 -0.0000 -0.9040
vn 0.5141 -0.0000 -0.8577
vn 0.5957 -0.0000 -0.8032
vn 0.6715 -0.0000 -0.7410
vn 0.7410 -0.0000 -0.6715
vn 0.8032 -0.0000 -0.5957
vn 0.8577 -0.0000 -0.5141
vn 0.9040 -0.0000 -0.4276
vn 0.9416 -0.0000 -0.3369
vn 0.9700 -0.0000 -0.2430
vn 0.9892 -0.0000 -0.1467
vn 0.9988 -0.0000 -0.0491
vn 0.9988 -0.0000 0.0491
vn 0.9892 -0.0000 0.1467
vn 0.9700 -0.0000 0.2430
vn 0.9416 -0.0000 0.3369
vn 0.9040 -0.0000 0.4276
vn 0.8577 -0.0000 0.5141
vn 0.8032 -0.0000 0.5957
vn 0.7410 -0.0000 0.6715
vn 0.6715 -0.0000 0.7410
vn 0.5957 -0.0000 0.8032
vn 0.5141 -0.0000 0.8577
vn 0.4276 -0.0000 0.9040
vn 0.3369 -0.0000 0.9416
vn 0.2430 -0.0000 0.9700
vn 0.1467 -0.0000 0.9892
vn 0.0491 -0.0000 0.9988
vn -0.0491 -0.0000 0.9988
vn -0.1467 -0.0000 0.9892
vn -0.2430 -0.0000 0.9700
vn -0.3369 -0.0000 0.9416
vn -0.4276 -0.0000 0.9040
vn -0.5141 -0.0000 0.8577
vn -0.5957 -0.0000 0.8032
vn -0.6715 -0.0000 0.7410
vn -0.7410 -0.0000 0.6715
vn -0.8032 -0.0000 0.5957
vn -0.8577 -0.0000 0.5141
vn -0.9040 -0.0000 0.4276
vn -0.9416 -0.0000 0.3369
vn -0.9700 -0.0000 0.2430
vn -0.9892 -0.0000 0.1467
vn -0.9988 -0.0000 0.0491
vn -0.9988 -0.0000 -0.0491
vn -0.9892 -0.0000 -0.1467
vn -0.9700 -0.0000 -0.2430
vn -0.9416 -0.0000 -0.3369
vn -0.9040 -0.0000 -0.4276
vn -0.8577 -0.0000 -0.5141
vn -0.8032 -0.0000 -0.5957
vn -0.7410 -0.0000 -0.6715
vn -0.6715 -0.0000 -0.7410
vn -0.5957 -0.0000 -0.8032
vn -0.5141 -0.0000 -0.8577
vn -0.4276 -0.0000 -0.9040
vn -0.0000 -1.0000 -0.0000
vn -0.3369 -0.0000 -0.9416
vn -0.2430 -0.0000 -0.9700
vn -0.1467 -0.0000 -0.9892
vn -0.0491 -0.0000 -0.9988
vn 0.3415 0.6018 -0.7219
vn 0.4105 0.6018 -0.6850
vn 0.6414 0.6018 0.4758
vn 0.5918 0.6018 0.5363
vn -0.5918 0.6018 0.5363
vn -0.6414 0.6018 0.4758
vn -0.4105 0.6018 -0.6850
vn -0.3415 0.6018 -0.7219
vn 0.7900 0.6018 -0.1171
vn 0.7976 0.6018 -0.0392
vn -0.0392 0.6018 0.7976
vn -0.1171 0.6018 0.7900
vn -0.1172 0.6018 0.7900
vn -0.7747 0.6018 -0.1941
vn -0.7519 0.6018 -0.2690
vn 0.4758 0.6018 -0.6414
vn 0.5363 0.6018 -0.5918
vn 0.5363 0.6018 0.5918
vn 0.4758 0.6018 0.6414
vn -0.6850 0.6018 0.4105
vn -0.7219 0.6018 0.3415
vn -0.2690 0.6018 -0.7519
vn -0.1941 0.6018 -0.7747
vn 0.7976 0.6018 0.0392
vn 0.7900 0.6018 0.1171
vn 0.7900 0.6018 0.1172
vn -0.1941 0.6018 0.7747
vn -0.2690 0.6018 0.7519
vn -0.7219 0.6018 -0.3415
vn -0.6850 0.6018 -0.4105
vn 0.5918 0.6018 -0.5363
vn 0.6414 0.6018 -0.4758
vn 0.4105 0.6018 0.6850
vn 0.3415 0.6018 0.7219
vn -0.7519 0.6018 0.2690
vn -0.7747 0.6018 0.1941
vn 0.0392 0.6018 -0.7976
vn 0.1171 0.6018 -0.7900
vn 0.1172 0.6018 -0.7900
vn -0.1171 0.6018 -0.7900
vn -0.0392 0.6018 -0.7976
vn 0.7747 0.6018 0.1941
vn 0.7519 0.6018 0.2690
vn -0.3415 0.6018 0.7219
vn -0.4105 0.6018 0.6850
vn -0.6414 0.6018 -0.4758
vn -0.5918 0.6018 -0.5363
vn 0.6850 0.6018 -0.4105
vn 0.7219 0.6018 -0.3415
vn 0.2690 0.6018 0.7519
vn 0.1941 0.6018 0.7747
vn -0.7900 0.6018 0.1171
vn -0.7976 0.6018 0.0392
vn -0.7900 0.6018 0.1172
vn 0.1941 0.6018 -0.7747
vn 0.2690 0.6018 -0.7519
vn 0.7219 0.6018 0.3415
vn 0.6850 0.6018 0.4105
vn -0.4758 0.6018 0.6414
vn -0.5363 0.6018 0.5918
vn -0.5363 0.6018 -0.5918
vn -0.4758 0.6018 -0.6414
vn 0.7519 0.6018 -0.2690
vn 0.7747 0.6018 -0.1941
vn 0.1172 0.6018 0.7900
vn 0.0392 0.6018 0.7976
vn -0.7976 0.6018 -0.0392
vn -0.7900 0.6018 -0.1171
vn -0.7900 0.6018 -0.1172
vn 0.5580 0.8294 -0.0274
vn 0.5526 0.8294 -0.0820
vn 0.8084 0.4474 -0.3824
vn 0.7671 0.4474 -0.4597
vn 0.8231 0.2813 -0.4933
vn 0.8675 0.2813 -0.4103
vn -0.4792 0.8294 -0.2872
vn -0.5050 0.8294 -0.2389
vn 0.5526 0.8294 0.0820
vn 0.5580 0.8294 0.0274
vn -0.4140 0.8294 -0.3752
vn -0.4487 0.8294 -0.3328
vn 0.5260 0.8294 0.1882
vn 0.5419 0.8294 0.1358
vn -0.3328 0.8294 -0.4487
vn -0.3752 0.8294 -0.4140
vn 0.4792 0.8294 0.2872
vn 0.5050 0.8294 0.2389
vn -0.2389 0.8294 -0.5050
vn -0.2872 0.8294 -0.4792
vn -0.0820 0.8294 0.5526
vn -0.0274 0.8294 0.5580
vn 0.4140 0.8294 0.3752
vn 0.4487 0.8294 0.3328
vn -0.1358 0.8294 -0.5419
vn -0.1882 0.8294 -0.5260
vn -0.1882 0.8294 0.5260
vn -0.1358 0.8294 0.5419
vn 0.3328 0.8294 0.4487
vn 0.3752 0.8294 0.4140
vn -0.0274 0.8294 -0.5580
vn -0.0820 0.8294 -0.5526
vn -0.2872 0.8294 0.4792
vn -0.2389 0.8294 0.5050
vn 0.2389 0.8294 0.5050
vn 0.2872 0.8294 0.4792
vn 0.0820 0.8294 -0.5526
vn 0.0274 0.8294 -0.5580
vn -0.3752 0.8294 0.4140
vn -0.3328 0.8294 0.4487
vn 0.1358 0.8294 0.5419
vn 0.1882 0.8294 0.5260
vn 0.1882 0.8294 -0.5260
vn 0.1358 0.8294 -0.5419
vn -0.4487 0.8294 0.3328
vn -0.4140 0.8294 0.3752
vn 0.0274 0.8294 0.5580
vn 0.0820 0.8294 0.5526
vn 0.2872 0.8294 -0.4792
vn 0.2389 0.8294 -0.5050
vn -0.5050 0.8294 0.2389
vn -0.4792 0.8294 0.2872
vn 0.3752 0.8294 -0.4140
vn 0.3328 0.8294 -0.4487
vn -0.5419 0.8294 0.1358
vn -0.5260 0.8294 0.1882
vn 0.4487 0.8294 -0.3328
vn 0.4140 0.8294 -0.3752
vn -0.5580 0.8294 0.0274
vn -0.5526 0.8294 0.0820
vn 0.5050 0.8294 -0.2389
vn 0.4792 0.8294 -0.2872
vn -0.5526 0.8294 -0.0820
vn -0.5580 0.8294 -0.0274
vn 0.5419 0.8294 -0.1358
vn 0.5260 0.8294 -0.1882
vn -0.5260 0.8294 -0.1882
vn -0.5419 0.8294 -0.1358
vn 0.9804 0.1330 0.1454
vn 0.9899 0.1330 0.0487
vn 0.9955 0.0814 0.0489
vn 0.9859 0.0814 0.1462
vn -0.6006 0.4474 0.6627
vn -0.5328 0.4474 0.7183
vn -0.5717 0.2813 0.7708
vn -0.6444 0.2813 0.7111
vn 0.8675 0.4474 -0.2173
vn 0.8421 0.4474 -0.3013
vn 0.9035 0.2813 -0.3233
vn 0.9309 0.2813 -0.2332
vn -0.7183 0.4474 0.5328
vn -0.6627 0.4474 0.6006
vn -0.7111 0.2813 0.6444
vn -0.7708 0.2813 0.5717
vn 0.8932 0.4474 -0.0439
vn 0.8846 0.4474 -0.1312
vn 0.9492 0.2813 -0.1408
vn 0.9585 0.2813 -0.0471
vn -0.8084 0.4474 0.3824
vn -0.7671 0.4474 0.4597
vn -0.8231 0.2813 0.4933
vn -0.8675 0.2813 0.4103
vn 0.8846 0.4474 0.1312
vn 0.8932 0.4474 0.0439
vn 0.9585 0.2813 0.0471
vn 0.9492 0.2813 0.1408
vn -0.8675 0.4474 0.2173
vn -0.8421 0.4474 0.3013
vn -0.9035 0.2813 0.3233
vn -0.9309 0.2813 0.2332
vn 0.8421 0.4474 0.3013
vn 0.8675 0.4474 0.2173
vn 0.9309 0.2813 0.2332
vn 0.9035 0.2813 0.3233
vn -0.8932 0.4474 0.0439
vn -0.8846 0.4474 0.1312
vn -0.9492 0.2813 0.1408
vn -0.9585 0.2813 0.0471
vn 0.7671 0.4474 0.4597
vn 0.8084 0.4474 0.3824
vn 0.8675 0.2813 0.4103
vn 0.8231 0.2813 0.4933
vn -0.8846 0.4474 -0.1312
vn -0.8932 0.4474 -0.0439
vn -0.9585 0.2813 -0.0471
vn -0.9492 0.2813 -0.1408
vn 0.6627 0.4474 0.6006
vn 0.7183 0.4474 0.5328
vn 0.7708 0.2813 0.5717
vn 0.7111 0.2813 0.6444
vn -0.8421 0.4474 -0.3013
vn -0.8675 0.4474 -0.2173
vn -0.9309 0.2813 -0.2332
vn -0.9035 0.2813 -0.3233
vn 0.5328 0.4474 0.7183
vn 0.6006 0.4474 0.6627
vn 0.6444 0.2813 0.7111
vn 0.5717 0.2813 0.7708
vn -0.7671 0.4474 -0.4597
vn -0.8084 0.4474 -0.3824
vn -0.8675 0.2813 -0.4103
vn -0.8231 0.2813 -0.4933
vn 0.3824 0.4474 0.8084
vn 0.4597 0.4474 0.7671
vn 0.4933 0.2813 0.8231
vn 0.4103 0.2813 0.8675
vn 0.1312 0.4474 -0.8846
vn 0.0439 0.4474 -0.8932
vn 0.0471 0.2813 -0.9585
vn 0.1408 0.2813 -0.9492
vn -0.6627 0.4474 -0.6006
vn -0.7183 0.4474 -0.5328
vn -0.7708 0.2813 -0.5717
vn -0.7111 0.2813 -0.6444
vn 0.2173 0.4474 0.8675
vn 0.3013 0.4474 0.8421
vn 0.3233 0.2813 0.9035
vn 0.2332 0.2813 0.9309
vn 0.3013 0.4474 -0.8421
vn 0.2173 0.4474 -0.8675
vn 0.2332 0.2813 -0.9309
vn 0.3233 0.2813 -0.9035
vn -0.5328 0.4474 -0.7183
vn -0.6006 0.4474 -0.6627
vn -0.6444 0.2813 -0.7111
vn -0.5717 0.2813 -0.7708
vn 0.0439 0.4474 0.8932
vn 0.1312 0.4474 0.8846
vn 0.1408 0.2813 0.9492
vn 0.0471 0.2813 0.9585
vn 0.4597 0.4474 -0.7671
vn 0.3824 0.4474 -0.8084
vn 0.4103 0.2813 -0.8675
vn 0.4933 0.2813 -0.8231
vn -0.3824 0.4474 -0.8084
vn -0.4597 0.4474 -0.7671
vn -0.4933 0.2813 -0.8231
vn -0.4103 0.2813 -0.8675
vn -0.1312 0.4474 0.8846
vn -0.0439 0.4474 0.8932
vn -0.0471 0.2813 0.9585
vn -0.1408 0.2813 0.9492
vn 0.6006 0.4474 -0.6627
vn 0.5328 0.4474 -0.7183
vn 0.5717 0.2813 -0.7708
vn 0.6444 0.2813 -0.7111
vn -0.2173 0.4474 -0.8675
vn -0.3013 0.4474 -0.8421
vn -0.3233 0.2813 -0.9035
vn -0.2332 0.2813 -0.9309
vn -0.3013 0.4474 0.8421
vn -0.2173 0.4474 0.8675
vn -0.2332 0.2813 0.9309
vn -0.3233 0.2813 0.9035
vn 0.7183 0.4474 -0.5328
vn 0.6627 0.4474 -0.6006
vn 0.7111 0.2813 -0.6444
vn 0.7708 0.2813 -0.5717
vn -0.0439 0.4474 -0.8932
vn -0.1312 0.4474 -0.8846
vn -0.1408 0.2813 -0.9492
vn -0.0471 0.2813 -0.9585
vn -0.4597 0.4474 0.7671
vn -0.3824 0.4474 0.8084
vn -0.4103 0.2813 0.8675
vn -0.4933 0.2813 0.8231
vn -0.0000 1.0000 -0.0000
vn -0.9614 0.1330 0.2409
vn -0.9332 0.1330 0.3339
vn -0.9384 0.0814 0.3357
vn -0.9668 0.0814 0.2422
vn 0.9332 0.1330 0.3339
vn 0.9614 0.1330 0.2409
vn 0.9668 0.0814 0.2422
vn 0.9384 0.0814 0.3357
vn -0.9899 0.1330 0.0487
vn -0.9804 0.1330 0.1454
vn -0.9859 0.0814 0.1462
vn -0.9955 0.0814 0.0489
vn 0.8501 0.1330 0.5095
vn 0.8959 0.1330 0.4238
vn 0.9010 0.0814 0.4262
vn 0.8549 0.0814 0.5124
vn -0.9804 0.1330 -0.1454
vn -0.9899 0.1330 -0.0487
vn -0.9955 0.0814 -0.0489
vn -0.9859 0.0814 -0.1462
vn 0.7344 0.1330 0.6656
vn 0.7960 0.1330 0.5904
vn 0.8005 0.0814 0.5938
vn 0.7385 0.0814 0.6693
vn -0.9332 0.1330 -0.3339
vn -0.9614 0.1330 -0.2409
vn -0.9668 0.0814 -0.2422
vn -0.9384 0.0814 -0.3357
vn 0.5904 0.1330 0.7960
vn 0.6656 0.1330 0.7344
vn 0.6693 0.0814 0.7385
vn 0.5938 0.0814 0.8005
vn -0.8501 0.1330 -0.5095
vn -0.8959 0.1330 -0.4238
vn -0.9010 0.0814 -0.4262
vn -0.8549 0.0814 -0.5124
vn 0.4238 0.1330 0.8959
vn 0.5095 0.1330 0.8501
vn 0.5124 0.0814 0.8549
vn 0.4262 0.0814 0.9010
vn 0.1454 0.1330 -0.9804
vn 0.0487 0.1330 -0.9899
vn 0.0489 0.0814 -0.9955
vn 0.1462 0.0814 -0.9859
vn -0.7344 0.1330 -0.6656
vn -0.7960 0.1330 -0.5904
vn -0.8005 0.0814 -0.5938
vn -0.7385 0.0814 -0.6693
vn 0.2409 0.1330 0.9614
vn 0.3339 0.1330 0.9332
vn 0.3357 0.0814 0.9384
vn 0.2422 0.0814 0.9668
vn 0.3339 0.1330 -0.9332
vn 0.2409 0.1330 -0.9614
vn 0.2422 0.0814 -0.9668
vn 0.3357 0.0814 -0.9384
vn -0.5904 0.1330 -0.7960
vn -0.6656 0.1330 -0.7344
vn -0.6693 0.0814 -0.7385
vn -0.5938 0.0814 -0.8005
vn 0.0487 0.1330 0.9899
vn 0.1454 0.1330 0.9804
vn 0.1462 0.0814 0.9859
vn 0.0489 0.0814 0.9955
vn 0.5095 0.1330 -0.8501
vn 0.4238 0.1330 -0.8959
vn 0.4262 0.0814 -0.9010
vn 0.5124 0.0814 -0.8549
vn -0.4238 0.1330 -0.8959
vn -0.5095 0.1330 -0.8501
vn -0.5124 0.0814 -0.8549
vn -0.4262 0.0814 -0.9010
vn -0.1454 0.1330 0.9804
vn -0.0487 0.1330 0.9899
vn -0.0489 0.0814 0.9955
vn -0.1462 0.0814 0.9859
vn 0.6656 0.1330 -0.7344
vn 0.5904 0.1330 -0.7960
vn 0.5938 0.0814 -0.8005
vn 0.6693 0.0814 -0.7385
vn -0.2409 0.1330 -0.9614
vn -0.3339 0.1330 -0.9332
vn -0.3357 0.0814 -0.9384
vn -0.2422 0.0814 -0.9668
vn -0.3339 0.1330 0.9332
vn -0.2409 0.1330 0.9614
vn -0.2422 0.0814 0.9668
vn -0.3357 0.0814 0.9384
vn 0.7960 0.1330 -0.5904
vn 0.7344 0.1330 -0.6656
vn 0.7385 0.0814 -0.6693
vn 0.8005 0.0814 -0.5938
vn -0.0487 0.1330 -0.9899
vn -0.1454 0.1330 -0.9804
vn -0.1462 0.0814 -0.9859
vn -0.0489 0.0814 -0.9955
vn -0.5095 0.1330 0.8501
vn -0.4238 0.1330 0.8959
vn -0.4262 0.0814 0.9010
vn -0.5124 0.0814 0.8549
vn 0.8959 0.1330 -0.4238
vn 0.8501 0.1330 -0.5095
vn 0.8549 0.0814 -0.5124
vn 0.9010 0.0814 -0.4262
vn -0.6656 0.1330 0.7344
vn -0.5904 0.1330 0.7960
vn -0.5938 0.0814 0.8005
vn -0.6693 0.0814 0.7385
vn 0.9614 0.1330 -0.2409
vn 0.9332 0.1330 -0.3339
vn 0.9384 0.0814 -0.3357
vn 0.9668 0.0814 -0.2422
vn -0.7960 0.1330 0.5904
vn -0.7344 0.1330 0.6656
vn -0.7385 0.0814 0.6693
vn -0.8005 0.0814 0.5938
vn 0.9899 0.1330 -0.0487
vn 0.9804 0.1330 -0.1454
vn 0.9859 0.0814 -0.1462
vn 0.9955 0.0814 -0.0489
vn -0.8959 0.1330 0.4238
vn -0.8501 0.1330 0.5095
vn -0.8549 0.0814 0.5124
vn -0.9010 0.0814 0.4262
vt 1.000000 0.500000
vt 1.000000 0.750000
vt 0.984375 0.750000
vt 0.984375 0.500000
vt 1.000000 1.000000
vt 0.984375 1.000000
vt 0.968750 1.000000
vt 0.968750 0.750000
vt 0.968750 0.500000
vt 0.953125 0.750000
vt 0.953125 0.500000
vt 0.953125 1.000000
vt 0.937500 1.000000
vt 0.937500 0.750000
vt 0.937500 0.500000
vt 0.921875 0.750000
vt 0.921875 0.500000
vt 0.921875 1.000000
vt 0.906250 1.000000
vt 0.906250 0.750000
vt 0.906250 0.500000
vt 0.890625 0.750000
vt 0.890625 0.500000
vt 0.890625 1.000000
vt 0.875000 1.000000
vt 0.875000 0.750000
vt 0.875000 0.500000
vt 0.859375 0.750000
vt 0.859375 0.500000
vt 0.859375 1.000000
vt 0.843750 1.000000
vt 0.843750 0.750000
vt 0.843750 0.500000
vt 0.828125 0.750000
vt 0.828125 0.500000
vt 0.828125 1.000000
vt 0.812500 1.000000
vt 0.812500 0.750000
vt 0.812500 0.500000
vt 0.796875 0.750000
vt 0.796875 0.500000
vt 0.796875 1.000000
vt 0.781250 1.000000
vt 0.781250 0.750000
vt 0.781250 0.500000
vt 0.765625 0.750000
vt 0.765625 0.500000
vt 0.765625 1.000000
vt 0.750000 1.000000
vt 0.750000 0.750000
vt 0.750000 0.500000
vt 0.734375 0.750000
vt 0.734375 0.500000
vt 0.734375 1.000000
vt 0.718750 1.000000
vt 0.718750 0.750000
vt 0.718750 0.500000
vt 0.703125 0.750000
vt 0.703125 0.500000
vt 0.703125 1.000000
vt 0.687500 1.000000
vt 0.687500 0.750000
vt 0.687500 0.500000
vt 0.671875 0.750000
vt 0.671875 0.500000
vt 0.671875 1.000000
vt 0.656250 1.000000
vt 0.656250 0.750000
vt 0.656250 0.500000
vt 0.640625 0.750000
vt 0.640625 0.500000
vt 0.640625 1.000000
vt 0.625000 1.000000
vt 0.625000 0.750000
vt 0.625000 0.500000
vt 0.609375 0.750000
vt 0.609375 0.500000
vt 0.609375 1.000000
vt 0.593750 1.000000
vt 0.593750 0.750000
vt 0.593750 0.500000
vt 0.578125 0.750000
vt 0.578125 0.500000
vt 0.578125 1.000000
vt 0.562500 1.000000
vt 0.562500 0.750000
vt 0.562500 0.500000
vt 0.546875 0.750000
vt 0.546875 0.500000
vt 0.546875 1.000000
vt 0.531250 1.000000
vt 0.531250 0.750000
vt 0.531250 0.500000
vt 0.515625 0.750000
vt 0.515625 0.500000
vt 0.515625 1.000000
vt 0.500000 1.000000
vt 0.500000 0.750000
vt 0.500000 0.500000
vt 0.484375 0.750000
vt 0.484375 0.500000
vt 0.484375 1.000000
vt 0.468750 1.000000
vt 0.468750 0.750000
vt 0.468750 0.500000
vt 0.453125 0.750000
vt 0.453125 0.500000
vt 0.453125 1.000000
vt 0.437500 1.000000
vt 0.437500 0.750000
vt 0.437500 0.500000
vt 0.421875 0.750000
vt 0.421875 0.500000
vt 0.421875 1.000000
vt 0.406250 1.000000
vt 0.406250 0.750000
vt 0.406250 0.500000
vt 0.390625 0.750000
vt 0.390625 0.500000
vt 0.390625 1.000000
vt 0.375000 1.000000
vt 0.375000 0.750000
vt 0.375000 0.500000
vt 0.359375 0.750000
vt 0.359375 0.500000
vt 0.359375 1.000000
vt 0.343750 1.000000
vt 0.343750 0.750000
vt 0.343750 0.500000
vt 0.328125 0.750000
vt 0.328125 0.500000
vt 0.328125 1.000000
vt 0.312500 1.000000
vt 0.312500 0.750000
vt 0.312500 0.500000
vt 0.296875 0.750000
vt 0.296875 0.500000
vt 0.296875 1.000000
vt 0.281250 1.000000
vt 0.281250 0.750000
vt 0.281250 0.500000
vt 0.265625 0.750000
vt 0.265625 0.500000
vt 0.265625 1.000000
vt 0.250000 1.000000
vt 0.250000 0.750000
vt 0.250000 0.500000
vt 0.234375 0.750000
vt 0.234375 0.500000
vt 0.234375 1.000000
vt 0.218750 1.000000
vt 0.218750 0.750000
vt 0.218750 0.500000
vt 0.203125 0.750000
vt 0.203125 0.500000
vt 0.203125 1.000000
vt 0.187500 1.000000
vt 0.187500 0.750000
vt 0.187500 0.500000
vt 0.171875 0.750000
vt 0.171875 0.500000
vt 0.171875 1.000000
vt 0.156250 1.000000
vt 0.156250 0.750000
vt 0.156250 0.500000
vt 0.140625 0.750000
vt 0.140625 0.500000
vt 0.140625 1.000000
vt 0.125000 1.000000
vt 0.125000 0.750000
vt 0.125000 0.500000
vt 0.109375 0.750000
vt 0.109375 0.500000
vt 0.109375 1.000000
vt 0.093750 1.000000
vt 0.093750 0.750000
vt 0.093750 0.500000
vt 0.078125 0.750000
vt 0.078125 0.500000
vt 0.078125 1.000000
vt 0.062500 1.000000
vt 0.062500 0.750000
vt 0.062500 0.500000
vt 0.734375 1.000000
vt 0.734375 1.000000
vt 0.718750 1.000000
vt 0.046875 0.750000
vt 0.046875 0.500000
vt 0.046875 1.000000
vt 0.031250 1.000000
vt 0.031250 0.750000
vt 0.031250 0.500000
vt 0.015625 0.750000
vt 0.015625 0.500000
vt 0.015625 1.000000
vt 0.000000 1.000000
vt 0.000000 0.750000
vt 0.000000 0.500000
vt 0.921875 0.500000
vt 0.937500 0.500000
vt 0.906250 0.500000
vt 0.750000 0.490000
vt 0.773411 0.487694
vt 0.750000 0.250000
vt 0.726589 0.487694
vt 0.796822 0.485389
vt 0.819333 0.478560
vt 0.773411 0.487694
vt 0.841844 0.471731
vt 0.862591 0.460642
vt 0.883337 0.449553
vt 0.901521 0.434629
vt 0.919706 0.419706
vt 0.934629 0.401521
vt 0.949553 0.383337
vt 0.960642 0.362590
vt 0.934629 0.401521
vt 0.971731 0.341844
vt 0.978560 0.319333
vt 0.960642 0.362590
vt 0.985389 0.296822
vt 0.987694 0.273411
vt 0.978560 0.319333
vt 0.990000 0.250000
vt 0.987694 0.226589
vt 0.985389 0.203178
vt 0.978560 0.180667
vt 0.971731 0.158156
vt 0.960642 0.137410
vt 0.978560 0.180667
vt 0.949553 0.116663
vt 0.934629 0.098479
vt 0.960642 0.137410
vt 0.919706 0.080294
vt 0.901521 0.065371
vt 0.883337 0.050447
vt 0.862591 0.039358
vt 0.841844 0.028269
vt 0.819333 0.021440
vt 0.796822 0.014612
vt 0.773411 0.012306
vt 0.750000 0.010000
vt 0.726589 0.012306
vt 0.773411 0.012306
vt 0.703178 0.014612
vt 0.680667 0.021440
vt 0.726589 0.012306
vt 0.658156 0.028269
vt 0.637410 0.039358
vt 0.616663 0.050447
vt 0.598479 0.065371
vt 0.580294 0.080294
vt 0.565371 0.098479
vt 0.598479 0.065371
vt 0.550447 0.116663
vt 0.539358 0.137410
vt 0.528269 0.158156
vt 0.521440 0.180667
vt 0.539358 0.137410
vt 0.514612 0.203178
vt 0.512306 0.226589
vt 0.521440 0.180667
vt 0.510000 0.250000
vt 0.512306 0.273411
vt 0.514612 0.296822
vt 0.521440 0.319333
vt 0.528269 0.341844
vt 0.539358 0.362590
vt 0.521440 0.319333
vt 0.550447 0.383337
vt 0.565371 0.401521
vt 0.539358 0.362590
vt 0.580294 0.419706
vt 0.598479 0.434629
vt 0.565371 0.401521
vt 0.616663 0.449553
vt 0.637410 0.460642
vt 0.598479 0.434629
vt 0.658156 0.471731
vt 0.680667 0.478560
vt 0.703178 0.485389
vt 0.726589 0.487694
vt 0.640625 0.500000
vt 0.656250 0.500000
vt 0.359375 0.500000
vt 0.375000 0.500000
vt 0.078125 0.500000
vt 0.765625 0.500000
vt 0.781250 0.500000
vt 0.484375 0.500000
vt 0.500000 0.500000
vt 0.468750 0.500000
vt 0.203125 0.500000
vt 0.218750 0.500000
vt 0.187500 0.500000
vt 0.890625 0.500000
vt 0.875000 0.500000
vt 0.609375 0.500000
vt 0.328125 0.500000
vt 0.312500 0.500000
vt 0.046875 0.500000
vt 0.734375 0.500000
vt 0.718750 0.500000
vt 0.453125 0.500000
vt 0.171875 0.500000
vt 0.156250 0.500000
vt 0.859375 0.500000
vt 0.578125 0.500000
vt 0.562500 0.500000
vt 0.296875 0.500000
vt 0.281250 0.500000
vt 0.984375 0.500000
vt 0.968750 0.500000
vt 0.015625 0.500000
vt 0.703125 0.500000
vt 0.421875 0.500000
vt 0.406250 0.500000
vt 0.140625 0.500000
vt 0.125000 0.500000
vt 0.828125 0.500000
vt 0.812500 0.500000
vt 0.546875 0.500000
vt 0.531250 0.500000
vt 0.265625 0.500000
vt 0.953125 0.500000
vt 0.671875 0.500000
vt 0.390625 0.500000
vt 0.109375 0.500000
vt 0.796875 0.500000
vt 0.515625 0.500000
vt 0.234375 0.500000
vt 0.984375 1.000000
vt 0.968750 1.000000
vt 0.453125 1.000000
vt 0.437500 1.000000
vt 0.468750 1.000000
vt 0.171875 1.000000
vt 0.156250 1.000000
vt 0.187500 1.000000
vt 0.859375 1.000000
vt 0.843750 1.000000
vt 0.875000 1.000000
vt 0.578125 1.000000
vt 0.578125 1.000000
vt 0.562500 1.000000
vt 0.296875 1.000000
vt 0.281250 1.000000
vt 0.312500 1.000000
vt 0.015625 1.000000
vt 0.703125 1.000000
vt 0.687500 1.000000
vt 0.421875 1.000000
vt 0.421875 1.000000
vt 0.406250 1.000000
vt 0.140625 1.000000
vt 0.140625 1.000000
vt 0.125000 1.000000
vt 0.828125 1.000000
vt 0.812500 1.000000
vt 0.546875 1.000000
vt 0.531250 1.000000
vt 0.265625 1.000000
vt 0.953125 1.000000
vt 0.937500 1.000000
vt 0.671875 1.000000
vt 0.671875 1.000000
vt 0.656250 1.000000
vt 0.390625 1.000000
vt 0.375000 1.000000
vt 0.109375 1.000000
vt 0.796875 1.000000
vt 0.796875 1.000000
vt 0.781250 1.000000
vt 0.515625 1.000000
vt 0.234375 1.000000
vt 0.218750 1.000000
vt 0.921875 1.000000
vt 0.906250 1.000000
vt 0.640625 1.000000
vt 0.359375 1.000000
vt 0.359375 1.000000
vt 0.343750 1.000000
vt 0.078125 1.000000
vt 0.078125 1.000000
vt 0.062500 1.000000
vt 0.765625 1.000000
vt 0.484375 1.000000
vt 0.203125 1.000000
vt 0.890625 1.000000
vt 0.609375 1.000000
vt 0.609375 1.000000
vt 0.328125 1.000000
vt 0.328125 1.000000
vt 0.046875 1.000000
vt 0.046875 1.000000
vt 0.718750 1.000000
vt 0.750000 1.000000
vt 0.375000 1.000000
vt 0.796875 1.000000
vt 0.359375 1.000000
vt 0.765625 1.000000
vt 0.328125 1.000000
vt 0.281250 1.000000
vt 0.265625 1.000000
vt 0.250000 1.000000
vt 0.656250 1.000000
vt 0.234375 1.000000
vt 0.625000 1.000000
vt 0.609375 1.000000
vt 0.984375 1.000000
vt 1.000000 1.000000
vt 0.140625 1.000000
vt 0.109375 1.000000
vt 0.093750 1.000000
vt 0.906250 1.000000
vt 0.078125 1.000000
vt 0.890625 1.000000
vt 0.031250 1.000000
vt 0.453125 1.000000
vt 0.859375 1.000000
vt 0.015625 1.000000
vt 0.000000 1.000000
vt 0.421875 1.000000
vt 0.296822 0.485389
vt 0.273411 0.487694
vt 0.250000 0.250000
vt 0.319333 0.478560
vt 0.250000 0.490000
vt 0.226589 0.487694
vt 0.203178 0.485389
vt 0.180667 0.478560
vt 0.158156 0.471731
vt 0.137410 0.460642
vt 0.180667 0.478560
vt 0.116663 0.449553
vt 0.098479 0.434629
vt 0.137410 0.460642
vt 0.080294 0.419706
vt 0.065371 0.401521
vt 0.050447 0.383337
vt 0.039358 0.362590
vt 0.065371 0.401521
vt 0.028269 0.341844
vt 0.021440 0.319333
vt 0.039358 0.362590
vt 0.014612 0.296822
vt 0.012306 0.273411
vt 0.021440 0.319333
vt 0.010000 0.250000
vt 0.012306 0.226589
vt 0.014612 0.203178
vt 0.021440 0.180667
vt 0.028269 0.158156
vt 0.039358 0.137410
vt 0.021440 0.180667
vt 0.050447 0.116663
vt 0.065371 0.098479
vt 0.039358 0.137410
vt 0.080294 0.080294
vt 0.098479 0.065371
vt 0.116663 0.050447
vt 0.137410 0.039358
vt 0.158156 0.028269
vt 0.180667 0.021440
vt 0.137410 0.039358
vt 0.203178 0.014612
vt 0.226589 0.012306
vt 0.180667 0.021440
vt 0.250000 0.010000
vt 0.273411 0.012306
vt 0.296822 0.014612
vt 0.319333 0.021440
vt 0.341844 0.028269
vt 0.362590 0.039358
vt 0.319333 0.021440
vt 0.383337 0.050447
vt 0.401521 0.065371
vt 0.362590 0.039358
vt 0.419706 0.080294
vt 0.434629 0.098479
vt 0.401521 0.065371
vt 0.449553 0.116663
vt 0.460642 0.137410
vt 0.471731 0.158156
vt 0.478560 0.180667
vt 0.460642 0.137410
vt 0.485389 0.203178
vt 0.487694 0.226589
vt 0.478560 0.180667
vt 0.490000 0.250000
vt 0.487694 0.273411
vt 0.485389 0.296822
vt 0.478560 0.319333
vt 0.471731 0.341844
vt 0.460642 0.362590
vt 0.478560 0.319333
vt 0.449553 0.383337
vt 0.434629 0.401521
vt 0.460642 0.362590
vt 0.419706 0.419706
vt 0.401521 0.434629
vt 0.434629 0.401521
vt 0.383337 0.449553
vt 0.362590 0.460642
vt 0.401521 0.434629
vt 0.341844 0.471731
vt 0.319333 0.478560
vt 0.362590 0.460642
s 0
usemtl Material.003
f 289/1/1 547/2/1 1345/3/1 545/4/1
f 547/2/1 292/5/1 546/6/1 1345/3/1
f 1345/3/2 546/6/2 291/7/2 548/8/2
f 545/4/2 1345/3/2 548/8/2 290/9/2
f 290/9/3 548/8/3 1346/10/3 549/11/3
f 548/8/3 291/7/3 550/12/3 1346/10/3
f 1346/10/4 550/12/4 294/13/4 551/14/4
f 549/11/4 1346/10/4 551/14/4 293/15/4
f 293/15/5 551/14/5 1347/16/5 552/17/5
f 551/14/5 294/13/5 553/18/5 1347/16/5
f 1347/16/6 553/18/6 296/19/6 554/20/6
f 552/17/6 1347/16/6 554/20/6 295/21/6
f 295/21/7 554/20/7 1348/22/7 555/23/7
f 554/20/7 296/19/7 556/24/7 1348/22/7
f 1348/22/8 556/24/8 298/25/8 557/26/8
f 555/23/8 1348/22/8 557/26/8 297/27/8
f 297/27/9 557/26/9 1349/28/9 558/29/9
f 557/26/9 298/25/9 559/30/9 1349/28/9
f 1349/28/10 559/30/10 300/31/10 560/32/10
f 558/29/10 1349/28/10 560/32/10 299/33/10
f 299/33/11 560/32/11 1350/34/11 561/35/11
f 560/32/11 300/31/11 562/36/11 1350/34/11
f 1350/34/12 562/36/12 302/37/12 563/38/12
f 561/35/12 1350/34/12 563/38/12 301/39/12
f 301/39/13 563/38/13 1351/40/13 564/41/13
f 563/38/13 302/37/13 565/42/13 1351/40/13
f 1351/40/14 565/42/14 304/43/14 566/44/14
f 564/41/14 1351/40/14 566/44/14 303/45/14
f 303/45/15 566/44/15 1352/46/15 567/47/15
f 566/44/15 304/43/15 568/48/15 1352/46/15
f 1352/46/16 568/48/16 306/49/16 569/50/16
f 567/47/16 1352/46/16 569/50/16 305/51/16
f 305/51/17 569/50/17 1353/52/17 570/53/17
f 569/50/17 306/49/17 571/54/17 1353/52/17
f 1353/52/18 571/54/18 308/55/18 572/56/18
f 570/53/18 1353/52/18 572/56/18 307/57/18
f 307/57/19 572/56/19 1354/58/19 573/59/19
f 572/56/19 308/55/19 574/60/19 1354/58/19
f 1354/58/20 574/60/20 310/61/20 575/62/20
f 573/59/20 1354/58/20 575/62/20 309/63/20
f 309/63/21 575/62/21 1355/64/21 576/65/21
f 575/62/21 310/61/21 577/66/21 1355/64/21
f 1355/64/22 577/66/22 312/67/22 578/68/22
f 576/65/22 1355/64/22 578/68/22 311/69/22
f 311/69/23 578/68/23 1356/70/23 579/71/23
f 578/68/23 312/67/23 580/72/23 1356/70/23
f 1356/70/24 580/72/24 314/73/24 581/74/24
f 579/71/24 1356/70/24 581/74/24 313/75/24
f 313/75/25 581/74/25 1357/76/25 582/77/25
f 581/74/25 314/73/25 583/78/25 1357/76/25
f 1357/76/26 583/78/26 316/79/26 584/80/26
f 582/77/26 1357/76/26 584/80/26 315/81/26
f 315/81/27 584/80/27 1358/82/27 585/83/27
f 584/80/27 316/79/27 586/84/27 1358/82/27
f 1358/82/28 586/84/28 318/85/28 587/86/28
f 585/83/28 1358/82/28 587/86/28 317/87/28
f 317/87/29 587/86/29 1359/88/29 588/89/29
f 587/86/29 318/85/29 589/90/29 1359/88/29
f 1359/88/30 589/90/30 320/91/30 590/92/30
f 588/89/30 1359/88/30 590/92/30 319/93/30
f 319/93/31 590/92/31 1360/94/31 591/95/31
f 590/92/31 320/91/31 592/96/31 1360/94/31
f 1360/94/32 592/96/32 322/97/32 593/98/32
f 591/95/32 1360/94/32 593/98/32 321/99/32
f 321/99/33 593/98/33 1361/100/33 594/101/33
f 593/98/33 322/97/33 595/102/33 1361/100/33
f 1361/100/34 595/102/34 324/103/34 596/104/34
f 594/101/34 1361/100/34 596/104/34 323/105/34
f 323/105/35 596/104/35 1362/106/35 597/107/35
f 596/104/35 324/103/35 598/108/35 1362/106/35
f 1362/106/36 598/108/36 326/109/36 599/110/36
f 597/107/36 1362/106/36 599/110/36 325/111/36
f 325/111/37 599/110/37 1363/112/37 600/113/37
f 599/110/37 326/109/37 601/114/37 1363/112/37
f 1363/112/38 601/114/38 328/115/38 602/116/38
f 600/113/38 1363/112/38 602/116/38 327/117/38
f 327/117/39 602/116/39 1364/118/39 603/119/39
f 602/116/39 328/115/39 604/120/39 1364/118/39
f 1364/118/40 604/120/40 330/121/40 605/122/40
f 603/119/40 1364/118/40 605/122/40 329/123/40
f 329/123/41 605/122/41 1365/124/41 606/125/41
f 605/122/41 330/121/41 607/126/41 1365/124/41
f 1365/124/42 607/126/42 332/127/42 608/128/42
f 606/125/42 1365/124/42 608/128/42 331/129/42
f 331/129/43 608/128/43 1366/130/43 609/131/43
f 608/128/43 332/127/43 610/132/43 1366/130/43
f 1366/130/44 610/132/44 334/133/44 611/134/44
f 609/131/44 1366/130/44 611/134/44 333/135/44
f 333/135/45 611/134/45 1367/136/45 612/137/45
f 611/134/45 334/133/45 613/138/45 1367/136/45
f 1367/136/46 613/138/46 336/139/46 614/140/46
f 612/137/46 1367/136/46 614/140/46 335/141/46
f 335/141/47 614/140/47 1368/142/47 615/143/47
f 614/140/47 336/139/47 616/144/47 1368/142/47
f 1368/142/48 616/144/48 338/145/48 617/146/48
f 615/143/48 1368/142/48 617/146/48 337/147/48
f 337/147/49 617/146/49 1369/148/49 618/149/49
f 617/146/49 338/145/49 619/150/49 1369/148/49
f 1369/148/50 619/150/50 340/151/50 620/152/50
f 618/149/50 1369/148/50 620/152/50 339/153/50
f 339/153/51 620/152/51 1370/154/51 621/155/51
f 620/152/51 340/151/51 622/156/51 1370/154/51
f 1370/154/52 622/156/52 342/157/52 623/158/52
f 621/155/52 1370/154/52 623/158/52 341/159/52
f 341/159/53 623/158/53 1371/160/53 624/161/53
f 623/158/53 342/157/53 625/162/53 1371/160/53
f 1371/160/54 625/162/54 344/163/54 626/164/54
f 624/161/54 1371/160/54 626/164/54 343/165/54
f 343/165/55 626/164/55 1372/166/55 627/167/55
f 626/164/55 344/163/55 628/168/55 1372/166/55
f 1372/166/56 628/168/56 346/169/56 629/170/56
f 627/167/56 1372/166/56 629/170/56 345/171/56
f 345/171/57 629/170/57 1373/172/57 630/173/57
f 629/170/57 346/169/57 631/174/57 1373/172/57
f 1373/172/58 631/174/58 348/175/58 632/176/58
f 630/173/58 1373/172/58 632/176/58 347/177/58
f 347/177/59 632/176/59 1374/178/59 633/179/59
f 632/176/59 348/175/59 634/180/59 1374/178/59
f 1374/178/60 634/180/60 350/181/60 635/182/60
f 633/179/60 1374/178/60 635/182/60 349/183/60
f 20/55/61 1108/184/61 1375/185/61 738/186/61
f 1108/184/61 18/49/61 737/49/61 1375/185/61
f 1375/185/61 737/49/61 393/49/61 713/184/61
f 738/186/61 1375/185/61 713/184/61 394/55/61
f 349/183/62 635/182/62 1376/187/62 636/188/62
f 635/182/62 350/181/62 637/189/62 1376/187/62
f 1376/187/63 637/189/63 352/190/63 638/191/63
f 636/188/63 1376/187/63 638/191/63 351/192/63
f 351/192/64 638/191/64 1377/193/64 639/194/64
f 638/191/64 352/190/64 640/195/64 1377/193/64
f 1377/193/65 640/195/65 292/196/65 547/197/65
f 639/194/65 1377/193/65 547/197/65 289/198/65
f 5/15/66 1095/17/66 1378/199/66 674/200/66
f 1095/17/67 7/21/67 673/201/67 1378/199/67
f 1378/199/67 673/201/67 356/21/67 643/17/67
f 674/200/66 1378/199/66 643/17/66 67/15/66
f 353/202/61 641/203/61 1379/204/61 672/205/61
f 354/206/61 642/207/61 1379/204/61 641/208/61
f 355/209/61 1156/210/61 1379/204/61 642/207/61
f 68/211/61 644/212/61 1379/204/61 1156/210/61
f 357/213/61 645/214/61 1379/204/61 644/212/61
f 358/215/61 646/216/61 1379/204/61 645/217/61
f 359/218/61 647/219/61 1379/204/61 646/220/61
f 360/221/61 648/222/61 1379/204/61 647/223/61
f 361/224/61 649/225/61 1379/204/61 648/222/61
f 362/226/61 650/227/61 1379/204/61 649/225/61
f 363/228/61 651/229/61 1379/204/61 650/230/61
f 364/231/61 652/232/61 1379/204/61 651/233/61
f 365/234/61 653/235/61 1379/204/61 652/232/61
f 366/236/61 654/237/61 1379/204/61 653/235/61
f 367/238/61 655/239/61 1379/204/61 654/237/61
f 368/240/61 656/241/61 1379/204/61 655/239/61
f 369/242/61 657/243/61 1379/204/61 656/244/61
f 370/245/61 658/246/61 1379/204/61 657/247/61
f 371/248/61 659/249/61 1379/204/61 658/246/61
f 372/250/61 660/251/61 1379/204/61 659/249/61
f 373/252/61 661/253/61 1379/204/61 660/254/61
f 374/255/61 662/256/61 1379/204/61 661/253/61
f 375/257/61 663/258/61 1379/204/61 662/259/61
f 376/260/61 664/261/61 1379/204/61 663/262/61
f 377/263/61 665/264/61 1379/204/61 664/261/61
f 378/265/61 666/266/61 1379/204/61 665/264/61
f 379/267/61 667/268/61 1379/204/61 666/269/61
f 380/270/61 668/271/61 1379/204/61 667/272/61
f 381/273/61 669/274/61 1379/204/61 668/275/61
f 382/276/61 670/277/61 1379/204/61 669/278/61
f 383/279/61 671/280/61 1379/204/61 670/277/61
f 384/281/61 672/282/61 1379/204/61 671/280/61
f 23/69/68 1113/71/68 1380/283/68 676/284/68
f 1113/71/69 25/75/69 675/75/69 1380/283/69
f 1380/283/69 675/75/69 77/75/69 1165/71/69
f 676/284/68 1380/283/68 1165/71/68 76/69/68
f 41/123/70 1131/125/70 1381/285/70 678/286/70
f 1131/125/71 43/129/71 677/129/71 1381/285/71
f 1381/285/71 677/129/71 86/129/71 1174/125/71
f 678/286/70 1381/285/70 1174/125/70 85/123/70
f 59/177/72 1149/179/72 1382/287/72 680/177/72
f 1149/179/73 61/183/73 679/183/73 1382/287/73
f 1382/287/73 679/183/73 95/183/73 1183/179/73
f 680/177/72 1382/287/72 1183/179/72 94/177/72
f 15/45/74 1105/47/74 1383/288/74 682/289/74
f 1105/47/75 17/51/75 681/51/75 1383/288/75
f 1383/288/75 681/51/75 73/51/75 1161/47/75
f 682/289/74 1383/288/74 1161/47/74 72/45/74
f 33/99/76 1123/101/76 1384/290/76 684/291/76
f 1123/101/77 35/105/77 683/292/77 1384/290/77
f 1384/290/78 683/292/78 82/105/78 1170/101/78
f 684/291/76 1384/290/76 1170/101/76 81/99/76
f 51/153/79 1141/155/79 1385/293/79 686/294/79
f 1141/155/80 53/159/80 685/295/80 1385/293/80
f 1385/293/80 685/295/80 91/159/80 1179/155/80
f 686/294/79 1385/293/79 1179/155/79 90/153/79
f 7/21/81 1097/23/81 1386/296/81 673/201/81
f 1097/23/82 9/27/82 687/297/82 1386/296/82
f 1386/296/82 687/297/82 69/27/82 1157/23/82
f 673/201/81 1386/296/81 1157/23/81 356/21/81
f 25/75/83 1115/77/83 1387/298/83 675/75/83
f 1115/77/84 27/81/84 688/81/84 1387/298/84
f 1387/298/84 688/81/84 78/81/84 1166/77/84
f 675/75/83 1387/298/83 1166/77/83 77/75/83
f 43/129/85 1133/131/85 1388/299/85 677/129/85
f 1133/131/86 45/135/86 689/300/86 1388/299/86
f 1388/299/86 689/300/86 87/135/86 1175/131/86
f 677/129/85 1388/299/85 1175/131/85 86/129/85
f 61/183/87 1151/188/87 1389/301/87 679/183/87
f 1151/188/88 63/192/88 690/192/88 1389/301/88
f 1389/301/88 690/192/88 96/192/88 1184/188/88
f 679/183/87 1389/301/87 1184/188/87 95/183/87
f 17/51/89 1107/53/89 1390/302/89 681/51/89
f 1107/53/90 19/57/90 691/303/90 1390/302/90
f 1390/302/91 691/303/91 74/57/91 1162/53/91
f 681/51/89 1390/302/89 1162/53/89 73/51/89
f 35/105/92 1125/107/92 1391/304/92 683/292/92
f 1125/107/93 37/111/93 692/111/93 1391/304/93
f 1391/304/93 692/111/93 83/111/93 1171/107/93
f 683/292/92 1391/304/92 1171/107/92 82/105/92
f 53/159/94 1143/161/94 1392/305/94 685/295/94
f 1143/161/95 55/165/95 693/306/95 1392/305/95
f 1392/305/95 693/306/95 92/165/95 1180/161/95
f 685/295/94 1392/305/94 1180/161/94 91/159/94
f 9/27/96 1099/29/96 1393/307/96 687/297/96
f 1099/29/97 11/33/97 694/33/97 1393/307/97
f 1393/307/97 694/33/97 70/33/97 1158/29/97
f 687/297/96 1393/307/96 1158/29/96 69/27/96
f 27/81/98 1117/83/98 1394/308/98 688/81/98
f 1117/83/99 29/87/99 695/309/99 1394/308/99
f 1394/308/99 695/309/99 79/87/99 1167/83/99
f 688/81/98 1394/308/98 1167/83/98 78/81/98
f 45/135/100 1135/137/100 1395/310/100 689/300/100
f 1135/137/101 47/141/101 696/311/101 1395/310/101
f 1395/310/101 696/311/101 88/141/101 1176/137/101
f 689/300/100 1395/310/100 1176/137/100 87/135/100
f 1/1/102 1089/4/102 1396/312/102 698/1/102
f 1089/4/103 3/9/103 697/313/103 1396/312/103
f 1396/312/104 697/313/104 66/9/104 1153/4/104
f 698/1/102 1396/312/102 1153/4/102 65/1/102
f 63/192/105 1090/194/105 1397/314/105 690/192/105
f 1090/194/106 1/198/106 698/198/106 1397/314/106
f 1397/314/106 698/198/106 65/198/106 1154/194/106
f 690/192/105 1397/314/105 1154/194/105 96/192/105
f 19/57/107 1109/59/107 1398/315/107 691/303/107
f 1109/59/108 21/63/108 699/63/108 1398/315/108
f 1398/315/108 699/63/108 75/63/108 1163/59/108
f 691/303/107 1398/315/107 1163/59/107 74/57/107
f 37/111/109 1127/113/109 1399/316/109 692/111/109
f 1127/113/110 39/117/110 700/317/110 1399/316/110
f 1399/316/110 700/317/110 84/117/110 1172/113/110
f 692/111/109 1399/316/109 1172/113/109 83/111/109
f 55/165/111 1145/167/111 1400/318/111 693/306/111
f 1145/167/112 57/171/112 701/319/112 1400/318/112
f 1400/318/112 701/319/112 93/171/112 1181/167/112
f 693/306/111 1400/318/111 1181/167/111 92/165/111
f 11/33/113 1101/35/113 1401/320/113 694/33/113
f 1101/35/114 13/39/114 702/321/114 1401/320/114
f 1401/320/114 702/321/114 71/39/114 1159/35/114
f 694/33/113 1401/320/113 1159/35/113 70/33/113
f 29/87/115 1119/89/115 1402/322/115 695/309/115
f 1119/89/116 31/93/116 703/323/116 1402/322/116
f 1402/322/116 703/323/116 80/93/116 1168/89/116
f 695/309/115 1402/322/115 1168/89/115 79/87/115
f 47/141/117 1137/143/117 1403/324/117 696/311/117
f 1137/143/118 49/147/118 704/147/118 1403/324/118
f 1403/324/118 704/147/118 89/147/118 1177/143/118
f 696/311/119 1403/324/119 1177/143/119 88/141/119
f 3/9/120 1091/11/120 1404/325/120 697/313/120
f 1091/11/121 5/15/121 674/200/121 1404/325/121
f 1404/325/121 674/200/121 67/15/121 1155/11/121
f 697/313/120 1404/325/120 1155/11/120 66/9/120
f 21/63/122 1111/65/122 1405/326/122 699/63/122
f 1111/65/123 23/69/123 676/284/123 1405/326/123
f 1405/326/123 676/284/123 76/69/123 1164/65/123
f 699/63/122 1405/326/122 1164/65/122 75/63/122
f 39/117/124 1129/119/124 1406/327/124 700/317/124
f 1129/119/125 41/123/125 678/286/125 1406/327/125
f 1406/327/125 678/286/125 85/123/125 1173/119/125
f 700/317/124 1406/327/124 1173/119/124 84/117/124
f 57/171/126 1147/173/126 1407/328/126 701/319/126
f 1147/173/127 59/177/127 680/177/127 1407/328/127
f 1407/328/127 680/177/127 94/177/127 1182/173/127
f 701/319/126 1407/328/126 1182/173/126 93/171/126
f 13/39/128 1103/41/128 1408/329/128 702/321/128
f 1103/41/129 15/45/129 682/289/129 1408/329/129
f 1408/329/129 682/289/129 72/45/129 1160/41/129
f 702/321/128 1408/329/128 1160/41/128 71/39/128
f 31/93/130 1121/95/130 1409/330/130 703/323/130
f 1121/95/131 33/99/131 684/291/131 1409/330/131
f 1409/330/131 684/291/131 81/99/131 1169/95/131
f 703/323/130 1409/330/130 1169/95/130 80/93/130
f 49/147/132 1139/149/132 1410/331/132 704/147/132
f 1139/149/133 51/153/133 686/294/133 1410/331/133
f 1410/331/134 686/294/134 90/153/134 1178/149/134
f 704/147/132 1410/331/132 1178/149/132 89/147/132
f 385/7/34 705/6/34 1411/332/34 802/333/34
f 705/6/33 386/5/33 801/5/33 1411/332/33
f 1411/332/33 801/5/33 418/5/33 769/6/33
f 802/333/34 1411/332/34 769/6/34 417/7/34
f 38/109/61 1126/108/61 1412/334/61 740/335/61
f 1126/108/61 36/103/61 739/336/61 1412/334/61
f 1412/334/61 739/336/61 402/103/61 722/108/61
f 740/335/61 1412/334/61 722/108/61 403/109/61
f 56/163/61 1144/162/61 1413/337/61 742/338/61
f 1144/162/61 54/157/61 741/339/61 1413/337/61
f 1413/337/61 741/339/61 411/157/61 731/162/61
f 742/338/61 1413/337/61 731/162/61 412/163/61
f 12/31/61 1100/30/61 1414/340/61 744/341/61
f 1100/30/61 10/25/61 743/342/61 1414/340/61
f 1414/340/61 743/342/61 389/25/61 709/30/61
f 744/341/61 1414/340/61 709/30/61 390/31/61
f 30/85/61 1118/343/61 1415/344/61 746/345/61
f 1118/343/61 28/79/61 745/79/61 1415/344/61
f 1415/344/61 745/79/61 398/79/61 718/343/61
f 746/345/61 1415/344/61 718/343/61 399/85/61
f 48/139/61 1136/138/61 1416/346/61 748/347/61
f 1136/138/61 46/133/61 747/348/61 1416/346/61
f 1416/346/61 747/348/61 407/133/61 727/138/61
f 748/347/61 1416/346/61 727/138/61 408/139/61
f 4/7/61 1092/6/61 1417/332/61 750/333/61
f 1092/6/61 2/5/61 749/5/61 1417/332/61
f 1417/332/61 749/5/61 98/5/61 1185/6/61
f 750/333/61 1417/332/61 1185/6/61 97/7/61
f 2/196/61 1094/195/61 1418/349/61 749/196/61
f 1094/195/61 64/190/61 751/190/61 1418/349/61
f 1418/349/61 751/190/61 416/190/61 736/195/61
f 749/196/61 1418/349/61 736/195/61 98/196/61
f 22/61/61 1110/60/61 1419/350/61 752/351/61
f 1110/60/61 20/55/61 738/186/61 1419/350/61
f 1419/350/61 738/186/61 394/55/61 714/60/61
f 752/351/61 1419/350/61 714/60/61 395/61/61
f 40/115/61 1128/352/61 1420/353/61 753/354/61
f 1128/352/61 38/109/61 740/335/61 1420/353/61
f 1420/353/61 740/335/61 403/109/61 723/352/61
f 753/354/61 1420/353/61 723/352/61 404/115/61
f 58/169/61 1146/355/61 1421/356/61 754/357/61
f 1146/355/61 56/163/61 742/338/61 1421/356/61
f 1421/356/61 742/338/61 412/163/61 732/355/61
f 754/357/61 1421/356/61 732/355/61 413/169/61
f 14/37/61 1102/36/61 1422/358/61 755/359/61
f 1102/36/61 12/31/61 744/341/61 1422/358/61
f 1422/358/61 744/341/61 390/31/61 710/36/61
f 755/359/61 1422/358/61 710/36/61 391/37/61
f 32/91/61 1120/90/61 1423/360/61 756/361/61
f 1120/90/61 30/85/61 746/345/61 1423/360/61
f 1423/360/61 746/345/61 399/85/61 719/90/61
f 756/361/61 1423/360/61 719/90/61 400/91/61
f 50/145/61 1138/144/61 1424/362/61 757/145/61
f 1138/144/61 48/139/61 748/347/61 1424/362/61
f 1424/362/61 748/347/61 408/139/61 728/144/61
f 757/145/61 1424/362/61 728/144/61 409/145/61
f 6/13/61 1093/12/61 1425/363/61 758/364/61
f 1093/12/61 4/7/61 750/333/61 1425/363/61
f 1425/363/61 750/333/61 97/7/61 706/12/61
f 758/364/61 1425/363/61 706/12/61 387/13/61
f 24/67/61 1112/365/61 1426/366/61 759/367/61
f 1112/365/61 22/61/61 752/351/61 1426/366/61
f 1426/366/61 752/351/61 395/61/61 715/365/61
f 759/367/61 1426/366/61 715/365/61 396/67/61
f 42/121/61 1130/120/61 1427/368/61 760/369/61
f 1130/120/61 40/115/61 753/354/61 1427/368/61
f 1427/368/61 753/354/61 404/115/61 724/120/61
f 760/369/61 1427/368/61 724/120/61 405/121/61
f 60/175/61 1148/174/61 1428/370/61 761/175/61
f 1148/174/61 58/169/61 754/357/61 1428/370/61
f 1428/370/61 754/357/61 413/169/61 733/174/61
f 761/175/61 1428/370/61 733/174/61 414/175/61
f 16/43/61 1104/371/61 1429/372/61 762/373/61
f 1104/371/61 14/37/61 755/359/61 1429/372/61
f 1429/372/61 755/359/61 391/37/61 711/371/61
f 762/373/61 1429/372/61 711/371/61 392/43/61
f 34/97/61 1122/96/61 1430/374/61 763/97/61
f 1122/96/61 32/91/61 756/361/61 1430/374/61
f 1430/374/61 756/361/61 400/91/61 720/96/61
f 763/97/61 1430/374/61 720/96/61 401/97/61
f 52/151/61 1140/150/61 1431/375/61 764/376/61
f 1140/150/61 50/145/61 757/145/61 1431/375/61
f 1431/375/61 757/145/61 409/145/61 729/150/61
f 764/376/61 1431/375/61 729/150/61 410/151/61
f 8/19/61 1096/18/61 1432/377/61 765/378/61
f 1096/18/61 6/13/61 758/364/61 1432/377/61
f 1432/377/61 758/364/61 387/13/61 707/18/61
f 765/378/61 1432/377/61 707/18/61 388/19/61
f 26/73/61 1114/72/61 1433/379/61 766/73/61
f 1114/72/61 24/67/61 759/367/61 1433/379/61
f 1433/379/61 759/367/61 396/67/61 716/72/61
f 766/73/61 1433/379/61 716/72/61 397/73/61
f 44/127/61 1132/380/61 1434/381/61 767/382/61
f 1132/380/61 42/121/61 760/369/61 1434/381/61
f 1434/381/61 760/369/61 405/121/61 725/380/61
f 767/382/61 1434/381/61 725/380/61 406/127/61
f 62/181/61 1150/383/61 1435/384/61 768/385/61
f 1150/383/61 60/175/61 761/175/61 1435/384/61
f 1435/384/61 761/175/61 414/175/61 734/383/61
f 768/385/61 1435/384/61 734/383/61 415/181/61
f 18/49/61 1106/48/61 1436/386/61 737/49/61
f 1106/48/61 16/43/61 762/373/61 1436/386/61
f 1436/386/61 762/373/61 392/43/61 712/48/61
f 737/49/61 1436/386/61 712/48/61 393/49/61
f 36/103/61 1124/102/61 1437/387/61 739/336/61
f 1124/102/61 34/97/61 763/97/61 1437/387/61
f 1437/387/61 763/97/61 401/97/61 721/102/61
f 739/336/61 1437/387/61 721/102/61 402/103/61
f 54/157/61 1142/156/61 1438/388/61 741/339/61
f 1142/156/61 52/151/61 764/376/61 1438/388/61
f 1438/388/61 764/376/61 410/151/61 730/156/61
f 741/339/61 1438/388/61 730/156/61 411/157/61
f 10/25/61 1098/24/61 1439/389/61 743/342/61
f 1098/24/61 8/19/61 765/378/61 1439/389/61
f 1439/389/61 765/378/61 388/19/61 708/24/61
f 743/342/61 1439/389/61 708/24/61 389/25/61
f 28/79/61 1116/390/61 1440/391/61 745/79/61
f 1116/390/61 26/73/61 766/73/61 1440/391/61
f 1440/391/61 766/73/61 397/73/61 717/390/61
f 745/79/61 1440/391/61 717/390/61 398/79/61
f 46/133/61 1134/392/61 1441/393/61 747/348/61
f 1134/392/61 44/127/61 767/382/61 1441/393/61
f 1441/393/61 767/382/61 406/127/61 726/392/61
f 747/348/61 1441/393/61 726/392/61 407/133/61
f 64/190/61 1152/394/61 1442/395/61 751/190/61
f 1152/394/61 62/181/61 768/385/61 1442/395/61
f 1442/395/61 768/385/61 415/181/61 735/394/61
f 751/190/61 1442/395/61 735/394/61 416/190/61
f 421/25/8 772/24/8 1443/389/8 866/342/8
f 772/24/7 132/19/7 865/378/7 1443/389/7
f 1443/389/7 865/378/7 452/19/7 836/24/7
f 866/342/8 1443/389/8 836/24/8 453/25/8
f 125/169/24 1213/355/24 1444/356/24 804/357/24
f 1213/355/23 124/163/23 803/338/23 1444/356/23
f 1444/356/23 803/338/23 444/163/23 796/355/23
f 804/357/24 1444/356/24 796/355/24 445/169/24
f 112/91/63 1200/90/63 1445/360/63 806/361/63
f 1200/90/62 111/85/62 805/345/62 1445/360/62
f 1445/360/62 805/345/62 431/85/62 783/90/62
f 806/361/63 1445/360/63 783/90/63 432/91/63
f 99/13/36 1186/12/36 1446/363/36 807/364/36
f 1186/12/35 385/7/35 802/333/35 1446/363/35
f 1446/363/35 802/333/35 417/7/35 770/12/35
f 807/364/36 1446/363/36 770/12/36 419/13/36
f 126/175/26 1214/174/26 1447/370/26 808/175/26
f 1214/174/25 125/169/25 804/357/25 1447/370/25
f 1447/370/25 804/357/25 445/169/25 797/174/25
f 808/175/26 1447/370/26 797/174/26 446/175/26
f 113/97/65 1201/96/65 1448/374/65 809/97/65
f 1201/96/64 112/91/64 806/361/64 1448/374/64
f 1448/374/64 806/361/64 432/91/64 784/96/64
f 809/97/65 1448/374/65 784/96/65 433/97/65
f 100/19/38 1188/18/38 1449/377/38 810/378/38
f 1188/18/37 99/13/37 807/364/37 1449/377/37
f 1449/377/37 807/364/37 419/13/37 771/18/37
f 810/378/38 1449/377/38 771/18/38 420/19/38
f 127/181/28 1215/383/28 1450/384/28 811/385/28
f 1215/383/27 126/175/27 808/175/27 1450/384/27
f 1450/384/27 808/175/27 446/175/27 798/383/27
f 811/385/28 1450/384/28 798/383/28 447/181/28
f 114/103/2 1202/102/2 1451/387/2 812/336/2
f 1202/102/1 113/97/1 809/97/1 1451/387/1
f 1451/387/1 809/97/1 433/97/1 785/102/1
f 812/336/2 1451/387/2 785/102/2 434/103/2
f 101/25/40 1189/24/40 1452/389/40 813/342/40
f 1189/24/39 100/19/39 810/378/39 1452/389/39
f 1452/389/39 810/378/39 420/19/39 1221/24/39
f 813/342/40 1452/389/40 1221/24/40 133/25/40
f 128/190/30 1216/394/30 1453/395/30 814/190/30
f 1216/394/29 127/181/29 811/385/29 1453/395/29
f 1453/395/29 811/385/29 447/181/29 799/394/29
f 814/190/30 1453/395/30 799/394/30 448/190/30
f 115/109/4 1203/108/4 1454/334/4 815/335/4
f 1203/108/3 114/103/3 812/336/3 1454/334/3
f 1454/334/3 812/336/3 434/103/3 786/108/3
f 815/335/4 1454/334/4 786/108/4 435/109/4
f 102/31/42 1190/30/42 1455/340/42 816/341/42
f 1190/30/41 101/25/41 813/342/41 1455/340/41
f 1455/340/41 813/342/41 133/25/41 773/30/41
f 816/341/42 1455/340/42 773/30/42 422/31/42
f 386/196/32 1187/195/32 1456/349/32 801/196/32
f 1187/195/31 128/190/31 814/190/31 1456/349/31
f 1456/349/31 814/190/31 448/190/31 800/195/31
f 801/196/32 1456/349/32 800/195/32 418/196/32
f 116/115/6 1204/352/6 1457/353/6 817/354/6
f 1204/352/5 115/109/5 815/335/5 1457/353/5
f 1457/353/5 815/335/5 435/109/5 787/352/5
f 817/354/6 1457/353/6 787/352/6 436/115/6
f 103/37/44 1191/36/44 1458/358/44 818/359/44
f 1191/36/43 102/31/43 816/341/43 1458/358/43
f 1458/358/43 816/341/43 422/31/43 774/36/43
f 818/359/44 1458/358/44 774/36/44 423/37/44
f 117/121/8 1205/120/8 1459/368/8 819/369/8
f 1205/120/7 116/115/7 817/354/7 1459/368/7
f 1459/368/7 817/354/7 436/115/7 788/120/7
f 819/369/8 1459/368/8 788/120/8 437/121/8
f 104/43/46 1192/371/46 1460/372/46 820/373/46
f 1192/371/45 103/37/45 818/359/45 1460/372/45
f 1460/372/45 818/359/45 423/37/45 775/371/45
f 820/373/46 1460/372/46 775/371/46 424/43/46
f 118/127/10 1206/380/10 1461/381/10 821/382/10
f 1206/380/9 117/121/9 819/369/9 1461/381/9
f 1461/381/9 819/369/9 437/121/9 789/380/9
f 821/382/10 1461/381/10 789/380/10 438/127/10
f 105/49/48 1193/48/48 1462/386/48 822/49/48
f 1193/48/47 104/43/47 820/373/47 1462/386/47
f 1462/386/47 820/373/47 424/43/47 776/48/47
f 822/49/48 1462/386/48 776/48/48 425/49/48
f 119/133/12 1207/392/12 1463/393/12 823/348/12
f 1207/392/11 118/127/11 821/382/11 1463/393/11
f 1463/393/11 821/382/11 438/127/11 790/392/11
f 823/348/12 1463/393/12 790/392/12 439/133/12
f 106/55/50 1194/184/50 1464/185/50 824/186/50
f 1194/184/49 105/49/49 822/49/49 1464/185/49
f 1464/185/49 822/49/49 425/49/49 777/184/49
f 824/186/50 1464/185/50 777/184/50 426/55/50
f 120/139/14 1208/138/14 1465/346/14 825/347/14
f 1208/138/13 119/133/13 823/348/13 1465/346/13
f 1465/346/13 823/348/13 439/133/13 791/138/13
f 825/347/14 1465/346/14 791/138/14 440/139/14
f 107/61/52 1195/60/52 1466/350/52 826/351/52
f 1195/60/51 106/55/51 824/186/51 1466/350/51
f 1466/350/51 824/186/51 426/55/51 778/60/51
f 826/351/52 1466/350/52 778/60/52 427/61/52
f 121/145/16 1209/144/16 1467/362/16 827/145/16
f 1209/144/15 120/139/15 825/347/15 1467/362/15
f 1467/362/15 825/347/15 440/139/15 792/144/15
f 827/145/16 1467/362/16 792/144/16 441/145/16
f 108/67/54 1196/365/54 1468/366/54 828/367/54
f 1196/365/53 107/61/53 826/351/53 1468/366/53
f 1468/366/53 826/351/53 427/61/53 779/365/53
f 828/367/54 1468/366/54 779/365/54 428/67/54
f 122/151/18 1210/150/18 1469/375/18 829/376/18
f 1210/150/17 121/145/17 827/145/17 1469/375/17
f 1469/375/17 827/145/17 441/145/17 793/150/17
f 829/376/18 1469/375/18 793/150/18 442/151/18
f 109/73/56 1197/72/56 1470/379/56 830/73/56
f 1197/72/55 108/67/55 828/367/55 1470/379/55
f 1470/379/55 828/367/55 428/67/55 780/72/55
f 830/73/56 1470/379/56 780/72/56 429/73/56
f 123/157/20 1211/156/20 1471/388/20 831/339/20
f 1211/156/19 122/151/19 829/376/19 1471/388/19
f 1471/388/19 829/376/19 442/151/19 794/156/19
f 831/339/20 1471/388/20 794/156/20 443/157/20
f 110/79/58 1198/390/58 1472/391/58 832/79/58
f 1198/390/57 109/73/57 830/73/57 1472/391/57
f 1472/391/57 830/73/57 429/73/57 781/390/57
f 832/79/58 1472/391/58 781/390/58 430/79/58
f 124/163/22 1212/162/22 1473/337/22 803/338/22
f 1212/162/21 123/157/21 831/339/21 1473/337/21
f 1473/337/21 831/339/21 443/157/21 795/162/21
f 803/338/22 1473/337/22 795/162/22 444/163/22
f 111/85/60 1199/343/60 1474/344/60 805/345/60
f 1199/343/59 110/79/59 832/79/59 1474/344/59
f 1474/344/59 832/79/59 430/79/59 782/343/59
f 805/345/60 1474/344/60 782/343/60 431/85/60
f 473/145/135 856/144/135 1475/362/135 930/145/135
f 856/144/136 184/139/136 929/347/136 1475/362/136
f 1475/362/136 929/347/136 504/139/136 920/144/136
f 930/145/135 1475/362/135 920/144/135 505/145/135
f 160/190/63 1248/394/63 1476/395/63 868/190/63
f 1248/394/62 159/181/62 867/385/62 1476/395/62
f 1476/395/62 867/385/62 479/181/62 863/394/62
f 868/190/63 1476/395/63 863/394/63 480/190/63
f 147/109/36 1235/108/36 1477/334/36 870/335/36
f 1235/108/35 146/103/35 869/336/35 1477/334/35
f 1477/334/35 869/336/35 466/103/35 850/108/35
f 870/335/36 1477/334/36 850/108/36 467/109/36
f 134/31/10 1222/30/10 1478/340/10 871/341/10
f 1222/30/9 421/25/9 866/342/9 1478/340/9
f 1478/340/9 866/342/9 453/25/9 837/30/9
f 871/341/10 1478/340/10 837/30/10 454/31/10
f 130/196/65 1219/195/65 1479/349/65 872/196/65
f 1219/195/64 160/190/64 868/190/64 1479/349/64
f 1479/349/64 868/190/64 480/190/64 864/195/64
f 872/196/65 1479/349/65 864/195/65 450/196/65
f 148/115/38 1236/352/38 1480/353/38 873/354/38
f 1236/352/37 147/109/37 870/335/37 1480/353/37
f 1480/353/37 870/335/37 467/109/37 851/352/37
f 873/354/38 1480/353/38 851/352/38 468/115/38
f 135/37/12 1223/36/12 1481/358/12 874/359/12
f 1223/36/11 134/31/11 871/341/11 1481/358/11
f 1481/358/11 871/341/11 454/31/11 838/36/11
f 874/359/12 1481/358/12 838/36/12 455/37/12
f 149/121/40 1237/120/40 1482/368/40 875/369/40
f 1237/120/39 148/115/39 873/354/39 1482/368/39
f 1482/368/39 873/354/39 468/115/39 852/120/39
f 875/369/40 1482/368/40 852/120/40 469/121/40
f 136/43/14 1224/371/14 1483/372/14 876/373/14
f 1224/371/13 135/37/13 874/359/13 1483/372/13
f 1483/372/13 874/359/13 455/37/13 839/371/13
f 876/373/14 1483/372/14 839/371/14 456/43/14
f 150/127/42 1238/380/42 1484/381/42 877/382/42
f 1238/380/41 149/121/41 875/369/41 1484/381/41
f 1484/381/41 875/369/41 469/121/41 853/380/41
f 877/382/42 1484/381/42 853/380/42 470/127/42
f 137/49/16 1225/48/16 1485/386/16 878/49/16
f 1225/48/15 136/43/15 876/373/15 1485/386/15
f 1485/386/15 876/373/15 456/43/15 840/48/15
f 878/49/16 1485/386/16 840/48/16 457/49/16
f 151/133/44 1239/392/44 1486/393/44 879/348/44
f 1239/392/43 150/127/43 877/382/43 1486/393/43
f 1486/393/43 877/382/43 470/127/43 854/392/43
f 879/348/44 1486/393/44 854/392/44 471/133/44
f 138/55/18 1226/184/18 1487/185/18 880/186/18
f 1226/184/17 137/49/17 878/49/17 1487/185/17
f 1487/185/17 878/49/17 457/49/17 841/184/17
f 880/186/18 1487/185/18 841/184/18 458/55/18
f 152/139/46 1240/138/46 1488/346/46 881/347/46
f 1240/138/45 151/133/45 879/348/45 1488/346/45
f 1488/346/45 879/348/45 471/133/45 855/138/45
f 881/347/46 1488/346/46 855/138/46 472/139/46
f 139/61/20 1227/60/20 1489/350/20 882/351/20
f 1227/60/19 138/55/19 880/186/19 1489/350/19
f 1489/350/19 880/186/19 458/55/19 842/60/19
f 882/351/20 1489/350/20 842/60/20 459/61/20
f 153/145/48 1241/144/48 1490/362/48 883/145/48
f 1241/144/47 152/139/47 881/347/47 1490/362/47
f 1490/362/47 881/347/47 472/139/47 1273/144/47
f 883/145/48 1490/362/48 1273/144/48 185/145/48
f 140/67/22 1228/365/22 1491/366/22 884/367/22
f 1228/365/21 139/61/21 882/351/21 1491/366/21
f 1491/366/21 882/351/21 459/61/21 843/365/21
f 884/367/22 1491/366/22 843/365/22 460/67/22
f 154/151/50 1242/150/50 1492/375/50 885/376/50
f 1242/150/49 153/145/49 883/145/49 1492/375/49
f 1492/375/49 883/145/49 185/145/49 857/150/49
f 885/376/50 1492/375/50 857/150/50 474/151/50
f 141/73/24 1229/72/24 1493/379/24 886/73/24
f 1229/72/23 140/67/23 884/367/23 1493/379/23
f 1493/379/23 884/367/23 460/67/23 844/72/23
f 886/73/24 1493/379/24 844/72/24 461/73/24
f 155/157/52 1243/156/52 1494/388/52 887/339/52
f 1243/156/51 154/151/51 885/376/51 1494/388/51
f 1494/388/51 885/376/51 474/151/51 858/156/51
f 887/339/52 1494/388/52 858/156/52 475/157/52
f 142/79/26 1230/390/26 1495/391/26 888/79/26
f 1230/390/25 141/73/25 886/73/25 1495/391/25
f 1495/391/25 886/73/25 461/73/25 845/390/25
f 888/79/26 1495/391/26 845/390/26 462/79/26
f 156/163/54 1244/162/54 1496/337/54 889/338/54
f 1244/162/53 155/157/53 887/339/53 1496/337/53
f 1496/337/53 887/339/53 475/157/53 859/162/53
f 889/338/54 1496/337/54 859/162/54 476/163/54
f 143/85/28 1231/343/28 1497/344/28 890/345/28
f 1231/343/27 142/79/27 888/79/27 1497/344/27
f 1497/344/27 888/79/27 462/79/27 846/343/27
f 890/345/28 1497/344/28 846/343/28 463/85/28
f 129/7/2 1217/6/2 1498/332/2 891/333/2
f 1217/6/1 130/5/1 872/5/1 1498/332/1
f 1498/332/1 872/5/1 450/5/1 833/6/1
f 891/333/2 1498/332/2 833/6/2 449/7/2
f 157/169/56 1245/355/56 1499/356/56 892/357/56
f 1245/355/55 156/163/55 889/338/55 1499/356/55
f 1499/356/55 889/338/55 476/163/55 860/355/55
f 892/357/56 1499/356/56 860/355/56 477/169/56
f 144/91/30 1232/90/30 1500/360/30 893/361/30
f 1232/90/29 143/85/29 890/345/29 1500/360/29
f 1500/360/29 890/345/29 463/85/29 847/90/29
f 893/361/30 1500/360/30 847/90/30 464/91/30
f 131/13/4 1218/12/4 1501/363/4 894/364/4
f 1218/12/3 129/7/3 891/333/3 1501/363/3
f 1501/363/3 891/333/3 449/7/3 834/12/3
f 894/364/4 1501/363/4 834/12/4 451/13/4
f 158/175/58 1246/174/58 1502/370/58 895/175/58
f 1246/174/57 157/169/57 892/357/57 1502/370/57
f 1502/370/57 892/357/57 477/169/57 861/174/57
f 895/175/58 1502/370/58 861/174/58 478/175/58
f 145/97/32 1233/96/32 1503/374/32 896/97/32
f 1233/96/31 144/91/31 893/361/31 1503/374/31
f 1503/374/31 893/361/31 464/91/31 848/96/31
f 896/97/32 1503/374/32 848/96/32 465/97/32
f 132/19/6 1220/18/6 1504/377/6 865/378/6
f 1220/18/5 131/13/5 894/364/5 1504/377/5
f 1504/377/5 894/364/5 451/13/5 835/18/5
f 865/378/6 1504/377/6 835/18/6 452/19/6
f 159/181/60 1247/383/60 1505/384/60 867/385/60
f 1247/383/59 158/175/59 895/175/59 1505/384/59
f 1505/384/59 895/175/59 478/175/59 862/383/59
f 867/385/60 1505/384/60 862/383/60 479/181/60
f 146/103/34 1234/102/34 1506/387/34 869/336/34
f 1234/102/33 145/97/33 896/97/33 1506/387/33
f 1506/387/33 896/97/33 465/97/33 849/102/33
f 869/336/34 1506/387/34 849/102/34 466/103/34
f 487/37/137 902/36/137 1507/358/137 994/359/137
f 902/36/138 198/31/138 993/341/138 1507/358/138
f 1507/358/139 993/341/139 230/341/139 966/358/139
f 994/359/140 1507/358/140 966/358/140 231/359/140
f 172/67/141 1260/365/141 1508/366/141 932/367/141
f 1260/365/142 171/61/142 931/351/142 1508/366/142
f 1508/366/142 931/351/142 491/61/142 907/365/142
f 932/367/141 1508/366/141 907/365/141 492/67/141
f 186/151/143 1274/150/143 1509/375/143 933/376/143
f 1274/150/144 473/145/144 930/145/144 1509/375/144
f 1509/375/144 930/145/144 505/145/144 921/150/144
f 933/376/143 1509/375/143 921/150/143 506/151/143
f 173/73/145 1261/72/145 1510/379/145 934/73/145
f 1261/72/146 172/67/146 932/367/146 1510/379/146
f 1510/379/146 932/367/146 492/67/146 908/72/146
f 934/73/145 1510/379/145 908/72/145 493/73/145
f 187/157/147 1275/156/147 1511/388/147 935/339/147
f 1275/156/148 186/151/148 933/376/148 1511/388/148
f 1511/388/148 933/376/148 506/151/148 922/156/148
f 935/339/147 1511/388/147 922/156/147 507/157/147
f 174/79/149 1262/390/149 1512/391/149 936/79/149
f 1262/390/150 173/73/150 934/73/150 1512/391/150
f 1512/391/150 934/73/150 493/73/150 909/390/150
f 936/79/149 1512/391/149 909/390/149 494/79/149
f 188/163/151 1276/162/151 1513/337/151 937/338/151
f 1276/162/152 187/157/152 935/339/152 1513/337/152
f 1513/337/152 935/339/152 507/157/152 923/162/152
f 937/338/151 1513/337/151 923/162/151 508/163/151
f 175/85/153 1263/343/153 1514/344/153 938/345/153
f 1263/343/154 174/79/154 936/79/154 1514/344/154
f 1514/344/154 936/79/154 494/79/154 910/343/154
f 938/345/153 1514/344/153 910/343/153 495/85/153
f 161/7/155 1249/6/155 1515/332/155 940/333/155
f 1249/6/156 162/5/156 939/5/156 1515/332/156
f 1515/332/156 939/5/156 482/5/156 897/6/156
f 940/333/155 1515/332/155 897/6/155 481/7/155
f 189/169/157 1277/355/157 1516/356/157 941/357/157
f 1277/355/158 188/163/158 937/338/158 1516/356/158
f 1516/356/158 937/338/158 508/163/158 924/355/158
f 941/357/157 1516/356/157 924/355/157 509/169/157
f 176/91/159 1264/90/159 1517/360/159 942/361/159
f 1264/90/160 175/85/160 938/345/160 1517/360/160
f 1517/360/160 938/345/160 495/85/160 911/90/160
f 942/361/159 1517/360/159 911/90/159 496/91/159
f 163/13/161 1250/12/161 1518/363/161 943/364/161
f 1250/12/162 161/7/162 940/333/162 1518/363/162
f 1518/363/162 940/333/162 481/7/162 898/12/162
f 943/364/161 1518/363/161 898/12/161 483/13/161
f 190/175/163 1278/174/163 1519/370/163 944/175/163
f 1278/174/164 189/169/164 941/357/164 1519/370/164
f 1519/370/164 941/357/164 509/169/164 925/174/164
f 944/175/163 1519/370/163 925/174/163 510/175/163
f 177/97/165 1265/96/165 1520/374/165 945/97/165
f 1265/96/166 176/91/166 942/361/166 1520/374/166
f 1520/374/166 942/361/166 496/91/166 912/96/166
f 945/97/165 1520/374/165 912/96/165 497/97/165
f 164/19/167 1252/18/167 1521/377/167 946/378/167
f 1252/18/168 163/13/168 943/364/168 1521/377/168
f 1521/377/168 943/364/168 483/13/168 899/18/168
f 946/378/167 1521/377/167 899/18/167 484/19/167
f 191/181/169 1279/383/169 1522/384/169 947/385/169
f 1279/383/170 190/175/170 944/175/170 1522/384/170
f 1522/384/170 944/175/170 510/175/170 926/383/170
f 947/385/169 1522/384/169 926/383/169 511/181/169
f 178/103/171 1266/102/171 1523/387/171 948/336/171
f 1266/102/172 177/97/172 945/97/172 1523/387/172
f 1523/387/172 945/97/172 497/97/172 913/102/172
f 948/336/171 1523/387/171 913/102/171 498/103/171
f 165/25/173 1253/24/173 1524/389/173 949/342/173
f 1253/24/174 164/19/174 946/378/174 1524/389/174
f 1524/389/174 946/378/174 484/19/174 900/24/174
f 949/342/173 1524/389/173 900/24/173 485/25/173
f 192/190/175 1280/394/175 1525/395/175 950/190/175
f 1280/394/176 191/181/176 947/385/176 1525/395/176
f 1525/395/176 947/385/176 511/181/176 927/394/176
f 950/190/175 1525/395/175 927/394/175 512/190/175
f 179/109/177 1267/108/177 1526/334/177 951/335/177
f 1267/108/178 178/103/178 948/336/178 1526/334/178
f 1526/334/178 948/336/178 498/103/178 914/108/178
f 951/335/177 1526/334/177 914/108/177 499/109/177
f 166/31/179 1254/30/179 1527/340/179 952/341/179
f 1254/30/180 165/25/180 949/342/180 1527/340/180
f 1527/340/180 949/342/180 485/25/180 901/30/180
f 952/341/179 1527/340/179 901/30/179 486/31/179
f 162/196/181 1251/195/181 1528/349/181 939/196/181
f 1251/195/182 192/190/182 950/190/182 1528/349/182
f 1528/349/182 950/190/182 512/190/182 928/195/182
f 939/196/181 1528/349/181 928/195/181 482/196/181
f 180/115/183 1268/352/183 1529/353/183 953/354/183
f 1268/352/184 179/109/184 951/335/184 1529/353/184
f 1529/353/184 951/335/184 499/109/184 915/352/184
f 953/354/183 1529/353/183 915/352/183 500/115/183
f 167/37/185 1255/36/185 1530/358/185 954/359/185
f 1255/36/186 166/31/186 952/341/186 1530/358/186
f 1530/358/186 952/341/186 486/31/186 1287/36/186
f 954/359/185 1530/358/185 1287/36/185 199/37/185
f 181/121/187 1269/120/187 1531/368/187 955/369/187
f 1269/120/188 180/115/188 953/354/188 1531/368/188
f 1531/368/188 953/354/188 500/115/188 916/120/188
f 955/369/187 1531/368/187 916/120/187 501/121/187
f 168/43/189 1256/371/189 1532/372/189 956/373/189
f 1256/371/190 167/37/190 954/359/190 1532/372/190
f 1532/372/190 954/359/190 199/37/190 903/371/190
f 956/373/189 1532/372/189 903/371/189 488/43/189
f 182/127/191 1270/380/191 1533/381/191 957/382/191
f 1270/380/192 181/121/192 955/369/192 1533/381/192
f 1533/381/192 955/369/192 501/121/192 917/380/192
f 957/382/191 1533/381/191 917/380/191 502/127/191
f 169/49/193 1257/48/193 1534/386/193 958/49/193
f 1257/48/194 168/43/194 956/373/194 1534/386/194
f 1534/386/194 956/373/194 488/43/194 904/48/194
f 958/49/193 1534/386/193 904/48/193 489/49/193
f 183/133/195 1271/392/195 1535/393/195 959/348/195
f 1271/392/196 182/127/196 957/382/196 1535/393/196
f 1535/393/196 957/382/196 502/127/196 918/392/196
f 959/348/195 1535/393/195 918/392/195 503/133/195
f 170/55/197 1258/184/197 1536/185/197 960/186/197
f 1258/184/198 169/49/198 958/49/198 1536/185/198
f 1536/185/198 958/49/198 489/49/198 905/184/198
f 960/186/197 1536/185/197 905/184/197 490/55/197
f 184/139/199 1272/138/199 1537/346/199 929/347/199
f 1272/138/200 183/133/200 959/348/200 1537/346/200
f 1537/346/200 959/348/200 503/133/200 919/138/200
f 929/347/199 1537/346/199 919/138/199 504/139/199
f 171/61/201 1259/60/201 1538/350/201 931/351/201
f 1259/60/202 170/55/202 960/186/202 1538/350/202
f 1538/350/202 960/186/202 490/55/202 906/60/202
f 931/351/201 1538/350/201 906/60/201 491/61/201
f 234/396/203 969/185/203 1539/185/203 1058/186/203
f 969/185/204 233/397/204 1057/49/204 1539/185/204
f 1539/185/205 1057/49/205 265/49/205 1033/184/205
f 1058/186/206 1539/185/206 1033/184/206 522/55/206
f 213/121/207 1301/120/207 1540/368/207 996/398/207
f 1301/120/208 212/115/208 995/354/208 1540/368/208
f 1540/368/209 995/354/209 244/354/209 980/368/209
f 996/398/210 1540/368/210 980/368/210 245/398/210
f 200/43/211 1288/371/211 1541/399/211 997/373/211
f 1288/371/212 487/37/212 994/359/212 1541/399/212
f 1541/399/213 994/359/213 231/359/213 967/399/213
f 997/373/214 1541/399/214 967/399/214 232/373/214
f 214/127/215 1302/380/215 1542/400/215 998/382/215
f 1302/380/216 213/121/216 996/398/216 1542/400/216
f 1542/400/217 996/398/217 245/398/217 981/400/217
f 998/382/218 1542/400/218 981/400/218 246/382/218
f 201/49/219 1289/48/219 1543/401/219 999/397/219
f 1289/48/220 200/43/220 997/373/220 1543/401/220
f 1543/401/221 997/373/221 232/373/221 968/401/221
f 999/397/222 1543/401/222 968/401/222 233/397/222
f 215/133/223 1303/392/223 1544/402/223 1000/348/223
f 1303/392/224 214/127/224 998/382/224 1544/402/224
f 1544/402/225 998/382/225 246/382/225 982/402/225
f 1000/348/226 1544/402/226 982/402/226 247/348/226
f 202/55/227 1290/184/227 1545/185/227 1001/396/227
f 1290/184/228 201/49/228 999/397/228 1545/185/228
f 1545/185/229 999/397/229 233/397/229 969/185/229
f 1001/396/230 1545/185/230 969/185/230 234/396/230
f 216/139/231 1304/138/231 1546/346/231 1002/403/231
f 1304/138/232 215/133/232 1000/348/232 1546/346/232
f 1546/346/233 1000/348/233 247/348/233 983/346/233
f 1002/403/234 1546/346/234 983/346/234 248/403/234
f 203/61/235 1291/60/235 1547/350/235 1003/351/235
f 1291/60/236 202/55/236 1001/396/236 1547/350/236
f 1547/350/237 1001/396/237 234/396/237 970/350/237
f 1003/351/238 1547/350/238 970/350/238 235/351/238
f 217/145/239 1305/144/239 1548/404/239 1004/405/239
f 1305/144/240 216/139/240 1002/403/240 1548/404/240
f 1548/404/241 1002/403/241 248/403/241 984/404/241
f 1004/405/242 1548/404/242 984/404/242 249/405/242
f 204/67/243 1292/365/243 1549/366/243 1005/406/243
f 1292/365/244 203/61/244 1003/351/244 1549/366/244
f 1549/366/245 1003/351/245 235/351/245 971/366/245
f 1005/406/246 1549/366/246 971/366/246 236/406/246
f 218/151/247 1306/150/247 1550/407/247 1006/376/247
f 1306/150/248 217/145/248 1004/405/248 1550/407/248
f 1550/407/249 1004/405/249 249/405/249 985/407/249
f 1006/376/250 1550/407/250 985/407/250 250/376/250
f 205/73/251 1293/72/251 1551/379/251 1007/408/251
f 1293/72/252 204/67/252 1005/406/252 1551/379/252
f 1551/379/253 1005/406/253 236/406/253 972/379/253
f 1007/408/254 1551/379/254 972/379/254 237/408/254
f 219/157/255 1307/156/255 1552/388/255 1008/157/255
f 1307/156/256 218/151/256 1006/376/256 1552/388/256
f 1552/388/257 1006/376/257 250/376/257 986/388/257
f 1008/157/258 1552/388/258 986/388/258 251/157/258
f 206/79/259 1294/390/259 1553/409/259 1009/79/259
f 1294/390/260 205/73/260 1007/408/260 1553/409/260
f 1553/409/261 1007/408/261 237/408/261 973/409/261
f 1009/79/262 1553/409/262 973/409/262 238/79/262
f 220/163/263 1308/162/263 1554/337/263 1010/163/263
f 1308/162/264 219/157/264 1008/157/264 1554/337/264
f 1554/337/265 1008/157/265 251/157/265 987/337/265
f 1010/163/266 1554/337/266 987/337/266 252/163/266
f 207/85/267 1295/343/267 1555/344/267 1011/345/267
f 1295/343/268 206/79/268 1009/79/268 1555/344/268
f 1555/344/269 1009/79/269 238/79/269 974/344/269
f 1011/345/270 1555/344/270 974/344/270 239/345/270
f 193/7/271 1281/6/271 1556/410/271 1013/333/271
f 1281/6/272 194/5/272 1012/5/272 1556/410/272
f 1556/410/273 1012/5/273 226/411/273 961/410/273
f 1013/333/274 1556/410/274 961/410/274 225/333/274
f 221/169/275 1309/355/275 1557/412/275 1014/357/275
f 1309/355/276 220/163/276 1010/163/276 1557/412/276
f 1557/412/277 1010/163/277 252/163/277 988/412/277
f 1014/357/278 1557/412/278 988/412/278 253/357/278
f 208/91/279 1296/90/279 1558/360/279 1015/91/279
f 1296/90/280 207/85/280 1011/345/280 1558/360/280
f 1558/360/281 1011/345/281 239/345/281 975/360/281
f 1015/91/282 1558/360/282 975/360/282 240/91/282
f 195/13/283 1282/12/283 1559/363/283 1016/364/283
f 1282/12/284 193/7/284 1013/333/284 1559/363/284
f 1559/363/285 1013/333/285 225/333/285 962/363/285
f 1016/364/286 1559/363/286 962/363/286 227/364/286
f 222/175/287 1310/174/287 1560/413/287 1017/414/287
f 1310/174/288 221/169/288 1014/357/288 1560/413/288
f 1560/413/289 1014/357/289 253/357/289 989/413/289
f 1017/414/290 1560/413/290 989/413/290 254/414/290
f 209/97/291 1297/96/291 1561/374/291 1018/97/291
f 1297/96/292 208/91/292 1015/91/292 1561/374/292
f 1561/374/293 1015/91/293 240/91/293 976/374/293
f 1018/97/294 1561/374/294 976/374/294 241/97/294
f 196/19/295 1284/18/295 1562/377/295 1019/415/295
f 1284/18/296 195/13/296 1016/364/296 1562/377/296
f 1562/377/297 1016/364/297 227/364/297 963/377/297
f 1019/415/298 1562/377/298 963/377/298 228/415/298
f 223/181/299 1311/383/299 1563/416/299 1020/181/299
f 1311/383/300 222/175/300 1017/414/300 1563/416/300
f 1563/416/301 1017/414/301 254/414/301 990/416/301
f 1020/181/302 1563/416/302 990/416/302 255/181/302
f 210/103/303 1298/102/303 1564/387/303 1021/336/303
f 1298/102/304 209/97/304 1018/97/304 1564/387/304
f 1564/387/305 1018/97/305 241/97/305 977/387/305
f 1021/336/306 1564/387/306 977/387/306 242/336/306
f 197/25/307 1285/24/307 1565/417/307 1022/342/307
f 1285/24/308 196/19/308 1019/415/308 1565/417/308
f 1565/417/309 1019/415/309 228/415/309 964/417/309
f 1022/342/310 1565/417/310 964/417/310 229/342/310
f 224/190/311 1312/394/311 1566/395/311 1023/418/311
f 1312/394/312 223/181/312 1020/181/312 1566/395/312
f 1566/395/313 1020/181/313 255/181/313 991/395/313
f 1023/418/314 1566/395/314 991/395/314 256/418/314
f 211/109/315 1299/108/315 1567/419/315 1024/335/315
f 1299/108/316 210/103/316 1021/336/316 1567/419/316
f 1567/419/317 1021/336/317 242/336/317 978/419/317
f 1024/335/318 1567/419/318 978/419/318 243/335/318
f 198/31/319 1286/30/319 1568/420/319 993/341/319
f 1286/30/320 197/25/320 1022/342/320 1568/420/320
f 1568/420/321 1022/342/321 229/342/321 965/420/321
f 993/341/322 1568/420/322 965/420/322 230/341/322
f 194/196/323 1283/195/323 1569/421/323 1012/196/323
f 1283/195/324 224/190/324 1023/418/324 1569/421/324
f 1569/421/325 1023/418/325 256/418/325 992/421/325
f 1012/196/326 1569/421/326 992/421/326 226/422/326
f 212/115/327 1300/352/327 1570/423/327 995/354/327
f 1300/352/328 211/109/328 1024/335/328 1570/423/328
f 1570/423/329 1024/335/329 243/335/329 979/423/329
f 995/354/330 1570/423/330 979/423/330 244/354/330
f 513/424/331 1025/425/331 1571/426/331 1026/427/331
f 514/428/331 1056/429/331 1571/426/331 1025/425/331
f 544/430/331 1055/431/331 1571/426/331 1056/429/331
f 543/432/331 1054/433/331 1571/426/331 1055/434/331
f 542/435/331 1053/436/331 1571/426/331 1054/437/331
f 541/438/331 1052/439/331 1571/426/331 1053/436/331
f 540/440/331 1051/441/331 1571/426/331 1052/442/331
f 539/443/331 1050/444/331 1571/426/331 1051/445/331
f 538/446/331 1049/447/331 1571/426/331 1050/448/331
f 537/449/331 1048/450/331 1571/426/331 1049/447/331
f 536/451/331 1047/452/331 1571/426/331 1048/450/331
f 535/453/331 1046/454/331 1571/426/331 1047/455/331
f 534/456/331 1045/457/331 1571/426/331 1046/458/331
f 533/459/331 1044/460/331 1571/426/331 1045/457/331
f 532/461/331 1043/462/331 1571/426/331 1044/460/331
f 531/463/331 1042/464/331 1571/426/331 1043/465/331
f 530/466/331 1041/467/331 1571/426/331 1042/468/331
f 529/469/331 1040/470/331 1571/426/331 1041/467/331
f 528/471/331 1039/472/331 1571/426/331 1040/470/331
f 527/473/331 1038/474/331 1571/426/331 1039/475/331
f 526/476/331 1037/477/331 1571/426/331 1038/478/331
f 525/479/331 1036/480/331 1571/426/331 1037/481/331
f 524/482/331 1035/483/331 1571/426/331 1036/480/331
f 523/484/331 1034/485/331 1571/426/331 1035/486/331
f 266/487/331 1322/488/331 1571/426/331 1034/489/331
f 521/490/331 1032/491/331 1571/426/331 1322/488/331
f 520/492/331 1031/493/331 1571/426/331 1032/491/331
f 519/494/331 1030/495/331 1571/426/331 1031/496/331
f 518/497/331 1029/498/331 1571/426/331 1030/499/331
f 517/500/331 1028/501/331 1571/426/331 1029/502/331
f 516/503/331 1027/504/331 1571/426/331 1028/505/331
f 515/506/331 1026/507/331 1571/426/331 1027/508/331
f 248/403/332 983/346/332 1572/346/332 1060/347/332
f 983/346/333 247/348/333 1059/348/333 1572/346/333
f 1572/346/334 1059/348/334 279/133/334 1336/138/334
f 1060/347/335 1572/346/335 1336/138/335 280/139/335
f 235/351/336 970/350/336 1573/350/336 1061/351/336
f 970/350/337 234/396/337 1058/186/337 1573/350/337
f 1573/350/338 1058/186/338 522/55/338 1323/60/338
f 1061/351/339 1573/350/339 1323/60/339 267/61/339
f 249/405/340 984/404/340 1574/362/340 1062/145/340
f 984/404/341 248/403/341 1060/347/341 1574/362/341
f 1574/362/342 1060/347/342 280/139/342 1337/144/342
f 1062/145/343 1574/362/343 1337/144/343 281/145/343
f 236/406/344 971/366/344 1575/366/344 1063/367/344
f 971/366/345 235/351/345 1061/351/345 1575/366/345
f 1575/366/346 1061/351/346 267/61/346 1324/365/346
f 1063/367/347 1575/366/347 1324/365/347 268/67/347
f 250/376/348 985/407/348 1576/375/348 1064/376/348
f 985/407/349 249/405/349 1062/145/349 1576/375/349
f 1576/375/350 1062/145/350 281/145/350 1338/150/350
f 1064/376/351 1576/375/351 1338/150/351 282/151/351
f 237/408/352 972/379/352 1577/379/352 1065/73/352
f 972/379/353 236/406/353 1063/367/353 1577/379/353
f 1577/379/354 1063/367/354 268/67/354 1325/72/354
f 1065/73/355 1577/379/355 1325/72/355 269/73/355
f 251/157/356 986/388/356 1578/388/356 1066/339/356
f 986/388/357 250/376/357 1064/376/357 1578/388/357
f 1578/388/358 1064/376/358 282/151/358 1339/156/358
f 1066/339/359 1578/388/359 1339/156/359 283/157/359
f 238/79/360 973/409/360 1579/391/360 1067/79/360
f 973/409/361 237/408/361 1065/73/361 1579/391/361
f 1579/391/362 1065/73/362 269/73/362 1326/390/362
f 1067/79/363 1579/391/363 1326/390/363 270/79/363
f 252/163/364 987/337/364 1580/337/364 1068/338/364
f 987/337/365 251/157/365 1066/339/365 1580/337/365
f 1580/337/366 1066/339/366 283/157/366 1340/162/366
f 1068/338/367 1580/337/367 1340/162/367 284/163/367
f 239/345/368 974/344/368 1581/344/368 1069/345/368
f 974/344/369 238/79/369 1067/79/369 1581/344/369
f 1581/344/370 1067/79/370 270/79/370 1327/343/370
f 1069/345/371 1581/344/371 1327/343/371 271/85/371
f 225/333/372 961/410/372 1582/332/372 1071/333/372
f 961/410/373 226/411/373 1070/5/373 1582/332/373
f 1582/332/374 1070/5/374 258/5/374 1313/6/374
f 1071/333/375 1582/332/375 1313/6/375 257/7/375
f 253/357/376 988/412/376 1583/356/376 1072/357/376
f 988/412/377 252/163/377 1068/338/377 1583/356/377
f 1583/356/378 1068/338/378 284/163/378 1341/355/378
f 1072/357/379 1583/356/379 1341/355/379 285/169/379
f 240/91/380 975/360/380 1584/360/380 1073/361/380
f 975/360/381 239/345/381 1069/345/381 1584/360/381
f 1584/360/382 1069/345/382 271/85/382 1328/90/382
f 1073/361/383 1584/360/383 1328/90/383 272/91/383
f 227/364/384 962/363/384 1585/363/384 1074/364/384
f 962/363/385 225/333/385 1071/333/385 1585/363/385
f 1585/363/386 1071/333/386 257/7/386 1314/12/386
f 1074/364/387 1585/363/387 1314/12/387 259/13/387
f 254/414/388 989/413/388 1586/370/388 1075/175/388
f 989/413/389 253/357/389 1072/357/389 1586/370/389
f 1586/370/390 1072/357/390 285/169/390 1342/174/390
f 1075/175/391 1586/370/391 1342/174/391 286/175/391
f 241/97/392 976/374/392 1587/374/392 1076/97/392
f 976/374/393 240/91/393 1073/361/393 1587/374/393
f 1587/374/394 1073/361/394 272/91/394 1329/96/394
f 1076/97/395 1587/374/395 1329/96/395 273/97/395
f 228/415/396 963/377/396 1588/377/396 1077/378/396
f 963/377/397 227/364/397 1074/364/397 1588/377/397
f 1588/377/398 1074/364/398 259/13/398 1316/18/398
f 1077/378/399 1588/377/399 1316/18/399 260/19/399
f 255/181/400 990/416/400 1589/384/400 1078/385/400
f 990/416/401 254/414/401 1075/175/401 1589/384/401
f 1589/384/402 1075/175/402 286/175/402 1343/383/402
f 1078/385/403 1589/384/403 1343/383/403 287/181/403
f 242/336/404 977/387/404 1590/387/404 1079/336/404
f 977/387/405 241/97/405 1076/97/405 1590/387/405
f 1590/387/406 1076/97/406 273/97/406 1330/102/406
f 1079/336/407 1590/387/407 1330/102/407 274/103/407
f 229/342/408 964/417/408 1591/389/408 1080/342/408
f 964/417/409 228/415/409 1077/378/409 1591/389/409
f 1591/389/410 1077/378/410 260/19/410 1317/24/410
f 1080/342/411 1591/389/411 1317/24/411 261/25/411
f 256/418/412 991/395/412 1592/395/412 1081/190/412
f 991/395/413 255/181/413 1078/385/413 1592/395/413
f 1592/395/414 1078/385/414 287/181/414 1344/394/414
f 1081/190/415 1592/395/415 1344/394/415 288/190/415
f 243/335/416 978/419/416 1593/334/416 1082/335/416
f 978/419/417 242/336/417 1079/336/417 1593/334/417
f 1593/334/418 1079/336/418 274/103/418 1331/108/418
f 1082/335/419 1593/334/419 1331/108/419 275/109/419
f 230/341/420 965/420/420 1594/340/420 1083/341/420
f 965/420/421 229/342/421 1080/342/421 1594/340/421
f 1594/340/422 1080/342/422 261/25/422 1318/30/422
f 1083/341/423 1594/340/423 1318/30/423 262/31/423
f 226/422/424 992/421/424 1595/349/424 1070/196/424
f 992/421/425 256/418/425 1081/190/425 1595/349/425
f 1595/349/426 1081/190/426 288/190/426 1315/195/426
f 1070/196/427 1595/349/427 1315/195/427 258/196/427
f 244/354/428 979/423/428 1596/353/428 1084/354/428
f 979/423/429 243/335/429 1082/335/429 1596/353/429
f 1596/353/430 1082/335/430 275/109/430 1332/352/430
f 1084/354/431 1596/353/431 1332/352/431 276/115/431
f 231/359/432 966/358/432 1597/358/432 1085/359/432
f 966/358/433 230/341/433 1083/341/433 1597/358/433
f 1597/358/434 1083/341/434 262/31/434 1319/36/434
f 1085/359/435 1597/358/435 1319/36/435 263/37/435
f 245/398/436 980/368/436 1598/368/436 1086/369/436
f 980/368/437 244/354/437 1084/354/437 1598/368/437
f 1598/368/438 1084/354/438 276/115/438 1333/120/438
f 1086/369/439 1598/368/439 1333/120/439 277/121/439
f 232/373/440 967/399/440 1599/372/440 1087/373/440
f 967/399/441 231/359/441 1085/359/441 1599/372/441
f 1599/372/442 1085/359/442 263/37/442 1320/371/442
f 1087/373/443 1599/372/443 1320/371/443 264/43/443
f 246/382/444 981/400/444 1600/381/444 1088/382/444
f 981/400/445 245/398/445 1086/369/445 1600/381/445
f 1600/381/446 1086/369/446 277/121/446 1334/380/446
f 1088/382/447 1600/381/447 1334/380/447 278/127/447
f 233/397/448 968/401/448 1601/386/448 1057/49/448
f 968/401/449 232/373/449 1087/373/449 1601/386/449
f 1601/386/450 1087/373/450 264/43/450 1321/48/450
f 1057/49/451 1601/386/451 1321/48/451 265/49/451
f 247/348/452 982/402/452 1602/393/452 1059/348/452
f 982/402/453 246/382/453 1088/382/453 1602/393/453
f 1602/393/454 1088/382/454 278/127/454 1335/392/454
f 1059/348/455 1602/393/455 1335/392/455 279/133/455
o Cylinder.002
v -0.423005 3.161140 -0.778219
v 0.423005 3.147601 -0.776885
v -0.423005 3.052058 -0.767475
v 0.423005 3.065597 -0.768808
v -0.423005 2.973726 -0.740940
v 0.423005 2.986744 -0.744889
v -0.423005 2.924590 -0.714676
v 0.423005 2.914073 -0.706045
v -0.423005 2.839860 -0.645140
v 0.423005 2.850377 -0.653771
v -0.423005 2.789472 -0.579558
v 0.423005 2.798102 -0.590074
v -0.423005 2.752846 -0.505405
v 0.423005 2.759259 -0.517403
v -0.423005 2.736673 -0.452090
v 0.423005 2.735339 -0.438551
v -0.423005 2.725929 -0.343008
v 0.423005 2.727263 -0.356547
v -0.423005 2.736673 -0.261004
v 0.423005 2.735339 -0.274543
v -0.423005 2.763208 -0.182671
v 0.423005 2.759259 -0.195690
v -0.423005 2.804516 -0.111021
v 0.423005 2.798102 -0.123019
v -0.250334 2.805755 -0.000129
v 0.250334 2.805755 -0.000129
v -0.423005 2.924590 0.001583
v 0.250334 2.864723 0.048264
v -0.423005 2.998743 0.038209
v 0.423005 2.986745 0.031795
v -0.423005 3.078616 0.059664
v 0.423005 3.065597 0.055715
v -0.423005 3.134062 0.065125
v 0.423005 3.147601 0.063792
v -0.423005 3.243144 0.054382
v 0.423005 3.229605 0.055715
v -0.423005 3.321476 0.027846
v 0.423005 3.308458 0.031795
v -0.423005 3.393127 -0.013461
v 0.423005 3.381129 -0.007048
v -0.423005 3.455342 -0.067953
v 0.423005 3.444825 -0.059323
v -0.423005 3.490687 -0.111021
v 0.423005 3.497100 -0.123019
v -0.423005 3.542356 -0.207688
v 0.423005 3.535943 -0.195690
v -0.423005 3.563812 -0.287562
v 0.423005 3.559863 -0.274543
v -0.423005 3.569273 -0.370086
v 0.423005 3.567940 -0.356547
v -0.423005 3.563812 -0.425532
v 0.423005 3.559863 -0.438551
v -0.423005 3.531994 -0.530422
v 0.423005 3.535943 -0.517403
v -0.423005 3.490687 -0.602072
v 0.423005 3.497100 -0.590074
v -0.423005 3.436195 -0.664287
v 0.423005 3.444825 -0.653771
v -0.423005 3.370612 -0.714676
v 0.423005 3.381129 -0.706045
v -0.423005 3.321476 -0.740940
v 0.423005 3.308458 -0.744889
v -0.423005 3.216586 -0.772758
v 0.423005 3.229597 -0.768767
v -0.423005 3.161140 -0.778219
v -0.423005 3.052058 -0.767475
v -0.423005 2.973726 -0.740940
v -0.423005 2.924590 -0.714676
v -0.423005 2.839860 -0.645140
v -0.423005 2.789472 -0.579558
v -0.423005 2.752846 -0.505405
v -0.423005 2.736673 -0.452090
v -0.423005 2.725929 -0.343008
v -0.423005 2.736673 -0.261004
v -0.423005 2.763208 -0.182671
v -0.423005 2.804516 -0.111021
v -0.423005 2.839860 -0.067953
v -0.423005 2.924590 0.001583
v -0.423005 2.998743 0.038209
v -0.423005 3.078616 0.059664
v -0.423005 3.134062 0.065125
v -0.423005 3.243144 0.054382
v -0.423005 3.321476 0.027846
v -0.423005 3.393127 -0.013461
v -0.423005 3.455342 -0.067953
v -0.423005 3.490687 -0.111021
v -0.423005 3.542356 -0.207688
v -0.423005 3.563812 -0.287562
v -0.423005 3.569273 -0.370086
v -0.423005 3.563812 -0.425532
v -0.423005 3.531994 -0.530422
v -0.423005 3.490687 -0.602072
v -0.423005 3.436195 -0.664287
v -0.423005 3.370612 -0.714676
v -0.423005 3.321476 -0.740940
v -0.423005 3.216586 -0.772758
v 0.250954 2.620296 0.247203
v -0.250954 2.620296 0.247203
v -0.179363 2.668689 0.265700
v 0.179363 2.668689 0.265700
v 0.145490 2.532211 0.359851
v -0.145490 2.532211 0.359851
v -0.216544 2.636292 0.467599
v 0.216544 2.636292 0.467599
v 0.216544 3.049673 0.693075
v -0.216544 3.049673 0.693075
v 0.145490 2.993878 0.761062
v -0.145490 2.993878 0.761062
v -0.423005 3.147601 -0.776843
v -0.423005 3.134062 -0.778219
v -0.423005 3.065605 -0.768767
v -0.423005 3.078616 -0.772758
v 0.423005 3.065605 -0.768767
v 0.423005 3.147601 -0.776843
v -0.423005 2.986761 -0.744850
v -0.423005 2.998743 -0.751302
v 0.423005 2.986761 -0.744850
v -0.423005 2.914097 -0.706010
v -0.423005 2.902075 -0.699632
v 0.423005 2.914097 -0.706010
v -0.423005 2.850407 -0.653741
v -0.423005 2.859008 -0.664287
v 0.423005 2.850407 -0.653741
v -0.423005 2.798138 -0.590051
v -0.423005 2.804516 -0.602072
v 0.423005 2.798138 -0.590051
v -0.423005 2.759298 -0.517387
v -0.423005 2.763208 -0.530422
v 0.423005 2.759298 -0.517387
v -0.423005 2.735381 -0.438542
v -0.423005 2.731390 -0.425532
v 0.423005 2.735381 -0.438542
v -0.423005 2.727305 -0.356547
v -0.423005 2.725929 -0.370086
v 0.423005 2.727305 -0.356547
v -0.423005 2.735381 -0.274551
v -0.423005 2.731390 -0.287562
v 0.423005 2.735381 -0.274551
v -0.423005 2.759298 -0.195706
v -0.423005 2.752846 -0.207688
v 0.423005 2.759298 -0.195706
v -0.423005 2.798138 -0.123043
v -0.423005 2.789472 -0.133536
v 0.423005 2.798138 -0.123043
v -0.284207 2.839860 -0.067953
v -0.389133 2.816272 0.008501
v -0.423005 2.859008 -0.048806
v -0.423005 2.839860 -0.067953
v 0.284207 2.839860 -0.067953
v 0.388595 2.796309 -0.009903
v -0.389133 2.854207 0.039633
v -0.284207 2.924590 0.001583
v -0.423005 2.902075 -0.013461
v -0.250334 2.864723 0.048264
v 0.388595 2.876152 0.055622
v 0.284207 2.924590 0.001583
v -0.423005 2.986761 0.031756
v -0.423005 2.973726 0.027846
v 0.423005 2.986761 0.031756
v -0.423005 3.065605 0.055674
v -0.423005 3.052058 0.054382
v 0.423005 3.065605 0.055674
v -0.423005 3.147601 0.063749
v -0.423005 3.161140 0.065125
v 0.423005 3.147601 0.063749
v -0.423005 3.229597 0.055674
v -0.423005 3.216586 0.059664
v 0.423005 3.229597 0.055674
v -0.423005 3.308442 0.031756
v -0.423005 3.296459 0.038209
v 0.423005 3.308441 0.031756
v -0.423005 3.381105 -0.007083
v -0.423005 3.370612 0.001583
v 0.423005 3.381105 -0.007083
v -0.423005 3.444795 -0.059352
v -0.423005 3.436195 -0.048806
v 0.423005 3.444795 -0.059352
v -0.423005 3.497065 -0.123043
v -0.423005 3.505731 -0.133536
v 0.423005 3.497065 -0.123043
v -0.423005 3.535904 -0.195706
v -0.423005 3.531994 -0.182671
v 0.423005 3.535904 -0.195706
v -0.423005 3.559821 -0.274551
v -0.423005 3.558529 -0.261004
v 0.423005 3.559821 -0.274551
v -0.423005 3.567897 -0.356547
v -0.423005 3.569273 -0.343008
v 0.423005 3.567897 -0.356547
v -0.423005 3.559821 -0.438542
v -0.423005 3.558529 -0.452090
v 0.423005 3.559821 -0.438542
v -0.423005 3.535904 -0.517387
v -0.423005 3.542356 -0.505405
v 0.423005 3.535904 -0.517387
v -0.423005 3.497065 -0.590051
v -0.423005 3.505731 -0.579558
v 0.423005 3.497065 -0.590051
v -0.423005 3.444795 -0.653741
v -0.423005 3.455342 -0.645140
v 0.423005 3.444795 -0.653741
v -0.423005 3.381105 -0.706010
v -0.423005 3.393127 -0.699632
v 0.423005 3.381105 -0.706010
v -0.423005 3.308441 -0.744850
v -0.423005 3.296459 -0.751302
v 0.423005 3.308441 -0.744850
v -0.423005 3.229597 -0.768767
v -0.423005 3.243144 -0.767475
v 0.423005 3.229605 -0.768808
v -0.423005 3.147601 -0.776885
v -0.423005 3.134062 -0.778219
v -0.423005 3.065597 -0.768808
v -0.423005 3.078616 -0.772758
v -0.423005 2.986745 -0.744889
v -0.423005 2.998743 -0.751302
v -0.423005 2.914074 -0.706045
v -0.423005 2.902075 -0.699632
v -0.423005 2.850377 -0.653771
v -0.423005 2.859008 -0.664287
v -0.423005 2.798102 -0.590074
v -0.423005 2.804516 -0.602072
v -0.423005 2.759259 -0.517403
v -0.423005 2.763208 -0.530422
v -0.423005 2.735339 -0.438551
v -0.423005 2.731390 -0.425532
v -0.423005 2.725929 -0.370086
v -0.423005 2.727263 -0.356547
v -0.423005 2.735339 -0.274543
v -0.423005 2.731390 -0.287562
v -0.423005 2.759259 -0.195690
v -0.423005 2.752846 -0.207688
v -0.423005 2.798102 -0.123019
v -0.423005 2.789472 -0.133536
v -0.423005 2.850377 -0.059323
v -0.423005 2.859008 -0.048806
v -0.423005 2.914074 -0.007048
v -0.423005 2.902075 -0.013461
v -0.423005 2.986745 0.031795
v -0.423005 2.973726 0.027846
v -0.423005 3.065597 0.055715
v -0.423005 3.052058 0.054382
v -0.423005 3.147601 0.063792
v -0.423005 3.161140 0.065125
v -0.423005 3.229605 0.055715
v -0.423005 3.216586 0.059664
v -0.423005 3.308458 0.031795
v -0.423005 3.296459 0.038209
v -0.423005 3.381129 -0.007048
v -0.423005 3.370612 0.001583
v -0.423005 3.444825 -0.059323
v -0.423005 3.436195 -0.048806
v -0.423005 3.497100 -0.123019
v -0.423005 3.505731 -0.133536
v -0.423005 3.535943 -0.195690
v -0.423005 3.531994 -0.182671
v -0.423005 3.559863 -0.274543
v -0.423005 3.558529 -0.261004
v -0.423005 3.567940 -0.356547
v -0.423005 3.569273 -0.343008
v -0.423005 3.559863 -0.438551
v -0.423005 3.558529 -0.452090
v -0.423005 3.535943 -0.517403
v -0.423005 3.542356 -0.505405
v -0.423005 3.497100 -0.590074
v -0.423005 3.505731 -0.579558
v -0.423005 3.444825 -0.653771
v -0.423005 3.455342 -0.645140
v -0.423005 3.381129 -0.706045
v -0.423005 3.393127 -0.699632
v -0.423005 3.308458 -0.744889
v -0.423005 3.296459 -0.751302
v -0.423005 3.229605 -0.768808
v -0.423005 3.243144 -0.767475
v 0.250954 2.757136 0.336819
v 0.145490 2.707137 0.389633
v -0.250954 2.757136 0.336819
v -0.145490 2.707137 0.389633
v -0.250954 2.620296 0.247203
v 0.250954 2.620296 0.247203
v 0.145490 2.526644 0.377613
v 0.216544 2.537594 0.364270
v -0.145490 2.526644 0.377613
v -0.216544 2.537594 0.364270
v -0.216544 2.636292 0.467599
v 0.216544 2.636292 0.467599
v 0.145490 3.060624 0.679732
v 0.145490 3.135990 0.763913
v -0.145490 3.060624 0.679732
v -0.145490 3.135990 0.763913
v 0.145490 3.091145 0.818557
v 0.216544 3.004828 0.747719
v -0.145490 3.091145 0.818557
v -0.216544 3.004828 0.747719
v -0.423005 3.106405 -0.774817
v 0.423005 3.106405 -0.774817
v 0.000000 3.147601 -0.776843
v -0.000000 3.065605 -0.768767
v -0.423005 3.025596 -0.758743
v 0.423005 3.025596 -0.758743
v -0.000000 2.986761 -0.744850
v -0.423005 2.949476 -0.727213
v 0.423005 2.949476 -0.727213
v -0.000000 2.914097 -0.706010
v -0.423005 2.880969 -0.681439
v 0.423005 2.880969 -0.681439
v -0.000000 2.850407 -0.653741
v -0.423005 2.822709 -0.623179
v 0.423005 2.822709 -0.623179
v -0.000000 2.798138 -0.590051
v -0.423005 2.776935 -0.554672
v 0.423005 2.776934 -0.554672
v -0.000000 2.759298 -0.517387
v -0.423005 2.745404 -0.478552
v 0.423005 2.745404 -0.478552
v -0.000000 2.735381 -0.438542
v -0.423005 2.729331 -0.397743
v 0.423005 2.729331 -0.397743
v -0.000000 2.727305 -0.356547
v -0.423005 2.729331 -0.315351
v 0.423005 2.729331 -0.315351
v -0.000000 2.735381 -0.274551
v -0.423005 2.745404 -0.234542
v 0.423005 2.745404 -0.234542
v -0.000000 2.759298 -0.195706
v -0.423005 2.776935 -0.158421
v 0.423005 2.776934 -0.158421
v -0.000000 2.798138 -0.123043
v -0.405380 2.821374 -0.091011
v 0.405380 2.821374 -0.091011
v -0.000000 2.846299 -0.060108
v -0.414403 2.869036 -0.017114
v 0.388595 2.894437 -0.048065
v -0.000000 2.915639 -0.003202
v -0.405380 2.950811 0.015216
v 0.405380 2.950811 0.015216
v -0.000000 2.986761 0.031756
v -0.423005 3.025596 0.045650
v 0.423005 3.025596 0.045650
v -0.000000 3.065605 0.055674
v -0.423005 3.106405 0.061724
v 0.423005 3.106405 0.061724
v 0.000000 3.147601 0.063749
v -0.423005 3.188797 0.061724
v 0.423005 3.188797 0.061724
v 0.000000 3.229597 0.055674
v -0.423005 3.269606 0.045650
v 0.423005 3.269606 0.045650
v 0.000000 3.308441 0.031756
v -0.423005 3.345726 0.014120
v 0.423005 3.345726 0.014120
v 0.000000 3.381105 -0.007083
v -0.423005 3.414233 -0.031655
v 0.423005 3.414233 -0.031655
v 0.000000 3.444795 -0.059352
v -0.423005 3.472493 -0.089915
v 0.423005 3.472493 -0.089915
v 0.000000 3.497065 -0.123043
v -0.423005 3.518268 -0.158421
v 0.423005 3.518268 -0.158421
v 0.000000 3.535904 -0.195706
v -0.423005 3.549798 -0.234542
v 0.423005 3.549798 -0.234542
v 0.000000 3.559821 -0.274551
v -0.423005 3.565872 -0.315351
v 0.423005 3.565872 -0.315351
v 0.000000 3.567897 -0.356547
v -0.423005 3.565872 -0.397743
v 0.423005 3.565872 -0.397743
v 0.000000 3.559821 -0.438542
v -0.423005 3.549798 -0.478552
v 0.423005 3.549798 -0.478552
v 0.000000 3.535904 -0.517387
v -0.423005 3.518268 -0.554672
v 0.423005 3.518268 -0.554672
v 0.000000 3.497065 -0.590051
v -0.423005 3.472493 -0.623179
v 0.423005 3.472493 -0.623179
v 0.000000 3.444795 -0.653741
v -0.423005 3.414233 -0.681439
v 0.423005 3.414233 -0.681439
v 0.000000 3.381105 -0.706010
v -0.423005 3.345726 -0.727213
v 0.423005 3.345726 -0.727213
v 0.000000 3.308441 -0.744850
v -0.423005 3.269606 -0.758743
v 0.423005 3.269606 -0.758743
v 0.000000 3.229597 -0.768767
v -0.423005 3.188797 -0.774817
v 0.423005 3.188797 -0.774817
v -0.423005 3.106405 -0.774817
v -0.423005 3.025596 -0.758743
v -0.423005 2.949476 -0.727213
v -0.423005 2.880969 -0.681439
v -0.423005 2.822709 -0.623179
v -0.423005 2.776935 -0.554672
v -0.423005 2.745404 -0.478552
v -0.423005 2.728660 -0.397809
v -0.423005 2.729331 -0.315351
v -0.423005 2.745404 -0.234542
v -0.423005 2.776935 -0.158421
v -0.423005 2.822709 -0.089915
v -0.423005 2.880969 -0.031655
v -0.423005 2.949476 0.014120
v -0.423005 3.025596 0.045650
v -0.423005 3.106405 0.061724
v -0.423005 3.188797 0.061724
v -0.423005 3.269606 0.045650
v -0.423005 3.345726 0.014120
v -0.423005 3.414233 -0.031655
v -0.423005 3.472493 -0.089915
v -0.423005 3.518268 -0.158421
v -0.423005 3.549798 -0.234542
v -0.423005 3.565872 -0.315351
v -0.423005 3.565872 -0.397743
v -0.423005 3.549798 -0.478552
v -0.423005 3.518268 -0.554672
v -0.423005 3.472493 -0.623179
v -0.423005 3.414233 -0.681439
v -0.423005 3.345726 -0.727213
v -0.423005 3.269606 -0.758743
v -0.423005 3.188797 -0.774817
v -0.423005 2.724934 -0.359985
v -0.423005 2.732385 -0.435632
v -0.423005 3.226687 0.058670
v -0.423005 3.151040 0.066120
v -0.423005 3.539410 -0.515118
v -0.423005 3.561476 -0.442377
v -0.423005 2.851162 -0.657849
v -0.423005 2.909921 -0.706071
v -0.423005 2.909921 -0.007022
v -0.423005 2.851162 -0.055245
v -0.423005 3.536778 -0.191622
v -0.423005 3.500946 -0.124585
v -0.423005 3.233432 -0.770421
v -0.423005 3.306172 -0.748356
v -0.423005 2.732385 -0.277461
v -0.423005 3.306172 0.035262
v -0.423005 3.500946 -0.588509
v -0.423005 2.798077 -0.594227
v -0.423005 2.982677 0.032631
v -0.423005 3.561476 -0.270716
v -0.423005 3.068515 -0.771763
v -0.423005 3.144163 -0.779213
v -0.423005 2.755792 -0.197976
v -0.423005 3.379563 -0.003202
v -0.423005 3.448903 -0.652986
v -0.423005 2.758424 -0.521471
v -0.423005 3.061770 0.057328
v -0.423005 3.570268 -0.353108
v -0.423005 2.989030 -0.748356
v -0.423005 2.794256 -0.124585
v -0.423005 3.444040 -0.055245
v -0.423005 3.385281 -0.706071
v -0.000000 2.620296 0.247203
v -0.250954 2.649258 0.269080
v 0.250954 2.649257 0.269080
v -0.000000 2.642742 0.336785
v -0.319775 2.718194 0.120004
v -0.319775 2.776331 0.164881
v 0.319775 2.779191 0.166792
v 0.319775 2.715762 0.117573
v -0.000000 2.522628 0.374317
v -0.207521 2.548628 0.395655
v 0.207521 2.548628 0.395655
v -0.000000 2.636292 0.467599
v -0.220128 2.674900 0.421927
v 0.220128 2.674900 0.421927
v -0.220845 2.560744 0.325814
v 0.220845 2.560744 0.325814
v -0.000000 3.125019 0.732579
v -0.000000 3.082975 0.828511
v -0.198498 3.113567 0.791235
v 0.198498 3.113567 0.791235
v -0.198498 2.883880 0.534682
v 0.198498 2.883880 0.534682
v -0.216544 2.817841 0.613757
v 0.216544 2.817841 0.613757
v -0.423005 3.106339 -0.775488
v -0.423005 3.188863 -0.775488
v -0.423005 3.151040 -0.779213
v -0.423005 3.025400 -0.759389
v -0.423005 3.061770 -0.770421
v 0.423005 3.106405 -0.774817
v 0.423005 3.025596 -0.758743
v 0.423005 3.188797 -0.774817
v -0.423005 2.949158 -0.727808
v -0.423005 2.982677 -0.745724
v 0.423005 2.949476 -0.727213
v -0.423005 2.880542 -0.681960
v -0.423005 2.915639 -0.709892
v 0.423005 2.880969 -0.681439
v -0.423005 2.822188 -0.623606
v -0.423005 2.846299 -0.652986
v 0.423005 2.822709 -0.623179
v -0.423005 2.776340 -0.554990
v -0.423005 2.794256 -0.588509
v 0.423005 2.776934 -0.554672
v -0.423005 2.744759 -0.478747
v -0.423005 2.755792 -0.515118
v 0.423005 2.745404 -0.478552
v -0.423005 2.728660 -0.397809
v -0.423005 2.733727 -0.442377
v 0.423005 2.729331 -0.397743
v -0.423005 2.728660 -0.315285
v -0.423005 2.724934 -0.353108
v 0.423005 2.729331 -0.315351
v -0.423005 2.744759 -0.234346
v -0.423005 2.733727 -0.270716
v 0.423005 2.745404 -0.234542
v -0.423005 2.776340 -0.158103
v -0.423005 2.758424 -0.191622
v 0.423005 2.776934 -0.158421
v -0.423005 2.822188 -0.089487
v -0.423005 2.798077 -0.118867
v 0.418704 2.815947 -0.083734
v -0.000000 2.837638 -0.042882
v -0.423005 2.880542 -0.031134
v -0.423005 2.846299 -0.060108
v -0.302149 2.716858 0.118908
v 0.302149 2.716858 0.118908
v -0.000000 2.900435 0.008654
v -0.423005 2.949158 0.014714
v -0.423005 2.915639 -0.003202
v -0.293127 2.766706 0.156982
v 0.418704 2.944732 0.021958
v 0.293127 2.766706 0.156982
v -0.423005 3.025400 0.046295
v -0.423005 2.989030 0.035262
v 0.423005 3.025596 0.045650
v -0.423005 3.106339 0.062395
v -0.423005 3.068515 0.058670
v 0.423005 3.106405 0.061724
v -0.423005 3.188863 0.062395
v -0.423005 3.144163 0.066120
v 0.423005 3.188797 0.061724
v -0.423005 3.269802 0.046295
v -0.423005 3.233432 0.057328
v 0.423005 3.269606 0.045650
v -0.423005 3.346044 0.014714
v -0.423005 3.312526 0.032631
v 0.423005 3.345726 0.014120
v -0.423005 3.414661 -0.031134
v -0.423005 3.385281 -0.007022
v 0.423005 3.414233 -0.031655
v -0.423005 3.473014 -0.089487
v -0.423005 3.448903 -0.060108
v 0.423005 3.472493 -0.089915
v -0.423005 3.518862 -0.158103
v -0.423005 3.497125 -0.118867
v 0.423005 3.518268 -0.158421
v -0.423005 3.550443 -0.234346
v -0.423005 3.539410 -0.197976
v 0.423005 3.549798 -0.234542
v -0.423005 3.566543 -0.315285
v -0.423005 3.562817 -0.277461
v 0.423005 3.565872 -0.315351
v -0.423005 3.566543 -0.397809
v -0.423005 3.570268 -0.359985
v 0.423005 3.565872 -0.397743
v -0.423005 3.550443 -0.478747
v -0.423005 3.562817 -0.435632
v 0.423005 3.549798 -0.478552
v -0.423005 3.518862 -0.554990
v -0.423005 3.536778 -0.521471
v 0.423005 3.518268 -0.554672
v -0.423005 3.473014 -0.623606
v -0.423005 3.497125 -0.594227
v 0.423005 3.472493 -0.623179
v -0.423005 3.414661 -0.681960
v -0.423005 3.444040 -0.657849
v 0.423005 3.414233 -0.681439
v -0.423005 3.346044 -0.727808
v -0.423005 3.379563 -0.709892
v 0.423005 3.345726 -0.727213
v -0.423005 3.269802 -0.759388
v -0.423005 3.312526 -0.745724
v 0.423005 3.269606 -0.758743
v -0.423005 3.226687 -0.771763
v -0.423005 3.106339 -0.775488
v -0.423005 3.188863 -0.775488
v -0.423005 3.025400 -0.759388
v -0.423005 2.949158 -0.727808
v -0.423005 2.880542 -0.681960
v -0.423005 2.822188 -0.623606
v -0.423005 2.776340 -0.554990
v -0.423005 2.744759 -0.478747
v -0.423005 2.729331 -0.397743
v -0.423005 2.728660 -0.315285
v -0.423005 2.744759 -0.234346
v -0.423005 2.776340 -0.158103
v -0.423005 2.822188 -0.089487
v -0.423005 2.880542 -0.031134
v -0.423005 2.949158 0.014714
v -0.423005 3.025400 0.046295
v -0.423005 3.106339 0.062395
v -0.423005 3.188863 0.062395
v -0.423005 3.269802 0.046295
v -0.423005 3.346044 0.014714
v -0.423005 3.414661 -0.031134
v -0.423005 3.473014 -0.089487
v -0.423005 3.518862 -0.158103
v -0.423005 3.550443 -0.234346
v -0.423005 3.566543 -0.315285
v -0.423005 3.566543 -0.397809
v -0.423005 3.550443 -0.478747
v -0.423005 3.518862 -0.554990
v -0.423005 3.473014 -0.623606
v -0.423005 3.414661 -0.681960
v -0.423005 3.346044 -0.727808
v -0.423005 3.269802 -0.759389
v -0.000000 2.632977 0.305310
v 0.220845 2.888568 0.529634
v -0.220845 2.888568 0.529634
v -0.211822 2.560060 0.325252
v 0.211822 2.560060 0.325252
v -0.000000 2.524041 0.369806
v 0.216544 2.550019 0.393961
v -0.216544 2.550019 0.393961
v -0.207521 2.816451 0.615451
v 0.207521 2.816451 0.615451
v -0.000000 3.144159 0.753959
v 0.216544 3.091645 0.773244
v -0.216544 3.091645 0.773244
v -0.000000 3.058273 0.813910
v -0.000000 3.106405 -0.774817
v -0.000000 3.025596 -0.758743
v -0.000000 2.949476 -0.727213
v -0.000000 2.880969 -0.681439
v -0.000000 2.822709 -0.623179
v -0.000000 2.776935 -0.554672
v -0.000000 2.745404 -0.478552
v -0.000000 2.729331 -0.397743
v -0.000000 2.729331 -0.315351
v -0.000000 2.745404 -0.234542
v -0.000000 2.776934 -0.158421
v -0.000000 2.822104 -0.090120
v -0.322642 2.746981 0.135336
v -0.000000 2.949795 0.014673
v -0.000000 3.025596 0.045650
v -0.000000 3.106405 0.061724
v 0.000000 3.188797 0.061724
v 0.000000 3.269606 0.045650
v 0.000000 3.345726 0.014120
v 0.000000 3.414233 -0.031655
v 0.000000 3.472493 -0.089915
v 0.000000 3.518268 -0.158421
v 0.000000 3.549798 -0.234542
v 0.000000 3.565872 -0.315351
v 0.000000 3.565872 -0.397743
v 0.000000 3.549798 -0.478552
v 0.000000 3.518268 -0.554672
v 0.000000 3.472493 -0.623179
v 0.000000 3.414233 -0.681439
v 0.000000 3.345726 -0.727213
v 0.422874 3.147652 -0.356608
v 0.000000 3.269606 -0.758743
v 0.000000 3.188797 -0.774817
v -0.423005 2.728660 -0.397809
v -0.423005 3.147601 -0.356547
v -0.423005 3.188863 0.062395
v -0.423005 3.550443 -0.478747
v -0.423005 2.880542 -0.681960
v -0.423005 2.880542 -0.031134
v -0.423005 3.518862 -0.158103
v -0.423005 3.269802 -0.759388
v -0.423005 2.728660 -0.315285
v -0.423005 3.269802 0.046295
v -0.423005 3.518862 -0.554990
v -0.423005 2.822188 -0.623606
v -0.423005 2.949158 0.014714
v -0.423005 3.550443 -0.234346
v -0.423005 3.106339 -0.775488
v -0.423005 3.188863 -0.775488
v -0.423005 2.744759 -0.234346
v -0.423005 3.346044 0.014714
v -0.423005 3.473014 -0.623606
v -0.423005 2.776340 -0.554990
v -0.423005 3.025400 0.046295
v -0.423005 3.566543 -0.315285
v -0.423005 3.025400 -0.759388
v -0.423005 2.776340 -0.158103
v -0.423005 3.414661 -0.031134
v -0.423005 3.414661 -0.681960
v -0.423005 2.744759 -0.478747
v -0.423005 3.106339 0.062395
v -0.423005 3.566543 -0.397809
v -0.423005 2.949158 -0.727808
v -0.423005 2.822188 -0.089487
v -0.423005 3.473014 -0.089487
v -0.423005 3.346044 -0.727808
v -0.000000 2.883880 0.534682
v 0.319775 2.750635 0.130883
v -0.000000 2.720476 0.114057
v -0.000000 2.766706 0.156982
v -0.000000 2.548172 0.395281
v -0.220845 2.586371 0.348736
v 0.220845 2.586371 0.348736
v -0.000000 2.559133 0.326382
v -0.000000 3.113567 0.791235
v -0.217261 2.858258 0.579753
v 0.217261 2.858258 0.579753
v -0.000000 2.823758 0.621448
vn -0.0000 -0.0491 -0.9988
vn -0.0000 -0.1467 -0.9892
vn -0.0000 -0.2430 -0.9700
vn -0.0000 -0.3369 -0.9416
vn -0.0000 -0.4276 -0.9040
vn -0.0000 -0.5141 -0.8577
vn -0.0000 -0.5957 -0.8032
vn -0.0000 -0.6715 -0.7410
vn -0.0000 -0.7410 -0.6715
vn -0.0000 -0.8032 -0.5957
vn -0.0000 -0.8577 -0.5141
vn -0.0000 -0.9040 -0.4276
vn -0.0000 -0.9416 -0.3369
vn -0.0000 -0.9700 -0.2430
vn -0.0000 -0.9892 -0.1467
vn -0.0000 -0.9988 -0.0491
vn -0.0000 -0.9988 0.0491
vn -0.0000 -0.9892 0.1467
vn -0.0000 -0.9700 0.2430
vn -0.0000 -0.9416 0.3369
vn -0.0000 -0.9040 0.4276
vn -0.0000 -0.8577 0.5141
vn 0.0001 -0.8090 0.5879
vn -0.0001 -0.8090 0.5879
vn -0.0002 -0.7794 0.6265
vn 0.0002 -0.7794 0.6265
vn -0.9047 -0.2588 0.3385
vn -0.9054 -0.2712 0.3265
vn -0.9183 -0.2456 0.3104
vn -0.9156 -0.2197 0.3368
vn 0.0002 -0.4624 0.8867
vn -0.0002 -0.4624 0.8867
vn -0.0001 -0.4187 0.9081
vn 0.0001 -0.4187 0.9081
vn -0.0000 -0.3369 0.9416
vn -0.0000 -0.2430 0.9700
vn -0.0000 -0.1467 0.9892
vn -0.0000 -0.0491 0.9988
vn -0.0000 0.0491 0.9988
vn -0.0000 0.1467 0.9892
vn -0.0000 0.2430 0.9700
vn -0.0000 0.3369 0.9416
vn -0.0000 0.4276 0.9040
vn -0.0000 0.5141 0.8577
vn -0.0000 0.5957 0.8032
vn -0.0000 0.6715 0.7410
vn -0.0000 0.7410 0.6715
vn -0.0000 0.8032 0.5957
vn -0.0000 0.8577 0.5141
vn -0.0000 0.9040 0.4276
vn -0.0000 0.9416 0.3369
vn -0.0000 0.9700 0.2430
vn -0.0000 0.9892 0.1467
vn -0.0000 0.9988 0.0491
vn -0.0000 0.9988 -0.0491
vn -0.0000 0.9892 -0.1467
vn -0.0000 0.9700 -0.2430
vn -0.0000 0.9416 -0.3369
vn -0.0000 0.9040 -0.4276
vn -0.0000 0.8577 -0.5141
vn -0.0000 0.8032 -0.5957
vn -0.0000 0.7410 -0.6715
vn -0.0000 0.6715 -0.7410
vn -0.0000 0.5957 -0.8032
vn -0.0000 0.5141 -0.8577
vn -0.0000 0.4276 -0.9040
vn 1.0000 0.0001 0.0003
vn 1.0000 -0.0000 0.0003
vn 1.0000 -0.0001 0.0003
vn 1.0000 -0.0002 0.0003
vn 1.0000 -0.0002 0.0002
vn 1.0000 -0.0003 0.0002
vn 1.0000 -0.0003 0.0001
vn 1.0000 -0.0003 -0.0000
vn 1.0000 -0.0003 -0.0001
vn 1.0000 -0.0003 -0.0002
vn 1.0000 -0.0002 -0.0002
vn 1.0000 -0.0002 -0.0003
vn 1.0000 -0.0001 -0.0003
vn 1.0000 -0.0000 -0.0003
vn 1.0000 0.0001 -0.0003
vn 0.9987 -0.0473 -0.0199
vn 0.9264 -0.3452 -0.1504
vn 0.9264 0.2148 0.3093
vn 0.9987 0.0288 0.0425
vn 1.0000 0.0003 -0.0001
vn 1.0000 0.0003 -0.0000
vn 1.0000 0.0003 0.0001
vn 1.0000 0.0003 0.0002
vn 1.0000 0.0002 0.0002
vn 1.0000 0.0002 0.0003
vn -0.0000 0.3369 -0.9416
vn -0.0000 0.2430 -0.9700
vn -0.0000 0.1467 -0.9892
vn -0.0000 0.0491 -0.9988
vn -0.1540 0.9856 0.0694
vn -0.2666 0.9614 0.0677
vn 0.2666 -0.9614 -0.0677
vn 0.0778 -0.9963 -0.0351
vn -1.0000 -0.0000 -0.0000
vn -0.0000 -0.1721 -0.9851
vn -0.8092 -0.1011 -0.5788
vn 0.8092 0.1011 0.5788
vn -0.0000 0.1721 0.9851
vn -0.7209 -0.6785 0.1416
vn -0.4396 -0.8792 0.1835
vn 0.5219 0.8350 -0.1742
vn 0.2925 0.9361 -0.1953
vn -0.7951 0.5301 0.2945
vn -0.4005 0.8010 0.4450
vn 0.8010 -0.4005 -0.4450
vn 0.8950 -0.2983 -0.3315
vn -0.6581 0.6581 -0.3657
vn 0.8010 -0.4005 0.4450
vn 0.5560 -0.5560 0.6179
vn -0.2304 -0.9216 -0.3123
vn -0.0000 -0.9471 -0.3209
vn -0.1176 0.9405 0.3187
vn 0.2304 0.9216 0.3123
vn -0.0000 -0.5880 0.8089
vn 0.5641 0.2821 -0.7760
vn -0.0000 0.3416 -0.9398
vn -0.2701 0.9604 -0.0677
vn -0.0856 0.9957 -0.0351
vn 0.0856 -0.9957 0.0351
vn 0.2701 -0.9604 0.0677
vn -0.7618 -0.3809 -0.5240
vn -0.0000 -0.5880 -0.8089
vn -0.5641 0.2821 0.7760
vn -0.0000 0.3416 0.9398
vn -0.2304 -0.9216 0.3123
vn -0.5791 -0.7721 0.2616
vn 0.5791 0.7721 -0.2616
vn 0.1176 0.9405 -0.3187
vn -0.4141 0.8282 0.3777
vn -0.6730 0.6730 0.3069
vn 0.6730 -0.6730 -0.3069
vn 0.2218 -0.8872 -0.4046
vn -0.0000 0.6193 -0.7852
vn -0.0000 -0.6193 0.7852
vn 0.5265 -0.5265 0.6675
vn -0.3446 -0.9190 -0.1917
vn -0.0611 -0.9771 -0.2039
vn 0.5583 0.8121 0.1695
vn 0.1805 0.9628 0.2009
vn -0.8092 0.1011 0.5788
vn 0.8092 -0.1011 -0.5788
vn -0.8092 -0.1011 0.5788
vn -0.0000 -0.1721 0.9851
vn -0.0000 0.1721 -0.9851
vn 0.8092 0.1011 -0.5788
vn -0.7209 0.6785 -0.1416
vn -0.4396 0.8792 -0.1835
vn 0.5219 -0.8350 0.1742
vn 0.2925 -0.9361 0.1953
vn -0.7781 -0.3890 -0.4932
vn -0.0000 -0.6193 -0.7852
vn 0.5265 0.5265 0.6675
vn 0.7781 0.3890 0.4932
vn -0.6730 -0.6730 0.3069
vn -0.4141 -0.8282 0.3777
vn 0.6730 0.6730 -0.3069
vn -0.2304 0.9216 0.3123
vn -0.0000 0.9471 0.3209
vn -0.1176 -0.9405 -0.3187
vn 0.2304 -0.9216 -0.3123
vn -0.0000 0.5880 -0.8089
vn 0.5641 -0.2821 0.7760
vn -0.0000 -0.3416 0.9398
vn -0.1540 -0.9856 -0.0694
vn -0.2666 -0.9614 -0.0677
vn 0.2666 0.9614 0.0677
vn 0.0778 0.9963 0.0351
vn -0.7618 0.3809 0.5240
vn -0.0000 0.5880 0.8089
vn -0.5641 -0.2821 -0.7760
vn -0.0000 -0.3416 -0.9398
vn -0.2304 0.9216 -0.3123
vn -0.5791 0.7721 -0.2616
vn 0.5791 -0.7721 0.2616
vn 0.1176 -0.9405 0.3187
vn -0.7951 -0.5301 -0.2945
vn -0.4005 -0.8010 -0.4450
vn 0.8010 0.4005 0.4450
vn 0.8950 0.2983 0.3315
vn -0.6581 -0.6581 0.3657
vn 0.8010 0.4005 -0.4450
vn 0.5560 0.5560 -0.6179
vn -0.3446 0.9190 0.1917
vn -0.0611 0.9771 0.2039
vn 0.5583 -0.8121 -0.1695
vn 0.1805 -0.9628 -0.2009
vn -0.8092 0.1011 -0.5788
vn 0.8092 -0.1011 0.5788
vn -0.2701 -0.9604 0.0677
vn -0.0856 -0.9957 0.0351
vn 0.0856 0.9957 -0.0351
vn 0.2701 0.9604 -0.0677
vn -0.7781 0.3890 0.4932
vn -0.0000 0.6193 0.7852
vn 0.5265 -0.5265 -0.6675
vn 0.7781 -0.3890 -0.4932
vn -0.6730 0.6730 -0.3069
vn -0.4141 0.8282 -0.3777
vn 0.6730 -0.6730 0.3069
vn -0.4141 -0.8282 -0.3777
vn -0.6730 -0.6730 -0.3069
vn 0.6730 0.6730 0.3069
vn 0.2218 0.8872 0.4046
vn 0.5265 0.5265 -0.6675
vn -0.0000 0.6344 -0.7730
vn 0.8838 0.0859 0.4599
vn 0.8848 -0.4647 0.0342
vn 0.9187 -0.2390 0.3145
vn 0.9228 -0.1860 0.3375
vn -0.0001 -0.8013 -0.5983
vn 0.0001 -0.8013 -0.5983
vn -0.0000 -0.7990 -0.6013
vn -0.0000 0.7427 0.6696
vn -0.0000 -0.6344 0.7730
vn -0.9632 -0.1545 0.2202
vn -0.9575 -0.1829 0.2228
vn -0.9961 -0.0714 0.0516
vn -0.9978 -0.0405 0.0531
vn 0.9575 -0.1829 0.2228
vn 0.9632 -0.1545 0.2202
vn 0.9978 -0.0405 0.0531
vn 0.9961 -0.0714 0.0516
vn -0.0001 -0.7915 -0.6111
vn 0.0001 -0.7915 -0.6111
vn 0.0003 -0.7785 -0.6277
vn -0.0003 -0.7785 -0.6277
vn -0.0000 0.7730 0.6344
vn -0.9806 -0.0909 0.1738
vn -0.9992 -0.0203 0.0338
vn -0.9999 -0.0051 0.0087
vn -0.9995 -0.0132 0.0287
vn 0.9992 -0.0203 0.0338
vn 0.9806 -0.0909 0.1738
vn 0.9995 -0.0132 0.0287
vn 0.9999 -0.0051 0.0087
vt 1.000000 0.500000
vt 1.000000 0.750000
vt 0.984375 0.750000
vt 0.984375 0.500000
vt 1.000000 1.000000
vt 0.984375 1.000000
vt 0.968750 1.000000
vt 0.968750 0.750000
vt 0.968750 0.500000
vt 0.953125 0.750000
vt 0.953125 0.500000
vt 0.953125 1.000000
vt 0.937500 1.000000
vt 0.937500 0.750000
vt 0.937500 0.500000
vt 0.921875 0.750000
vt 0.921875 0.500000
vt 0.921875 1.000000
vt 0.906250 1.000000
vt 0.906250 0.750000
vt 0.906250 0.500000
vt 0.890625 0.750000
vt 0.890625 0.500000
vt 0.890625 1.000000
vt 0.875000 1.000000
vt 0.875000 0.750000
vt 0.875000 0.500000
vt 0.859375 0.750000
vt 0.859375 0.500000
vt 0.859375 1.000000
vt 0.843750 1.000000
vt 0.843750 0.750000
vt 0.843750 0.500000
vt 0.828125 0.750000
vt 0.828125 0.500000
vt 0.828125 1.000000
vt 0.812500 1.000000
vt 0.812500 0.750000
vt 0.812500 0.500000
vt 0.796875 0.750000
vt 0.796875 0.500000
vt 0.796875 1.000000
vt 0.781250 1.000000
vt 0.781250 0.750000
vt 0.781250 0.500000
vt 0.765625 0.750000
vt 0.765625 0.500000
vt 0.765625 1.000000
vt 0.750000 1.000000
vt 0.750000 0.750000
vt 0.750000 0.500000
vt 0.734375 0.750000
vt 0.734375 0.500000
vt 0.734375 1.000000
vt 0.718750 1.000000
vt 0.718750 0.750000
vt 0.718750 0.500000
vt 0.703125 0.750000
vt 0.703125 0.500000
vt 0.703125 1.000000
vt 0.687500 1.000000
vt 0.687500 0.750000
vt 0.687500 0.500000
vt 0.671875 0.750000
vt 0.671875 0.500000
vt 0.671875 1.000000
vt 0.656250 1.000000
vt 0.656250 0.750000
vt 0.656250 0.500000
vt 0.640625 0.750000
vt 0.640625 0.500000
vt 0.640625 1.000000
vt 0.625000 1.000000
vt 0.625000 0.750000
vt 0.625000 0.500000
vt 0.593750 0.500000
vt 0.609375 0.500000
vt 0.609375 0.500000
vt 0.625000 0.500000
vt 0.609484 0.500000
vt 0.593750 0.500000
vt 0.593750 0.750000
vt 0.578125 0.750000
vt 0.578125 0.500000
vt 0.593750 1.000000
vt 0.578125 1.000000
vt 0.562500 1.000000
vt 0.562500 0.750000
vt 0.562500 0.500000
vt 0.546875 0.750000
vt 0.546875 0.500000
vt 0.546875 1.000000
vt 0.531250 1.000000
vt 0.531250 0.750000
vt 0.531250 0.500000
vt 0.515625 0.750000
vt 0.515625 0.500000
vt 0.515625 1.000000
vt 0.500000 1.000000
vt 0.500000 0.750000
vt 0.500000 0.500000
vt 0.484375 0.750000
vt 0.484375 0.500000
vt 0.484375 1.000000
vt 0.468750 1.000000
vt 0.468750 0.750000
vt 0.468750 0.500000
vt 0.453125 0.750000
vt 0.453125 0.500000
vt 0.453125 1.000000
vt 0.437500 1.000000
vt 0.437500 0.750000
vt 0.437500 0.500000
vt 0.421875 0.750000
vt 0.421875 0.500000
vt 0.421875 1.000000
vt 0.406250 1.000000
vt 0.406250 0.750000
vt 0.406250 0.500000
vt 0.390625 0.750000
vt 0.390625 0.500000
vt 0.390625 1.000000
vt 0.375000 1.000000
vt 0.375000 0.750000
vt 0.375000 0.500000
vt 0.359375 0.750000
vt 0.359375 0.500000
vt 0.359375 1.000000
vt 0.343750 1.000000
vt 0.343750 0.750000
vt 0.343750 0.500000
vt 0.328125 0.750000
vt 0.328125 0.500000
vt 0.328125 1.000000
vt 0.312500 1.000000
vt 0.312500 0.750000
vt 0.312500 0.500000
vt 0.296875 0.750000
vt 0.296875 0.500000
vt 0.296875 1.000000
vt 0.281250 1.000000
vt 0.281250 0.750000
vt 0.281250 0.500000
vt 0.265625 0.750000
vt 0.265625 0.500000
vt 0.265625 1.000000
vt 0.250000 1.000000
vt 0.250000 0.750000
vt 0.250000 0.500000
vt 0.234375 0.750000
vt 0.234375 0.500000
vt 0.234375 1.000000
vt 0.218750 1.000000
vt 0.218750 0.750000
vt 0.218750 0.500000
vt 0.203125 0.750000
vt 0.203125 0.500000
vt 0.203125 1.000000
vt 0.187500 1.000000
vt 0.187500 0.750000
vt 0.187500 0.500000
vt 0.171875 0.750000
vt 0.171875 0.500000
vt 0.171875 1.000000
vt 0.156250 1.000000
vt 0.156250 0.750000
vt 0.156250 0.500000
vt 0.140625 0.750000
vt 0.140625 0.500000
vt 0.140625 1.000000
vt 0.125000 1.000000
vt 0.125000 0.750000
vt 0.125000 0.500000
vt 0.109375 0.750000
vt 0.109375 0.500000
vt 0.109375 1.000000
vt 0.093750 1.000000
vt 0.093750 0.750000
vt 0.093750 0.500000
vt 0.078125 0.750000
vt 0.078125 0.500000
vt 0.078125 1.000000
vt 0.062500 1.000000
vt 0.062500 0.750000
vt 0.062500 0.500000
vt 0.296822 0.485389
vt 0.273411 0.487694
vt 0.249872 0.250156
vt 0.319333 0.478560
vt 0.250000 0.490000
vt 0.226589 0.487694
vt 0.203178 0.485389
vt 0.180667 0.478560
vt 0.158156 0.471731
vt 0.137410 0.460642
vt 0.180667 0.478560
vt 0.116663 0.449553
vt 0.098479 0.434629
vt 0.137410 0.460642
vt 0.080294 0.419706
vt 0.065371 0.401521
vt 0.050447 0.383337
vt 0.039358 0.362590
vt 0.065371 0.401521
vt 0.028269 0.341844
vt 0.021440 0.319333
vt 0.039358 0.362590
vt 0.014612 0.296822
vt 0.012306 0.273411
vt 0.021440 0.319333
vt 0.010000 0.250000
vt 0.012306 0.226589
vt 0.014612 0.203178
vt 0.021440 0.180667
vt 0.028269 0.158156
vt 0.039358 0.137410
vt 0.021440 0.180667
vt 0.050447 0.116663
vt 0.065371 0.098479
vt 0.039358 0.137410
vt 0.080294 0.080294
vt 0.098479 0.065371
vt 0.116663 0.050447
vt 0.137410 0.039358
vt 0.158156 0.028269
vt 0.180667 0.021440
vt 0.137410 0.039358
vt 0.203178 0.014612
vt 0.226589 0.012306
vt 0.180667 0.021440
vt 0.250000 0.010000
vt 0.273411 0.012306
vt 0.296822 0.014612
vt 0.319333 0.021440
vt 0.341844 0.028269
vt 0.362590 0.039358
vt 0.319333 0.021440
vt 0.383337 0.050447
vt 0.367688 0.106597
vt 0.362590 0.039358
vt 0.419706 0.080294
vt 0.434629 0.098479
vt 0.449553 0.116663
vt 0.460642 0.137410
vt 0.471731 0.158156
vt 0.478560 0.180667
vt 0.460642 0.137410
vt 0.485389 0.203178
vt 0.487694 0.226589
vt 0.478560 0.180667
vt 0.490000 0.250000
vt 0.487694 0.273411
vt 0.485389 0.296822
vt 0.478560 0.319333
vt 0.471731 0.341844
vt 0.460642 0.362590
vt 0.478560 0.319333
vt 0.449553 0.383337
vt 0.434629 0.401521
vt 0.460642 0.362590
vt 0.419706 0.419706
vt 0.401521 0.434629
vt 0.434629 0.401521
vt 0.383337 0.449553
vt 0.362590 0.460642
vt 0.401521 0.434629
vt 0.341844 0.471731
vt 0.319333 0.478560
vt 0.362590 0.460642
vt 0.046875 0.750000
vt 0.046875 0.500000
vt 0.046875 1.000000
vt 0.031250 1.000000
vt 0.031250 0.750000
vt 0.031250 0.500000
vt 0.015625 0.750000
vt 0.015625 0.500000
vt 0.015625 1.000000
vt 0.000000 1.000000
vt 0.000000 0.750000
vt 0.000000 0.500000
vt 0.781250 0.500000
vt 0.765625 0.500000
vt 0.750000 0.500000
vt 0.750000 0.500000
vt 0.750000 0.490000
vt 0.773411 0.487694
vt 0.750000 0.250000
vt 0.726589 0.487694
vt 0.796822 0.485389
vt 0.819333 0.478560
vt 0.773411 0.487694
vt 0.841844 0.471731
vt 0.862591 0.460642
vt 0.883337 0.449553
vt 0.901521 0.434629
vt 0.919706 0.419706
vt 0.934629 0.401521
vt 0.949553 0.383337
vt 0.960642 0.362590
vt 0.934629 0.401521
vt 0.971731 0.341844
vt 0.978560 0.319333
vt 0.960642 0.362590
vt 0.985389 0.296822
vt 0.987694 0.273411
vt 0.978560 0.319333
vt 0.990000 0.250000
vt 0.987694 0.226589
vt 0.985389 0.203178
vt 0.978560 0.180667
vt 0.971731 0.158156
vt 0.960642 0.137410
vt 0.978560 0.180667
vt 0.949553 0.116663
vt 0.934629 0.098479
vt 0.960642 0.137410
vt 0.919706 0.080294
vt 0.901521 0.065371
vt 0.883337 0.050447
vt 0.862591 0.039358
vt 0.841844 0.028269
vt 0.819333 0.021440
vt 0.796822 0.014612
vt 0.773411 0.012306
vt 0.750000 0.010000
vt 0.726589 0.012306
vt 0.773411 0.012306
vt 0.703178 0.014612
vt 0.680667 0.021440
vt 0.658156 0.028269
vt 0.637410 0.039358
vt 0.616663 0.050447
vt 0.598479 0.065371
vt 0.580294 0.080294
vt 0.565371 0.098479
vt 0.598479 0.065371
vt 0.550447 0.116663
vt 0.539358 0.137410
vt 0.528269 0.158156
vt 0.521440 0.180667
vt 0.539358 0.137410
vt 0.514612 0.203178
vt 0.512306 0.226589
vt 0.521440 0.180667
vt 0.510000 0.250000
vt 0.512306 0.273411
vt 0.514612 0.296822
vt 0.521440 0.319333
vt 0.528269 0.341844
vt 0.539358 0.362590
vt 0.521440 0.319333
vt 0.550447 0.383337
vt 0.565371 0.401521
vt 0.539358 0.362590
vt 0.580294 0.419706
vt 0.598479 0.434629
vt 0.565371 0.401521
vt 0.616663 0.449553
vt 0.637410 0.460642
vt 0.598479 0.434629
vt 0.658156 0.471731
vt 0.680667 0.478560
vt 0.703178 0.485389
vt 0.500000 0.500000
vt 0.484375 0.500000
vt 0.468750 0.500000
vt 0.468750 0.500000
vt 0.218750 0.500000
vt 0.203125 0.500000
vt 0.187500 0.500000
vt 0.187500 0.500000
vt 0.906250 0.500000
vt 0.890625 0.500000
vt 0.875000 0.500000
vt 0.609375 0.500000
vt 0.343750 0.500000
vt 0.328125 0.500000
vt 0.343750 0.500000
vt 0.312500 0.500000
vt 0.062500 0.500000
vt 0.046875 0.500000
vt 0.031250 0.500000
vt 0.734375 0.500000
vt 0.718750 0.500000
vt 0.453125 0.500000
vt 0.437500 0.500000
vt 0.171875 0.500000
vt 0.156250 0.500000
vt 0.859375 0.500000
vt 0.843750 0.500000
vt 0.843750 0.500000
vt 0.578125 0.500000
vt 0.562500 0.500000
vt 0.296875 0.500000
vt 0.281250 0.500000
vt 0.984375 0.500000
vt 0.968750 0.500000
vt 0.968750 0.500000
vt 0.015625 0.500000
vt 0.703125 0.500000
vt 0.687500 0.500000
vt 0.687500 0.500000
vt 0.421875 0.500000
vt 0.406250 0.500000
vt 0.140625 0.500000
vt 0.125000 0.500000
vt 0.828125 0.500000
vt 0.812500 0.500000
vt 0.546875 0.500000
vt 0.531250 0.500000
vt 0.265625 0.500000
vt 0.250000 0.500000
vt 0.953125 0.500000
vt 0.937500 0.500000
vt 0.937500 0.500000
vt 0.671875 0.500000
vt 0.656250 0.500000
vt 0.390625 0.500000
vt 0.375000 0.500000
vt 0.375000 0.500000
vt 0.109375 0.500000
vt 0.093750 0.500000
vt 0.093750 0.500000
vt 0.796875 0.500000
vt 0.515625 0.500000
vt 0.234375 0.500000
vt 0.921875 0.500000
vt 0.640625 0.500000
vt 0.359375 0.500000
vt 0.078125 0.500000
vt 0.593750 0.750000
vt 0.367688 0.106597
vt 0.397312 0.070499
vt 0.419706 0.080294
vt 0.383337 0.050447
vt 0.401648 0.065474
vt 0.625000 1.000000
vt 0.609809 0.750000
vt 0.609375 1.000000
vt 0.593750 1.000000
vt 0.598090 0.750000
vt 0.609809 0.500000
vt 0.598090 0.500000
vt 0.402026 0.065785
vt 0.388388 0.054593
vt 0.401521 0.065371
vt 0.419706 0.080294
vt 0.594184 0.500000
vt 0.388388 0.054593
vt 0.383842 0.050862
vt 0.383337 0.050447
vt 0.594184 0.750000
s 0
usemtl Material.002
f 1711/509/456 1899/510/456 2228/511/456 1897/512/456
f 1899/510/456 1716/513/456 1898/514/456 2228/511/456
f 2228/511/457 1898/514/457 1715/515/457 1900/516/457
f 1897/512/457 2228/511/457 1900/516/457 1713/517/457
f 1713/517/458 1900/516/458 2229/518/458 1901/519/458
f 1900/516/458 1715/515/458 1902/520/458 2229/518/458
f 2229/518/459 1902/520/459 1719/521/459 1903/522/459
f 1901/519/459 2229/518/459 1903/522/459 1717/523/459
f 1717/523/460 1903/522/460 2230/524/460 1904/525/460
f 1903/522/460 1719/521/460 1905/526/460 2230/524/460
f 2230/524/461 1905/526/461 1722/527/461 1906/528/461
f 1904/525/461 2230/524/461 1906/528/461 1720/529/461
f 1720/529/462 1906/528/462 2231/530/462 1907/531/462
f 1906/528/462 1722/527/462 1908/532/462 2231/530/462
f 2231/530/463 1908/532/463 1725/533/463 1909/534/463
f 1907/531/463 2231/530/463 1909/534/463 1723/535/463
f 1723/535/464 1909/534/464 2232/536/464 1910/537/464
f 1909/534/464 1725/533/464 1911/538/464 2232/536/464
f 2232/536/465 1911/538/465 1728/539/465 1912/540/465
f 1910/537/465 2232/536/465 1912/540/465 1726/541/465
f 1726/541/466 1912/540/466 2233/542/466 1913/543/466
f 1912/540/466 1728/539/466 1914/544/466 2233/542/466
f 2233/542/467 1914/544/467 1731/545/467 1915/546/467
f 1913/543/467 2233/542/467 1915/546/467 1729/547/467
f 1729/547/468 1915/546/468 2234/548/468 1916/549/468
f 1915/546/468 1731/545/468 1917/550/468 2234/548/468
f 2234/548/469 1917/550/469 1734/551/469 1918/552/469
f 1916/549/469 2234/548/469 1918/552/469 1732/553/469
f 1732/553/470 1918/552/470 2235/554/470 1919/555/470
f 1918/552/470 1734/551/470 1920/556/470 2235/554/470
f 2235/554/471 1920/556/471 1737/557/471 1921/558/471
f 1919/555/471 2235/554/471 1921/558/471 1735/559/471
f 1735/559/472 1921/558/472 2236/560/472 1922/561/472
f 1921/558/472 1737/557/472 1923/562/472 2236/560/472
f 2236/560/473 1923/562/473 1740/563/473 1924/564/473
f 1922/561/473 2236/560/473 1924/564/473 1738/565/473
f 1738/565/474 1924/564/474 2237/566/474 1925/567/474
f 1924/564/474 1740/563/474 1926/568/474 2237/566/474
f 2237/566/475 1926/568/475 1743/569/475 1927/570/475
f 1925/567/475 2237/566/475 1927/570/475 1741/571/475
f 1741/571/476 1927/570/476 2238/572/476 1928/573/476
f 1927/570/476 1743/569/476 1929/574/476 2238/572/476
f 2238/572/477 1929/574/477 1746/575/477 1930/576/477
f 1928/573/477 2238/572/477 1930/576/477 1744/577/477
f 1744/577/478 1930/576/478 2239/578/478 1931/579/478
f 1930/576/479 1746/575/479 1932/580/479 2239/578/479
f 2239/578/480 1932/580/480 1751/581/480 1933/582/480
f 1931/579/481 2239/578/481 1933/582/481 1747/583/481
f 1753/584/482 1934/585/482 2240/586/482 2062/584/482
f 1934/585/483 1748/583/483 2061/583/483 2240/586/483
f 2240/586/484 2061/583/484 1700/587/484 2058/588/484
f 2062/584/485 2240/586/485 2058/588/485 1879/589/485
f 1754/584/486 1936/590/486 2241/591/486 1937/592/486
f 1936/590/487 1758/593/487 1938/594/487 2241/591/487
f 2241/591/488 1938/594/488 1761/595/488 1939/596/488
f 1937/592/489 2241/591/489 1939/596/489 1759/597/489
f 1759/597/490 1939/596/490 2242/598/490 1940/599/490
f 1939/596/490 1761/595/490 1941/600/490 2242/598/490
f 2242/598/491 1941/600/491 1764/601/491 1942/602/491
f 1940/599/491 2242/598/491 1942/602/491 1762/603/491
f 1762/603/492 1942/602/492 2243/604/492 1943/605/492
f 1942/602/492 1764/601/492 1944/606/492 2243/604/492
f 2243/604/493 1944/606/493 1767/607/493 1945/608/493
f 1943/605/493 2243/604/493 1945/608/493 1765/609/493
f 1765/609/494 1945/608/494 2244/610/494 1946/611/494
f 1945/608/494 1767/607/494 1947/612/494 2244/610/494
f 2244/610/495 1947/612/495 1770/613/495 1948/614/495
f 1946/611/495 2244/610/495 1948/614/495 1768/615/495
f 1768/615/496 1948/614/496 2245/616/496 1949/617/496
f 1948/614/496 1770/613/496 1950/618/496 2245/616/496
f 2245/616/497 1950/618/497 1773/619/497 1951/620/497
f 1949/617/497 2245/616/497 1951/620/497 1771/621/497
f 1771/621/498 1951/620/498 2246/622/498 1952/623/498
f 1951/620/498 1773/619/498 1953/624/498 2246/622/498
f 2246/622/499 1953/624/499 1776/625/499 1954/626/499
f 1952/623/499 2246/622/499 1954/626/499 1774/627/499
f 1774/627/500 1954/626/500 2247/628/500 1955/629/500
f 1954/626/500 1776/625/500 1956/630/500 2247/628/500
f 2247/628/501 1956/630/501 1779/631/501 1957/632/501
f 1955/629/501 2247/628/501 1957/632/501 1777/633/501
f 1777/633/502 1957/632/502 2248/634/502 1958/635/502
f 1957/632/502 1779/631/502 1959/636/502 2248/634/502
f 2248/634/503 1959/636/503 1782/637/503 1960/638/503
f 1958/635/503 2248/634/503 1960/638/503 1780/639/503
f 1780/639/504 1960/638/504 2249/640/504 1961/641/504
f 1960/638/504 1782/637/504 1962/642/504 2249/640/504
f 2249/640/505 1962/642/505 1785/643/505 1963/644/505
f 1961/641/505 2249/640/505 1963/644/505 1783/645/505
f 1783/645/506 1963/644/506 2250/646/506 1964/647/506
f 1963/644/506 1785/643/506 1965/648/506 2250/646/506
f 2250/646/507 1965/648/507 1788/649/507 1966/650/507
f 1964/647/507 2250/646/507 1966/650/507 1786/651/507
f 1786/651/508 1966/650/508 2251/652/508 1967/653/508
f 1966/650/508 1788/649/508 1968/654/508 2251/652/508
f 2251/652/509 1968/654/509 1791/655/509 1969/656/509
f 1967/653/509 2251/652/509 1969/656/509 1789/657/509
f 1789/657/510 1969/656/510 2252/658/510 1970/659/510
f 1969/656/510 1791/655/510 1971/660/510 2252/658/510
f 2252/658/511 1971/660/511 1794/661/511 1972/662/511
f 1970/659/511 2252/658/511 1972/662/511 1792/663/511
f 1792/663/512 1972/662/512 2253/664/512 1973/665/512
f 1972/662/512 1794/661/512 1974/666/512 2253/664/512
f 2253/664/513 1974/666/513 1797/667/513 1975/668/513
f 1973/665/513 2253/664/513 1975/668/513 1795/669/513
f 1795/669/514 1975/668/514 2254/670/514 1976/671/514
f 1975/668/514 1797/667/514 1977/672/514 2254/670/514
f 2254/670/515 1977/672/515 1800/673/515 1978/674/515
f 1976/671/515 2254/670/515 1978/674/515 1798/675/515
f 1798/675/516 1978/674/516 2255/676/516 1979/677/516
f 1978/674/516 1800/673/516 1980/678/516 2255/676/516
f 2255/676/517 1980/678/517 1803/679/517 1981/680/517
f 1979/677/517 2255/676/517 1981/680/517 1801/681/517
f 1801/681/518 1981/680/518 2256/682/518 1982/683/518
f 1981/680/518 1803/679/518 1983/684/518 2256/682/518
f 2256/682/519 1983/684/519 1806/685/519 1984/686/519
f 1982/683/519 2256/682/519 1984/686/519 1804/687/519
f 1804/687/520 1984/686/520 2257/688/520 1985/689/520
f 1984/686/520 1806/685/520 1986/690/520 2257/688/520
f 2257/688/521 1986/690/521 1809/691/521 1987/692/521
f 1985/689/521 2257/688/521 1987/692/521 1807/693/521
f 1606/694/522 2086/695/522 2258/696/522 2087/697/522
f 1604/698/523 1992/699/523 2258/696/523 2086/695/523
f 1812/700/524 1989/701/524 2258/696/524 1992/699/524
f 1664/702/524 2177/703/524 2258/696/524 1989/704/524
f 1662/705/525 2174/706/525 2258/696/525 2177/707/525
f 1660/708/526 2171/709/526 2258/696/526 2174/706/526
f 1658/710/527 2168/711/527 2258/696/527 2171/712/527
f 1656/713/528 2165/714/528 2258/696/528 2168/715/528
f 1654/716/528 2162/717/528 2258/696/528 2165/718/528
f 1652/719/529 2159/720/529 2258/696/529 2162/717/529
f 1650/721/530 2156/722/530 2258/696/530 2159/720/530
f 1648/723/530 2153/724/530 2258/696/530 2156/725/530
f 1646/726/531 2150/727/531 2258/696/531 2153/728/531
f 1644/729/532 2147/730/532 2258/696/532 2150/727/532
f 1642/731/533 2144/732/533 2258/696/533 2147/730/533
f 1640/733/534 2141/734/534 2258/696/534 2144/735/534
f 1638/736/534 2138/737/534 2258/696/534 2141/738/534
f 1636/739/535 2135/740/535 2258/696/535 2138/737/535
f 1634/741/536 2132/742/536 2258/696/536 2135/740/536
f 1632/743/537 2128/744/537 2258/696/537 2132/745/537
f 1757/746/538 1935/747/538 2258/696/538 2128/748/538
f 1752/749/539 2118/750/539 2258/696/539 1935/747/539
f 1626/751/540 2115/752/540 2258/696/540 2118/750/540
f 1624/753/541 2112/754/541 2258/696/541 2115/755/541
f 1622/756/541 2109/757/541 2258/696/541 2112/758/541
f 1620/759/542 2106/760/542 2258/696/542 2109/757/542
f 1618/761/543 2103/762/543 2258/696/543 2106/760/543
f 1616/763/543 2100/764/543 2258/696/543 2103/765/543
f 1614/766/544 2097/767/544 2258/696/544 2100/768/544
f 1612/769/545 2094/770/545 2258/696/545 2097/771/545
f 1610/772/546 2091/773/546 2258/696/546 2094/774/546
f 1608/775/522 2087/776/522 2258/696/522 2091/777/522
f 1807/693/547 1987/692/547 2259/778/547 1988/779/547
f 1987/692/547 1809/691/547 2180/780/547 2259/778/547
f 2259/778/548 2180/780/548 1666/781/548 1990/782/548
f 1988/779/548 2259/778/548 1990/782/548 1810/783/548
f 1810/783/549 1990/782/549 2260/784/549 1991/785/549
f 1990/782/549 1666/781/549 2088/786/549 2260/784/549
f 2260/784/550 2088/786/550 1716/787/550 1899/788/550
f 1991/785/550 2260/784/550 1899/788/550 1711/789/550
f 1733/790/551 2104/555/551 2261/791/551 2026/790/551
f 2104/555/552 1736/792/552 2025/793/552 2261/791/552
f 2261/791/553 2025/793/553 1829/792/553 2000/555/553
f 2026/790/554 2261/791/554 2000/555/554 1828/790/554
f 1813/794/555 1993/795/555 2262/796/555 2024/797/555
f 1815/798/555 1994/799/555 2262/796/555 1993/800/555
f 1817/801/555 1995/802/555 2262/796/555 1994/799/555
f 1819/803/555 1996/804/555 2262/796/555 1995/802/555
f 1821/805/555 1997/806/555 2262/796/555 1996/804/555
f 1823/807/555 1998/808/555 2262/796/555 1997/809/555
f 1825/810/555 1999/811/555 2262/796/555 1998/812/555
f 1827/813/555 2190/814/555 2262/796/555 1999/815/555
f 1830/816/555 2001/817/555 2262/796/555 2190/814/555
f 1831/818/555 2002/819/555 2262/796/555 2001/817/555
f 1833/820/555 2003/821/555 2262/796/555 2002/822/555
f 1835/823/555 2004/824/555 2262/796/555 2003/825/555
f 1837/826/555 2005/827/555 2262/796/555 2004/824/555
f 1839/828/555 2006/829/555 2262/796/555 2005/827/555
f 1841/830/555 2007/831/555 2262/796/555 2006/829/555
f 1843/832/555 2008/833/555 2262/796/555 2007/831/555
f 1845/834/555 2009/835/555 2262/796/555 2008/836/555
f 1847/837/555 2010/838/555 2262/796/555 2009/835/555
f 1849/839/555 2011/840/555 2262/796/555 2010/838/555
f 1851/841/555 2012/842/555 2262/796/555 2011/840/555
f 1853/843/555 2013/844/555 2262/796/555 2012/845/555
f 1855/846/555 2014/847/555 2262/796/555 2013/844/555
f 1857/848/555 2015/849/555 2262/796/555 2014/850/555
f 1859/851/555 2016/852/555 2262/796/555 2015/853/555
f 1861/854/555 2017/855/555 2262/796/555 2016/852/555
f 1863/856/555 2018/857/555 2262/796/555 2017/855/555
f 1865/858/555 2019/859/555 2262/796/555 2018/860/555
f 1867/861/555 2020/862/555 2262/796/555 2019/863/555
f 1869/864/555 2021/865/555 2262/796/555 2020/866/555
f 1871/867/555 2022/868/555 2262/796/555 2021/869/555
f 1873/870/555 2023/871/555 2262/796/555 2022/868/555
f 1875/872/555 2024/797/555 2262/796/555 2023/871/555
f 1766/873/556 2136/611/556 2263/874/556 2028/873/556
f 2136/611/557 1769/875/557 2027/876/557 2263/874/557
f 2263/874/558 2027/876/558 1848/875/558 2199/611/558
f 2028/873/559 2263/874/559 2199/611/559 1846/873/559
f 1793/877/560 2163/665/560 2264/878/560 2030/877/560
f 2163/665/561 1796/879/561 2029/880/561 2264/878/561
f 2264/878/562 2029/880/562 1866/879/562 2208/665/562
f 2030/877/563 2264/878/563 2208/665/563 1864/877/563
f 1721/881/564 2092/531/564 2265/882/564 2032/881/564
f 2092/531/565 1724/883/565 2031/883/565 2265/882/565
f 2265/882/566 2031/883/566 1822/883/566 2186/531/566
f 2032/881/567 2265/882/567 2186/531/567 1820/881/567
f 1749/583/568 2120/884/568 2266/586/568 2034/583/568
f 2120/884/568 1755/584/568 2033/584/568 2266/586/568
f 2266/586/569 2033/584/569 1840/584/569 2195/884/569
f 2034/583/570 2266/586/570 2195/884/570 1838/583/570
f 1781/885/571 2151/641/571 2267/886/571 2036/887/571
f 2151/641/572 1784/888/572 2035/888/572 2267/886/572
f 2267/886/573 2035/888/573 1858/888/573 2204/641/573
f 2036/887/574 2267/886/574 2204/641/574 1856/885/574
f 1808/889/575 2178/779/575 2268/890/575 2038/889/575
f 2178/779/575 1811/891/575 2037/891/575 2268/890/575
f 2268/890/576 2037/891/576 1876/891/576 2213/779/576
f 2038/889/577 2268/890/577 2213/779/577 1874/889/577
f 1619/792/578 2107/561/578 2269/892/578 2108/793/578
f 2107/561/579 1739/893/579 2039/893/579 2269/892/579
f 2269/892/580 2039/893/580 1832/893/580 2191/561/580
f 2108/793/581 2269/892/581 2191/561/581 1675/792/581
f 1637/875/582 2139/617/582 2270/894/582 2140/876/582
f 2139/617/583 1772/895/583 2040/895/583 2270/894/583
f 2270/894/584 2040/895/584 1850/895/584 2200/617/584
f 2140/876/585 2270/894/585 2200/617/585 1684/875/585
f 1655/879/586 2166/671/586 2271/896/586 2167/880/586
f 2166/671/587 1799/897/587 2041/897/587 2271/896/587
f 2271/896/588 2041/897/588 1868/897/588 2209/671/588
f 2167/880/589 2271/896/589 2209/671/589 1693/879/589
f 1611/883/590 2095/537/590 2272/898/590 2096/883/590
f 2095/537/591 1727/899/591 2042/900/591 2272/898/591
f 2272/898/592 2042/900/592 1824/899/592 2187/537/592
f 2096/883/593 2272/898/593 2187/537/593 1671/883/593
f 1629/584/594 2125/592/594 2273/901/594 2126/584/594
f 2125/592/594 1760/902/594 2043/902/594 2273/901/594
f 2273/901/595 2043/902/595 1842/902/595 2196/592/595
f 2126/584/596 2273/901/596 2196/592/596 1680/584/596
f 1647/888/597 2154/647/597 2274/903/597 2155/888/597
f 2154/647/598 1787/904/598 2044/904/598 2274/903/598
f 2274/903/599 2044/904/599 1860/904/599 2205/647/599
f 2155/888/600 2274/903/600 2205/647/600 1689/888/600
f 1712/509/559 2081/512/559 2275/905/559 2046/509/559
f 2081/512/601 1714/906/601 2045/907/601 2275/905/601
f 2275/905/602 2045/907/602 1816/906/602 2182/512/602
f 2046/509/556 2275/905/556 2182/512/556 1814/509/556
f 1665/891/603 2082/785/603 2276/908/603 2181/891/603
f 2082/785/604 1603/789/604 2083/789/604 2276/908/604
f 2276/908/605 2083/789/605 1667/789/605 2183/785/605
f 2181/891/606 2276/908/606 2183/785/606 1698/891/606
f 1621/893/607 2110/567/607 2277/909/607 2111/893/607
f 2110/567/608 1742/910/608 2047/911/608 2277/909/608
f 2277/909/609 2047/911/609 1834/910/609 2192/567/609
f 2111/893/610 2277/909/610 2192/567/610 1676/893/610
f 1639/895/611 2142/623/611 2278/912/611 2143/895/611
f 2142/623/612 1775/913/612 2048/913/612 2278/912/612
f 2278/912/613 2048/913/613 1852/913/613 2201/623/613
f 2143/895/614 2278/912/614 2201/623/614 1685/895/614
f 1657/897/615 2169/677/615 2279/914/615 2170/897/615
f 2169/677/616 1802/915/616 2049/915/616 2279/914/616
f 2279/914/617 2049/915/617 1870/915/617 2210/677/617
f 2170/897/617 2279/914/617 2210/677/617 1694/897/617
f 1613/899/618 2098/543/618 2280/916/618 2099/900/618
f 2098/543/619 1730/917/619 2050/917/619 2280/916/619
f 2280/916/620 2050/917/620 1826/917/620 2188/543/620
f 2099/900/621 2280/916/621 2188/543/621 1672/899/621
f 1631/902/622 2130/599/622 2281/918/622 2131/902/622
f 2130/599/622 1763/919/622 2051/919/622 2281/918/622
f 2281/918/623 2051/919/623 1844/919/623 2197/599/623
f 2131/902/624 2281/918/624 2197/599/624 1681/902/624
f 1649/904/625 2157/653/625 2282/920/625 2158/904/625
f 2157/653/626 1790/921/626 2052/921/626 2282/920/626
f 2282/920/627 2052/921/627 1862/921/627 2206/653/627
f 2158/904/628 2282/920/628 2206/653/628 1690/904/628
f 1605/906/629 2084/519/629 2283/922/629 2085/907/629
f 2084/519/630 1718/923/630 2053/924/630 2283/922/630
f 2283/922/631 2053/924/631 1818/923/631 2184/519/631
f 2085/907/632 2283/922/632 2184/519/632 1668/906/632
f 1623/910/633 2113/573/633 2284/925/633 2114/911/633
f 2113/573/634 1745/926/634 2054/926/634 2284/925/634
f 2284/925/635 2054/926/635 1836/926/635 2193/573/635
f 2114/911/636 2284/925/636 2193/573/636 1677/910/636
f 1641/913/637 2145/629/637 2285/927/637 2146/913/637
f 2145/629/638 1778/928/638 2055/929/638 2285/927/638
f 2285/927/639 2055/929/639 1854/928/639 2202/629/639
f 2146/913/640 2285/927/640 2202/629/640 1686/913/640
f 1659/915/641 2172/683/641 2286/930/641 2173/915/641
f 2172/683/641 1805/931/641 2056/932/641 2286/930/641
f 2286/930/642 2056/932/642 1872/931/642 2211/683/642
f 2173/915/643 2286/930/643 2211/683/643 1695/915/643
f 1615/917/644 2101/549/644 2287/933/644 2102/917/644
f 2101/549/645 1617/790/645 2105/790/645 2287/933/645
f 2287/933/646 2105/790/646 1674/790/646 2189/549/646
f 2102/917/647 2287/933/647 2189/549/647 1673/917/647
f 1633/919/648 2133/605/648 2288/934/648 2134/919/648
f 2133/605/605 1635/873/605 2137/873/605 2288/934/605
f 2288/934/604 2137/873/604 1683/873/604 2198/605/604
f 2134/919/649 2288/934/649 2198/605/649 1682/919/649
f 1651/921/650 2160/659/650 2289/935/650 2161/921/650
f 2160/659/651 1653/877/651 2164/877/651 2289/935/651
f 2289/935/652 2164/877/652 1692/877/652 2207/659/652
f 2161/921/653 2289/935/653 2207/659/653 1691/921/653
f 1607/923/654 2089/525/654 2290/936/654 2090/924/654
f 2089/525/655 1609/881/655 2093/881/655 2290/936/655
f 2290/936/656 2093/881/656 1670/881/656 2185/525/656
f 2090/924/657 2290/936/657 2185/525/657 1669/923/657
f 1625/926/658 2116/579/658 2291/937/658 2117/926/658
f 2116/579/659 1750/583/659 2121/583/659 2291/937/659
f 2291/937/660 2121/583/660 1679/583/660 2194/579/660
f 2117/926/660 2291/937/660 2194/579/660 1678/926/660
f 1643/928/661 2148/635/661 2292/938/661 2149/929/661
f 2148/635/662 1645/885/662 2152/887/662 2292/938/662
f 2292/938/663 2152/887/663 1688/885/663 2203/635/663
f 2149/929/664 2292/938/664 2203/635/664 1687/928/664
f 1661/931/595 2175/689/595 2293/939/595 2176/932/595
f 2175/689/595 1663/889/595 2179/889/595 2293/939/595
f 2293/939/594 2179/889/594 1697/889/594 2212/689/594
f 2176/932/665 2293/939/665 2212/689/665 1696/931/665
f 1878/593/666 2060/940/666 2294/940/666 2078/593/666
f 2060/940/666 1880/584/666 2077/584/666 2294/940/666
f 2294/940/666 2077/584/666 1891/584/666 2073/940/666
f 2078/593/666 2294/940/666 2073/940/666 1889/593/666
f 1752/749/667 1935/941/667 2295/942/667 2064/943/667
f 1935/941/668 1757/746/668 2063/944/668 2295/942/668
f 2295/942/669 2063/944/669 1877/746/669 2059/945/669
f 2064/943/670 2295/942/670 2059/945/670 1699/749/670
f 1627/583/671 2119/582/671 2296/582/671 2122/583/671
f 2119/582/672 1628/581/672 2123/581/672 2296/582/672
f 2296/582/673 2123/581/673 1882/946/673 2057/582/673
f 2122/583/673 2296/582/673 2057/582/673 1881/587/673
f 1630/593/674 2124/940/674 2297/940/674 2129/593/674
f 2124/940/674 1756/584/674 2127/584/674 2297/940/674
f 2297/940/674 2127/584/674 1701/584/674 2214/940/674
f 2129/593/674 2297/940/674 2214/940/674 1702/593/674
f 1885/583/675 2065/582/675 2298/947/675 2066/884/675
f 2065/582/675 1883/581/675 2067/948/675 2298/947/675
f 2298/947/675 2067/948/675 1888/949/675 2068/950/675
f 2066/884/675 2298/947/675 2068/950/675 1887/589/675
f 1879/589/676 2058/588/676 2299/951/676 2069/952/676
f 2058/588/677 1700/587/677 2071/583/677 2299/951/677
f 2299/951/678 2071/583/678 1886/583/678 2221/585/678
f 2069/952/679 2299/951/679 2221/585/679 1705/589/679
f 1699/749/680 2059/945/680 2300/953/680 2072/943/680
f 2059/945/681 1877/746/681 2070/954/681 2300/953/681
f 2300/953/682 2070/954/682 1706/746/682 2220/955/682
f 2072/943/683 2300/953/683 2220/955/683 1884/956/683
f 1881/587/684 2057/582/684 2301/582/684 2217/583/684
f 2057/582/685 1882/946/685 2218/581/685 2301/582/685
f 2301/582/686 2218/581/686 1703/581/686 2219/582/686
f 2217/583/687 2301/582/687 2219/582/687 1704/583/687
f 1890/593/688 2224/940/688 2302/940/688 2076/593/688
f 2224/940/688 1892/584/688 2075/584/688 2302/940/688
f 2302/940/688 2075/584/688 1895/584/688 2074/940/688
f 2076/593/688 2302/940/688 2074/940/688 1893/593/688
f 1879/589/689 2069/952/689 2303/957/689 2216/584/689
f 2069/952/690 1705/589/690 2079/584/690 2303/957/690
f 2303/957/691 2079/584/691 1896/584/691 2226/584/691
f 2216/584/692 2303/957/692 2226/584/692 1708/584/692
f 1706/746/693 2070/958/693 2304/959/693 2080/944/693
f 2070/958/694 1877/746/694 2215/944/694 2304/959/694
f 2304/959/695 2215/944/695 1707/960/695 2225/944/695
f 2080/944/696 2304/959/696 2225/944/696 1894/960/696
f 1887/589/675 2068/950/675 2305/961/675 2222/584/675
f 2068/950/675 1888/949/675 2223/593/675 2305/961/675
f 2305/961/675 2223/593/675 1709/593/675 2227/590/675
f 2222/584/675 2305/961/675 2227/590/675 1710/584/675
o Cylinder.004
v -0.077984 5.217061 -0.658141
v -0.261085 4.634399 1.204093
v 0.437960 5.162642 -0.624438
v 0.254858 4.579980 1.237796
v 0.861083 4.874756 -0.672909
v 0.677982 4.292095 1.189324
v 1.078011 4.430542 -0.790568
v 0.894909 3.847881 1.071666
v 1.030617 3.949027 -0.945886
v 0.847516 3.366365 0.916348
v 0.731602 3.559231 -1.097246
v 0.548500 2.976569 0.764987
v 0.261085 3.365601 -1.204093
v 0.077984 2.782939 0.658141
v -0.254858 3.420020 -1.237796
v -0.437960 2.837358 0.624438
v -0.677982 3.707905 -1.189324
v -0.861083 3.125244 0.672909
v -0.894909 4.152119 -1.071666
v -1.078011 3.569458 0.790568
v -0.847516 4.633635 -0.916348
v -1.030617 4.050973 0.945886
v -0.548500 5.023431 -0.764987
v -0.731602 4.440769 1.097246
v -0.022086 5.584828 -1.414739
v 0.560722 5.523357 -1.376668
v 1.038681 5.198163 -1.431422
v 1.283722 4.696380 -1.564328
v 1.230186 4.152461 -1.739775
v 0.892419 3.712149 -1.910751
v 0.360925 3.493425 -2.031445
v -0.221883 3.554896 -2.069515
v -0.699842 3.880091 -2.014762
v -0.944883 4.381874 -1.881856
v -0.891348 4.925793 -1.706409
v -0.553580 5.366105 -1.535432
v -0.121120 5.269686 -0.407518
v 0.461689 5.208215 -0.369447
v 0.939648 4.883020 -0.424201
v 1.184689 4.381237 -0.557107
v 1.131153 3.837318 -0.732554
v 0.793386 3.397006 -0.903531
v 0.261892 3.178282 -1.024224
v -0.320917 3.239753 -1.062295
v -0.798876 3.564949 -1.007541
v -1.043917 4.066731 -0.874635
v -0.990381 4.610650 -0.699188
v -0.652614 5.050962 -0.528211
v 0.231971 4.507147 1.470576
v -0.283973 4.561566 1.436873
v 0.655094 4.219262 1.422104
v 0.872022 3.775048 1.304446
v 0.824628 3.293532 1.149128
v 0.525613 2.903736 0.997767
v 0.055096 2.710106 0.890921
v -0.460847 2.764525 0.857218
v -0.883971 3.052411 0.905690
v -1.100899 3.496624 1.023348
v -1.053505 3.978140 1.178666
v -0.754489 4.367936 1.330027
vn 0.0802 0.9490 0.3048
vn 0.5602 0.7733 0.2970
vn 0.8995 0.3840 0.2086
vn 0.9912 -0.1172 0.0608
vn 0.8080 -0.5802 -0.1021
vn 0.4150 -0.8791 -0.2343
vn -0.0802 -0.9490 -0.3048
vn -0.5602 -0.7733 -0.2970
vn -0.8995 -0.3840 -0.2086
vn -0.9912 0.1172 -0.0608
vn -0.8080 0.5802 0.1021
vn -0.4150 0.8791 0.2343
vn -0.0930 -0.9822 -0.1630
vn 0.3969 -0.9131 -0.0932
vn 0.7854 -0.6177 0.0392
vn 0.9662 -0.1602 0.2018
vn -0.4242 0.8264 0.3704
vn 0.0657 0.8955 0.4401
vn 0.8755 0.3354 0.3480
vn -0.8130 0.5300 0.2411
vn 0.5403 0.7210 0.4339
vn -0.9941 0.0715 0.0816
vn -0.9033 -0.4240 -0.0645
vn -0.5678 -0.8087 -0.1537
vn 0.0934 0.2973 -0.9502
vn -0.0934 -0.2973 0.9502
vt 1.000000 0.500000
vt 1.000000 1.000000
vt 0.916667 1.000000
vt 0.916667 0.500000
vt 0.833333 1.000000
vt 0.833333 0.500000
vt 0.750000 1.000000
vt 0.750000 0.500000
vt 0.666667 1.000000
vt 0.666667 0.500000
vt 0.583333 1.000000
vt 0.583333 0.500000
vt 0.500000 1.000000
vt 0.500000 0.500000
vt 0.416667 1.000000
vt 0.416667 0.500000
vt 0.333333 1.000000
vt 0.333333 0.500000
vt 0.250000 1.000000
vt 0.250000 0.500000
vt 0.166667 1.000000
vt 0.166667 0.500000
vt 0.083333 1.000000
vt 0.083333 0.500000
vt 0.000000 1.000000
vt 0.000000 0.500000
vt 0.750000 0.490000
vt 0.870000 0.457846
vt 0.957846 0.370000
vt 0.990000 0.250000
vt 0.957846 0.130000
vt 0.870000 0.042154
vt 0.750000 0.010000
vt 0.630000 0.042154
vt 0.542154 0.130000
vt 0.510000 0.250000
vt 0.542154 0.370000
vt 0.630000 0.457846
vt 0.370000 0.457846
vt 0.250000 0.490000
vt 0.130000 0.457846
vt 0.042154 0.370000
vt 0.010000 0.250000
vt 0.042154 0.130000
vt 0.130000 0.042154
vt 0.250000 0.010000
vt 0.370000 0.042154
vt 0.457846 0.130000
vt 0.490000 0.250000
vt 0.457846 0.370000
s 0
usemtl Material.005
f 2306/962/697 2307/963/697 2309/964/697 2308/965/697
f 2308/965/698 2309/964/698 2311/966/698 2310/967/698
f 2310/967/699 2311/966/699 2313/968/699 2312/969/699
f 2312/969/700 2313/968/700 2315/970/700 2314/971/700
f 2314/971/701 2315/970/701 2317/972/701 2316/973/701
f 2316/973/702 2317/972/702 2319/974/702 2318/975/702
f 2318/975/703 2319/974/703 2321/976/703 2320/977/703
f 2320/977/704 2321/976/704 2323/978/704 2322/979/704
f 2322/979/705 2323/978/705 2325/980/705 2324/981/705
f 2324/981/706 2325/980/706 2327/982/706 2326/983/706
f 2317/972/701 2315/970/701 2358/970/701 2359/972/701
f 2326/983/707 2327/982/707 2329/984/707 2328/985/707
f 2328/985/708 2329/984/708 2307/986/708 2306/987/708
f 2318/975/709 2320/977/709 2337/977/709 2336/975/709
f 2330/962/703 2331/965/703 2343/965/703 2342/962/703
f 2316/973/710 2318/975/710 2336/975/710 2335/973/710
f 2314/971/711 2316/973/711 2335/973/711 2334/971/711
f 2312/969/712 2314/971/712 2334/971/712 2333/969/712
f 2328/985/713 2306/987/713 2330/987/713 2341/985/713
f 2306/962/714 2308/965/714 2331/965/714 2330/962/714
f 2310/967/715 2312/969/715 2333/969/715 2332/967/715
f 2326/983/716 2328/985/716 2341/985/716 2340/983/716
f 2308/965/717 2310/967/717 2332/967/717 2331/965/717
f 2324/981/718 2326/983/718 2340/983/718 2339/981/718
f 2322/979/719 2324/981/719 2339/981/719 2338/979/719
f 2320/977/720 2322/979/720 2338/979/720 2337/977/720
f 2342/988/721 2343/989/721 2344/990/721 2345/991/721 2346/992/721 2347/993/721 2348/994/721 2349/995/721 2350/996/721 2351/997/721 2352/998/721 2353/999/721
f 2337/977/698 2338/979/698 2350/979/698 2349/977/698
f 2334/971/707 2335/973/707 2347/973/707 2346/971/707
f 2341/985/702 2330/987/702 2342/987/702 2353/985/702
f 2331/965/704 2332/967/704 2344/967/704 2343/965/704
f 2338/979/699 2339/981/699 2351/981/699 2350/979/699
f 2335/973/708 2336/975/708 2348/975/708 2347/973/708
f 2332/967/705 2333/969/705 2345/969/705 2344/967/705
f 2339/981/700 2340/983/700 2352/983/700 2351/981/700
f 2336/975/697 2337/977/697 2349/977/697 2348/975/697
f 2333/969/706 2334/971/706 2346/971/706 2345/969/706
f 2340/983/701 2341/985/701 2353/985/701 2352/983/701
f 2354/1000/722 2355/1001/722 2365/1002/722 2364/1003/722 2363/1004/722 2362/1005/722 2361/1006/722 2360/1007/722 2359/1008/722 2358/1009/722 2357/1010/722 2356/1011/722
f 2315/970/700 2313/968/700 2357/968/700 2358/970/700
f 2307/986/708 2329/984/708 2365/984/708 2355/986/708
f 2309/964/697 2307/963/697 2355/963/697 2354/964/697
f 2313/968/699 2311/966/699 2356/966/699 2357/968/699
f 2329/984/707 2327/982/707 2364/982/707 2365/984/707
f 2311/966/698 2309/964/698 2354/964/698 2356/966/698
f 2327/982/706 2325/980/706 2363/980/706 2364/982/706
f 2325/980/705 2323/978/705 2362/978/705 2363/980/705
f 2323/978/704 2321/976/704 2361/976/704 2362/978/704
f 2321/976/703 2319/974/703 2360/974/703 2361/976/703
f 2319/974/702 2317/972/702 2359/972/702 2360/974/702
o Cylinder
v -0.074385 5.160903 -0.627773
v -0.249038 4.605126 1.148534
v 0.509571 5.070313 -0.598700
v 0.334919 4.514536 1.177606
v 0.932245 4.677044 -0.680189
v 0.757592 4.121267 1.096118
v 1.032188 4.131310 -0.841113
v 0.857535 3.575534 0.935194
v 0.771226 3.641565 -1.020005
v 0.596574 3.085789 0.756302
v 0.249038 3.394874 -1.148534
v 0.074385 2.839097 0.627773
v -0.334919 3.485464 -1.177606
v -0.509571 2.929687 0.598700
v -0.757592 3.878733 -1.096118
v -0.932245 3.322956 0.680189
v -0.857535 4.424466 -0.935194
v -1.032188 3.868689 0.841113
v -0.596574 4.914211 -0.756302
v -0.771226 4.358435 1.020005
v -0.060221 5.330710 -0.895378
v 0.575852 5.232036 -0.863711
v 1.036248 4.803668 -0.952472
v 1.145111 4.209229 -1.127758
v 0.860859 3.675775 -1.322616
v 0.292067 3.407067 -1.462616
v -0.344006 3.505742 -1.494283
v -0.804402 3.934109 -1.405522
v -0.913265 4.528548 -1.230236
v -0.629013 5.062002 -1.035378
vn 0.1309 0.9424 0.3077
vn 0.6825 0.6758 0.2785
vn 0.9805 0.1384 0.1397
vn 0.8894 -0.4540 -0.0546
vn 0.4608 -0.8589 -0.2234
vn -0.1309 -0.9424 -0.3077
vn -0.6825 -0.6758 -0.2785
vn -0.9805 -0.1384 -0.1397
vn -0.0934 -0.2973 0.9502
vn -0.8894 0.4540 0.0546
vn -0.4608 0.8589 0.2234
vn -0.4695 0.7566 0.4552
vn 0.0934 0.2973 -0.9502
vn -0.8838 0.3632 0.2950
vn -0.9715 -0.2102 0.1094
vn -0.6837 -0.7292 -0.0271
vn -0.1502 -0.9869 -0.0589
vn 0.4225 -0.9061 0.0227
vn 0.8361 -0.5147 0.1895
vn 0.1032 0.8374 0.5368
vn 0.9235 0.0573 0.3794
vn 0.6361 0.5776 0.5116
vt 1.000000 0.500000
vt 1.000000 1.000000
vt 0.900000 1.000000
vt 0.900000 0.500000
vt 0.800000 1.000000
vt 0.800000 0.500000
vt 0.700000 1.000000
vt 0.700000 0.500000
vt 0.600000 1.000000
vt 0.600000 0.500000
vt 0.500000 1.000000
vt 0.500000 0.500000
vt 0.400000 1.000000
vt 0.400000 0.500000
vt 0.300000 1.000000
vt 0.300000 0.500000
vt 0.200000 1.000000
vt 0.200000 0.500000
vt 0.391068 0.444164
vt 0.250000 0.490000
vt 0.108932 0.444164
vt 0.021746 0.324164
vt 0.021746 0.175836
vt 0.108932 0.055836
vt 0.250000 0.010000
vt 0.391068 0.055836
vt 0.478254 0.175836
vt 0.478254 0.324164
vt 0.100000 1.000000
vt 0.100000 0.500000
vt -0.000000 1.000000
vt -0.000000 0.500000
vt 0.750000 0.490000
vt 0.891068 0.444164
vt 0.978254 0.324164
vt 0.978254 0.175836
vt 0.891068 0.055836
vt 0.750000 0.010000
vt 0.608932 0.055836
vt 0.521746 0.175836
vt 0.521746 0.324164
vt 0.608932 0.444164
s 0
usemtl Material.006
f 2366/1012/723 2367/1013/723 2369/1014/723 2368/1015/723
f 2368/1015/724 2369/1014/724 2371/1016/724 2370/1017/724
f 2370/1017/725 2371/1016/725 2373/1018/725 2372/1019/725
f 2372/1019/726 2373/1018/726 2375/1020/726 2374/1021/726
f 2374/1021/727 2375/1020/727 2377/1022/727 2376/1023/727
f 2376/1023/728 2377/1022/728 2379/1024/728 2378/1025/728
f 2378/1025/729 2379/1024/729 2381/1026/729 2380/1027/729
f 2380/1027/730 2381/1026/730 2383/1028/730 2382/1029/730
f 2369/1030/731 2367/1031/731 2385/1032/731 2383/1033/731 2381/1034/731 2379/1035/731 2377/1036/731 2375/1037/731 2373/1038/731 2371/1039/731
f 2382/1029/732 2383/1028/732 2385/1040/732 2384/1041/732
f 2384/1041/733 2385/1040/733 2367/1042/733 2366/1043/733
f 2384/1041/734 2366/1043/734 2386/1043/734 2395/1041/734
f 2386/1044/735 2387/1045/735 2388/1046/735 2389/1047/735 2390/1048/735 2391/1049/735 2392/1050/735 2393/1051/735 2394/1052/735 2395/1053/735
f 2382/1029/736 2384/1041/736 2395/1041/736 2394/1029/736
f 2380/1027/737 2382/1029/737 2394/1029/737 2393/1027/737
f 2378/1025/738 2380/1027/738 2393/1027/738 2392/1025/738
f 2376/1023/739 2378/1025/739 2392/1025/739 2391/1023/739
f 2374/1021/740 2376/1023/740 2391/1023/740 2390/1021/740
f 2372/1019/741 2374/1021/741 2390/1021/741 2389/1019/741
f 2366/1012/742 2368/1015/742 2387/1015/742 2386/1012/742
f 2370/1017/743 2372/1019/743 2389/1019/743 2388/1017/743
f 2368/1015/744 2370/1017/744 2388/1017/744 2387/1015/744
