# Blender 4.5.2 LTS
# www.blender.org
mtllib Vuurtoren.mtl
o Cylinder
v 0.000000 0.131986 -1.000000
v 0.000000 2.131986 -1.000000
v 0.195090 0.131986 -0.980785
v 0.195090 2.131986 -0.980785
v 0.382683 0.131986 -0.923880
v 0.382683 2.131986 -0.923880
v 0.555570 0.131986 -0.831470
v 0.555570 2.131986 -0.831470
v 0.707107 0.131986 -0.707107
v 0.707107 2.131986 -0.707107
v 0.831470 0.131986 -0.555570
v 0.831470 2.131986 -0.555570
v 0.923880 0.131986 -0.382683
v 0.923880 2.131986 -0.382683
v 0.980785 0.131986 -0.195090
v 0.980785 2.131986 -0.195090
v 1.000000 0.131986 0.000000
v 1.000000 2.131986 0.000000
v 0.980785 0.131986 0.195090
v 0.980785 2.131986 0.195090
v 0.923880 0.131986 0.382683
v 0.923880 2.131986 0.382683
v 0.831470 0.131986 0.555570
v 0.831470 2.131986 0.555570
v 0.707107 0.131986 0.707107
v 0.707107 2.131986 0.707107
v 0.555570 0.131986 0.831470
v 0.555570 2.131986 0.831470
v 0.382683 0.131986 0.923880
v 0.382683 2.131986 0.923880
v 0.195090 0.131986 0.980785
v 0.195090 2.131986 0.980785
v 0.000000 0.131986 1.000000
v 0.000000 2.131986 1.000000
v -0.195090 0.131986 0.980785
v -0.195090 2.131986 0.980785
v -0.382683 0.131986 0.923880
v -0.382683 2.131986 0.923880
v -0.555570 0.131986 0.831470
v -0.555570 2.131986 0.831470
v -0.707107 0.131986 0.707107
v -0.707107 2.131986 0.707107
v -0.831470 0.131986 0.555570
v -0.831470 2.131986 0.555570
v -0.923880 0.131986 0.382683
v -0.923880 2.131986 0.382683
v -0.980785 0.131986 0.195090
v -0.980785 2.131986 0.195090
v -1.000000 0.131986 0.000000
v -1.000000 2.131986 0.000000
v -0.980785 0.131986 -0.195090
v -0.980785 2.131986 -0.195090
v -0.923880 0.131986 -0.382683
v -0.923880 2.131986 -0.382683
v -0.831470 0.131986 -0.555570
v -0.831470 2.131986 -0.555570
v -0.707107 0.131986 -0.707107
v -0.707107 2.131986 -0.707107
v -0.555570 0.131986 -0.831470
v -0.555570 2.131986 -0.831470
v -0.382683 0.131986 -0.923880
v -0.382683 2.131986 -0.923880
v -0.195090 0.131986 -0.980785
v -0.195090 2.131986 -0.980785
v 0.195090 3.955022 -0.980785
v 0.000000 3.955022 -1.000000
v 0.382683 3.955022 -0.923880
v 0.555570 3.955022 -0.831470
v 0.707107 3.955022 -0.707107
v 0.831470 3.955022 -0.555570
v 0.923880 3.955022 -0.382683
v 0.980785 3.955022 -0.195090
v 1.000000 3.955022 0.000000
v 0.980785 3.955022 0.195090
v 0.923880 3.955022 0.382683
v 0.831470 3.955022 0.555570
v 0.707107 3.955022 0.707107
v 0.555570 3.955022 0.831470
v 0.382683 3.955022 0.923880
v 0.195090 3.955022 0.980785
v 0.000000 3.955022 1.000000
v -0.195090 3.955022 0.980785
v -0.382683 3.955022 0.923880
v -0.555570 3.955022 0.831470
v -0.707107 3.955022 0.707107
v -0.831470 3.955022 0.555570
v -0.923879 3.955022 0.382683
v -0.980785 3.955022 0.195090
v -1.000000 3.955022 0.000000
v -0.980785 3.955022 -0.195090
v -0.923879 3.955022 -0.382683
v -0.831470 3.955022 -0.555570
v -0.707107 3.955022 -0.707107
v -0.555570 3.955022 -0.831470
v -0.382683 3.955022 -0.923880
v -0.195090 3.955022 -0.980785
v 0.195090 4.616977 -0.980785
v -0.000000 4.616977 -1.000000
v 0.382683 4.616977 -0.923880
v 0.555570 4.616977 -0.831470
v 0.707107 4.616977 -0.707107
v 0.831470 4.616977 -0.555570
v 0.923879 4.616977 -0.382683
v 0.980785 4.616977 -0.195090
v 1.000000 4.616977 0.000000
v 0.980785 4.616977 0.195090
v 0.923879 4.616977 0.382683
v 0.831470 4.616977 0.555570
v 0.707107 4.616977 0.707107
v 0.555570 4.616977 0.831470
v 0.382683 4.616977 0.923880
v 0.195090 4.616977 0.980785
v -0.000000 4.616977 1.000000
v -0.195090 4.616977 0.980785
v -0.382684 4.616977 0.923880
v -0.555570 4.616977 0.831470
v -0.707107 4.616977 0.707107
v -0.831470 4.616977 0.555570
v -0.923880 4.616977 0.382683
v -0.980785 4.616977 0.195090
v -1.000000 4.616977 0.000000
v -0.980785 4.616977 -0.195090
v -0.923880 4.616977 -0.382683
v -0.831470 4.616977 -0.555570
v -0.707107 4.616977 -0.707107
v -0.555570 4.616977 -0.831470
v -0.382684 4.616977 -0.923880
v -0.195090 4.616977 -0.980785
v 0.318029 6.360114 -1.598840
v -0.000000 6.360114 -1.630163
v 0.623836 6.360114 -1.506074
v 0.905670 6.360114 -1.355431
v 1.152699 6.360114 -1.152699
v 1.355431 6.360114 -0.905670
v 1.506074 6.360114 -0.623836
v 1.598840 6.360114 -0.318029
v 1.630163 6.360114 0.000000
v 1.598840 6.360114 0.318029
v 1.506074 6.360114 0.623836
v 1.355431 6.360114 0.905670
v 1.152699 6.360114 1.152699
v 0.905670 6.360114 1.355431
v 0.623836 6.360114 1.506074
v 0.318029 6.360114 1.598840
v -0.000000 6.360114 1.630163
v -0.318029 6.360114 1.598840
v -0.623837 6.360114 1.506074
v -0.905670 6.360114 1.355431
v -1.152699 6.360114 1.152699
v -1.355431 6.360114 0.905670
v -1.506075 6.360114 0.623836
v -1.598840 6.360114 0.318029
v -1.630163 6.360114 0.000000
v -1.598840 6.360114 -0.318029
v -1.506075 6.360114 -0.623836
v -1.355431 6.360114 -0.905670
v -1.152699 6.360114 -1.152699
v -0.905670 6.360114 -1.355431
v -0.623837 6.360114 -1.506074
v -0.318029 6.360114 -1.598840
v 0.192632 7.180629 -0.968429
v -0.000000 7.180629 -0.987401
v 0.377862 7.180629 -0.912240
v 0.548571 7.180629 -0.820994
v 0.698198 7.180629 -0.698198
v 0.820994 7.180629 -0.548571
v 0.912240 7.180629 -0.377862
v 0.968428 7.180629 -0.192632
v 0.987401 7.180629 0.000000
v 0.968428 7.180629 0.192632
v 0.912240 7.180629 0.377862
v 0.820994 7.180629 0.548571
v 0.698198 7.180629 0.698198
v 0.548571 7.180629 0.820994
v 0.377862 7.180629 0.912240
v 0.192632 7.180629 0.968429
v -0.000000 7.180629 0.987401
v -0.192633 7.180629 0.968429
v -0.377862 7.180629 0.912240
v -0.548571 7.180629 0.820994
v -0.698198 7.180629 0.698198
v -0.820994 7.180629 0.548571
v -0.912240 7.180629 0.377862
v -0.968429 7.180629 0.192632
v -0.987402 7.180629 0.000000
v -0.968429 7.180629 -0.192632
v -0.912240 7.180629 -0.377862
v -0.820994 7.180629 -0.548571
v -0.698198 7.180629 -0.698198
v -0.548571 7.180629 -0.820994
v -0.377862 7.180629 -0.912240
v -0.192633 7.180629 -0.968429
v 0.016137 7.633533 -0.081126
v -0.000000 7.633533 -0.082715
v 0.031654 7.633533 -0.076419
v 0.045954 7.633533 -0.068775
v 0.058488 7.633533 -0.058488
v 0.068775 7.633533 -0.045954
v 0.076419 7.633533 -0.031654
v 0.081126 7.633533 -0.016137
v 0.082715 7.633533 0.000000
v 0.081126 7.633533 0.016137
v 0.076419 7.633533 0.031654
v 0.068775 7.633533 0.045954
v 0.058488 7.633533 0.058488
v 0.045954 7.633533 0.068775
v 0.031654 7.633533 0.076419
v 0.016137 7.633533 0.081126
v -0.000000 7.633533 0.082715
v -0.016137 7.633533 0.081126
v -0.031654 7.633533 0.076419
v -0.045954 7.633533 0.068775
v -0.058489 7.633533 0.058488
v -0.068775 7.633533 0.045954
v -0.076419 7.633533 0.031654
v -0.081126 7.633533 0.016137
v -0.082715 7.633533 0.000000
v -0.081126 7.633533 -0.016137
v -0.076419 7.633533 -0.031654
v -0.068775 7.633533 -0.045954
v -0.058489 7.633533 -0.058488
v -0.045954 7.633533 -0.068775
v -0.031654 7.633533 -0.076419
v -0.016137 7.633533 -0.081126
vn 0.0980 -0.0000 -0.9952
vn 0.2903 -0.0000 -0.9569
vn 0.4714 -0.0000 -0.8819
vn 0.6344 -0.0000 -0.7730
vn 0.7730 -0.0000 -0.6344
vn 0.8819 -0.0000 -0.4714
vn 0.9569 -0.0000 -0.2903
vn 0.9952 -0.0000 -0.0980
vn 0.9952 -0.0000 0.0980
vn 0.9569 -0.0000 0.2903
vn 0.8819 -0.0000 0.4714
vn 0.7730 -0.0000 0.6344
vn 0.6344 -0.0000 0.7730
vn 0.4714 -0.0000 0.8819
vn 0.2903 -0.0000 0.9569
vn 0.0980 -0.0000 0.9952
vn -0.0980 -0.0000 0.9952
vn -0.2903 -0.0000 0.9569
vn -0.4714 -0.0000 0.8819
vn -0.6344 -0.0000 0.7730
vn -0.7730 -0.0000 0.6344
vn -0.8819 -0.0000 0.4714
vn -0.9569 -0.0000 0.2903
vn -0.9952 -0.0000 0.0980
vn -0.9952 -0.0000 -0.0980
vn -0.9569 -0.0000 -0.2903
vn -0.8819 -0.0000 -0.4714
vn -0.7730 -0.0000 -0.6344
vn -0.6344 -0.0000 -0.7730
vn -0.4714 -0.0000 -0.8819
vn -0.2903 -0.0000 -0.9569
vn -0.0980 -0.0000 -0.9952
vn -0.0000 -1.0000 -0.0000
vn 0.9004 -0.3385 0.2731
vn -0.6955 0.6148 -0.3718
vn -0.9364 -0.3385 0.0922
vn 0.8298 -0.3385 0.4436
vn -0.9364 -0.3385 -0.0922
vn 0.7274 -0.3385 0.5969
vn -0.9004 -0.3385 -0.2731
vn 0.5969 -0.3385 0.7274
vn -0.8298 -0.3385 -0.4436
vn 0.4436 -0.3385 0.8298
vn 0.0922 -0.3385 -0.9364
vn -0.7274 -0.3385 -0.5969
vn 0.2731 -0.3385 0.9004
vn 0.2731 -0.3385 -0.9004
vn -0.5969 -0.3385 -0.7274
vn 0.0922 -0.3385 0.9364
vn 0.4436 -0.3385 -0.8298
vn -0.4436 -0.3385 -0.8298
vn -0.0922 -0.3385 0.9364
vn 0.5969 -0.3385 -0.7274
vn -0.2731 -0.3385 -0.9004
vn -0.2731 -0.3385 0.9004
vn 0.7274 -0.3385 -0.5969
vn -0.0922 -0.3385 -0.9364
vn -0.4436 -0.3385 0.8298
vn 0.8298 -0.3385 -0.4436
vn -0.5969 -0.3385 0.7274
vn 0.9004 -0.3385 -0.2731
vn -0.7274 -0.3385 0.5969
vn 0.9364 -0.3385 -0.0922
vn -0.8298 -0.3385 0.4436
vn 0.9364 -0.3385 0.0922
vn -0.9004 -0.3385 0.2731
vn -0.2118 0.8933 -0.3963
vn 0.3718 0.6148 0.6955
vn 0.0773 0.6148 -0.7849
vn -0.6096 0.6148 -0.5003
vn 0.2289 0.6148 0.7547
vn 0.2289 0.6148 -0.7547
vn -0.5003 0.6148 -0.6096
vn 0.0773 0.6148 0.7849
vn 0.3718 0.6148 -0.6955
vn -0.3718 0.6148 -0.6955
vn -0.0773 0.6148 0.7849
vn 0.5003 0.6148 -0.6096
vn -0.2289 0.6148 -0.7547
vn -0.2289 0.6148 0.7547
vn 0.6096 0.6148 -0.5003
vn -0.0773 0.6148 -0.7849
vn -0.3718 0.6148 0.6955
vn 0.6955 0.6148 -0.3718
vn -0.5003 0.6148 0.6096
vn 0.7547 0.6148 -0.2289
vn -0.6096 0.6148 0.5003
vn 0.7849 0.6148 -0.0773
vn -0.6955 0.6148 0.3718
vn 0.7849 0.6148 0.0773
vn -0.7547 0.6148 0.2289
vn 0.7547 0.6148 0.2289
vn -0.7849 0.6148 0.0773
vn 0.6955 0.6148 0.3718
vn -0.7849 0.6148 -0.0773
vn 0.6096 0.6148 0.5003
vn -0.7547 0.6148 -0.2289
vn 0.5003 0.6148 0.6096
vn -0.0000 1.0000 -0.0000
vn -0.0440 0.8933 0.4472
vn 0.2851 0.8933 -0.3474
vn -0.1305 0.8933 -0.4300
vn -0.1304 0.8933 0.4300
vn 0.3474 0.8933 -0.2851
vn -0.0440 0.8933 -0.4472
vn -0.2118 0.8933 0.3963
vn 0.3963 0.8933 -0.2118
vn -0.2851 0.8933 0.3474
vn 0.4300 0.8933 -0.1304
vn -0.3474 0.8933 0.2851
vn 0.4472 0.8933 -0.0440
vn -0.3963 0.8933 0.2118
vn 0.4472 0.8933 0.0440
vn -0.4300 0.8933 0.1304
vn 0.4300 0.8933 0.1304
vn -0.4472 0.8933 0.0440
vn 0.3963 0.8933 0.2118
vn -0.4472 0.8933 -0.0440
vn 0.3474 0.8933 0.2851
vn -0.4300 0.8933 -0.1304
vn 0.2851 0.8933 0.3474
vn -0.3963 0.8933 -0.2118
vn 0.2118 0.8933 0.3963
vn 0.0440 0.8933 -0.4472
vn -0.3474 0.8933 -0.2851
vn 0.1304 0.8933 0.4300
vn 0.1305 0.8933 -0.4300
vn -0.2851 0.8933 -0.3474
vn 0.0440 0.8933 0.4472
vn 0.2118 0.8933 -0.3963
vt 1.000000 0.500000
vt 1.000000 1.000000
vt 0.968750 1.000000
vt 0.968750 0.500000
vt 0.937500 1.000000
vt 0.937500 0.500000
vt 0.906250 1.000000
vt 0.906250 0.500000
vt 0.875000 1.000000
vt 0.875000 0.500000
vt 0.843750 1.000000
vt 0.843750 0.500000
vt 0.812500 1.000000
vt 0.812500 0.500000
vt 0.781250 1.000000
vt 0.781250 0.500000
vt 0.750000 1.000000
vt 0.750000 0.500000
vt 0.718750 1.000000
vt 0.718750 0.500000
vt 0.687500 1.000000
vt 0.687500 0.500000
vt 0.656250 1.000000
vt 0.656250 0.500000
vt 0.625000 1.000000
vt 0.625000 0.500000
vt 0.593750 1.000000
vt 0.593750 0.500000
vt 0.562500 1.000000
vt 0.562500 0.500000
vt 0.531250 1.000000
vt 0.531250 0.500000
vt 0.500000 1.000000
vt 0.500000 0.500000
vt 0.468750 1.000000
vt 0.468750 0.500000
vt 0.437500 1.000000
vt 0.437500 0.500000
vt 0.406250 1.000000
vt 0.406250 0.500000
vt 0.375000 1.000000
vt 0.375000 0.500000
vt 0.343750 1.000000
vt 0.343750 0.500000
vt 0.312500 1.000000
vt 0.312500 0.500000
vt 0.281250 1.000000
vt 0.281250 0.500000
vt 0.250000 1.000000
vt 0.250000 0.500000
vt 0.218750 1.000000
vt 0.218750 0.500000
vt 0.187500 1.000000
vt 0.187500 0.500000
vt 0.156250 1.000000
vt 0.156250 0.500000
vt 0.125000 1.000000
vt 0.125000 0.500000
vt 0.093750 1.000000
vt 0.093750 0.500000
vt 0.062500 1.000000
vt 0.062500 0.500000
vt 0.031250 1.000000
vt 0.031250 0.500000
vt 0.000000 1.000000
vt 0.000000 0.500000
vt 0.750000 0.490000
vt 0.796822 0.485388
vt 0.841844 0.471731
vt 0.883337 0.449553
vt 0.919706 0.419706
vt 0.949553 0.383337
vt 0.971731 0.341844
vt 0.985388 0.296822
vt 0.990000 0.250000
vt 0.985388 0.203178
vt 0.971731 0.158156
vt 0.949553 0.116663
vt 0.919706 0.080294
vt 0.883337 0.050447
vt 0.841844 0.028269
vt 0.796822 0.014612
vt 0.750000 0.010000
vt 0.703178 0.014612
vt 0.658156 0.028269
vt 0.616663 0.050447
vt 0.580294 0.080294
vt 0.550447 0.116663
vt 0.528269 0.158156
vt 0.514612 0.203178
vt 0.510000 0.250000
vt 0.514612 0.296822
vt 0.528269 0.341844
vt 0.550447 0.383337
vt 0.580294 0.419706
vt 0.616663 0.449553
vt 0.658156 0.471731
vt 0.703178 0.485388
vt 0.296822 0.485388
vt 0.250000 0.490000
vt 0.203178 0.485388
vt 0.158156 0.471731
vt 0.116663 0.449553
vt 0.080294 0.419706
vt 0.050447 0.383337
vt 0.028269 0.341844
vt 0.014612 0.296822
vt 0.010000 0.250000
vt 0.014612 0.203178
vt 0.028269 0.158156
vt 0.050447 0.116663
vt 0.080294 0.080294
vt 0.116663 0.050447
vt 0.158156 0.028269
vt 0.203178 0.014612
vt 0.250000 0.010000
vt 0.296822 0.014612
vt 0.341844 0.028269
vt 0.383337 0.050447
vt 0.419706 0.080294
vt 0.449553 0.116663
vt 0.471731 0.158156
vt 0.485388 0.203178
vt 0.490000 0.250000
vt 0.485388 0.296822
vt 0.471731 0.341844
vt 0.449553 0.383337
vt 0.419706 0.419706
vt 0.383337 0.449553
vt 0.341844 0.471731
s 0
usemtl Material
f 1/1/1 2/2/1 4/3/1 3/4/1
f 3/4/2 4/3/2 6/5/2 5/6/2
f 5/6/3 6/5/3 8/7/3 7/8/3
f 7/8/4 8/7/4 10/9/4 9/10/4
f 9/10/5 10/9/5 12/11/5 11/12/5
f 11/12/6 12/11/6 14/13/6 13/14/6
f 13/14/7 14/13/7 16/15/7 15/16/7
f 15/16/8 16/15/8 18/17/8 17/18/8
f 17/18/9 18/17/9 20/19/9 19/20/9
f 19/20/10 20/19/10 22/21/10 21/22/10
f 21/22/11 22/21/11 24/23/11 23/24/11
f 23/24/12 24/23/12 26/25/12 25/26/12
f 25/26/13 26/25/13 28/27/13 27/28/13
f 27/28/14 28/27/14 30/29/14 29/30/14
f 29/30/15 30/29/15 32/31/15 31/32/15
f 31/32/16 32/31/16 34/33/16 33/34/16
f 33/34/17 34/33/17 36/35/17 35/36/17
f 35/36/18 36/35/18 38/37/18 37/38/18
f 37/38/19 38/37/19 40/39/19 39/40/19
f 39/40/20 40/39/20 42/41/20 41/42/20
f 41/42/21 42/41/21 44/43/21 43/44/21
f 43/44/22 44/43/22 46/45/22 45/46/22
f 45/46/23 46/45/23 48/47/23 47/48/23
f 47/48/24 48/47/24 50/49/24 49/50/24
f 49/50/25 50/49/25 52/51/25 51/52/25
f 51/52/26 52/51/26 54/53/26 53/54/26
f 53/54/27 54/53/27 56/55/27 55/56/27
f 55/56/28 56/55/28 58/57/28 57/58/28
f 57/58/29 58/57/29 60/59/29 59/60/29
f 59/60/30 60/59/30 62/61/30 61/62/30
f 18/17/8 16/15/8 72/15/8 73/17/8
f 61/62/31 62/61/31 64/63/31 63/64/31
f 63/64/32 64/63/32 2/65/32 1/66/32
f 1/67/33 3/68/33 5/69/33 7/70/33 9/71/33 11/72/33 13/73/33 15/74/33 17/75/33 19/76/33 21/77/33 23/78/33 25/79/33 27/80/33 29/81/33 31/82/33 33/83/33 35/84/33 37/85/33 39/86/33 41/87/33 43/88/33 45/89/33 47/90/33 49/91/33 51/92/33 53/93/33 55/94/33 57/95/33 59/96/33 61/97/33 63/98/33
f 87/45/22 86/43/22 118/43/22 119/45/22
f 36/35/17 34/33/17 81/33/17 82/35/17
f 54/53/26 52/51/26 90/51/26 91/53/26
f 10/9/4 8/7/4 68/7/4 69/9/4
f 28/27/13 26/25/13 77/25/13 78/27/13
f 46/45/22 44/43/22 86/43/22 87/45/22
f 64/63/31 62/61/31 95/61/31 96/63/31
f 20/19/9 18/17/9 73/17/9 74/19/9
f 38/37/18 36/35/18 82/35/18 83/37/18
f 56/55/27 54/53/27 91/53/27 92/55/27
f 12/11/5 10/9/5 69/9/5 70/11/5
f 30/29/14 28/27/14 78/27/14 79/29/14
f 48/47/23 46/45/23 87/45/23 88/47/23
f 4/3/1 2/2/1 66/2/1 65/3/1
f 2/65/32 64/63/32 96/63/32 66/65/32
f 22/21/10 20/19/10 74/19/10 75/21/10
f 40/39/19 38/37/19 83/37/19 84/39/19
f 58/57/28 56/55/28 92/55/28 93/57/28
f 14/13/6 12/11/6 70/11/6 71/13/6
f 32/31/15 30/29/15 79/29/15 80/31/15
f 50/49/24 48/47/24 88/47/24 89/49/24
f 6/5/2 4/3/2 65/3/2 67/5/2
f 24/23/11 22/21/11 75/21/11 76/23/11
f 42/41/20 40/39/20 84/39/20 85/41/20
f 60/59/29 58/57/29 93/57/29 94/59/29
f 16/15/7 14/13/7 71/13/7 72/15/7
f 34/33/16 32/31/16 80/31/16 81/33/16
f 52/51/25 50/49/25 89/49/25 90/51/25
f 8/7/3 6/5/3 67/5/3 68/7/3
f 26/25/12 24/23/12 76/23/12 77/25/12
f 44/43/21 42/41/21 85/41/21 86/43/21
f 62/61/30 60/59/30 94/59/30 95/61/30
f 107/21/34 106/19/34 138/19/34 139/21/34
f 74/19/9 73/17/9 105/17/9 106/19/9
f 88/47/23 87/45/23 119/45/23 120/47/23
f 75/21/10 74/19/10 106/19/10 107/21/10
f 89/49/24 88/47/24 120/47/24 121/49/24
f 76/23/11 75/21/11 107/21/11 108/23/11
f 90/51/25 89/49/25 121/49/25 122/51/25
f 77/25/12 76/23/12 108/23/12 109/25/12
f 91/53/26 90/51/26 122/51/26 123/53/26
f 78/27/13 77/25/13 109/25/13 110/27/13
f 92/55/27 91/53/27 123/53/27 124/55/27
f 79/29/14 78/27/14 110/27/14 111/29/14
f 65/3/1 66/2/1 98/2/1 97/3/1
f 93/57/28 92/55/28 124/55/28 125/57/28
f 80/31/15 79/29/15 111/29/15 112/31/15
f 67/5/2 65/3/2 97/3/2 99/5/2
f 94/59/29 93/57/29 125/57/29 126/59/29
f 81/33/16 80/31/16 112/31/16 113/33/16
f 68/7/3 67/5/3 99/5/3 100/7/3
f 95/61/30 94/59/30 126/59/30 127/61/30
f 82/35/17 81/33/17 113/33/17 114/35/17
f 69/9/4 68/7/4 100/7/4 101/9/4
f 96/63/31 95/61/31 127/61/31 128/63/31
f 83/37/18 82/35/18 114/35/18 115/37/18
f 70/11/5 69/9/5 101/9/5 102/11/5
f 66/65/32 96/63/32 128/63/32 98/65/32
f 84/39/19 83/37/19 115/37/19 116/39/19
f 71/13/6 70/11/6 102/11/6 103/13/6
f 85/41/20 84/39/20 116/39/20 117/41/20
f 72/15/7 71/13/7 103/13/7 104/15/7
f 86/43/21 85/41/21 117/41/21 118/43/21
f 73/17/8 72/15/8 104/15/8 105/17/8
f 156/55/35 155/53/35 187/53/35 188/55/35
f 121/49/36 120/47/36 152/47/36 153/49/36
f 108/23/37 107/21/37 139/21/37 140/23/37
f 122/51/38 121/49/38 153/49/38 154/51/38
f 109/25/39 108/23/39 140/23/39 141/25/39
f 123/53/40 122/51/40 154/51/40 155/53/40
f 110/27/41 109/25/41 141/25/41 142/27/41
f 124/55/42 123/53/42 155/53/42 156/55/42
f 111/29/43 110/27/43 142/27/43 143/29/43
f 97/3/44 98/2/44 130/2/44 129/3/44
f 125/57/45 124/55/45 156/55/45 157/57/45
f 112/31/46 111/29/46 143/29/46 144/31/46
f 99/5/47 97/3/47 129/3/47 131/5/47
f 126/59/48 125/57/48 157/57/48 158/59/48
f 113/33/49 112/31/49 144/31/49 145/33/49
f 100/7/50 99/5/50 131/5/50 132/7/50
f 127/61/51 126/59/51 158/59/51 159/61/51
f 114/35/52 113/33/52 145/33/52 146/35/52
f 101/9/53 100/7/53 132/7/53 133/9/53
f 128/63/54 127/61/54 159/61/54 160/63/54
f 115/37/55 114/35/55 146/35/55 147/37/55
f 102/11/56 101/9/56 133/9/56 134/11/56
f 98/65/57 128/63/57 160/63/57 130/65/57
f 116/39/58 115/37/58 147/37/58 148/39/58
f 103/13/59 102/11/59 134/11/59 135/13/59
f 117/41/60 116/39/60 148/39/60 149/41/60
f 104/15/61 103/13/61 135/13/61 136/15/61
f 118/43/62 117/41/62 149/41/62 150/43/62
f 105/17/63 104/15/63 136/15/63 137/17/63
f 119/45/64 118/43/64 150/43/64 151/45/64
f 106/19/65 105/17/65 137/17/65 138/19/65
f 120/47/66 119/45/66 151/45/66 152/47/66
f 191/61/67 190/59/67 222/59/67 223/61/67
f 143/29/68 142/27/68 174/27/68 175/29/68
f 129/3/69 130/2/69 162/2/69 161/3/69
f 157/57/70 156/55/70 188/55/70 189/57/70
f 144/31/71 143/29/71 175/29/71 176/31/71
f 131/5/72 129/3/72 161/3/72 163/5/72
f 158/59/73 157/57/73 189/57/73 190/59/73
f 145/33/74 144/31/74 176/31/74 177/33/74
f 132/7/75 131/5/75 163/5/75 164/7/75
f 159/61/76 158/59/76 190/59/76 191/61/76
f 146/35/77 145/33/77 177/33/77 178/35/77
f 133/9/78 132/7/78 164/7/78 165/9/78
f 160/63/79 159/61/79 191/61/79 192/63/79
f 147/37/80 146/35/80 178/35/80 179/37/80
f 134/11/81 133/9/81 165/9/81 166/11/81
f 130/65/82 160/63/82 192/63/82 162/65/82
f 148/39/83 147/37/83 179/37/83 180/39/83
f 135/13/84 134/11/84 166/11/84 167/13/84
f 149/41/85 148/39/85 180/39/85 181/41/85
f 136/15/86 135/13/86 167/13/86 168/15/86
f 150/43/87 149/41/87 181/41/87 182/43/87
f 137/17/88 136/15/88 168/15/88 169/17/88
f 151/45/89 150/43/89 182/43/89 183/45/89
f 138/19/90 137/17/90 169/17/90 170/19/90
f 152/47/91 151/45/91 183/45/91 184/47/91
f 139/21/92 138/19/92 170/19/92 171/21/92
f 153/49/93 152/47/93 184/47/93 185/49/93
f 140/23/94 139/21/94 171/21/94 172/23/94
f 154/51/95 153/49/95 185/49/95 186/51/95
f 141/25/96 140/23/96 172/23/96 173/25/96
f 155/53/97 154/51/97 186/51/97 187/53/97
f 142/27/98 141/25/98 173/25/98 174/27/98
f 193/99/99 194/100/99 224/101/99 223/102/99 222/103/99 221/104/99 220/105/99 219/106/99 218/107/99 217/108/99 216/109/99 215/110/99 214/111/99 213/112/99 212/113/99 211/114/99 210/115/99 209/116/99 208/117/99 207/118/99 206/119/99 205/120/99 204/121/99 203/122/99 202/123/99 201/124/99 200/125/99 199/126/99 198/127/99 197/128/99 196/129/99 195/130/99
f 178/35/100 177/33/100 209/33/100 210/35/100
f 165/9/101 164/7/101 196/7/101 197/9/101
f 192/63/102 191/61/102 223/61/102 224/63/102
f 179/37/103 178/35/103 210/35/103 211/37/103
f 166/11/104 165/9/104 197/9/104 198/11/104
f 162/65/105 192/63/105 224/63/105 194/65/105
f 180/39/106 179/37/106 211/37/106 212/39/106
f 167/13/107 166/11/107 198/11/107 199/13/107
f 181/41/108 180/39/108 212/39/108 213/41/108
f 168/15/109 167/13/109 199/13/109 200/15/109
f 182/43/110 181/41/110 213/41/110 214/43/110
f 169/17/111 168/15/111 200/15/111 201/17/111
f 183/45/112 182/43/112 214/43/112 215/45/112
f 170/19/113 169/17/113 201/17/113 202/19/113
f 184/47/114 183/45/114 215/45/114 216/47/114
f 171/21/115 170/19/115 202/19/115 203/21/115
f 185/49/116 184/47/116 216/47/116 217/49/116
f 172/23/117 171/21/117 203/21/117 204/23/117
f 186/51/118 185/49/118 217/49/118 218/51/118
f 173/25/119 172/23/119 204/23/119 205/25/119
f 187/53/120 186/51/120 218/51/120 219/53/120
f 174/27/121 173/25/121 205/25/121 206/27/121
f 188/55/122 187/53/122 219/53/122 220/55/122
f 175/29/123 174/27/123 206/27/123 207/29/123
f 161/3/124 162/2/124 194/2/124 193/3/124
f 189/57/125 188/55/125 220/55/125 221/57/125
f 176/31/126 175/29/126 207/29/126 208/31/126
f 163/5/127 161/3/127 193/3/127 195/5/127
f 190/59/128 189/57/128 221/57/128 222/59/128
f 177/33/129 176/31/129 208/31/129 209/33/129
f 164/7/130 163/5/130 195/5/130 196/7/130
o Cylinder.001
v 0.000000 0.157302 -1.051377
v 0.000000 0.880056 -1.051377
v 0.205114 0.157302 -1.031175
v 0.205114 0.880056 -1.031175
v 0.402345 0.157302 -0.971346
v 0.402345 0.880056 -0.971346
v 0.584114 0.157302 -0.874188
v 0.584114 0.880056 -0.874188
v 0.743436 0.157302 -0.743436
v 0.743436 0.880056 -0.743436
v 0.874188 0.157302 -0.584114
v 0.874188 0.880056 -0.584114
v 0.971346 0.157302 -0.402345
v 0.971346 0.880056 -0.402345
v 1.031175 0.157302 -0.205114
v 1.031175 0.880056 -0.205114
v 1.051377 0.157302 0.000000
v 1.051377 0.880056 0.000000
v 1.031175 0.157302 0.205114
v 1.031175 0.880056 0.205114
v 0.971346 0.157302 0.402345
v 0.971346 0.880056 0.402345
v 0.874188 0.157302 0.584114
v 0.874188 0.880056 0.584114
v 0.743436 0.157302 0.743436
v 0.743436 0.880056 0.743436
v 0.584114 0.157302 0.874188
v 0.584114 0.880056 0.874188
v 0.402345 0.157302 0.971346
v 0.402345 0.880056 0.971346
v 0.205114 0.157302 1.031175
v 0.205114 0.880056 1.031175
v 0.000000 0.157302 1.051377
v 0.000000 0.880056 1.051377
v -0.205114 0.157302 1.031175
v -0.205114 0.880056 1.031175
v -0.402345 0.157302 0.971346
v -0.402345 0.880056 0.971346
v -0.584114 0.157302 0.874188
v -0.584114 0.880056 0.874188
v -0.743436 0.157302 0.743436
v -0.743436 0.880056 0.743436
v -0.874188 0.157302 0.584114
v -0.874188 0.880056 0.584114
v -0.971346 0.157302 0.402345
v -0.971346 0.880056 0.402345
v -1.031175 0.157302 0.205114
v -1.031175 0.880056 0.205114
v -1.051377 0.157302 0.000000
v -1.051377 0.880056 0.000000
v -1.031175 0.157302 -0.205114
v -1.031175 0.880056 -0.205114
v -0.971346 0.157302 -0.402345
v -0.971346 0.880056 -0.402345
v -0.874188 0.157302 -0.584114
v -0.874188 0.880056 -0.584114
v -0.743436 0.157302 -0.743436
v -0.743436 0.880056 -0.743436
v -0.584114 0.157302 -0.874188
v -0.584114 0.880056 -0.874188
v -0.402345 0.157302 -0.971346
v -0.402345 0.880056 -0.971346
v -0.205114 0.157302 -1.031175
v -0.205114 0.880056 -1.031175
vn 0.0980 -0.0000 -0.9952
vn 0.2903 -0.0000 -0.9569
vn 0.4714 -0.0000 -0.8819
vn 0.6344 -0.0000 -0.7730
vn 0.7730 -0.0000 -0.6344
vn 0.8819 -0.0000 -0.4714
vn 0.9569 -0.0000 -0.2903
vn 0.9952 -0.0000 -0.0980
vn 0.9952 -0.0000 0.0980
vn 0.9569 -0.0000 0.2903
vn 0.8819 -0.0000 0.4714
vn 0.7730 -0.0000 0.6344
vn 0.6344 -0.0000 0.7730
vn 0.4714 -0.0000 0.8819
vn 0.2903 -0.0000 0.9569
vn 0.0980 -0.0000 0.9952
vn -0.0980 -0.0000 0.9952
vn -0.2903 -0.0000 0.9569
vn -0.4714 -0.0000 0.8819
vn -0.6344 -0.0000 0.7730
vn -0.7730 -0.0000 0.6344
vn -0.8819 -0.0000 0.4714
vn -0.9569 -0.0000 0.2903
vn -0.9952 -0.0000 0.0980
vn -0.9952 -0.0000 -0.0980
vn -0.9569 -0.0000 -0.2903
vn -0.8819 -0.0000 -0.4714
vn -0.7730 -0.0000 -0.6344
vn -0.6344 -0.0000 -0.7730
vn -0.4714 -0.0000 -0.8819
vn -0.0000 1.0000 -0.0000
vn -0.2903 -0.0000 -0.9569
vn -0.0980 -0.0000 -0.9952
vn -0.0000 -1.0000 -0.0000
vt 1.000000 0.500000
vt 1.000000 1.000000
vt 0.968750 1.000000
vt 0.968750 0.500000
vt 0.937500 1.000000
vt 0.937500 0.500000
vt 0.906250 1.000000
vt 0.906250 0.500000
vt 0.875000 1.000000
vt 0.875000 0.500000
vt 0.843750 1.000000
vt 0.843750 0.500000
vt 0.812500 1.000000
vt 0.812500 0.500000
vt 0.781250 1.000000
vt 0.781250 0.500000
vt 0.750000 1.000000
vt 0.750000 0.500000
vt 0.718750 1.000000
vt 0.718750 0.500000
vt 0.687500 1.000000
vt 0.687500 0.500000
vt 0.656250 1.000000
vt 0.656250 0.500000
vt 0.625000 1.000000
vt 0.625000 0.500000
vt 0.593750 1.000000
vt 0.593750 0.500000
vt 0.562500 1.000000
vt 0.562500 0.500000
vt 0.531250 1.000000
vt 0.531250 0.500000
vt 0.500000 1.000000
vt 0.500000 0.500000
vt 0.468750 1.000000
vt 0.468750 0.500000
vt 0.437500 1.000000
vt 0.437500 0.500000
vt 0.406250 1.000000
vt 0.406250 0.500000
vt 0.375000 1.000000
vt 0.375000 0.500000
vt 0.343750 1.000000
vt 0.343750 0.500000
vt 0.312500 1.000000
vt 0.312500 0.500000
vt 0.281250 1.000000
vt 0.281250 0.500000
vt 0.250000 1.000000
vt 0.250000 0.500000
vt 0.218750 1.000000
vt 0.218750 0.500000
vt 0.187500 1.000000
vt 0.187500 0.500000
vt 0.156250 1.000000
vt 0.156250 0.500000
vt 0.125000 1.000000
vt 0.125000 0.500000
vt 0.093750 1.000000
vt 0.093750 0.500000
vt 0.062500 1.000000
vt 0.062500 0.500000
vt 0.296822 0.485388
vt 0.250000 0.490000
vt 0.203178 0.485388
vt 0.158156 0.471731
vt 0.116663 0.449553
vt 0.080294 0.419706
vt 0.050447 0.383337
vt 0.028269 0.341844
vt 0.014612 0.296822
vt 0.010000 0.250000
vt 0.014612 0.203178
vt 0.028269 0.158156
vt 0.050447 0.116663
vt 0.080294 0.080294
vt 0.116663 0.050447
vt 0.158156 0.028269
vt 0.203178 0.014612
vt 0.250000 0.010000
vt 0.296822 0.014612
vt 0.341844 0.028269
vt 0.383337 0.050447
vt 0.419706 0.080294
vt 0.449553 0.116663
vt 0.471731 0.158156
vt 0.485388 0.203178
vt 0.490000 0.250000
vt 0.485388 0.296822
vt 0.471731 0.341844
vt 0.449553 0.383337
vt 0.419706 0.419706
vt 0.383337 0.449553
vt 0.341844 0.471731
vt 0.031250 1.000000
vt 0.031250 0.500000
vt 0.000000 1.000000
vt 0.000000 0.500000
vt 0.750000 0.490000
vt 0.796822 0.485388
vt 0.841844 0.471731
vt 0.883337 0.449553
vt 0.919706 0.419706
vt 0.949553 0.383337
vt 0.971731 0.341844
vt 0.985388 0.296822
vt 0.990000 0.250000
vt 0.985388 0.203178
vt 0.971731 0.158156
vt 0.949553 0.116663
vt 0.919706 0.080294
vt 0.883337 0.050447
vt 0.841844 0.028269
vt 0.796822 0.014612
vt 0.750000 0.010000
vt 0.703178 0.014612
vt 0.658156 0.028269
vt 0.616663 0.050447
vt 0.580294 0.080294
vt 0.550447 0.116663
vt 0.528269 0.158156
vt 0.514612 0.203178
vt 0.510000 0.250000
vt 0.514612 0.296822
vt 0.528269 0.341844
vt 0.550447 0.383337
vt 0.580294 0.419706
vt 0.616663 0.449553
vt 0.658156 0.471731
vt 0.703178 0.485388
s 0
usemtl Material.002
f 225/131/131 226/132/131 228/133/131 227/134/131
f 227/134/132 228/133/132 230/135/132 229/136/132
f 229/136/133 230/135/133 232/137/133 231/138/133
f 231/138/134 232/137/134 234/139/134 233/140/134
f 233/140/135 234/139/135 236/141/135 235/142/135
f 235/142/136 236/141/136 238/143/136 237/144/136
f 237/144/137 238/143/137 240/145/137 239/146/137
f 239/146/138 240/145/138 242/147/138 241/148/138
f 241/148/139 242/147/139 244/149/139 243/150/139
f 243/150/140 244/149/140 246/151/140 245/152/140
f 245/152/141 246/151/141 248/153/141 247/154/141
f 247/154/142 248/153/142 250/155/142 249/156/142
f 249/156/143 250/155/143 252/157/143 251/158/143
f 251/158/144 252/157/144 254/159/144 253/160/144
f 253/160/145 254/159/145 256/161/145 255/162/145
f 255/162/146 256/161/146 258/163/146 257/164/146
f 257/164/147 258/163/147 260/165/147 259/166/147
f 259/166/148 260/165/148 262/167/148 261/168/148
f 261/168/149 262/167/149 264/169/149 263/170/149
f 263/170/150 264/169/150 266/171/150 265/172/150
f 265/172/151 266/171/151 268/173/151 267/174/151
f 267/174/152 268/173/152 270/175/152 269/176/152
f 269/176/153 270/175/153 272/177/153 271/178/153
f 271/178/154 272/177/154 274/179/154 273/180/154
f 273/180/155 274/179/155 276/181/155 275/182/155
f 275/182/156 276/181/156 278/183/156 277/184/156
f 277/184/157 278/183/157 280/185/157 279/186/157
f 279/186/158 280/185/158 282/187/158 281/188/158
f 281/188/159 282/187/159 284/189/159 283/190/159
f 283/190/160 284/189/160 286/191/160 285/192/160
f 228/193/161 226/194/161 288/195/161 286/196/161 284/197/161 282/198/161 280/199/161 278/200/161 276/201/161 274/202/161 272/203/161 270/204/161 268/205/161 266/206/161 264/207/161 262/208/161 260/209/161 258/210/161 256/211/161 254/212/161 252/213/161 250/214/161 248/215/161 246/216/161 244/217/161 242/218/161 240/219/161 238/220/161 236/221/161 234/222/161 232/223/161 230/224/161
f 285/192/162 286/191/162 288/225/162 287/226/162
f 287/226/163 288/225/163 226/227/163 225/228/163
f 225/229/164 227/230/164 229/231/164 231/232/164 233/233/164 235/234/164 237/235/164 239/236/164 241/237/164 243/238/164 245/239/164 247/240/164 249/241/164 251/242/164 253/243/164 255/244/164 257/245/164 259/246/164 261/247/164 263/248/164 265/249/164 267/250/164 269/251/164 271/252/164 273/253/164 275/254/164 277/255/164 279/256/164 281/257/164 283/258/164 285/259/164 287/260/164
o Cylinder.002
v 0.000000 0.881729 -1.051377
v 0.000000 1.604483 -1.051377
v 0.205114 0.881729 -1.031175
v 0.205114 1.604483 -1.031175
v 0.402345 0.881729 -0.971346
v 0.402345 1.604483 -0.971346
v 0.584114 0.881729 -0.874188
v 0.584114 1.604483 -0.874188
v 0.743436 0.881729 -0.743436
v 0.743436 1.604483 -0.743436
v 0.874188 0.881729 -0.584114
v 0.874188 1.604483 -0.584114
v 0.971346 0.881729 -0.402345
v 0.971346 1.604483 -0.402345
v 1.031175 0.881729 -0.205114
v 1.031175 1.604483 -0.205114
v 1.051377 0.881729 0.000000
v 1.051377 1.604483 0.000000
v 1.031175 0.881729 0.205114
v 1.031175 1.604483 0.205114
v 0.971346 0.881729 0.402345
v 0.971346 1.604483 0.402345
v 0.874188 0.881729 0.584114
v 0.874188 1.604483 0.584114
v 0.743436 0.881729 0.743436
v 0.743436 1.604483 0.743436
v 0.584114 0.881729 0.874188
v 0.584114 1.604483 0.874188
v 0.402345 0.881729 0.971346
v 0.402345 1.604483 0.971346
v 0.205114 0.881729 1.031175
v 0.205114 1.604483 1.031175
v 0.000000 0.881729 1.051377
v 0.000000 1.604483 1.051377
v -0.205114 0.881729 1.031175
v -0.205114 1.604483 1.031175
v -0.402345 0.881729 0.971346
v -0.402345 1.604483 0.971346
v -0.584114 0.881729 0.874188
v -0.584114 1.604483 0.874188
v -0.743436 0.881729 0.743436
v -0.743436 1.604483 0.743436
v -0.874188 0.881729 0.584114
v -0.874188 1.604483 0.584114
v -0.971346 0.881729 0.402345
v -0.971346 1.604483 0.402345
v -1.031175 0.881729 0.205114
v -1.031175 1.604483 0.205114
v -1.051377 0.881729 0.000000
v -1.051377 1.604483 0.000000
v -1.031175 0.881729 -0.205114
v -1.031175 1.604483 -0.205114
v -0.971346 0.881729 -0.402345
v -0.971346 1.604483 -0.402345
v -0.874188 0.881729 -0.584114
v -0.874188 1.604483 -0.584114
v -0.743436 0.881729 -0.743436
v -0.743436 1.604483 -0.743436
v -0.584114 0.881729 -0.874188
v -0.584114 1.604483 -0.874188
v -0.402345 0.881729 -0.971346
v -0.402345 1.604483 -0.971346
v -0.205114 0.881729 -1.031175
v -0.205114 1.604483 -1.031175
vn 0.0980 -0.0000 -0.9952
vn 0.2903 -0.0000 -0.9569
vn 0.4714 -0.0000 -0.8819
vn 0.6344 -0.0000 -0.7730
vn 0.7730 -0.0000 -0.6344
vn 0.8819 -0.0000 -0.4714
vn 0.9569 -0.0000 -0.2903
vn 0.9952 -0.0000 -0.0980
vn 0.9952 -0.0000 0.0980
vn 0.9569 -0.0000 0.2903
vn 0.8819 -0.0000 0.4714
vn 0.7730 -0.0000 0.6344
vn 0.6344 -0.0000 0.7730
vn 0.4714 -0.0000 0.8819
vn 0.2903 -0.0000 0.9569
vn 0.0980 -0.0000 0.9952
vn -0.0980 -0.0000 0.9952
vn -0.2903 -0.0000 0.9569
vn -0.4714 -0.0000 0.8819
vn -0.6344 -0.0000 0.7730
vn -0.7730 -0.0000 0.6344
vn -0.8819 -0.0000 0.4714
vn -0.9569 -0.0000 0.2903
vn -0.9952 -0.0000 0.0980
vn -0.9952 -0.0000 -0.0980
vn -0.9569 -0.0000 -0.2903
vn -0.8819 -0.0000 -0.4714
vn -0.7730 -0.0000 -0.6344
vn -0.6344 -0.0000 -0.7730
vn -0.4714 -0.0000 -0.8819
vn -0.0000 1.0000 -0.0000
vn -0.2903 -0.0000 -0.9569
vn -0.0980 -0.0000 -0.9952
vn -0.0000 -1.0000 -0.0000
vt 1.000000 0.500000
vt 1.000000 1.000000
vt 0.968750 1.000000
vt 0.968750 0.500000
vt 0.937500 1.000000
vt 0.937500 0.500000
vt 0.906250 1.000000
vt 0.906250 0.500000
vt 0.875000 1.000000
vt 0.875000 0.500000
vt 0.843750 1.000000
vt 0.843750 0.500000
vt 0.812500 1.000000
vt 0.812500 0.500000
vt 0.781250 1.000000
vt 0.781250 0.500000
vt 0.750000 1.000000
vt 0.750000 0.500000
vt 0.718750 1.000000
vt 0.718750 0.500000
vt 0.687500 1.000000
vt 0.687500 0.500000
vt 0.656250 1.000000
vt 0.656250 0.500000
vt 0.625000 1.000000
vt 0.625000 0.500000
vt 0.593750 1.000000
vt 0.593750 0.500000
vt 0.562500 1.000000
vt 0.562500 0.500000
vt 0.531250 1.000000
vt 0.531250 0.500000
vt 0.500000 1.000000
vt 0.500000 0.500000
vt 0.468750 1.000000
vt 0.468750 0.500000
vt 0.437500 1.000000
vt 0.437500 0.500000
vt 0.406250 1.000000
vt 0.406250 0.500000
vt 0.375000 1.000000
vt 0.375000 0.500000
vt 0.343750 1.000000
vt 0.343750 0.500000
vt 0.312500 1.000000
vt 0.312500 0.500000
vt 0.281250 1.000000
vt 0.281250 0.500000
vt 0.250000 1.000000
vt 0.250000 0.500000
vt 0.218750 1.000000
vt 0.218750 0.500000
vt 0.187500 1.000000
vt 0.187500 0.500000
vt 0.156250 1.000000
vt 0.156250 0.500000
vt 0.125000 1.000000
vt 0.125000 0.500000
vt 0.093750 1.000000
vt 0.093750 0.500000
vt 0.062500 1.000000
vt 0.062500 0.500000
vt 0.296822 0.485388
vt 0.250000 0.490000
vt 0.203178 0.485388
vt 0.158156 0.471731
vt 0.116663 0.449553
vt 0.080294 0.419706
vt 0.050447 0.383337
vt 0.028269 0.341844
vt 0.014612 0.296822
vt 0.010000 0.250000
vt 0.014612 0.203178
vt 0.028269 0.158156
vt 0.050447 0.116663
vt 0.080294 0.080294
vt 0.116663 0.050447
vt 0.158156 0.028269
vt 0.203178 0.014612
vt 0.250000 0.010000
vt 0.296822 0.014612
vt 0.341844 0.028269
vt 0.383337 0.050447
vt 0.419706 0.080294
vt 0.449553 0.116663
vt 0.471731 0.158156
vt 0.485388 0.203178
vt 0.490000 0.250000
vt 0.485388 0.296822
vt 0.471731 0.341844
vt 0.449553 0.383337
vt 0.419706 0.419706
vt 0.383337 0.449553
vt 0.341844 0.471731
vt 0.031250 1.000000
vt 0.031250 0.500000
vt 0.000000 1.000000
vt 0.000000 0.500000
vt 0.750000 0.490000
vt 0.796822 0.485388
vt 0.841844 0.471731
vt 0.883337 0.449553
vt 0.919706 0.419706
vt 0.949553 0.383337
vt 0.971731 0.341844
vt 0.985388 0.296822
vt 0.990000 0.250000
vt 0.985388 0.203178
vt 0.971731 0.158156
vt 0.949553 0.116663
vt 0.919706 0.080294
vt 0.883337 0.050447
vt 0.841844 0.028269
vt 0.796822 0.014612
vt 0.750000 0.010000
vt 0.703178 0.014612
vt 0.658156 0.028269
vt 0.616663 0.050447
vt 0.580294 0.080294
vt 0.550447 0.116663
vt 0.528269 0.158156
vt 0.514612 0.203178
vt 0.510000 0.250000
vt 0.514612 0.296822
vt 0.528269 0.341844
vt 0.550447 0.383337
vt 0.580294 0.419706
vt 0.616663 0.449553
vt 0.658156 0.471731
vt 0.703178 0.485388
s 0
f 289/261/165 290/262/165 292/263/165 291/264/165
f 291/264/166 292/263/166 294/265/166 293/266/166
f 293/266/167 294/265/167 296/267/167 295/268/167
f 295/268/168 296/267/168 298/269/168 297/270/168
f 297/270/169 298/269/169 300/271/169 299/272/169
f 299/272/170 300/271/170 302/273/170 301/274/170
f 301/274/171 302/273/171 304/275/171 303/276/171
f 303/276/172 304/275/172 306/277/172 305/278/172
f 305/278/173 306/277/173 308/279/173 307/280/173
f 307/280/174 308/279/174 310/281/174 309/282/174
f 309/282/175 310/281/175 312/283/175 311/284/175
f 311/284/176 312/283/176 314/285/176 313/286/176
f 313/286/177 314/285/177 316/287/177 315/288/177
f 315/288/178 316/287/178 318/289/178 317/290/178
f 317/290/179 318/289/179 320/291/179 319/292/179
f 319/292/180 320/291/180 322/293/180 321/294/180
f 321/294/181 322/293/181 324/295/181 323/296/181
f 323/296/182 324/295/182 326/297/182 325/298/182
f 325/298/183 326/297/183 328/299/183 327/300/183
f 327/300/184 328/299/184 330/301/184 329/302/184
f 329/302/185 330/301/185 332/303/185 331/304/185
f 331/304/186 332/303/186 334/305/186 333/306/186
f 333/306/187 334/305/187 336/307/187 335/308/187
f 335/308/188 336/307/188 338/309/188 337/310/188
f 337/310/189 338/309/189 340/311/189 339/312/189
f 339/312/190 340/311/190 342/313/190 341/314/190
f 341/314/191 342/313/191 344/315/191 343/316/191
f 343/316/192 344/315/192 346/317/192 345/318/192
f 345/318/193 346/317/193 348/319/193 347/320/193
f 347/320/194 348/319/194 350/321/194 349/322/194
f 292/323/195 290/324/195 352/325/195 350/326/195 348/327/195 346/328/195 344/329/195 342/330/195 340/331/195 338/332/195 336/333/195 334/334/195 332/335/195 330/336/195 328/337/195 326/338/195 324/339/195 322/340/195 320/341/195 318/342/195 316/343/195 314/344/195 312/345/195 310/346/195 308/347/195 306/348/195 304/349/195 302/350/195 300/351/195 298/352/195 296/353/195 294/354/195
f 349/322/196 350/321/196 352/355/196 351/356/196
f 351/356/197 352/355/197 290/357/197 289/358/197
f 289/359/198 291/360/198 293/361/198 295/362/198 297/363/198 299/364/198 301/365/198 303/366/198 305/367/198 307/368/198 309/369/198 311/370/198 313/371/198 315/372/198 317/373/198 319/374/198 321/375/198 323/376/198 325/377/198 327/378/198 329/379/198 331/380/198 333/381/198 335/382/198 337/383/198 339/384/198 341/385/198 343/386/198 345/387/198 347/388/198 349/389/198 351/390/198
o Cylinder.003
v 0.000000 2.324358 -1.051377
v 0.000000 3.047112 -1.051377
v 0.205114 2.324358 -1.031175
v 0.205114 3.047112 -1.031175
v 0.402345 2.324358 -0.971346
v 0.402345 3.047112 -0.971346
v 0.584114 2.324358 -0.874188
v 0.584114 3.047112 -0.874188
v 0.743436 2.324358 -0.743436
v 0.743436 3.047112 -0.743436
v 0.874188 2.324358 -0.584114
v 0.874188 3.047112 -0.584114
v 0.971346 2.324358 -0.402345
v 0.971346 3.047112 -0.402345
v 1.031175 2.324358 -0.205114
v 1.031175 3.047112 -0.205114
v 1.051377 2.324358 0.000000
v 1.051377 3.047112 0.000000
v 1.031175 2.324358 0.205114
v 1.031175 3.047112 0.205114
v 0.971346 2.324358 0.402345
v 0.971346 3.047112 0.402345
v 0.874188 2.324358 0.584114
v 0.874188 3.047112 0.584114
v 0.743436 2.324358 0.743436
v 0.743436 3.047112 0.743436
v 0.584114 2.324358 0.874188
v 0.584114 3.047112 0.874188
v 0.402345 2.324358 0.971346
v 0.402345 3.047112 0.971346
v 0.205114 2.324358 1.031175
v 0.205114 3.047112 1.031175
v 0.000000 2.324358 1.051377
v 0.000000 3.047112 1.051377
v -0.205114 2.324358 1.031175
v -0.205114 3.047112 1.031175
v -0.402345 2.324358 0.971346
v -0.402345 3.047112 0.971346
v -0.584114 2.324358 0.874188
v -0.584114 3.047112 0.874188
v -0.743436 2.324358 0.743436
v -0.743436 3.047112 0.743436
v -0.874188 2.324358 0.584114
v -0.874188 3.047112 0.584114
v -0.971346 2.324358 0.402345
v -0.971346 3.047112 0.402345
v -1.031175 2.324358 0.205114
v -1.031175 3.047112 0.205114
v -1.051377 2.324358 0.000000
v -1.051377 3.047112 0.000000
v -1.031175 2.324358 -0.205114
v -1.031175 3.047112 -0.205114
v -0.971346 2.324358 -0.402345
v -0.971346 3.047112 -0.402345
v -0.874188 2.324358 -0.584114
v -0.874188 3.047112 -0.584114
v -0.743436 2.324358 -0.743436
v -0.743436 3.047112 -0.743436
v -0.584114 2.324358 -0.874188
v -0.584114 3.047112 -0.874188
v -0.402345 2.324358 -0.971346
v -0.402345 3.047112 -0.971346
v -0.205114 2.324358 -1.031175
v -0.205114 3.047112 -1.031175
vn 0.0980 -0.0000 -0.9952
vn 0.2903 -0.0000 -0.9569
vn 0.4714 -0.0000 -0.8819
vn 0.6344 -0.0000 -0.7730
vn 0.7730 -0.0000 -0.6344
vn 0.8819 -0.0000 -0.4714
vn 0.9569 -0.0000 -0.2903
vn 0.9952 -0.0000 -0.0980
vn 0.9952 -0.0000 0.0980
vn 0.9569 -0.0000 0.2903
vn 0.8819 -0.0000 0.4714
vn 0.7730 -0.0000 0.6344
vn 0.6344 -0.0000 0.7730
vn 0.4714 -0.0000 0.8819
vn 0.2903 -0.0000 0.9569
vn 0.0980 -0.0000 0.9952
vn -0.0980 -0.0000 0.9952
vn -0.2903 -0.0000 0.9569
vn -0.4714 -0.0000 0.8819
vn -0.6344 -0.0000 0.7730
vn -0.7730 -0.0000 0.6344
vn -0.8819 -0.0000 0.4714
vn -0.9569 -0.0000 0.2903
vn -0.9952 -0.0000 0.0980
vn -0.9952 -0.0000 -0.0980
vn -0.9569 -0.0000 -0.2903
vn -0.8819 -0.0000 -0.4714
vn -0.7730 -0.0000 -0.6344
vn -0.6344 -0.0000 -0.7730
vn -0.4714 -0.0000 -0.8819
vn -0.0000 1.0000 -0.0000
vn -0.2903 -0.0000 -0.9569
vn -0.0980 -0.0000 -0.9952
vn -0.0000 -1.0000 -0.0000
vt 1.000000 0.500000
vt 1.000000 1.000000
vt 0.968750 1.000000
vt 0.968750 0.500000
vt 0.937500 1.000000
vt 0.937500 0.500000
vt 0.906250 1.000000
vt 0.906250 0.500000
vt 0.875000 1.000000
vt 0.875000 0.500000
vt 0.843750 1.000000
vt 0.843750 0.500000
vt 0.812500 1.000000
vt 0.812500 0.500000
vt 0.781250 1.000000
vt 0.781250 0.500000
vt 0.750000 1.000000
vt 0.750000 0.500000
vt 0.718750 1.000000
vt 0.718750 0.500000
vt 0.687500 1.000000
vt 0.687500 0.500000
vt 0.656250 1.000000
vt 0.656250 0.500000
vt 0.625000 1.000000
vt 0.625000 0.500000
vt 0.593750 1.000000
vt 0.593750 0.500000
vt 0.562500 1.000000
vt 0.562500 0.500000
vt 0.531250 1.000000
vt 0.531250 0.500000
vt 0.500000 1.000000
vt 0.500000 0.500000
vt 0.468750 1.000000
vt 0.468750 0.500000
vt 0.437500 1.000000
vt 0.437500 0.500000
vt 0.406250 1.000000
vt 0.406250 0.500000
vt 0.375000 1.000000
vt 0.375000 0.500000
vt 0.343750 1.000000
vt 0.343750 0.500000
vt 0.312500 1.000000
vt 0.312500 0.500000
vt 0.281250 1.000000
vt 0.281250 0.500000
vt 0.250000 1.000000
vt 0.250000 0.500000
vt 0.218750 1.000000
vt 0.218750 0.500000
vt 0.187500 1.000000
vt 0.187500 0.500000
vt 0.156250 1.000000
vt 0.156250 0.500000
vt 0.125000 1.000000
vt 0.125000 0.500000
vt 0.093750 1.000000
vt 0.093750 0.500000
vt 0.062500 1.000000
vt 0.062500 0.500000
vt 0.296822 0.485388
vt 0.250000 0.490000
vt 0.203178 0.485388
vt 0.158156 0.471731
vt 0.116663 0.449553
vt 0.080294 0.419706
vt 0.050447 0.383337
vt 0.028269 0.341844
vt 0.014612 0.296822
vt 0.010000 0.250000
vt 0.014612 0.203178
vt 0.028269 0.158156
vt 0.050447 0.116663
vt 0.080294 0.080294
vt 0.116663 0.050447
vt 0.158156 0.028269
vt 0.203178 0.014612
vt 0.250000 0.010000
vt 0.296822 0.014612
vt 0.341844 0.028269
vt 0.383337 0.050447
vt 0.419706 0.080294
vt 0.449553 0.116663
vt 0.471731 0.158156
vt 0.485388 0.203178
vt 0.490000 0.250000
vt 0.485388 0.296822
vt 0.471731 0.341844
vt 0.449553 0.383337
vt 0.419706 0.419706
vt 0.383337 0.449553
vt 0.341844 0.471731
vt 0.031250 1.000000
vt 0.031250 0.500000
vt 0.000000 1.000000
vt 0.000000 0.500000
vt 0.750000 0.490000
vt 0.796822 0.485388
vt 0.841844 0.471731
vt 0.883337 0.449553
vt 0.919706 0.419706
vt 0.949553 0.383337
vt 0.971731 0.341844
vt 0.985388 0.296822
vt 0.990000 0.250000
vt 0.985388 0.203178
vt 0.971731 0.158156
vt 0.949553 0.116663
vt 0.919706 0.080294
vt 0.883337 0.050447
vt 0.841844 0.028269
vt 0.796822 0.014612
vt 0.750000 0.010000
vt 0.703178 0.014612
vt 0.658156 0.028269
vt 0.616663 0.050447
vt 0.580294 0.080294
vt 0.550447 0.116663
vt 0.528269 0.158156
vt 0.514612 0.203178
vt 0.510000 0.250000
vt 0.514612 0.296822
vt 0.528269 0.341844
vt 0.550447 0.383337
vt 0.580294 0.419706
vt 0.616663 0.449553
vt 0.658156 0.471731
vt 0.703178 0.485388
s 0
f 353/391/199 354/392/199 356/393/199 355/394/199
f 355/394/200 356/393/200 358/395/200 357/396/200
f 357/396/201 358/395/201 360/397/201 359/398/201
f 359/398/202 360/397/202 362/399/202 361/400/202
f 361/400/203 362/399/203 364/401/203 363/402/203
f 363/402/204 364/401/204 366/403/204 365/404/204
f 365/404/205 366/403/205 368/405/205 367/406/205
f 367/406/206 368/405/206 370/407/206 369/408/206
f 369/408/207 370/407/207 372/409/207 371/410/207
f 371/410/208 372/409/208 374/411/208 373/412/208
f 373/412/209 374/411/209 376/413/209 375/414/209
f 375/414/210 376/413/210 378/415/210 377/416/210
f 377/416/211 378/415/211 380/417/211 379/418/211
f 379/418/212 380/417/212 382/419/212 381/420/212
f 381/420/213 382/419/213 384/421/213 383/422/213
f 383/422/214 384/421/214 386/423/214 385/424/214
f 385/424/215 386/423/215 388/425/215 387/426/215
f 387/426/216 388/425/216 390/427/216 389/428/216
f 389/428/217 390/427/217 392/429/217 391/430/217
f 391/430/218 392/429/218 394/431/218 393/432/218
f 393/432/219 394/431/219 396/433/219 395/434/219
f 395/434/220 396/433/220 398/435/220 397/436/220
f 397/436/221 398/435/221 400/437/221 399/438/221
f 399/438/222 400/437/222 402/439/222 401/440/222
f 401/440/223 402/439/223 404/441/223 403/442/223
f 403/442/224 404/441/224 406/443/224 405/444/224
f 405/444/225 406/443/225 408/445/225 407/446/225
f 407/446/226 408/445/226 410/447/226 409/448/226
f 409/448/227 410/447/227 412/449/227 411/450/227
f 411/450/228 412/449/228 414/451/228 413/452/228
f 356/453/229 354/454/229 416/455/229 414/456/229 412/457/229 410/458/229 408/459/229 406/460/229 404/461/229 402/462/229 400/463/229 398/464/229 396/465/229 394/466/229 392/467/229 390/468/229 388/469/229 386/470/229 384/471/229 382/472/229 380/473/229 378/474/229 376/475/229 374/476/229 372/477/229 370/478/229 368/479/229 366/480/229 364/481/229 362/482/229 360/483/229 358/484/229
f 413/452/230 414/451/230 416/485/230 415/486/230
f 415/486/231 416/485/231 354/487/231 353/488/231
f 353/489/232 355/490/232 357/491/232 359/492/232 361/493/232 363/494/232 365/495/232 367/496/232 369/497/232 371/498/232 373/499/232 375/500/232 377/501/232 379/502/232 381/503/232 383/504/232 385/505/232 387/506/232 389/507/232 391/508/232 393/509/232 395/510/232 397/511/232 399/512/232 401/513/232 403/514/232 405/515/232 407/516/232 409/517/232 411/518/232 413/519/232 415/520/232
o Cylinder.004
v 0.000000 1.599931 -1.051377
v 0.000000 2.322685 -1.051377
v 0.205114 1.599931 -1.031175
v 0.205114 2.322685 -1.031175
v 0.402345 1.599931 -0.971346
v 0.402345 2.322685 -0.971346
v 0.584114 1.599931 -0.874188
v 0.584114 2.322685 -0.874188
v 0.743436 1.599931 -0.743436
v 0.743436 2.322685 -0.743436
v 0.874188 1.599931 -0.584114
v 0.874188 2.322685 -0.584114
v 0.971346 1.599931 -0.402345
v 0.971346 2.322685 -0.402345
v 1.031175 1.599931 -0.205114
v 1.031175 2.322685 -0.205114
v 1.051377 1.599931 0.000000
v 1.051377 2.322685 0.000000
v 1.031175 1.599931 0.205114
v 1.031175 2.322685 0.205114
v 0.971346 1.599931 0.402345
v 0.971346 2.322685 0.402345
v 0.874188 1.599931 0.584114
v 0.874188 2.322685 0.584114
v 0.743436 1.599931 0.743436
v 0.743436 2.322685 0.743436
v 0.584114 1.599931 0.874188
v 0.584114 2.322685 0.874188
v 0.402345 1.599931 0.971346
v 0.402345 2.322685 0.971346
v 0.205114 1.599931 1.031175
v 0.205114 2.322685 1.031175
v 0.000000 1.599931 1.051377
v 0.000000 2.322685 1.051377
v -0.205114 1.599931 1.031175
v -0.205114 2.322685 1.031175
v -0.402345 1.599931 0.971346
v -0.402345 2.322685 0.971346
v -0.584114 1.599931 0.874188
v -0.584114 2.322685 0.874188
v -0.743436 1.599931 0.743436
v -0.743436 2.322685 0.743436
v -0.874188 1.599931 0.584114
v -0.874188 2.322685 0.584114
v -0.971346 1.599931 0.402345
v -0.971346 2.322685 0.402345
v -1.031175 1.599931 0.205114
v -1.031175 2.322685 0.205114
v -1.051377 1.599931 0.000000
v -1.051377 2.322685 0.000000
v -1.031175 1.599931 -0.205114
v -1.031175 2.322685 -0.205114
v -0.971346 1.599931 -0.402345
v -0.971346 2.322685 -0.402345
v -0.874188 1.599931 -0.584114
v -0.874188 2.322685 -0.584114
v -0.743436 1.599931 -0.743436
v -0.743436 2.322685 -0.743436
v -0.584114 1.599931 -0.874188
v -0.584114 2.322685 -0.874188
v -0.402345 1.599931 -0.971346
v -0.402345 2.322685 -0.971346
v -0.205114 1.599931 -1.031175
v -0.205114 2.322685 -1.031175
vn 0.0980 -0.0000 -0.9952
vn 0.2903 -0.0000 -0.9569
vn 0.4714 -0.0000 -0.8819
vn 0.6344 -0.0000 -0.7730
vn 0.7730 -0.0000 -0.6344
vn 0.8819 -0.0000 -0.4714
vn 0.9569 -0.0000 -0.2903
vn 0.9952 -0.0000 -0.0980
vn 0.9952 -0.0000 0.0980
vn 0.9569 -0.0000 0.2903
vn 0.8819 -0.0000 0.4714
vn 0.7730 -0.0000 0.6344
vn 0.6344 -0.0000 0.7730
vn 0.4714 -0.0000 0.8819
vn 0.2903 -0.0000 0.9569
vn 0.0980 -0.0000 0.9952
vn -0.0980 -0.0000 0.9952
vn -0.2903 -0.0000 0.9569
vn -0.4714 -0.0000 0.8819
vn -0.6344 -0.0000 0.7730
vn -0.7730 -0.0000 0.6344
vn -0.8819 -0.0000 0.4714
vn -0.9569 -0.0000 0.2903
vn -0.9952 -0.0000 0.0980
vn -0.9952 -0.0000 -0.0980
vn -0.9569 -0.0000 -0.2903
vn -0.8819 -0.0000 -0.4714
vn -0.7730 -0.0000 -0.6344
vn -0.6344 -0.0000 -0.7730
vn -0.4714 -0.0000 -0.8819
vn -0.0000 1.0000 -0.0000
vn -0.2903 -0.0000 -0.9569
vn -0.0980 -0.0000 -0.9952
vn -0.0000 -1.0000 -0.0000
vt 1.000000 0.500000
vt 1.000000 1.000000
vt 0.968750 1.000000
vt 0.968750 0.500000
vt 0.937500 1.000000
vt 0.937500 0.500000
vt 0.906250 1.000000
vt 0.906250 0.500000
vt 0.875000 1.000000
vt 0.875000 0.500000
vt 0.843750 1.000000
vt 0.843750 0.500000
vt 0.812500 1.000000
vt 0.812500 0.500000
vt 0.781250 1.000000
vt 0.781250 0.500000
vt 0.750000 1.000000
vt 0.750000 0.500000
vt 0.718750 1.000000
vt 0.718750 0.500000
vt 0.687500 1.000000
vt 0.687500 0.500000
vt 0.656250 1.000000
vt 0.656250 0.500000
vt 0.625000 1.000000
vt 0.625000 0.500000
vt 0.593750 1.000000
vt 0.593750 0.500000
vt 0.562500 1.000000
vt 0.562500 0.500000
vt 0.531250 1.000000
vt 0.531250 0.500000
vt 0.500000 1.000000
vt 0.500000 0.500000
vt 0.468750 1.000000
vt 0.468750 0.500000
vt 0.437500 1.000000
vt 0.437500 0.500000
vt 0.406250 1.000000
vt 0.406250 0.500000
vt 0.375000 1.000000
vt 0.375000 0.500000
vt 0.343750 1.000000
vt 0.343750 0.500000
vt 0.312500 1.000000
vt 0.312500 0.500000
vt 0.281250 1.000000
vt 0.281250 0.500000
vt 0.250000 1.000000
vt 0.250000 0.500000
vt 0.218750 1.000000
vt 0.218750 0.500000
vt 0.187500 1.000000
vt 0.187500 0.500000
vt 0.156250 1.000000
vt 0.156250 0.500000
vt 0.125000 1.000000
vt 0.125000 0.500000
vt 0.093750 1.000000
vt 0.093750 0.500000
vt 0.062500 1.000000
vt 0.062500 0.500000
vt 0.296822 0.485388
vt 0.250000 0.490000
vt 0.203178 0.485388
vt 0.158156 0.471731
vt 0.116663 0.449553
vt 0.080294 0.419706
vt 0.050447 0.383337
vt 0.028269 0.341844
vt 0.014612 0.296822
vt 0.010000 0.250000
vt 0.014612 0.203178
vt 0.028269 0.158156
vt 0.050447 0.116663
vt 0.080294 0.080294
vt 0.116663 0.050447
vt 0.158156 0.028269
vt 0.203178 0.014612
vt 0.250000 0.010000
vt 0.296822 0.014612
vt 0.341844 0.028269
vt 0.383337 0.050447
vt 0.419706 0.080294
vt 0.449553 0.116663
vt 0.471731 0.158156
vt 0.485388 0.203178
vt 0.490000 0.250000
vt 0.485388 0.296822
vt 0.471731 0.341844
vt 0.449553 0.383337
vt 0.419706 0.419706
vt 0.383337 0.449553
vt 0.341844 0.471731
vt 0.031250 1.000000
vt 0.031250 0.500000
vt 0.000000 1.000000
vt 0.000000 0.500000
vt 0.750000 0.490000
vt 0.796822 0.485388
vt 0.841844 0.471731
vt 0.883337 0.449553
vt 0.919706 0.419706
vt 0.949553 0.383337
vt 0.971731 0.341844
vt 0.985388 0.296822
vt 0.990000 0.250000
vt 0.985388 0.203178
vt 0.971731 0.158156
vt 0.949553 0.116663
vt 0.919706 0.080294
vt 0.883337 0.050447
vt 0.841844 0.028269
vt 0.796822 0.014612
vt 0.750000 0.010000
vt 0.703178 0.014612
vt 0.658156 0.028269
vt 0.616663 0.050447
vt 0.580294 0.080294
vt 0.550447 0.116663
vt 0.528269 0.158156
vt 0.514612 0.203178
vt 0.510000 0.250000
vt 0.514612 0.296822
vt 0.528269 0.341844
vt 0.550447 0.383337
vt 0.580294 0.419706
vt 0.616663 0.449553
vt 0.658156 0.471731
vt 0.703178 0.485388
s 0
usemtl Material.003
f 417/521/233 418/522/233 420/523/233 419/524/233
f 419/524/234 420/523/234 422/525/234 421/526/234
f 421/526/235 422/525/235 424/527/235 423/528/235
f 423/528/236 424/527/236 426/529/236 425/530/236
f 425/530/237 426/529/237 428/531/237 427/532/237
f 427/532/238 428/531/238 430/533/238 429/534/238
f 429/534/239 430/533/239 432/535/239 431/536/239
f 431/536/240 432/535/240 434/537/240 433/538/240
f 433/538/241 434/537/241 436/539/241 435/540/241
f 435/540/242 436/539/242 438/541/242 437/542/242
f 437/542/243 438/541/243 440/543/243 439/544/243
f 439/544/244 440/543/244 442/545/244 441/546/244
f 441/546/245 442/545/245 444/547/245 443/548/245
f 443/548/246 444/547/246 446/549/246 445/550/246
f 445/550/247 446/549/247 448/551/247 447/552/247
f 447/552/248 448/551/248 450/553/248 449/554/248
f 449/554/249 450/553/249 452/555/249 451/556/249
f 451/556/250 452/555/250 454/557/250 453/558/250
f 453/558/251 454/557/251 456/559/251 455/560/251
f 455/560/252 456/559/252 458/561/252 457/562/252
f 457/562/253 458/561/253 460/563/253 459/564/253
f 459/564/254 460/563/254 462/565/254 461/566/254
f 461/566/255 462/565/255 464/567/255 463/568/255
f 463/568/256 464/567/256 466/569/256 465/570/256
f 465/570/257 466/569/257 468/571/257 467/572/257
f 467/572/258 468/571/258 470/573/258 469/574/258
f 469/574/259 470/573/259 472/575/259 471/576/259
f 471/576/260 472/575/260 474/577/260 473/578/260
f 473/578/261 474/577/261 476/579/261 475/580/261
f 475/580/262 476/579/262 478/581/262 477/582/262
f 420/583/263 418/584/263 480/585/263 478/586/263 476/587/263 474/588/263 472/589/263 470/590/263 468/591/263 466/592/263 464/593/263 462/594/263 460/595/263 458/596/263 456/597/263 454/598/263 452/599/263 450/600/263 448/601/263 446/602/263 444/603/263 442/604/263 440/605/263 438/606/263 436/607/263 434/608/263 432/609/263 430/610/263 428/611/263 426/612/263 424/613/263 422/614/263
f 477/582/264 478/581/264 480/615/264 479/616/264
f 479/616/265 480/615/265 418/617/265 417/618/265
f 417/619/266 419/620/266 421/621/266 423/622/266 425/623/266 427/624/266 429/625/266 431/626/266 433/627/266 435/628/266 437/629/266 439/630/266 441/631/266 443/632/266 445/633/266 447/634/266 449/635/266 451/636/266 453/637/266 455/638/266 457/639/266 459/640/266 461/641/266 463/642/266 465/643/266 467/644/266 469/645/266 471/646/266 473/647/266 475/648/266 477/649/266 479/650/266
o Cylinder.005
v 0.000000 3.780913 -1.051377
v 0.000000 4.743667 -1.051377
v 0.205114 3.780913 -1.031175
v 0.205114 4.743667 -1.031175
v 0.402345 3.780913 -0.971346
v 0.402345 4.743667 -0.971346
v 0.584114 3.780913 -0.874188
v 0.584114 4.743667 -0.874188
v 0.743436 3.780913 -0.743436
v 0.743436 4.743667 -0.743436
v 0.874188 3.780913 -0.584114
v 0.874188 4.743667 -0.584114
v 0.971346 3.780913 -0.402345
v 0.971346 4.743667 -0.402345
v 1.031175 3.780913 -0.205114
v 1.031175 4.743667 -0.205114
v 1.051377 3.780913 0.000000
v 1.051377 4.743667 0.000000
v 1.031175 3.780913 0.205114
v 1.031175 4.743667 0.205114
v 0.971346 3.780913 0.402345
v 0.971346 4.743667 0.402345
v 0.874188 3.780913 0.584114
v 0.874188 4.743667 0.584114
v 0.743436 3.780913 0.743436
v 0.743436 4.743667 0.743436
v 0.584114 3.780913 0.874188
v 0.584114 4.743667 0.874188
v 0.402345 3.780913 0.971346
v 0.402345 4.743667 0.971346
v 0.205114 3.780913 1.031175
v 0.205114 4.743667 1.031175
v 0.000000 3.780913 1.051377
v 0.000000 4.743667 1.051377
v -0.205114 3.780913 1.031175
v -0.205114 4.743667 1.031175
v -0.402345 3.780913 0.971346
v -0.402345 4.743667 0.971346
v -0.584114 3.780913 0.874188
v -0.584114 4.743667 0.874188
v -0.743436 3.780913 0.743436
v -0.743436 4.743667 0.743436
v -0.874188 3.780913 0.584114
v -0.874188 4.743667 0.584114
v -0.971346 3.780913 0.402345
v -0.971346 4.743667 0.402345
v -1.031175 3.780913 0.205114
v -1.031175 4.743667 0.205114
v -1.051377 3.780913 0.000000
v -1.051377 4.743667 0.000000
v -1.031175 3.780913 -0.205114
v -1.031175 4.743667 -0.205114
v -0.971346 3.780913 -0.402345
v -0.971346 4.743667 -0.402345
v -0.874188 3.780913 -0.584114
v -0.874188 4.743667 -0.584114
v -0.743436 3.780913 -0.743436
v -0.743436 4.743667 -0.743436
v -0.584114 3.780913 -0.874188
v -0.584114 4.743667 -0.874188
v -0.402345 3.780913 -0.971346
v -0.402345 4.743667 -0.971346
v -0.205114 3.780913 -1.031175
v -0.205114 4.743667 -1.031175
vn 0.0980 -0.0000 -0.9952
vn 0.2903 -0.0000 -0.9569
vn 0.4714 -0.0000 -0.8819
vn 0.6344 -0.0000 -0.7730
vn 0.7730 -0.0000 -0.6344
vn 0.8819 -0.0000 -0.4714
vn 0.9569 -0.0000 -0.2903
vn 0.9952 -0.0000 -0.0980
vn 0.9952 -0.0000 0.0980
vn 0.9569 -0.0000 0.2903
vn 0.8819 -0.0000 0.4714
vn 0.7730 -0.0000 0.6344
vn 0.6344 -0.0000 0.7730
vn 0.4714 -0.0000 0.8819
vn 0.2903 -0.0000 0.9569
vn 0.0980 -0.0000 0.9952
vn -0.0980 -0.0000 0.9952
vn -0.2903 -0.0000 0.9569
vn -0.4714 -0.0000 0.8819
vn -0.6344 -0.0000 0.7730
vn -0.7730 -0.0000 0.6344
vn -0.8819 -0.0000 0.4714
vn -0.9569 -0.0000 0.2903
vn -0.9952 -0.0000 0.0980
vn -0.9952 -0.0000 -0.0980
vn -0.9569 -0.0000 -0.2903
vn -0.8819 -0.0000 -0.4714
vn -0.7730 -0.0000 -0.6344
vn -0.6344 -0.0000 -0.7730
vn -0.4714 -0.0000 -0.8819
vn -0.0000 1.0000 -0.0000
vn -0.2903 -0.0000 -0.9569
vn -0.0980 -0.0000 -0.9952
vn -0.0000 -1.0000 -0.0000
vt 1.000000 0.500000
vt 1.000000 1.000000
vt 0.968750 1.000000
vt 0.968750 0.500000
vt 0.937500 1.000000
vt 0.937500 0.500000
vt 0.906250 1.000000
vt 0.906250 0.500000
vt 0.875000 1.000000
vt 0.875000 0.500000
vt 0.843750 1.000000
vt 0.843750 0.500000
vt 0.812500 1.000000
vt 0.812500 0.500000
vt 0.781250 1.000000
vt 0.781250 0.500000
vt 0.750000 1.000000
vt 0.750000 0.500000
vt 0.718750 1.000000
vt 0.718750 0.500000
vt 0.687500 1.000000
vt 0.687500 0.500000
vt 0.656250 1.000000
vt 0.656250 0.500000
vt 0.625000 1.000000
vt 0.625000 0.500000
vt 0.593750 1.000000
vt 0.593750 0.500000
vt 0.562500 1.000000
vt 0.562500 0.500000
vt 0.531250 1.000000
vt 0.531250 0.500000
vt 0.500000 1.000000
vt 0.500000 0.500000
vt 0.468750 1.000000
vt 0.468750 0.500000
vt 0.437500 1.000000
vt 0.437500 0.500000
vt 0.406250 1.000000
vt 0.406250 0.500000
vt 0.375000 1.000000
vt 0.375000 0.500000
vt 0.343750 1.000000
vt 0.343750 0.500000
vt 0.312500 1.000000
vt 0.312500 0.500000
vt 0.281250 1.000000
vt 0.281250 0.500000
vt 0.250000 1.000000
vt 0.250000 0.500000
vt 0.218750 1.000000
vt 0.218750 0.500000
vt 0.187500 1.000000
vt 0.187500 0.500000
vt 0.156250 1.000000
vt 0.156250 0.500000
vt 0.125000 1.000000
vt 0.125000 0.500000
vt 0.093750 1.000000
vt 0.093750 0.500000
vt 0.062500 1.000000
vt 0.062500 0.500000
vt 0.296822 0.485388
vt 0.250000 0.490000
vt 0.203178 0.485388
vt 0.158156 0.471731
vt 0.116663 0.449553
vt 0.080294 0.419706
vt 0.050447 0.383337
vt 0.028269 0.341844
vt 0.014612 0.296822
vt 0.010000 0.250000
vt 0.014612 0.203178
vt 0.028269 0.158156
vt 0.050447 0.116663
vt 0.080294 0.080294
vt 0.116663 0.050447
vt 0.158156 0.028269
vt 0.203178 0.014612
vt 0.250000 0.010000
vt 0.296822 0.014612
vt 0.341844 0.028269
vt 0.383337 0.050447
vt 0.419706 0.080294
vt 0.449553 0.116663
vt 0.471731 0.158156
vt 0.485388 0.203178
vt 0.490000 0.250000
vt 0.485388 0.296822
vt 0.471731 0.341844
vt 0.449553 0.383337
vt 0.419706 0.419706
vt 0.383337 0.449553
vt 0.341844 0.471731
vt 0.031250 1.000000
vt 0.031250 0.500000
vt 0.000000 1.000000
vt 0.000000 0.500000
vt 0.750000 0.490000
vt 0.796822 0.485388
vt 0.841844 0.471731
vt 0.883337 0.449553
vt 0.919706 0.419706
vt 0.949553 0.383337
vt 0.971731 0.341844
vt 0.985388 0.296822
vt 0.990000 0.250000
vt 0.985388 0.203178
vt 0.971731 0.158156
vt 0.949553 0.116663
vt 0.919706 0.080294
vt 0.883337 0.050447
vt 0.841844 0.028269
vt 0.796822 0.014612
vt 0.750000 0.010000
vt 0.703178 0.014612
vt 0.658156 0.028269
vt 0.616663 0.050447
vt 0.580294 0.080294
vt 0.550447 0.116663
vt 0.528269 0.158156
vt 0.514612 0.203178
vt 0.510000 0.250000
vt 0.514612 0.296822
vt 0.528269 0.341844
vt 0.550447 0.383337
vt 0.580294 0.419706
vt 0.616663 0.449553
vt 0.658156 0.471731
vt 0.703178 0.485388
s 0
f 481/651/267 482/652/267 484/653/267 483/654/267
f 483/654/268 484/653/268 486/655/268 485/656/268
f 485/656/269 486/655/269 488/657/269 487/658/269
f 487/658/270 488/657/270 490/659/270 489/660/270
f 489/660/271 490/659/271 492/661/271 491/662/271
f 491/662/272 492/661/272 494/663/272 493/664/272
f 493/664/273 494/663/273 496/665/273 495/666/273
f 495/666/274 496/665/274 498/667/274 497/668/274
f 497/668/275 498/667/275 500/669/275 499/670/275
f 499/670/276 500/669/276 502/671/276 501/672/276
f 501/672/277 502/671/277 504/673/277 503/674/277
f 503/674/278 504/673/278 506/675/278 505/676/278
f 505/676/279 506/675/279 508/677/279 507/678/279
f 507/678/280 508/677/280 510/679/280 509/680/280
f 509/680/281 510/679/281 512/681/281 511/682/281
f 511/682/282 512/681/282 514/683/282 513/684/282
f 513/684/283 514/683/283 516/685/283 515/686/283
f 515/686/284 516/685/284 518/687/284 517/688/284
f 517/688/285 518/687/285 520/689/285 519/690/285
f 519/690/286 520/689/286 522/691/286 521/692/286
f 521/692/287 522/691/287 524/693/287 523/694/287
f 523/694/288 524/693/288 526/695/288 525/696/288
f 525/696/289 526/695/289 528/697/289 527/698/289
f 527/698/290 528/697/290 530/699/290 529/700/290
f 529/700/291 530/699/291 532/701/291 531/702/291
f 531/702/292 532/701/292 534/703/292 533/704/292
f 533/704/293 534/703/293 536/705/293 535/706/293
f 535/706/294 536/705/294 538/707/294 537/708/294
f 537/708/295 538/707/295 540/709/295 539/710/295
f 539/710/296 540/709/296 542/711/296 541/712/296
f 484/713/297 482/714/297 544/715/297 542/716/297 540/717/297 538/718/297 536/719/297 534/720/297 532/721/297 530/722/297 528/723/297 526/724/297 524/725/297 522/726/297 520/727/297 518/728/297 516/729/297 514/730/297 512/731/297 510/732/297 508/733/297 506/734/297 504/735/297 502/736/297 500/737/297 498/738/297 496/739/297 494/740/297 492/741/297 490/742/297 488/743/297 486/744/297
f 541/712/298 542/711/298 544/745/298 543/746/298
f 543/746/299 544/745/299 482/747/299 481/748/299
f 481/749/300 483/750/300 485/751/300 487/752/300 489/753/300 491/754/300 493/755/300 495/756/300 497/757/300 499/758/300 501/759/300 503/760/300 505/761/300 507/762/300 509/763/300 511/764/300 513/765/300 515/766/300 517/767/300 519/768/300 521/769/300 523/770/300 525/771/300 527/772/300 529/773/300 531/774/300 533/775/300 535/776/300 537/777/300 539/778/300 541/779/300 543/780/300
o Cylinder.006
v 0.000000 3.041265 -1.051377
v 0.000000 3.764020 -1.051377
v 0.205114 3.041265 -1.031175
v 0.205114 3.764020 -1.031175
v 0.402345 3.041265 -0.971346
v 0.402345 3.764020 -0.971346
v 0.584114 3.041265 -0.874188
v 0.584114 3.764020 -0.874188
v 0.743436 3.041265 -0.743436
v 0.743436 3.764020 -0.743436
v 0.874188 3.041265 -0.584114
v 0.874188 3.764020 -0.584114
v 0.971346 3.041265 -0.402345
v 0.971346 3.764020 -0.402345
v 1.031175 3.041265 -0.205114
v 1.031175 3.764020 -0.205114
v 1.051377 3.041265 0.000000
v 1.051377 3.764020 0.000000
v 1.031175 3.041265 0.205114
v 1.031175 3.764020 0.205114
v 0.971346 3.041265 0.402345
v 0.971346 3.764020 0.402345
v 0.874188 3.041265 0.584114
v 0.874188 3.764020 0.584114
v 0.743436 3.041265 0.743436
v 0.743436 3.764020 0.743436
v 0.584114 3.041265 0.874188
v 0.584114 3.764020 0.874188
v 0.402345 3.041265 0.971346
v 0.402345 3.764020 0.971346
v 0.205114 3.041265 1.031175
v 0.205114 3.764020 1.031175
v 0.000000 3.041265 1.051377
v 0.000000 3.764020 1.051377
v -0.205114 3.041265 1.031175
v -0.205114 3.764020 1.031175
v -0.402345 3.041265 0.971346
v -0.402345 3.764020 0.971346
v -0.584114 3.041265 0.874188
v -0.584114 3.764020 0.874188
v -0.743436 3.041265 0.743436
v -0.743436 3.764020 0.743436
v -0.874188 3.041265 0.584114
v -0.874188 3.764020 0.584114
v -0.971346 3.041265 0.402345
v -0.971346 3.764020 0.402345
v -1.031175 3.041265 0.205114
v -1.031175 3.764020 0.205114
v -1.051377 3.041265 0.000000
v -1.051377 3.764020 0.000000
v -1.031175 3.041265 -0.205114
v -1.031175 3.764020 -0.205114
v -0.971346 3.041265 -0.402345
v -0.971346 3.764020 -0.402345
v -0.874188 3.041265 -0.584114
v -0.874188 3.764020 -0.584114
v -0.743436 3.041265 -0.743436
v -0.743436 3.764020 -0.743436
v -0.584114 3.041265 -0.874188
v -0.584114 3.764020 -0.874188
v -0.402345 3.041265 -0.971346
v -0.402345 3.764020 -0.971346
v -0.205114 3.041265 -1.031175
v -0.205114 3.764020 -1.031175
vn 0.0980 -0.0000 -0.9952
vn 0.2903 -0.0000 -0.9569
vn 0.4714 -0.0000 -0.8819
vn 0.6344 -0.0000 -0.7730
vn 0.7730 -0.0000 -0.6344
vn 0.8819 -0.0000 -0.4714
vn 0.9569 -0.0000 -0.2903
vn 0.9952 -0.0000 -0.0980
vn 0.9952 -0.0000 0.0980
vn 0.9569 -0.0000 0.2903
vn 0.8819 -0.0000 0.4714
vn 0.7730 -0.0000 0.6344
vn 0.6344 -0.0000 0.7730
vn 0.4714 -0.0000 0.8819
vn 0.2903 -0.0000 0.9569
vn 0.0980 -0.0000 0.9952
vn -0.0980 -0.0000 0.9952
vn -0.2903 -0.0000 0.9569
vn -0.4714 -0.0000 0.8819
vn -0.6344 -0.0000 0.7730
vn -0.7730 -0.0000 0.6344
vn -0.8819 -0.0000 0.4714
vn -0.9569 -0.0000 0.2903
vn -0.9952 -0.0000 0.0980
vn -0.9952 -0.0000 -0.0980
vn -0.9569 -0.0000 -0.2903
vn -0.8819 -0.0000 -0.4714
vn -0.7730 -0.0000 -0.6344
vn -0.6344 -0.0000 -0.7730
vn -0.4714 -0.0000 -0.8819
vn -0.0000 1.0000 -0.0000
vn -0.2903 -0.0000 -0.9569
vn -0.0980 -0.0000 -0.9952
vn -0.0000 -1.0000 -0.0000
vt 1.000000 0.500000
vt 1.000000 1.000000
vt 0.968750 1.000000
vt 0.968750 0.500000
vt 0.937500 1.000000
vt 0.937500 0.500000
vt 0.906250 1.000000
vt 0.906250 0.500000
vt 0.875000 1.000000
vt 0.875000 0.500000
vt 0.843750 1.000000
vt 0.843750 0.500000
vt 0.812500 1.000000
vt 0.812500 0.500000
vt 0.781250 1.000000
vt 0.781250 0.500000
vt 0.750000 1.000000
vt 0.750000 0.500000
vt 0.718750 1.000000
vt 0.718750 0.500000
vt 0.687500 1.000000
vt 0.687500 0.500000
vt 0.656250 1.000000
vt 0.656250 0.500000
vt 0.625000 1.000000
vt 0.625000 0.500000
vt 0.593750 1.000000
vt 0.593750 0.500000
vt 0.562500 1.000000
vt 0.562500 0.500000
vt 0.531250 1.000000
vt 0.531250 0.500000
vt 0.500000 1.000000
vt 0.500000 0.500000
vt 0.468750 1.000000
vt 0.468750 0.500000
vt 0.437500 1.000000
vt 0.437500 0.500000
vt 0.406250 1.000000
vt 0.406250 0.500000
vt 0.375000 1.000000
vt 0.375000 0.500000
vt 0.343750 1.000000
vt 0.343750 0.500000
vt 0.312500 1.000000
vt 0.312500 0.500000
vt 0.281250 1.000000
vt 0.281250 0.500000
vt 0.250000 1.000000
vt 0.250000 0.500000
vt 0.218750 1.000000
vt 0.218750 0.500000
vt 0.187500 1.000000
vt 0.187500 0.500000
vt 0.156250 1.000000
vt 0.156250 0.500000
vt 0.125000 1.000000
vt 0.125000 0.500000
vt 0.093750 1.000000
vt 0.093750 0.500000
vt 0.062500 1.000000
vt 0.062500 0.500000
vt 0.296822 0.485388
vt 0.250000 0.490000
vt 0.203178 0.485388
vt 0.158156 0.471731
vt 0.116663 0.449553
vt 0.080294 0.419706
vt 0.050447 0.383337
vt 0.028269 0.341844
vt 0.014612 0.296822
vt 0.010000 0.250000
vt 0.014612 0.203178
vt 0.028269 0.158156
vt 0.050447 0.116663
vt 0.080294 0.080294
vt 0.116663 0.050447
vt 0.158156 0.028269
vt 0.203178 0.014612
vt 0.250000 0.010000
vt 0.296822 0.014612
vt 0.341844 0.028269
vt 0.383337 0.050447
vt 0.419706 0.080294
vt 0.449553 0.116663
vt 0.471731 0.158156
vt 0.485388 0.203178
vt 0.490000 0.250000
vt 0.485388 0.296822
vt 0.471731 0.341844
vt 0.449553 0.383337
vt 0.419706 0.419706
vt 0.383337 0.449553
vt 0.341844 0.471731
vt 0.031250 1.000000
vt 0.031250 0.500000
vt 0.000000 1.000000
vt 0.000000 0.500000
vt 0.750000 0.490000
vt 0.796822 0.485388
vt 0.841844 0.471731
vt 0.883337 0.449553
vt 0.919706 0.419706
vt 0.949553 0.383337
vt 0.971731 0.341844
vt 0.985388 0.296822
vt 0.990000 0.250000
vt 0.985388 0.203178
vt 0.971731 0.158156
vt 0.949553 0.116663
vt 0.919706 0.080294
vt 0.883337 0.050447
vt 0.841844 0.028269
vt 0.796822 0.014612
vt 0.750000 0.010000
vt 0.703178 0.014612
vt 0.658156 0.028269
vt 0.616663 0.050447
vt 0.580294 0.080294
vt 0.550447 0.116663
vt 0.528269 0.158156
vt 0.514612 0.203178
vt 0.510000 0.250000
vt 0.514612 0.296822
vt 0.528269 0.341844
vt 0.550447 0.383337
vt 0.580294 0.419706
vt 0.616663 0.449553
vt 0.658156 0.471731
vt 0.703178 0.485388
s 0
usemtl Material.004
f 545/781/301 546/782/301 548/783/301 547/784/301
f 547/784/302 548/783/302 550/785/302 549/786/302
f 549/786/303 550/785/303 552/787/303 551/788/303
f 551/788/304 552/787/304 554/789/304 553/790/304
f 553/790/305 554/789/305 556/791/305 555/792/305
f 555/792/306 556/791/306 558/793/306 557/794/306
f 557/794/307 558/793/307 560/795/307 559/796/307
f 559/796/308 560/795/308 562/797/308 561/798/308
f 561/798/309 562/797/309 564/799/309 563/800/309
f 563/800/310 564/799/310 566/801/310 565/802/310
f 565/802/311 566/801/311 568/803/311 567/804/311
f 567/804/312 568/803/312 570/805/312 569/806/312
f 569/806/313 570/805/313 572/807/313 571/808/313
f 571/808/314 572/807/314 574/809/314 573/810/314
f 573/810/315 574/809/315 576/811/315 575/812/315
f 575/812/316 576/811/316 578/813/316 577/814/316
f 577/814/317 578/813/317 580/815/317 579/816/317
f 579/816/318 580/815/318 582/817/318 581/818/318
f 581/818/319 582/817/319 584/819/319 583/820/319
f 583/820/320 584/819/320 586/821/320 585/822/320
f 585/822/321 586/821/321 588/823/321 587/824/321
f 587/824/322 588/823/322 590/825/322 589/826/322
f 589/826/323 590/825/323 592/827/323 591/828/323
f 591/828/324 592/827/324 594/829/324 593/830/324
f 593/830/325 594/829/325 596/831/325 595/832/325
f 595/832/326 596/831/326 598/833/326 597/834/326
f 597/834/327 598/833/327 600/835/327 599/836/327
f 599/836/328 600/835/328 602/837/328 601/838/328
f 601/838/329 602/837/329 604/839/329 603/840/329
f 603/840/330 604/839/330 606/841/330 605/842/330
f 548/843/331 546/844/331 608/845/331 606/846/331 604/847/331 602/848/331 600/849/331 598/850/331 596/851/331 594/852/331 592/853/331 590/854/331 588/855/331 586/856/331 584/857/331 582/858/331 580/859/331 578/860/331 576/861/331 574/862/331 572/863/331 570/864/331 568/865/331 566/866/331 564/867/331 562/868/331 560/869/331 558/870/331 556/871/331 554/872/331 552/873/331 550/874/331
f 605/842/332 606/841/332 608/875/332 607/876/332
f 607/876/333 608/875/333 546/877/333 545/878/333
f 545/879/334 547/880/334 549/881/334 551/882/334 553/883/334 555/884/334 557/885/334 559/886/334 561/887/334 563/888/334 565/889/334 567/890/334 569/891/334 571/892/334 573/893/334 575/894/334 577/895/334 579/896/334 581/897/334 583/898/334 585/899/334 587/900/334 589/901/334 591/902/334 593/903/334 595/904/334 597/905/334 599/906/334 601/907/334 603/908/334 605/909/334 607/910/334
o Cone
v 0.000000 6.433447 -1.894793
v 0.369656 6.433447 -1.858385
v 0.725106 6.433447 -1.750561
v 1.052691 6.433447 -1.575463
v 1.339821 6.433447 -1.339821
v 1.575463 6.433447 -1.052691
v 1.750561 6.433447 -0.725106
v 1.858385 6.433447 -0.369656
v 1.894793 6.433447 0.000000
v 1.858385 6.433447 0.369656
v 1.750561 6.433447 0.725106
v 1.575463 6.433447 1.052691
v 1.339821 6.433447 1.339821
v 1.052691 6.433447 1.575463
v 0.725106 6.433447 1.750561
v 0.369656 6.433447 1.858385
v 0.000000 6.433447 1.894793
v -0.369656 6.433447 1.858385
v -0.725106 6.433447 1.750561
v -1.052691 6.433447 1.575463
v -1.339821 6.433447 1.339821
v -1.575463 6.433447 1.052691
v -1.750561 6.433447 0.725106
v -1.858385 6.433447 0.369656
v -1.894793 6.433447 0.000000
v -1.858385 6.433447 -0.369656
v -1.750561 6.433447 -0.725106
v -1.575463 6.433447 -1.052691
v -1.339821 6.433447 -1.339821
v -1.052691 6.433447 -1.575463
v -0.725106 6.433447 -1.750561
v -0.369656 6.433447 -1.858385
v 0.000000 8.543033 0.000000
v 0.000000 6.433447 -1.894793
v 0.369656 6.433447 -1.858385
v 0.000000 8.543033 0.000000
v 0.725106 6.433447 -1.750561
v 1.052691 6.433447 -1.575463
v 1.339821 6.433447 -1.339821
v 1.575463 6.433447 -1.052691
v 1.750561 6.433447 -0.725106
v 1.858385 6.433447 -0.369656
v 1.894793 6.433447 0.000000
v 1.858385 6.433447 0.369656
v 1.750561 6.433447 0.725106
v 1.575463 6.433447 1.052691
v 1.339821 6.433447 1.339821
v 1.052691 6.433447 1.575463
v 0.725106 6.433447 1.750561
v 0.369656 6.433447 1.858385
v 0.000000 6.433447 1.894793
v -0.369656 6.433447 1.858385
v -0.725106 6.433447 1.750561
v -1.052691 6.433447 1.575463
v -1.339821 6.433447 1.339821
v -1.575463 6.433447 1.052691
v -1.750561 6.433447 0.725106
v -1.858385 6.433447 0.369656
v -1.894793 6.433447 0.000000
v -1.858385 6.433447 -0.369656
v -1.750561 6.433447 -0.725106
v -1.575463 6.433447 -1.052691
v -1.339821 6.433447 -1.339821
v -1.052691 6.433447 -1.575463
v -0.725106 6.433447 -1.750561
v -0.369656 6.433447 -1.858385
vn -0.0731 -0.6664 0.7420
vn -0.2164 -0.6664 0.7135
vn -0.3515 -0.6664 0.6575
vn -0.4730 -0.6664 0.5763
vn -0.5763 -0.6664 0.4730
vn -0.6575 -0.6664 0.3515
vn -0.7135 -0.6664 0.2164
vn -0.7420 -0.6664 0.0731
vn -0.7420 -0.6664 -0.0731
vn -0.7135 -0.6664 -0.2164
vn -0.6575 -0.6664 -0.3515
vn -0.5763 -0.6664 -0.4730
vn -0.4730 -0.6664 -0.5763
vn -0.3515 -0.6664 -0.6575
vn -0.2164 -0.6664 -0.7135
vn -0.0731 -0.6664 -0.7420
vn 0.0731 -0.6664 -0.7420
vn 0.2164 -0.6664 -0.7135
vn 0.3515 -0.6664 -0.6575
vn 0.4730 -0.6664 -0.5763
vn 0.5763 -0.6664 -0.4730
vn 0.6575 -0.6664 -0.3515
vn 0.7135 -0.6664 -0.2164
vn 0.7420 -0.6664 -0.0731
vn 0.7420 -0.6664 0.0731
vn 0.7135 -0.6664 0.2164
vn 0.6575 -0.6664 0.3515
vn 0.5763 -0.6664 0.4730
vn 0.4730 -0.6664 0.5763
vn 0.3515 -0.6664 0.6575
vn -0.0000 1.0000 -0.0000
vn 0.2164 -0.6664 0.7135
vn 0.0731 -0.6664 0.7420
vn 0.0731 0.6664 -0.7420
vn 0.2164 0.6664 -0.7135
vn 0.3515 0.6664 -0.6575
vn 0.4730 0.6664 -0.5763
vn 0.5763 0.6664 -0.4730
vn 0.6575 0.6664 -0.3515
vn 0.7135 0.6664 -0.2164
vn 0.7420 0.6664 -0.0731
vn 0.7420 0.6664 0.0731
vn 0.7135 0.6664 0.2164
vn 0.6575 0.6664 0.3515
vn 0.5763 0.6664 0.4730
vn 0.4730 0.6664 0.5763
vn 0.3515 0.6664 0.6575
vn 0.2164 0.6664 0.7135
vn 0.0731 0.6664 0.7420
vn -0.0731 0.6664 0.7420
vn -0.2164 0.6664 0.7135
vn -0.3515 0.6664 0.6575
vn -0.4730 0.6664 0.5763
vn -0.5763 0.6664 0.4730
vn -0.6575 0.6664 0.3515
vn -0.7135 0.6664 0.2164
vn -0.7420 0.6664 0.0731
vn -0.7420 0.6664 -0.0731
vn -0.7135 0.6664 -0.2164
vn -0.6575 0.6664 -0.3515
vn -0.5763 0.6664 -0.4730
vn -0.4730 0.6664 -0.5763
vn -0.3515 0.6664 -0.6575
vn -0.0000 -1.0000 -0.0000
vn -0.2164 0.6664 -0.7135
vn -0.0731 0.6664 -0.7420
vt 0.250000 0.490000
vt 0.296822 0.485388
vt 0.250000 0.250000
vt 0.341844 0.471731
vt 0.383337 0.449553
vt 0.419706 0.419706
vt 0.449553 0.383337
vt 0.471731 0.341844
vt 0.485388 0.296822
vt 0.490000 0.250000
vt 0.485388 0.203178
vt 0.471731 0.158156
vt 0.449553 0.116663
vt 0.419706 0.080294
vt 0.383337 0.050447
vt 0.341844 0.028269
vt 0.296822 0.014612
vt 0.250000 0.010000
vt 0.203178 0.014612
vt 0.158156 0.028269
vt 0.116663 0.050447
vt 0.080294 0.080294
vt 0.050447 0.116663
vt 0.028269 0.158156
vt 0.014612 0.203178
vt 0.010000 0.250000
vt 0.014612 0.296822
vt 0.028269 0.341844
vt 0.050447 0.383337
vt 0.080294 0.419706
vt 0.116663 0.449553
vt 0.158156 0.471731
vt 0.750000 0.490000
vt 0.703178 0.485388
vt 0.658156 0.471731
vt 0.616663 0.449553
vt 0.580294 0.419706
vt 0.550447 0.383337
vt 0.528269 0.341844
vt 0.514612 0.296822
vt 0.510000 0.250000
vt 0.514612 0.203178
vt 0.528269 0.158156
vt 0.550447 0.116663
vt 0.580294 0.080294
vt 0.616663 0.050447
vt 0.658156 0.028269
vt 0.703178 0.014612
vt 0.750000 0.010000
vt 0.796822 0.014612
vt 0.841844 0.028269
vt 0.883337 0.050447
vt 0.919706 0.080294
vt 0.949553 0.116663
vt 0.971731 0.158156
vt 0.985388 0.203178
vt 0.990000 0.250000
vt 0.985388 0.296822
vt 0.971731 0.341844
vt 0.949553 0.383337
vt 0.919706 0.419706
vt 0.883337 0.449553
vt 0.841844 0.471731
vt 0.796822 0.485388
vt 0.203178 0.485388
s 0
usemtl Material.005
f 609/911/335 610/912/335 641/913/335
f 610/912/336 611/914/336 641/913/336
f 611/914/337 612/915/337 641/913/337
f 612/915/338 613/916/338 641/913/338
f 613/916/339 614/917/339 641/913/339
f 614/917/340 615/918/340 641/913/340
f 615/918/341 616/919/341 641/913/341
f 616/919/342 617/920/342 641/913/342
f 617/920/343 618/921/343 641/913/343
f 618/921/344 619/922/344 641/913/344
f 619/922/345 620/923/345 641/913/345
f 620/923/346 621/924/346 641/913/346
f 621/924/347 622/925/347 641/913/347
f 622/925/348 623/926/348 641/913/348
f 623/926/349 624/927/349 641/913/349
f 624/927/350 625/928/350 641/913/350
f 625/928/351 626/929/351 641/913/351
f 626/929/352 627/930/352 641/913/352
f 627/930/353 628/931/353 641/913/353
f 628/931/354 629/932/354 641/913/354
f 629/932/355 630/933/355 641/913/355
f 630/933/356 631/934/356 641/913/356
f 631/934/357 632/935/357 641/913/357
f 632/935/358 633/936/358 641/913/358
f 633/936/359 634/937/359 641/913/359
f 634/937/360 635/938/360 641/913/360
f 635/938/361 636/939/361 641/913/361
f 636/939/362 637/940/362 641/913/362
f 637/940/363 638/941/363 641/913/363
f 638/941/364 639/942/364 641/913/364
f 609/943/365 640/944/365 639/945/365 638/946/365 637/947/365 636/948/365 635/949/365 634/950/365 633/951/365 632/952/365 631/953/365 630/954/365 629/955/365 628/956/365 627/957/365 626/958/365 625/959/365 624/960/365 623/961/365 622/962/365 621/963/365 620/964/365 619/965/365 618/966/365 617/967/365 616/968/365 615/969/365 614/970/365 613/971/365 612/972/365 611/973/365 610/974/365
f 639/942/366 640/975/366 641/913/366
f 640/975/367 609/911/367 641/913/367
f 642/911/368 644/913/368 643/912/368
f 643/912/369 644/913/369 645/914/369
f 645/914/370 644/913/370 646/915/370
f 646/915/371 644/913/371 647/916/371
f 647/916/372 644/913/372 648/917/372
f 648/917/373 644/913/373 649/918/373
f 649/918/374 644/913/374 650/919/374
f 650/919/375 644/913/375 651/920/375
f 651/920/376 644/913/376 652/921/376
f 652/921/377 644/913/377 653/922/377
f 653/922/378 644/913/378 654/923/378
f 654/923/379 644/913/379 655/924/379
f 655/924/380 644/913/380 656/925/380
f 656/925/381 644/913/381 657/926/381
f 657/926/382 644/913/382 658/927/382
f 658/927/383 644/913/383 659/928/383
f 659/928/384 644/913/384 660/929/384
f 660/929/385 644/913/385 661/930/385
f 661/930/386 644/913/386 662/931/386
f 662/931/387 644/913/387 663/932/387
f 663/932/388 644/913/388 664/933/388
f 664/933/389 644/913/389 665/934/389
f 665/934/390 644/913/390 666/935/390
f 666/935/391 644/913/391 667/936/391
f 667/936/392 644/913/392 668/937/392
f 668/937/393 644/913/393 669/938/393
f 669/938/394 644/913/394 670/939/394
f 670/939/395 644/913/395 671/940/395
f 671/940/396 644/913/396 672/941/396
f 672/941/397 644/913/397 673/942/397
f 642/943/398 643/974/398 645/973/398 646/972/398 647/971/398 648/970/398 649/969/398 650/968/398 651/967/398 652/966/398 653/965/398 654/964/398 655/963/398 656/962/398 657/961/398 658/960/398 659/959/398 660/958/398 661/957/398 662/956/398 663/955/398 664/954/398 665/953/398 666/952/398 667/951/398 668/950/398 669/949/398 670/948/398 671/947/398 672/946/398 673/945/398 674/944/398
f 673/942/399 644/913/399 674/975/399
f 674/975/400 644/913/400 642/911/400
o Cylinder.007
v 0.000000 4.684892 -2.044265
v 0.000000 4.754430 -2.044265
v 0.398816 4.684892 -2.004985
v 0.398816 4.754430 -2.004985
v 0.782306 4.684892 -1.888654
v 0.782306 4.754430 -1.888654
v 1.135733 4.684892 -1.699744
v 1.135733 4.754430 -1.699744
v 1.445513 4.684892 -1.445513
v 1.445513 4.754430 -1.445513
v 1.699744 4.684892 -1.135733
v 1.699744 4.754430 -1.135733
v 1.888654 4.684892 -0.782306
v 1.888654 4.754430 -0.782306
v 2.004985 4.684892 -0.398816
v 2.004985 4.754430 -0.398816
v 2.044265 4.684892 0.000000
v 2.044265 4.754430 0.000000
v 2.004985 4.684892 0.398816
v 2.004985 4.754430 0.398816
v 1.888654 4.684892 0.782306
v 1.888654 4.754430 0.782306
v 1.699744 4.684892 1.135733
v 1.699744 4.754430 1.135733
v 1.445513 4.684892 1.445513
v 1.445513 4.754430 1.445513
v 1.135733 4.684892 1.699744
v 1.135733 4.754430 1.699744
v 0.782306 4.684892 1.888654
v 0.782306 4.754430 1.888654
v 0.398816 4.684892 2.004985
v 0.398816 4.754430 2.004985
v 0.000000 4.684892 2.044265
v 0.000000 4.754430 2.044265
v -0.398816 4.684892 2.004985
v -0.398816 4.754430 2.004985
v -0.782306 4.684892 1.888654
v -0.782306 4.754430 1.888654
v -1.135733 4.684892 1.699744
v -1.135733 4.754430 1.699744
v -1.445513 4.684892 1.445513
v -1.445513 4.754430 1.445513
v -1.699744 4.684892 1.135733
v -1.699744 4.754430 1.135733
v -1.888654 4.684892 0.782306
v -1.888654 4.754430 0.782306
v -2.004985 4.684892 0.398816
v -2.004985 4.754430 0.398816
v -2.044265 4.684892 0.000000
v -2.044265 4.754430 0.000000
v -2.004985 4.684892 -0.398816
v -2.004985 4.754430 -0.398816
v -1.888654 4.684892 -0.782306
v -1.888654 4.754430 -0.782306
v -1.699744 4.684892 -1.135733
v -1.699744 4.754430 -1.135733
v -1.445513 4.684892 -1.445513
v -1.445513 4.754430 -1.445513
v -1.135733 4.684892 -1.699744
v -1.135733 4.754430 -1.699744
v -0.782306 4.684892 -1.888654
v -0.782306 4.754430 -1.888654
v -0.398816 4.684892 -2.004985
v -0.398816 4.754430 -2.004985
vn 0.0980 -0.0000 -0.9952
vn 0.2903 -0.0000 -0.9569
vn 0.4714 -0.0000 -0.8819
vn 0.6344 -0.0000 -0.7730
vn 0.7730 -0.0000 -0.6344
vn 0.8819 -0.0000 -0.4714
vn 0.9569 -0.0000 -0.2903
vn 0.9952 -0.0000 -0.0980
vn 0.9952 -0.0000 0.0980
vn 0.9569 -0.0000 0.2903
vn 0.8819 -0.0000 0.4714
vn 0.7730 -0.0000 0.6344
vn 0.6344 -0.0000 0.7730
vn 0.4714 -0.0000 0.8819
vn 0.2903 -0.0000 0.9569
vn 0.0980 -0.0000 0.9952
vn -0.0980 -0.0000 0.9952
vn -0.2903 -0.0000 0.9569
vn -0.4714 -0.0000 0.8819
vn -0.6344 -0.0000 0.7730
vn -0.7730 -0.0000 0.6344
vn -0.8819 -0.0000 0.4714
vn -0.9569 -0.0000 0.2903
vn -0.9952 -0.0000 0.0980
vn -0.9952 -0.0000 -0.0980
vn -0.9569 -0.0000 -0.2903
vn -0.8819 -0.0000 -0.4714
vn -0.7730 -0.0000 -0.6344
vn -0.6344 -0.0000 -0.7730
vn -0.4714 -0.0000 -0.8819
vn -0.0000 1.0000 -0.0000
vn -0.2903 -0.0000 -0.9569
vn -0.0980 -0.0000 -0.9952
vn -0.0000 -1.0000 -0.0000
vt 1.000000 0.500000
vt 1.000000 1.000000
vt 0.968750 1.000000
vt 0.968750 0.500000
vt 0.937500 1.000000
vt 0.937500 0.500000
vt 0.906250 1.000000
vt 0.906250 0.500000
vt 0.875000 1.000000
vt 0.875000 0.500000
vt 0.843750 1.000000
vt 0.843750 0.500000
vt 0.812500 1.000000
vt 0.812500 0.500000
vt 0.781250 1.000000
vt 0.781250 0.500000
vt 0.750000 1.000000
vt 0.750000 0.500000
vt 0.718750 1.000000
vt 0.718750 0.500000
vt 0.687500 1.000000
vt 0.687500 0.500000
vt 0.656250 1.000000
vt 0.656250 0.500000
vt 0.625000 1.000000
vt 0.625000 0.500000
vt 0.593750 1.000000
vt 0.593750 0.500000
vt 0.562500 1.000000
vt 0.562500 0.500000
vt 0.531250 1.000000
vt 0.531250 0.500000
vt 0.500000 1.000000
vt 0.500000 0.500000
vt 0.468750 1.000000
vt 0.468750 0.500000
vt 0.437500 1.000000
vt 0.437500 0.500000
vt 0.406250 1.000000
vt 0.406250 0.500000
vt 0.375000 1.000000
vt 0.375000 0.500000
vt 0.343750 1.000000
vt 0.343750 0.500000
vt 0.312500 1.000000
vt 0.312500 0.500000
vt 0.281250 1.000000
vt 0.281250 0.500000
vt 0.250000 1.000000
vt 0.250000 0.500000
vt 0.218750 1.000000
vt 0.218750 0.500000
vt 0.187500 1.000000
vt 0.187500 0.500000
vt 0.156250 1.000000
vt 0.156250 0.500000
vt 0.125000 1.000000
vt 0.125000 0.500000
vt 0.093750 1.000000
vt 0.093750 0.500000
vt 0.062500 1.000000
vt 0.062500 0.500000
vt 0.296822 0.485388
vt 0.250000 0.490000
vt 0.203178 0.485388
vt 0.158156 0.471731
vt 0.116663 0.449553
vt 0.080294 0.419706
vt 0.050447 0.383337
vt 0.028269 0.341844
vt 0.014612 0.296822
vt 0.010000 0.250000
vt 0.014612 0.203178
vt 0.028269 0.158156
vt 0.050447 0.116663
vt 0.080294 0.080294
vt 0.116663 0.050447
vt 0.158156 0.028269
vt 0.203178 0.014612
vt 0.250000 0.010000
vt 0.296822 0.014612
vt 0.341844 0.028269
vt 0.383337 0.050447
vt 0.419706 0.080294
vt 0.449553 0.116663
vt 0.471731 0.158156
vt 0.485388 0.203178
vt 0.490000 0.250000
vt 0.485388 0.296822
vt 0.471731 0.341844
vt 0.449553 0.383337
vt 0.419706 0.419706
vt 0.383337 0.449553
vt 0.341844 0.471731
vt 0.031250 1.000000
vt 0.031250 0.500000
vt 0.000000 1.000000
vt 0.000000 0.500000
vt 0.750000 0.490000
vt 0.796822 0.485388
vt 0.841844 0.471731
vt 0.883337 0.449553
vt 0.919706 0.419706
vt 0.949553 0.383337
vt 0.971731 0.341844
vt 0.985388 0.296822
vt 0.990000 0.250000
vt 0.985388 0.203178
vt 0.971731 0.158156
vt 0.949553 0.116663
vt 0.919706 0.080294
vt 0.883337 0.050447
vt 0.841844 0.028269
vt 0.796822 0.014612
vt 0.750000 0.010000
vt 0.703178 0.014612
vt 0.658156 0.028269
vt 0.616663 0.050447
vt 0.580294 0.080294
vt 0.550447 0.116663
vt 0.528269 0.158156
vt 0.514612 0.203178
vt 0.510000 0.250000
vt 0.514612 0.296822
vt 0.528269 0.341844
vt 0.550447 0.383337
vt 0.580294 0.419706
vt 0.616663 0.449553
vt 0.658156 0.471731
vt 0.703178 0.485388
s 0
f 675/976/401 676/977/401 678/978/401 677/979/401
f 677/979/402 678/978/402 680/980/402 679/981/402
f 679/981/403 680/980/403 682/982/403 681/983/403
f 681/983/404 682/982/404 684/984/404 683/985/404
f 683/985/405 684/984/405 686/986/405 685/987/405
f 685/987/406 686/986/406 688/988/406 687/989/406
f 687/989/407 688/988/407 690/990/407 689/991/407
f 689/991/408 690/990/408 692/992/408 691/993/408
f 691/993/409 692/992/409 694/994/409 693/995/409
f 693/995/410 694/994/410 696/996/410 695/997/410
f 695/997/411 696/996/411 698/998/411 697/999/411
f 697/999/412 698/998/412 700/1000/412 699/1001/412
f 699/1001/413 700/1000/413 702/1002/413 701/1003/413
f 701/1003/414 702/1002/414 704/1004/414 703/1005/414
f 703/1005/415 704/1004/415 706/1006/415 705/1007/415
f 705/1007/416 706/1006/416 708/1008/416 707/1009/416
f 707/1009/417 708/1008/417 710/1010/417 709/1011/417
f 709/1011/418 710/1010/418 712/1012/418 711/1013/418
f 711/1013/419 712/1012/419 714/1014/419 713/1015/419
f 713/1015/420 714/1014/420 716/1016/420 715/1017/420
f 715/1017/421 716/1016/421 718/1018/421 717/1019/421
f 717/1019/422 718/1018/422 720/1020/422 719/1021/422
f 719/1021/423 720/1020/423 722/1022/423 721/1023/423
f 721/1023/424 722/1022/424 724/1024/424 723/1025/424
f 723/1025/425 724/1024/425 726/1026/425 725/1027/425
f 725/1027/426 726/1026/426 728/1028/426 727/1029/426
f 727/1029/427 728/1028/427 730/1030/427 729/1031/427
f 729/1031/428 730/1030/428 732/1032/428 731/1033/428
f 731/1033/429 732/1032/429 734/1034/429 733/1035/429
f 733/1035/430 734/1034/430 736/1036/430 735/1037/430
f 678/1038/431 676/1039/431 738/1040/431 736/1041/431 734/1042/431 732/1043/431 730/1044/431 728/1045/431 726/1046/431 724/1047/431 722/1048/431 720/1049/431 718/1050/431 716/1051/431 714/1052/431 712/1053/431 710/1054/431 708/1055/431 706/1056/431 704/1057/431 702/1058/431 700/1059/431 698/1060/431 696/1061/431 694/1062/431 692/1063/431 690/1064/431 688/1065/431 686/1066/431 684/1067/431 682/1068/431 680/1069/431
f 735/1037/432 736/1036/432 738/1070/432 737/1071/432
f 737/1071/433 738/1070/433 676/1072/433 675/1073/433
f 675/1074/434 677/1075/434 679/1076/434 681/1077/434 683/1078/434 685/1079/434 687/1080/434 689/1081/434 691/1082/434 693/1083/434 695/1084/434 697/1085/434 699/1086/434 701/1087/434 703/1088/434 705/1089/434 707/1090/434 709/1091/434 711/1092/434 713/1093/434 715/1094/434 717/1095/434 719/1096/434 721/1097/434 723/1098/434 725/1099/434 727/1100/434 729/1101/434 731/1102/434 733/1103/434 735/1104/434 737/1105/434
o Torus
v 1.250000 0.000000 0.000000
v 1.216506 0.061250 0.000000
v 1.125000 0.106088 0.000000
v 1.000000 0.122500 0.000000
v 0.875000 0.106088 0.000000
v 0.783494 0.061250 0.000000
v 0.750000 0.000000 0.000000
v 0.783494 -0.061250 0.000000
v 0.875000 -0.106088 0.000000
v 1.000000 -0.122500 0.000000
v 1.125000 -0.106088 0.000000
v 1.216506 -0.061250 0.000000
v 1.239306 0.000000 -0.163158
v 1.206099 0.061250 -0.158786
v 1.115376 0.106088 -0.146842
v 0.991445 0.122500 -0.130526
v 0.867514 0.106088 -0.114210
v 0.776791 0.061250 -0.102266
v 0.743584 0.000000 -0.097895
v 0.776791 -0.061250 -0.102266
v 0.867514 -0.106088 -0.114210
v 0.991445 -0.122500 -0.130526
v 1.115376 -0.106088 -0.146842
v 1.206099 -0.061250 -0.158786
v 1.207407 0.000000 -0.323524
v 1.175055 0.061250 -0.314855
v 1.086667 0.106088 -0.291171
v 0.965926 0.122500 -0.258819
v 0.845185 0.106088 -0.226467
v 0.756797 0.061250 -0.202783
v 0.724444 0.000000 -0.194114
v 0.756797 -0.061250 -0.202783
v 0.845185 -0.106088 -0.226467
v 0.965926 -0.122500 -0.258819
v 1.086667 -0.106088 -0.291171
v 1.175055 -0.061250 -0.314855
v 1.154849 0.000000 -0.478354
v 1.123905 0.061250 -0.465537
v 1.039364 0.106088 -0.430519
v 0.923880 0.122500 -0.382683
v 0.808395 0.106088 -0.334848
v 0.723854 0.061250 -0.299830
v 0.692910 0.000000 -0.287013
v 0.723854 -0.061250 -0.299830
v 0.808395 -0.106088 -0.334848
v 0.923880 -0.122500 -0.382683
v 1.039364 -0.106088 -0.430519
v 1.123905 -0.061250 -0.465537
v 1.082532 0.000000 -0.625000
v 1.053525 0.061250 -0.608253
v 0.974279 0.106088 -0.562500
v 0.866025 0.122500 -0.500000
v 0.757772 0.106088 -0.437500
v 0.678525 0.061250 -0.391747
v 0.649519 0.000000 -0.375000
v 0.678525 -0.061250 -0.391747
v 0.757772 -0.106088 -0.437500
v 0.866025 -0.122500 -0.500000
v 0.974279 -0.106088 -0.562500
v 1.053525 -0.061250 -0.608253
v 0.991692 0.000000 -0.760952
v 0.965119 0.061250 -0.740562
v 0.892523 0.106088 -0.684856
v 0.793353 0.122500 -0.608761
v 0.694184 0.106088 -0.532666
v 0.621587 0.061250 -0.476961
v 0.595015 0.000000 -0.456571
v 0.621587 -0.061250 -0.476961
v 0.694184 -0.106088 -0.532666
v 0.793353 -0.122500 -0.608761
v 0.892523 -0.106088 -0.684856
v 0.965119 -0.061250 -0.740562
v 0.883883 0.000000 -0.883884
v 0.860200 0.061250 -0.860200
v 0.795495 0.106088 -0.795495
v 0.707107 0.122500 -0.707107
v 0.618718 0.106088 -0.618719
v 0.554014 0.061250 -0.554014
v 0.530330 0.000000 -0.530330
v 0.554014 -0.061250 -0.554014
v 0.618718 -0.106088 -0.618719
v 0.707107 -0.122500 -0.707107
v 0.795495 -0.106088 -0.795495
v 0.860200 -0.061250 -0.860200
v 0.760952 0.000000 -0.991691
v 0.740562 0.061250 -0.965119
v 0.684857 0.106088 -0.892522
v 0.608762 0.122500 -0.793353
v 0.532666 0.106088 -0.694184
v 0.476961 0.061250 -0.621587
v 0.456571 0.000000 -0.595015
v 0.476961 -0.061250 -0.621587
v 0.532666 -0.106088 -0.694184
v 0.608762 -0.122500 -0.793353
v 0.684857 -0.106088 -0.892522
v 0.740562 -0.061250 -0.965119
v 0.625000 0.000000 -1.082532
v 0.608253 0.061250 -1.053525
v 0.562500 0.106088 -0.974279
v 0.500000 0.122500 -0.866025
v 0.437500 0.106088 -0.757772
v 0.391747 0.061250 -0.678525
v 0.375000 0.000000 -0.649519
v 0.391747 -0.061250 -0.678525
v 0.437500 -0.106088 -0.757772
v 0.500000 -0.122500 -0.866025
v 0.562500 -0.106088 -0.974279
v 0.608253 -0.061250 -1.053525
v 0.478355 0.000000 -1.154849
v 0.465537 0.061250 -1.123905
v 0.430519 0.106088 -1.039364
v 0.382684 0.122500 -0.923879
v 0.334848 0.106088 -0.808394
v 0.299830 0.061250 -0.723854
v 0.287013 0.000000 -0.692910
v 0.299830 -0.061250 -0.723854
v 0.334848 -0.106088 -0.808394
v 0.382684 -0.122500 -0.923879
v 0.430519 -0.106088 -1.039364
v 0.465537 -0.061250 -1.123905
v 0.323524 0.000000 -1.207407
v 0.314855 0.061250 -1.175055
v 0.291171 0.106088 -1.086667
v 0.258819 0.122500 -0.965926
v 0.226467 0.106088 -0.845185
v 0.202783 0.061250 -0.756797
v 0.194114 0.000000 -0.724444
v 0.202783 -0.061250 -0.756797
v 0.226467 -0.106088 -0.845185
v 0.258819 -0.122500 -0.965926
v 0.291171 -0.106088 -1.086667
v 0.314855 -0.061250 -1.175055
v 0.163158 0.000000 -1.239306
v 0.158786 0.061250 -1.206099
v 0.146842 0.106088 -1.115376
v 0.130526 0.122500 -0.991445
v 0.114210 0.106088 -0.867514
v 0.102266 0.061250 -0.776791
v 0.097895 0.000000 -0.743584
v 0.102266 -0.061250 -0.776791
v 0.114210 -0.106088 -0.867514
v 0.130526 -0.122500 -0.991445
v 0.146842 -0.106088 -1.115376
v 0.158786 -0.061250 -1.206099
v 0.000000 0.000000 -1.250000
v 0.000000 0.061250 -1.216506
v 0.000000 0.106088 -1.125000
v 0.000000 0.122500 -1.000000
v 0.000000 0.106088 -0.875000
v 0.000000 0.061250 -0.783494
v 0.000000 0.000000 -0.750000
v 0.000000 -0.061250 -0.783494
v 0.000000 -0.106088 -0.875000
v 0.000000 -0.122500 -1.000000
v 0.000000 -0.106088 -1.125000
v 0.000000 -0.061250 -1.216506
v -0.163158 0.000000 -1.239306
v -0.158786 0.061250 -1.206099
v -0.146842 0.106088 -1.115375
v -0.130526 0.122500 -0.991445
v -0.114211 0.106088 -0.867514
v -0.102267 0.061250 -0.776791
v -0.097895 0.000000 -0.743584
v -0.102267 -0.061250 -0.776791
v -0.114211 -0.106088 -0.867514
v -0.130526 -0.122500 -0.991445
v -0.146842 -0.106088 -1.115375
v -0.158786 -0.061250 -1.206099
v -0.323524 0.000000 -1.207407
v -0.314855 0.061250 -1.175055
v -0.291171 0.106088 -1.086667
v -0.258819 0.122500 -0.965926
v -0.226467 0.106088 -0.845185
v -0.202783 0.061250 -0.756797
v -0.194114 0.000000 -0.724444
v -0.202783 -0.061250 -0.756797
v -0.226467 -0.106088 -0.845185
v -0.258819 -0.122500 -0.965926
v -0.291171 -0.106088 -1.086667
v -0.314855 -0.061250 -1.175055
v -0.478354 0.000000 -1.154849
v -0.465537 0.061250 -1.123905
v -0.430519 0.106088 -1.039364
v -0.382684 0.122500 -0.923880
v -0.334848 0.106088 -0.808395
v -0.299830 0.061250 -0.723854
v -0.287013 0.000000 -0.692910
v -0.299830 -0.061250 -0.723854
v -0.334848 -0.106088 -0.808395
v -0.382684 -0.122500 -0.923880
v -0.430519 -0.106088 -1.039364
v -0.465537 -0.061250 -1.123905
v -0.625000 0.000000 -1.082532
v -0.608253 0.061250 -1.053526
v -0.562500 0.106088 -0.974279
v -0.500000 0.122500 -0.866026
v -0.437500 0.106088 -0.757772
v -0.391747 0.061250 -0.678525
v -0.375000 0.000000 -0.649519
v -0.391747 -0.061250 -0.678525
v -0.437500 -0.106088 -0.757772
v -0.500000 -0.122500 -0.866026
v -0.562500 -0.106088 -0.974279
v -0.608253 -0.061250 -1.053526
v -0.760952 0.000000 -0.991692
v -0.740562 0.061250 -0.965119
v -0.684857 0.106088 -0.892522
v -0.608761 0.122500 -0.793353
v -0.532666 0.106088 -0.694184
v -0.476961 0.061250 -0.621587
v -0.456571 0.000000 -0.595015
v -0.476961 -0.061250 -0.621587
v -0.532666 -0.106088 -0.694184
v -0.608761 -0.122500 -0.793353
v -0.684857 -0.106088 -0.892522
v -0.740562 -0.061250 -0.965119
v -0.883884 0.000000 -0.883883
v -0.860200 0.061250 -0.860200
v -0.795495 0.106088 -0.795495
v -0.707107 0.122500 -0.707107
v -0.618719 0.106088 -0.618718
v -0.554014 0.061250 -0.554013
v -0.530330 0.000000 -0.530330
v -0.554014 -0.061250 -0.554013
v -0.618719 -0.106088 -0.618718
v -0.707107 -0.122500 -0.707107
v -0.795495 -0.106088 -0.795495
v -0.860200 -0.061250 -0.860200
v -0.991692 0.000000 -0.760952
v -0.965119 0.061250 -0.740562
v -0.892522 0.106088 -0.684857
v -0.793353 0.122500 -0.608761
v -0.694184 0.106088 -0.532666
v -0.621587 0.061250 -0.476961
v -0.595015 0.000000 -0.456571
v -0.621587 -0.061250 -0.476961
v -0.694184 -0.106088 -0.532666
v -0.793353 -0.122500 -0.608761
v -0.892522 -0.106088 -0.684857
v -0.965119 -0.061250 -0.740562
v -1.082532 0.000000 -0.625000
v -1.053525 0.061250 -0.608253
v -0.974278 0.106088 -0.562500
v -0.866025 0.122500 -0.500000
v -0.757772 0.106088 -0.437500
v -0.678525 0.061250 -0.391747
v -0.649519 0.000000 -0.375000
v -0.678525 -0.061250 -0.391747
v -0.757772 -0.106088 -0.437500
v -0.866025 -0.122500 -0.500000
v -0.974278 -0.106088 -0.562500
v -1.053525 -0.061250 -0.608253
v -1.154849 0.000000 -0.478354
v -1.123905 0.061250 -0.465537
v -1.039364 0.106088 -0.430519
v -0.923880 0.122500 -0.382683
v -0.808395 0.106088 -0.334848
v -0.723854 0.061250 -0.299830
v -0.692910 0.000000 -0.287013
v -0.723854 -0.061250 -0.299830
v -0.808395 -0.106088 -0.334848
v -0.923880 -0.122500 -0.382683
v -1.039364 -0.106088 -0.430519
v -1.123905 -0.061250 -0.465537
v -1.207407 0.000000 -0.323524
v -1.175055 0.061250 -0.314855
v -1.086667 0.106088 -0.291171
v -0.965926 0.122500 -0.258819
v -0.845185 0.106088 -0.226467
v -0.756797 0.061250 -0.202783
v -0.724444 0.000000 -0.194114
v -0.756797 -0.061250 -0.202783
v -0.845185 -0.106088 -0.226467
v -0.965926 -0.122500 -0.258819
v -1.086667 -0.106088 -0.291171
v -1.175055 -0.061250 -0.314855
v -1.239306 0.000000 -0.163158
v -1.206099 0.061250 -0.158786
v -1.115375 0.106088 -0.146842
v -0.991445 0.122500 -0.130526
v -0.867514 0.106088 -0.114211
v -0.776791 0.061250 -0.102267
v -0.743584 0.000000 -0.097895
v -0.776791 -0.061250 -0.102267
v -0.867514 -0.106088 -0.114211
v -0.991445 -0.122500 -0.130526
v -1.115375 -0.106088 -0.146842
v -1.206099 -0.061250 -0.158786
v -1.250000 0.000000 -0.000000
v -1.216506 0.061250 -0.000000
v -1.125000 0.106088 -0.000000
v -1.000000 0.122500 -0.000000
v -0.875000 0.106088 -0.000000
v -0.783494 0.061250 -0.000000
v -0.750000 0.000000 -0.000000
v -0.783494 -0.061250 -0.000000
v -0.875000 -0.106088 -0.000000
v -1.000000 -0.122500 -0.000000
v -1.125000 -0.106088 -0.000000
v -1.216506 -0.061250 -0.000000
v -1.239306 0.000000 0.163158
v -1.206099 0.061250 0.158786
v -1.115375 0.106088 0.146842
v -0.991445 0.122500 0.130526
v -0.867514 0.106088 0.114211
v -0.776791 0.061250 0.102267
v -0.743584 0.000000 0.097895
v -0.776791 -0.061250 0.102267
v -0.867514 -0.106088 0.114211
v -0.991445 -0.122500 0.130526
v -1.115375 -0.106088 0.146842
v -1.206099 -0.061250 0.158786
v -1.207407 0.000000 0.323524
v -1.175055 0.061250 0.314855
v -1.086667 0.106088 0.291171
v -0.965926 0.122500 0.258819
v -0.845185 0.106088 0.226467
v -0.756797 0.061250 0.202783
v -0.724444 0.000000 0.194114
v -0.756797 -0.061250 0.202783
v -0.845185 -0.106088 0.226467
v -0.965926 -0.122500 0.258819
v -1.086667 -0.106088 0.291171
v -1.175055 -0.061250 0.314855
v -1.154850 0.000000 0.478354
v -1.123906 0.061250 0.465536
v -1.039365 0.106088 0.430518
v -0.923880 0.122500 0.382683
v -0.808395 0.106088 0.334848
v -0.723854 0.061250 0.299830
v -0.692910 0.000000 0.287012
v -0.723854 -0.061250 0.299830
v -0.808395 -0.106088 0.334848
v -0.923880 -0.122500 0.382683
v -1.039365 -0.106088 0.430518
v -1.123906 -0.061250 0.465536
v -1.082532 0.000000 0.625000
v -1.053526 0.061250 0.608253
v -0.974279 0.106088 0.562500
v -0.866026 0.122500 0.500000
v -0.757772 0.106088 0.437500
v -0.678525 0.061250 0.391747
v -0.649519 0.000000 0.375000
v -0.678525 -0.061250 0.391747
v -0.757772 -0.106088 0.437500
v -0.866026 -0.122500 0.500000
v -0.974279 -0.106088 0.562500
v -1.053526 -0.061250 0.608253
v -0.991692 0.000000 0.760952
v -0.965119 0.061250 0.740562
v -0.892522 0.106088 0.684857
v -0.793353 0.122500 0.608761
v -0.694184 0.106088 0.532666
v -0.621587 0.061250 0.476961
v -0.595015 0.000000 0.456571
v -0.621587 -0.061250 0.476961
v -0.694184 -0.106088 0.532666
v -0.793353 -0.122500 0.608761
v -0.892522 -0.106088 0.684857
v -0.965119 -0.061250 0.740562
v -0.883884 0.000000 0.883883
v -0.860200 0.061250 0.860200
v -0.795495 0.106088 0.795495
v -0.707107 0.122500 0.707107
v -0.618719 0.106088 0.618718
v -0.554014 0.061250 0.554013
v -0.530330 0.000000 0.530330
v -0.554014 -0.061250 0.554013
v -0.618719 -0.106088 0.618718
v -0.707107 -0.122500 0.707107
v -0.795495 -0.106088 0.795495
v -0.860200 -0.061250 0.860200
v -0.760952 0.000000 0.991691
v -0.740563 0.061250 0.965119
v -0.684857 0.106088 0.892522
v -0.608762 0.122500 0.793353
v -0.532667 0.106088 0.694184
v -0.476961 0.061250 0.621587
v -0.456571 0.000000 0.595015
v -0.476961 -0.061250 0.621587
v -0.532667 -0.106088 0.694184
v -0.608762 -0.122500 0.793353
v -0.684857 -0.106088 0.892522
v -0.740563 -0.061250 0.965119
v -0.625000 0.000000 1.082532
v -0.608253 0.061250 1.053526
v -0.562500 0.106088 0.974279
v -0.500000 0.122500 0.866026
v -0.437500 0.106088 0.757772
v -0.391747 0.061250 0.678525
v -0.375000 0.000000 0.649519
v -0.391747 -0.061250 0.678525
v -0.437500 -0.106088 0.757772
v -0.500000 -0.122500 0.866026
v -0.562500 -0.106088 0.974279
v -0.608253 -0.061250 1.053526
v -0.478354 0.000000 1.154849
v -0.465537 0.061250 1.123905
v -0.430519 0.106088 1.039364
v -0.382684 0.122500 0.923880
v -0.334848 0.106088 0.808395
v -0.299830 0.061250 0.723854
v -0.287013 0.000000 0.692910
v -0.299830 -0.061250 0.723854
v -0.334848 -0.106088 0.808395
v -0.382684 -0.122500 0.923880
v -0.430519 -0.106088 1.039364
v -0.465537 -0.061250 1.123905
v -0.323524 0.000000 1.207407
v -0.314855 0.061250 1.175055
v -0.291172 0.106088 1.086666
v -0.258819 0.122500 0.965926
v -0.226467 0.106088 0.845185
v -0.202783 0.061250 0.756797
v -0.194115 0.000000 0.724444
v -0.202783 -0.061250 0.756797
v -0.226467 -0.106088 0.845185
v -0.258819 -0.122500 0.965926
v -0.291172 -0.106088 1.086666
v -0.314855 -0.061250 1.175055
v -0.163158 0.000000 1.239306
v -0.158787 0.061250 1.206099
v -0.146843 0.106088 1.115375
v -0.130527 0.122500 0.991445
v -0.114211 0.106088 0.867514
v -0.102267 0.061250 0.776791
v -0.097895 0.000000 0.743584
v -0.102267 -0.061250 0.776791
v -0.114211 -0.106088 0.867514
v -0.130527 -0.122500 0.991445
v -0.146843 -0.106088 1.115375
v -0.158787 -0.061250 1.206099
v 0.000000 0.000000 1.250000
v 0.000000 0.061250 1.216506
v 0.000000 0.106088 1.125000
v 0.000000 0.122500 1.000000
v 0.000000 0.106088 0.875000
v 0.000000 0.061250 0.783494
v 0.000000 0.000000 0.750000
v 0.000000 -0.061250 0.783494
v 0.000000 -0.106088 0.875000
v 0.000000 -0.122500 1.000000
v 0.000000 -0.106088 1.125000
v 0.000000 -0.061250 1.216506
v 0.163158 0.000000 1.239306
v 0.158786 0.061250 1.206099
v 0.146842 0.106088 1.115376
v 0.130526 0.122500 0.991445
v 0.114210 0.106088 0.867514
v 0.102266 0.061250 0.776791
v 0.097895 0.000000 0.743584
v 0.102266 -0.061250 0.776791
v 0.114210 -0.106088 0.867514
v 0.130526 -0.122500 0.991445
v 0.146842 -0.106088 1.115376
v 0.158786 -0.061250 1.206099
v 0.323523 0.000000 1.207407
v 0.314854 0.061250 1.175055
v 0.291171 0.106088 1.086667
v 0.258819 0.122500 0.965926
v 0.226466 0.106088 0.845185
v 0.202783 0.061250 0.756797
v 0.194114 0.000000 0.724444
v 0.202783 -0.061250 0.756797
v 0.226466 -0.106088 0.845185
v 0.258819 -0.122500 0.965926
v 0.291171 -0.106088 1.086667
v 0.314854 -0.061250 1.175055
v 0.478355 0.000000 1.154849
v 0.465537 0.061250 1.123905
v 0.430519 0.106088 1.039364
v 0.382684 0.122500 0.923879
v 0.334848 0.106088 0.808394
v 0.299830 0.061250 0.723854
v 0.287013 0.000000 0.692910
v 0.299830 -0.061250 0.723854
v 0.334848 -0.106088 0.808394
v 0.382684 -0.122500 0.923879
v 0.430519 -0.106088 1.039364
v 0.465537 -0.061250 1.123905
v 0.625000 0.000000 1.082532
v 0.608253 0.061250 1.053525
v 0.562500 0.106088 0.974279
v 0.500000 0.122500 0.866025
v 0.437500 0.106088 0.757772
v 0.391747 0.061250 0.678525
v 0.375000 0.000000 0.649519
v 0.391747 -0.061250 0.678525
v 0.437500 -0.106088 0.757772
v 0.500000 -0.122500 0.866025
v 0.562500 -0.106088 0.974279
v 0.608253 -0.061250 1.053525
v 0.760952 0.000000 0.991692
v 0.740562 0.061250 0.965120
v 0.684856 0.106088 0.892523
v 0.608761 0.122500 0.793353
v 0.532666 0.106088 0.694184
v 0.476961 0.061250 0.621587
v 0.456571 0.000000 0.595015
v 0.476961 -0.061250 0.621587
v 0.532666 -0.106088 0.694184
v 0.608761 -0.122500 0.793353
v 0.684856 -0.106088 0.892523
v 0.740562 -0.061250 0.965120
v 0.883883 0.000000 0.883884
v 0.860199 0.061250 0.860200
v 0.795495 0.106088 0.795496
v 0.707106 0.122500 0.707107
v 0.618718 0.106088 0.618719
v 0.554013 0.061250 0.554014
v 0.530330 0.000000 0.530330
v 0.554013 -0.061250 0.554014
v 0.618718 -0.106088 0.618719
v 0.707106 -0.122500 0.707107
v 0.795495 -0.106088 0.795496
v 0.860199 -0.061250 0.860200
v 0.991692 0.000000 0.760952
v 0.965119 0.061250 0.740562
v 0.892523 0.106088 0.684856
v 0.793353 0.122500 0.608761
v 0.694184 0.106088 0.532666
v 0.621587 0.061250 0.476961
v 0.595015 0.000000 0.456571
v 0.621587 -0.061250 0.476961
v 0.694184 -0.106088 0.532666
v 0.793353 -0.122500 0.608761
v 0.892523 -0.106088 0.684856
v 0.965119 -0.061250 0.740562
v 1.082532 0.000000 0.625000
v 1.053525 0.061250 0.608253
v 0.974279 0.106088 0.562500
v 0.866025 0.122500 0.500000
v 0.757772 0.106088 0.437500
v 0.678525 0.061250 0.391747
v 0.649519 0.000000 0.375000
v 0.678525 -0.061250 0.391747
v 0.757772 -0.106088 0.437500
v 0.866025 -0.122500 0.500000
v 0.974279 -0.106088 0.562500
v 1.053525 -0.061250 0.608253
v 1.154849 0.000000 0.478355
v 1.123905 0.061250 0.465537
v 1.039364 0.106088 0.430519
v 0.923879 0.122500 0.382684
v 0.808394 0.106088 0.334848
v 0.723854 0.061250 0.299830
v 0.692910 0.000000 0.287013
v 0.723854 -0.061250 0.299830
v 0.808394 -0.106088 0.334848
v 0.923879 -0.122500 0.382684
v 1.039364 -0.106088 0.430519
v 1.123905 -0.061250 0.465537
v 1.207407 0.000000 0.323523
v 1.175055 0.061250 0.314855
v 1.086667 0.106088 0.291171
v 0.965926 0.122500 0.258819
v 0.845185 0.106088 0.226466
v 0.756797 0.061250 0.202783
v 0.724444 0.000000 0.194114
v 0.756797 -0.061250 0.202783
v 0.845185 -0.106088 0.226466
v 0.965926 -0.122500 0.258819
v 1.086667 -0.106088 0.291171
v 1.175055 -0.061250 0.314855
v 1.239306 0.000000 0.163158
v 1.206099 0.061250 0.158786
v 1.115376 0.106088 0.146842
v 0.991445 0.122500 0.130526
v 0.867514 0.106088 0.114210
v 0.776791 0.061250 0.102266
v 0.743584 0.000000 0.097895
v 0.776791 -0.061250 0.102266
v 0.867514 -0.106088 0.114210
v 0.991445 -0.122500 0.130526
v 1.115376 -0.106088 0.146842
v 1.206099 -0.061250 0.158786
vn 0.8759 0.4790 -0.0574
vn 0.4398 0.8976 -0.0288
vn 0.1302 0.9915 -0.0085
vn -0.1302 0.9915 0.0085
vn -0.4398 0.8976 0.0288
vn -0.8759 0.4790 0.0574
vn -0.8759 -0.4790 0.0574
vn -0.4398 -0.8976 0.0288
vn -0.1302 -0.9915 0.0085
vn 0.1302 -0.9915 -0.0085
vn 0.4398 -0.8976 -0.0288
vn 0.8759 -0.4790 -0.0574
vn 0.8610 0.4790 -0.1713
vn 0.4323 0.8976 -0.0860
vn 0.1279 0.9915 -0.0255
vn -0.1279 0.9915 0.0255
vn -0.4323 0.8976 0.0860
vn -0.8610 0.4790 0.1713
vn -0.8610 -0.4790 0.1713
vn -0.4323 -0.8976 0.0860
vn -0.1279 -0.9915 0.0255
vn 0.1279 -0.9915 -0.0255
vn 0.4323 -0.8976 -0.0860
vn 0.8610 -0.4790 -0.1713
vn 0.8312 0.4790 -0.2822
vn 0.4174 0.8976 -0.1417
vn 0.1235 0.9915 -0.0419
vn -0.1235 0.9915 0.0419
vn -0.4174 0.8976 0.1417
vn -0.8312 0.4790 0.2822
vn -0.8312 -0.4790 0.2822
vn -0.4174 -0.8976 0.1417
vn -0.1235 -0.9915 0.0419
vn 0.1235 -0.9915 -0.0419
vn 0.4174 -0.8976 -0.1417
vn 0.8312 -0.4790 -0.2822
vn 0.7873 0.4790 -0.3882
vn 0.3953 0.8976 -0.1950
vn 0.1170 0.9915 -0.0577
vn -0.1170 0.9915 0.0577
vn -0.3953 0.8976 0.1950
vn -0.7873 0.4790 0.3882
vn -0.7873 -0.4790 0.3882
vn -0.3953 -0.8976 0.1950
vn -0.1170 -0.9915 0.0577
vn 0.1170 -0.9915 -0.0577
vn 0.3953 -0.8976 -0.1950
vn 0.7873 -0.4790 -0.3882
vn 0.7299 0.4790 -0.4877
vn 0.3665 0.8976 -0.2449
vn 0.1085 0.9915 -0.0725
vn -0.1085 0.9915 0.0725
vn -0.3665 0.8976 0.2449
vn -0.7299 0.4790 0.4877
vn -0.7299 -0.4790 0.4877
vn -0.3665 -0.8976 0.2449
vn -0.1085 -0.9915 0.0725
vn 0.1085 -0.9915 -0.0725
vn 0.3665 -0.8976 -0.2449
vn 0.7299 -0.4790 -0.4877
vn 0.6600 0.4790 -0.5788
vn 0.3314 0.8976 -0.2906
vn 0.0981 0.9915 -0.0860
vn -0.0981 0.9915 0.0860
vn -0.3314 0.8976 0.2906
vn -0.6600 0.4790 0.5788
vn -0.6600 -0.4790 0.5788
vn -0.3314 -0.8976 0.2906
vn -0.0981 -0.9915 0.0860
vn 0.0981 -0.9915 -0.0860
vn 0.3314 -0.8976 -0.2906
vn 0.6600 -0.4790 -0.5788
vn 0.5788 0.4790 -0.6600
vn 0.2906 0.8976 -0.3314
vn 0.0860 0.9915 -0.0981
vn -0.0860 0.9915 0.0981
vn -0.2906 0.8976 0.3314
vn -0.5788 0.4790 0.6600
vn -0.5788 -0.4790 0.6600
vn -0.2906 -0.8976 0.3314
vn -0.0860 -0.9915 0.0981
vn 0.0860 -0.9915 -0.0981
vn 0.2906 -0.8976 -0.3314
vn 0.5788 -0.4790 -0.6600
vn 0.4877 0.4790 -0.7299
vn 0.2449 0.8976 -0.3665
vn 0.0725 0.9915 -0.1085
vn -0.0725 0.9915 0.1085
vn -0.2449 0.8976 0.3665
vn -0.4877 0.4790 0.7299
vn -0.4877 -0.4790 0.7299
vn -0.2449 -0.8976 0.3665
vn -0.0725 -0.9915 0.1085
vn 0.0725 -0.9915 -0.1085
vn 0.2449 -0.8976 -0.3665
vn 0.4877 -0.4790 -0.7299
vn 0.3882 0.4790 -0.7873
vn 0.1950 0.8976 -0.3953
vn 0.0577 0.9915 -0.1170
vn -0.0577 0.9915 0.1170
vn -0.1950 0.8976 0.3953
vn -0.3882 0.4790 0.7873
vn -0.3882 -0.4790 0.7873
vn -0.1950 -0.8976 0.3953
vn -0.0577 -0.9915 0.1170
vn 0.0577 -0.9915 -0.1170
vn 0.1950 -0.8976 -0.3953
vn 0.3882 -0.4790 -0.7873
vn 0.2822 0.4790 -0.8312
vn 0.1417 0.8976 -0.4174
vn 0.0419 0.9915 -0.1235
vn -0.0419 0.9915 0.1235
vn -0.1417 0.8976 0.4174
vn -0.2822 0.4790 0.8312
vn -0.2822 -0.4790 0.8312
vn -0.1417 -0.8976 0.4174
vn -0.0419 -0.9915 0.1235
vn 0.0419 -0.9915 -0.1235
vn 0.1417 -0.8976 -0.4174
vn 0.2822 -0.4790 -0.8312
vn 0.1713 0.4790 -0.8610
vn 0.0860 0.8976 -0.4323
vn 0.0255 0.9915 -0.1279
vn -0.0255 0.9915 0.1279
vn -0.0860 0.8976 0.4323
vn -0.1713 0.4790 0.8610
vn -0.1713 -0.4790 0.8610
vn -0.0860 -0.8976 0.4323
vn -0.0254 -0.9915 0.1279
vn 0.0255 -0.9915 -0.1279
vn 0.0860 -0.8976 -0.4323
vn 0.1713 -0.4790 -0.8610
vn 0.0574 0.4790 -0.8759
vn 0.0288 0.8976 -0.4398
vn 0.0085 0.9915 -0.1302
vn -0.0085 0.9915 0.1302
vn -0.0288 0.8976 0.4398
vn -0.0574 0.4790 0.8759
vn -0.0574 -0.4790 0.8759
vn -0.0288 -0.8976 0.4398
vn -0.0085 -0.9915 0.1302
vn 0.0085 -0.9915 -0.1302
vn 0.0288 -0.8976 -0.4398
vn 0.0574 -0.4790 -0.8759
vn -0.0574 0.4790 -0.8759
vn -0.0288 0.8976 -0.4398
vn -0.0085 0.9915 -0.1302
vn 0.0085 0.9915 0.1302
vn 0.0288 0.8976 0.4398
vn 0.0574 0.4790 0.8759
vn 0.0574 -0.4790 0.8759
vn 0.0288 -0.8976 0.4398
vn 0.0085 -0.9915 0.1302
vn -0.0085 -0.9915 -0.1302
vn -0.0288 -0.8976 -0.4398
vn -0.0574 -0.4790 -0.8759
vn -0.1713 0.4790 -0.8610
vn -0.0860 0.8976 -0.4323
vn -0.0254 0.9915 -0.1279
vn 0.0254 0.9915 0.1279
vn 0.0860 0.8976 0.4323
vn 0.1713 0.4790 0.8610
vn 0.1713 -0.4790 0.8610
vn 0.0860 -0.8976 0.4323
vn 0.0255 -0.9915 0.1279
vn -0.0255 -0.9915 -0.1279
vn -0.0860 -0.8976 -0.4323
vn -0.1713 -0.4790 -0.8610
vn -0.2822 0.4790 -0.8312
vn -0.1417 0.8976 -0.4174
vn -0.0419 0.9915 -0.1235
vn 0.0419 0.9915 0.1235
vn 0.1417 0.8976 0.4174
vn 0.2822 0.4790 0.8312
vn 0.2822 -0.4790 0.8312
vn 0.1417 -0.8976 0.4174
vn 0.0419 -0.9915 0.1235
vn -0.0419 -0.9915 -0.1235
vn -0.1417 -0.8976 -0.4174
vn -0.2822 -0.4790 -0.8312
vn -0.3882 0.4790 -0.7873
vn -0.1950 0.8976 -0.3953
vn -0.0577 0.9915 -0.1170
vn 0.0577 0.9915 0.1170
vn 0.1950 0.8976 0.3953
vn 0.3882 0.4790 0.7873
vn 0.3882 -0.4790 0.7873
vn 0.1950 -0.8976 0.3953
vn 0.0577 -0.9915 0.1170
vn -0.0577 -0.9915 -0.1170
vn -0.1950 -0.8976 -0.3953
vn -0.3882 -0.4790 -0.7873
vn -0.4877 0.4790 -0.7299
vn -0.2449 0.8976 -0.3665
vn -0.0725 0.9915 -0.1085
vn 0.0725 0.9915 0.1085
vn 0.2449 0.8976 0.3665
vn 0.4877 0.4790 0.7299
vn 0.4877 -0.4790 0.7299
vn 0.2449 -0.8976 0.3665
vn 0.0725 -0.9915 0.1085
vn -0.0725 -0.9915 -0.1085
vn -0.2449 -0.8976 -0.3665
vn -0.4877 -0.4790 -0.7299
vn -0.5788 0.4790 -0.6600
vn -0.2906 0.8976 -0.3314
vn -0.0860 0.9915 -0.0981
vn 0.0860 0.9915 0.0981
vn 0.2906 0.8976 0.3314
vn 0.5788 0.4790 0.6600
vn 0.5788 -0.4790 0.6600
vn 0.2906 -0.8976 0.3314
vn 0.0860 -0.9915 0.0981
vn -0.0860 -0.9915 -0.0981
vn -0.2906 -0.8976 -0.3314
vn -0.5788 -0.4790 -0.6600
vn -0.6600 0.4790 -0.5788
vn -0.3314 0.8976 -0.2906
vn -0.0981 0.9915 -0.0860
vn 0.0981 0.9915 0.0860
vn 0.3314 0.8976 0.2906
vn 0.6600 0.4790 0.5788
vn 0.6600 -0.4790 0.5788
vn 0.3314 -0.8976 0.2906
vn 0.0981 -0.9915 0.0860
vn -0.0981 -0.9915 -0.0860
vn -0.3314 -0.8976 -0.2906
vn -0.6600 -0.4790 -0.5788
vn -0.7299 0.4790 -0.4877
vn -0.3665 0.8976 -0.2449
vn -0.1085 0.9915 -0.0725
vn 0.1085 0.9915 0.0725
vn 0.3665 0.8976 0.2449
vn 0.7299 0.4790 0.4877
vn 0.7299 -0.4790 0.4877
vn 0.3665 -0.8976 0.2449
vn 0.1085 -0.9915 0.0725
vn -0.1085 -0.9915 -0.0725
vn -0.3665 -0.8976 -0.2449
vn -0.7299 -0.4790 -0.4877
vn -0.7873 0.4790 -0.3882
vn -0.3953 0.8976 -0.1950
vn -0.1170 0.9915 -0.0577
vn 0.1170 0.9915 0.0577
vn 0.3953 0.8976 0.1950
vn 0.7873 0.4790 0.3882
vn 0.7873 -0.4790 0.3882
vn 0.3953 -0.8976 0.1950
vn 0.1170 -0.9915 0.0577
vn -0.1170 -0.9915 -0.0577
vn -0.3953 -0.8976 -0.1950
vn -0.7873 -0.4790 -0.3882
vn -0.8312 0.4790 -0.2822
vn -0.4174 0.8976 -0.1417
vn -0.1235 0.9915 -0.0419
vn 0.1235 0.9915 0.0419
vn 0.4174 0.8976 0.1417
vn 0.8312 0.4790 0.2822
vn 0.8312 -0.4790 0.2822
vn 0.4174 -0.8976 0.1417
vn 0.1235 -0.9915 0.0419
vn -0.1235 -0.9915 -0.0419
vn -0.4174 -0.8976 -0.1417
vn -0.8312 -0.4790 -0.2822
vn -0.8610 0.4790 -0.1713
vn -0.4323 0.8976 -0.0860
vn -0.1279 0.9915 -0.0254
vn 0.1279 0.9915 0.0254
vn 0.4323 0.8976 0.0860
vn 0.8610 0.4790 0.1713
vn 0.8610 -0.4790 0.1713
vn 0.4323 -0.8976 0.0860
vn 0.1279 -0.9915 0.0254
vn -0.1279 -0.9915 -0.0254
vn -0.4323 -0.8976 -0.0860
vn -0.8610 -0.4790 -0.1713
vn -0.8759 0.4790 -0.0574
vn -0.4398 0.8976 -0.0288
vn -0.1302 0.9915 -0.0085
vn 0.1302 0.9915 0.0085
vn 0.4398 0.8976 0.0288
vn 0.8759 0.4790 0.0574
vn 0.8759 -0.4790 0.0574
vn 0.4398 -0.8976 0.0288
vn 0.1302 -0.9915 0.0085
vn -0.1302 -0.9915 -0.0085
vn -0.4398 -0.8976 -0.0288
vn -0.8759 -0.4790 -0.0574
vn -0.1279 0.9915 0.0254
vn 0.1279 0.9915 -0.0254
vn 0.1279 -0.9915 -0.0254
vn -0.1279 -0.9915 0.0254
vn -0.3953 0.8976 0.1949
vn -0.3953 -0.8976 0.1949
vn -0.0255 -0.9915 0.1279
vn 0.0255 0.9915 0.1279
vn -0.0254 -0.9915 -0.1279
vn -0.1279 0.9915 -0.0255
vn -0.1279 -0.9915 -0.0255
vt 0.500000 0.500000
vt 0.520833 0.500000
vt 0.520833 0.583333
vt 0.500000 0.583333
vt 0.520833 0.666667
vt 0.500000 0.666667
vt 0.520833 0.750000
vt 0.500000 0.750000
vt 0.520833 0.833333
vt 0.500000 0.833333
vt 0.520833 0.916667
vt 0.500000 0.916667
vt 0.520833 1.000000
vt 0.500000 1.000000
vt 0.500000 0.000000
vt 0.520833 0.000000
vt 0.520833 0.083333
vt 0.500000 0.083333
vt 0.520833 0.166667
vt 0.500000 0.166667
vt 0.520833 0.250000
vt 0.500000 0.250000
vt 0.520833 0.333333
vt 0.500000 0.333333
vt 0.520833 0.416667
vt 0.500000 0.416667
vt 0.541667 0.500000
vt 0.541667 0.583333
vt 0.541667 0.666667
vt 0.541667 0.750000
vt 0.541667 0.833333
vt 0.541667 0.916667
vt 0.541667 1.000000
vt 0.541667 0.000000
vt 0.541667 0.083333
vt 0.541667 0.166667
vt 0.541667 0.250000
vt 0.541667 0.333333
vt 0.541667 0.416667
vt 0.562500 0.500000
vt 0.562500 0.583333
vt 0.562500 0.666667
vt 0.562500 0.750000
vt 0.562500 0.833333
vt 0.562500 0.916667
vt 0.562500 1.000000
vt 0.562500 0.000000
vt 0.562500 0.083333
vt 0.562500 0.166667
vt 0.562500 0.250000
vt 0.562500 0.333333
vt 0.562500 0.416667
vt 0.583333 0.500000
vt 0.583333 0.583333
vt 0.583333 0.666667
vt 0.583333 0.750000
vt 0.583333 0.833333
vt 0.583333 0.916667
vt 0.583333 1.000000
vt 0.583333 0.000000
vt 0.583333 0.083333
vt 0.583333 0.166667
vt 0.583333 0.250000
vt 0.583333 0.333333
vt 0.583333 0.416667
vt 0.604167 0.500000
vt 0.604167 0.583333
vt 0.604167 0.666667
vt 0.604167 0.750000
vt 0.604167 0.833333
vt 0.604167 0.916667
vt 0.604167 1.000000
vt 0.604167 0.000000
vt 0.604167 0.083333
vt 0.604167 0.166667
vt 0.604167 0.250000
vt 0.604167 0.333333
vt 0.604167 0.416667
vt 0.625000 0.500000
vt 0.625000 0.583333
vt 0.625000 0.666667
vt 0.625000 0.750000
vt 0.625000 0.833333
vt 0.625000 0.916667
vt 0.625000 1.000000
vt 0.625000 0.000000
vt 0.625000 0.083333
vt 0.625000 0.166667
vt 0.625000 0.250000
vt 0.625000 0.333333
vt 0.625000 0.416667
vt 0.645833 0.500000
vt 0.645833 0.583333
vt 0.645833 0.666667
vt 0.645833 0.750000
vt 0.645833 0.833333
vt 0.645833 0.916667
vt 0.645833 1.000000
vt 0.645833 0.000000
vt 0.645833 0.083333
vt 0.645833 0.166667
vt 0.645833 0.250000
vt 0.645833 0.333333
vt 0.645833 0.416667
vt 0.666667 0.500000
vt 0.666667 0.583333
vt 0.666667 0.666667
vt 0.666667 0.750000
vt 0.666667 0.833333
vt 0.666667 0.916667
vt 0.666667 1.000000
vt 0.666667 0.000000
vt 0.666667 0.083333
vt 0.666667 0.166667
vt 0.666667 0.250000
vt 0.666667 0.333333
vt 0.666667 0.416667
vt 0.687500 0.500000
vt 0.687500 0.583333
vt 0.687500 0.666667
vt 0.687500 0.750000
vt 0.687500 0.833333
vt 0.687500 0.916667
vt 0.687500 1.000000
vt 0.687500 0.000000
vt 0.687500 0.083333
vt 0.687500 0.166667
vt 0.687500 0.250000
vt 0.687500 0.333333
vt 0.687500 0.416667
vt 0.708333 0.500000
vt 0.708333 0.583333
vt 0.708333 0.666667
vt 0.708333 0.750000
vt 0.708333 0.833333
vt 0.708333 0.916667
vt 0.708333 1.000000
vt 0.708333 0.000000
vt 0.708333 0.083333
vt 0.708333 0.166667
vt 0.708333 0.250000
vt 0.708333 0.333333
vt 0.708333 0.416667
vt 0.729167 0.500000
vt 0.729167 0.583333
vt 0.729167 0.666667
vt 0.729167 0.750000
vt 0.729167 0.833333
vt 0.729167 0.916667
vt 0.729167 1.000000
vt 0.729167 0.000000
vt 0.729167 0.083333
vt 0.729167 0.166667
vt 0.729167 0.250000
vt 0.729167 0.333333
vt 0.729167 0.416667
vt 0.750000 0.500000
vt 0.750000 0.583333
vt 0.750000 0.666667
vt 0.750000 0.750000
vt 0.750000 0.833333
vt 0.750000 0.916667
vt 0.750000 1.000000
vt 0.750000 0.000000
vt 0.750000 0.083333
vt 0.750000 0.166667
vt 0.750000 0.250000
vt 0.750000 0.333333
vt 0.750000 0.416667
vt 0.770833 0.500000
vt 0.770833 0.583333
vt 0.770833 0.666667
vt 0.770833 0.750000
vt 0.770833 0.833333
vt 0.770833 0.916667
vt 0.770833 1.000000
vt 0.770833 0.000000
vt 0.770833 0.083333
vt 0.770833 0.166667
vt 0.770833 0.250000
vt 0.770833 0.333333
vt 0.770833 0.416667
vt 0.791667 0.500000
vt 0.791667 0.583333
vt 0.791667 0.666667
vt 0.791667 0.750000
vt 0.791667 0.833333
vt 0.791667 0.916667
vt 0.791667 1.000000
vt 0.791667 0.000000
vt 0.791667 0.083333
vt 0.791667 0.166667
vt 0.791667 0.250000
vt 0.791667 0.333333
vt 0.791667 0.416667
vt 0.812500 0.500000
vt 0.812500 0.583333
vt 0.812500 0.666667
vt 0.812500 0.750000
vt 0.812500 0.833333
vt 0.812500 0.916667
vt 0.812500 1.000000
vt 0.812500 0.000000
vt 0.812500 0.083333
vt 0.812500 0.166667
vt 0.812500 0.250000
vt 0.812500 0.333333
vt 0.812500 0.416667
vt 0.833333 0.500000
vt 0.833333 0.583333
vt 0.833333 0.666667
vt 0.833333 0.750000
vt 0.833333 0.833333
vt 0.833333 0.916667
vt 0.833333 1.000000
vt 0.833333 0.000000
vt 0.833333 0.083333
vt 0.833333 0.166667
vt 0.833333 0.250000
vt 0.833333 0.333333
vt 0.833333 0.416667
vt 0.854167 0.500000
vt 0.854167 0.583333
vt 0.854167 0.666667
vt 0.854167 0.750000
vt 0.854167 0.833333
vt 0.854167 0.916667
vt 0.854167 1.000000
vt 0.854167 0.000000
vt 0.854167 0.083333
vt 0.854167 0.166667
vt 0.854167 0.250000
vt 0.854167 0.333333
vt 0.854167 0.416667
vt 0.875000 0.500000
vt 0.875000 0.583333
vt 0.875000 0.666667
vt 0.875000 0.750000
vt 0.875000 0.833333
vt 0.875000 0.916667
vt 0.875000 1.000000
vt 0.875000 0.000000
vt 0.875000 0.083333
vt 0.875000 0.166667
vt 0.875000 0.250000
vt 0.875000 0.333333
vt 0.875000 0.416667
vt 0.895833 0.500000
vt 0.895833 0.583333
vt 0.895833 0.666667
vt 0.895833 0.750000
vt 0.895833 0.833333
vt 0.895833 0.916667
vt 0.895833 1.000000
vt 0.895833 0.000000
vt 0.895833 0.083333
vt 0.895833 0.166667
vt 0.895833 0.250000
vt 0.895833 0.333333
vt 0.895833 0.416667
vt 0.916667 0.500000
vt 0.916667 0.583333
vt 0.916667 0.666667
vt 0.916667 0.750000
vt 0.916667 0.833333
vt 0.916667 0.916667
vt 0.916667 1.000000
vt 0.916667 0.000000
vt 0.916667 0.083333
vt 0.916667 0.166667
vt 0.916667 0.250000
vt 0.916667 0.333333
vt 0.916667 0.416667
vt 0.937500 0.500000
vt 0.937500 0.583333
vt 0.937500 0.666667
vt 0.937500 0.750000
vt 0.937500 0.833333
vt 0.937500 0.916667
vt 0.937500 1.000000
vt 0.937500 0.000000
vt 0.937500 0.083333
vt 0.937500 0.166667
vt 0.937500 0.250000
vt 0.937500 0.333333
vt 0.937500 0.416667
vt 0.958333 0.500000
vt 0.958333 0.583333
vt 0.958333 0.666667
vt 0.958333 0.750000
vt 0.958333 0.833333
vt 0.958333 0.916667
vt 0.958333 1.000000
vt 0.958333 0.000000
vt 0.958333 0.083333
vt 0.958333 0.166667
vt 0.958333 0.250000
vt 0.958333 0.333333
vt 0.958333 0.416667
vt 0.979167 0.500000
vt 0.979167 0.583333
vt 0.979167 0.666667
vt 0.979167 0.750000
vt 0.979167 0.833333
vt 0.979167 0.916667
vt 0.979167 1.000000
vt 0.979167 0.000000
vt 0.979167 0.083333
vt 0.979167 0.166667
vt 0.979167 0.250000
vt 0.979167 0.333333
vt 0.979167 0.416667
vt 1.000000 0.500000
vt 1.000000 0.583333
vt 1.000000 0.666667
vt 1.000000 0.750000
vt 1.000000 0.833333
vt 1.000000 0.916667
vt 1.000000 1.000000
vt 1.000000 0.000000
vt 1.000000 0.083333
vt 1.000000 0.166667
vt 1.000000 0.250000
vt 1.000000 0.333333
vt 1.000000 0.416667
vt 0.000000 0.500000
vt 0.020833 0.500000
vt 0.020833 0.583333
vt 0.000000 0.583333
vt 0.020833 0.666667
vt 0.000000 0.666667
vt 0.020833 0.750000
vt 0.000000 0.750000
vt 0.020833 0.833333
vt 0.000000 0.833333
vt 0.020833 0.916667
vt 0.000000 0.916667
vt 0.020833 1.000000
vt 0.000000 1.000000
vt 0.000000 0.000000
vt 0.020833 0.000000
vt 0.020833 0.083333
vt 0.000000 0.083333
vt 0.020833 0.166667
vt 0.000000 0.166667
vt 0.020833 0.250000
vt 0.000000 0.250000
vt 0.020833 0.333333
vt 0.000000 0.333333
vt 0.020833 0.416667
vt 0.000000 0.416667
vt 0.041667 0.500000
vt 0.041667 0.583333
vt 0.041667 0.666667
vt 0.041667 0.750000
vt 0.041667 0.833333
vt 0.041667 0.916667
vt 0.041667 1.000000
vt 0.041667 0.000000
vt 0.041667 0.083333
vt 0.041667 0.166667
vt 0.041667 0.250000
vt 0.041667 0.333333
vt 0.041667 0.416667
vt 0.062500 0.500000
vt 0.062500 0.583333
vt 0.062500 0.666667
vt 0.062500 0.750000
vt 0.062500 0.833333
vt 0.062500 0.916667
vt 0.062500 1.000000
vt 0.062500 0.000000
vt 0.062500 0.083333
vt 0.062500 0.166667
vt 0.062500 0.250000
vt 0.062500 0.333333
vt 0.062500 0.416667
vt 0.083333 0.500000
vt 0.083333 0.583333
vt 0.083333 0.666667
vt 0.083333 0.750000
vt 0.083333 0.833333
vt 0.083333 0.916667
vt 0.083333 1.000000
vt 0.083333 0.000000
vt 0.083333 0.083333
vt 0.083333 0.166667
vt 0.083333 0.250000
vt 0.083333 0.333333
vt 0.083333 0.416667
vt 0.104167 0.500000
vt 0.104167 0.583333
vt 0.104167 0.666667
vt 0.104167 0.750000
vt 0.104167 0.833333
vt 0.104167 0.916667
vt 0.104167 1.000000
vt 0.104167 0.000000
vt 0.104167 0.083333
vt 0.104167 0.166667
vt 0.104167 0.250000
vt 0.104167 0.333333
vt 0.104167 0.416667
vt 0.125000 0.500000
vt 0.125000 0.583333
vt 0.125000 0.666667
vt 0.125000 0.750000
vt 0.125000 0.833333
vt 0.125000 0.916667
vt 0.125000 1.000000
vt 0.125000 0.000000
vt 0.125000 0.083333
vt 0.125000 0.166667
vt 0.125000 0.250000
vt 0.125000 0.333333
vt 0.125000 0.416667
vt 0.145833 0.500000
vt 0.145833 0.583333
vt 0.145833 0.666667
vt 0.145833 0.750000
vt 0.145833 0.833333
vt 0.145833 0.916667
vt 0.145833 1.000000
vt 0.145833 0.000000
vt 0.145833 0.083333
vt 0.145833 0.166667
vt 0.145833 0.250000
vt 0.145833 0.333333
vt 0.145833 0.416667
vt 0.166667 0.500000
vt 0.166667 0.583333
vt 0.166667 0.666667
vt 0.166667 0.750000
vt 0.166667 0.833333
vt 0.166667 0.916667
vt 0.166667 1.000000
vt 0.166667 0.000000
vt 0.166667 0.083333
vt 0.166667 0.166667
vt 0.166667 0.250000
vt 0.166667 0.333333
vt 0.166667 0.416667
vt 0.187500 0.500000
vt 0.187500 0.583333
vt 0.187500 0.666667
vt 0.187500 0.750000
vt 0.187500 0.833333
vt 0.187500 0.916667
vt 0.187500 1.000000
vt 0.187500 0.000000
vt 0.187500 0.083333
vt 0.187500 0.166667
vt 0.187500 0.250000
vt 0.187500 0.333333
vt 0.187500 0.416667
vt 0.208333 0.500000
vt 0.208333 0.583333
vt 0.208333 0.666667
vt 0.208333 0.750000
vt 0.208333 0.833333
vt 0.208333 0.916667
vt 0.208333 1.000000
vt 0.208333 0.000000
vt 0.208333 0.083333
vt 0.208333 0.166667
vt 0.208333 0.250000
vt 0.208333 0.333333
vt 0.208333 0.416667
vt 0.229167 0.500000
vt 0.229167 0.583333
vt 0.229167 0.666667
vt 0.229167 0.750000
vt 0.229167 0.833333
vt 0.229167 0.916667
vt 0.229167 1.000000
vt 0.229167 0.000000
vt 0.229167 0.083333
vt 0.229167 0.166667
vt 0.229167 0.250000
vt 0.229167 0.333333
vt 0.229167 0.416667
vt 0.250000 0.500000
vt 0.250000 0.583333
vt 0.250000 0.666667
vt 0.250000 0.750000
vt 0.250000 0.833333
vt 0.250000 0.916667
vt 0.250000 1.000000
vt 0.250000 0.000000
vt 0.250000 0.083333
vt 0.250000 0.166667
vt 0.250000 0.250000
vt 0.250000 0.333333
vt 0.250000 0.416667
vt 0.270833 0.500000
vt 0.270833 0.583333
vt 0.270833 0.666667
vt 0.270833 0.750000
vt 0.270833 0.833333
vt 0.270833 0.916667
vt 0.270833 1.000000
vt 0.270833 0.000000
vt 0.270833 0.083333
vt 0.270833 0.166667
vt 0.270833 0.250000
vt 0.270833 0.333333
vt 0.270833 0.416667
vt 0.291667 0.500000
vt 0.291667 0.583333
vt 0.291667 0.666667
vt 0.291667 0.750000
vt 0.291667 0.833333
vt 0.291667 0.916667
vt 0.291667 1.000000
vt 0.291667 0.000000
vt 0.291667 0.083333
vt 0.291667 0.166667
vt 0.291667 0.250000
vt 0.291667 0.333333
vt 0.291667 0.416667
vt 0.312500 0.500000
vt 0.312500 0.583333
vt 0.312500 0.666667
vt 0.312500 0.750000
vt 0.312500 0.833333
vt 0.312500 0.916667
vt 0.312500 1.000000
vt 0.312500 0.000000
vt 0.312500 0.083333
vt 0.312500 0.166667
vt 0.312500 0.250000
vt 0.312500 0.333333
vt 0.312500 0.416667
vt 0.333333 0.500000
vt 0.333333 0.583333
vt 0.333333 0.666667
vt 0.333333 0.750000
vt 0.333333 0.833333
vt 0.333333 0.916667
vt 0.333333 1.000000
vt 0.333333 0.000000
vt 0.333333 0.083333
vt 0.333333 0.166667
vt 0.333333 0.250000
vt 0.333333 0.333333
vt 0.333333 0.416667
vt 0.354167 0.500000
vt 0.354167 0.583333
vt 0.354167 0.666667
vt 0.354167 0.750000
vt 0.354167 0.833333
vt 0.354167 0.916667
vt 0.354167 1.000000
vt 0.354167 0.000000
vt 0.354167 0.083333
vt 0.354167 0.166667
vt 0.354167 0.250000
vt 0.354167 0.333333
vt 0.354167 0.416667
vt 0.375000 0.500000
vt 0.375000 0.583333
vt 0.375000 0.666667
vt 0.375000 0.750000
vt 0.375000 0.833333
vt 0.375000 0.916667
vt 0.375000 1.000000
vt 0.375000 0.000000
vt 0.375000 0.083333
vt 0.375000 0.166667
vt 0.375000 0.250000
vt 0.375000 0.333333
vt 0.375000 0.416667
vt 0.395833 0.500000
vt 0.395833 0.583333
vt 0.395833 0.666667
vt 0.395833 0.750000
vt 0.395833 0.833333
vt 0.395833 0.916667
vt 0.395833 1.000000
vt 0.395833 0.000000
vt 0.395833 0.083333
vt 0.395833 0.166667
vt 0.395833 0.250000
vt 0.395833 0.333333
vt 0.395833 0.416667
vt 0.416667 0.500000
vt 0.416667 0.583333
vt 0.416667 0.666667
vt 0.416667 0.750000
vt 0.416667 0.833333
vt 0.416667 0.916667
vt 0.416667 1.000000
vt 0.416667 0.000000
vt 0.416667 0.083333
vt 0.416667 0.166667
vt 0.416667 0.250000
vt 0.416667 0.333333
vt 0.416667 0.416667
vt 0.437500 0.500000
vt 0.437500 0.583333
vt 0.437500 0.666667
vt 0.437500 0.750000
vt 0.437500 0.833333
vt 0.437500 0.916667
vt 0.437500 1.000000
vt 0.437500 0.000000
vt 0.437500 0.083333
vt 0.437500 0.166667
vt 0.437500 0.250000
vt 0.437500 0.333333
vt 0.437500 0.416667
vt 0.458333 0.500000
vt 0.458333 0.583333
vt 0.458333 0.666667
vt 0.458333 0.750000
vt 0.458333 0.833333
vt 0.458333 0.916667
vt 0.458333 1.000000
vt 0.458333 0.000000
vt 0.458333 0.083333
vt 0.458333 0.166667
vt 0.458333 0.250000
vt 0.458333 0.333333
vt 0.458333 0.416667
vt 0.479167 0.500000
vt 0.479167 0.583333
vt 0.479167 0.666667
vt 0.479167 0.750000
vt 0.479167 0.833333
vt 0.479167 0.916667
vt 0.479167 1.000000
vt 0.479167 0.000000
vt 0.479167 0.083333
vt 0.479167 0.166667
vt 0.479167 0.250000
vt 0.479167 0.333333
vt 0.479167 0.416667
s 0
usemtl Material.006
f 739/1106/435 751/1107/435 752/1108/435 740/1109/435
f 740/1109/436 752/1108/436 753/1110/436 741/1111/436
f 741/1111/437 753/1110/437 754/1112/437 742/1113/437
f 742/1113/438 754/1112/438 755/1114/438 743/1115/438
f 743/1115/439 755/1114/439 756/1116/439 744/1117/439
f 744/1117/440 756/1116/440 757/1118/440 745/1119/440
f 745/1120/441 757/1121/441 758/1122/441 746/1123/441
f 746/1123/442 758/1122/442 759/1124/442 747/1125/442
f 747/1125/443 759/1124/443 760/1126/443 748/1127/443
f 748/1127/444 760/1126/444 761/1128/444 749/1129/444
f 749/1129/445 761/1128/445 762/1130/445 750/1131/445
f 750/1131/446 762/1130/446 751/1107/446 739/1106/446
f 751/1107/447 763/1132/447 764/1133/447 752/1108/447
f 752/1108/448 764/1133/448 765/1134/448 753/1110/448
f 753/1110/449 765/1134/449 766/1135/449 754/1112/449
f 754/1112/450 766/1135/450 767/1136/450 755/1114/450
f 755/1114/451 767/1136/451 768/1137/451 756/1116/451
f 756/1116/452 768/1137/452 769/1138/452 757/1118/452
f 757/1121/453 769/1139/453 770/1140/453 758/1122/453
f 758/1122/454 770/1140/454 771/1141/454 759/1124/454
f 759/1124/455 771/1141/455 772/1142/455 760/1126/455
f 760/1126/456 772/1142/456 773/1143/456 761/1128/456
f 761/1128/457 773/1143/457 774/1144/457 762/1130/457
f 762/1130/458 774/1144/458 763/1132/458 751/1107/458
f 763/1132/459 775/1145/459 776/1146/459 764/1133/459
f 764/1133/460 776/1146/460 777/1147/460 765/1134/460
f 765/1134/461 777/1147/461 778/1148/461 766/1135/461
f 766/1135/462 778/1148/462 779/1149/462 767/1136/462
f 767/1136/463 779/1149/463 780/1150/463 768/1137/463
f 768/1137/464 780/1150/464 781/1151/464 769/1138/464
f 769/1139/465 781/1152/465 782/1153/465 770/1140/465
f 770/1140/466 782/1153/466 783/1154/466 771/1141/466
f 771/1141/467 783/1154/467 784/1155/467 772/1142/467
f 772/1142/468 784/1155/468 785/1156/468 773/1143/468
f 773/1143/469 785/1156/469 786/1157/469 774/1144/469
f 774/1144/470 786/1157/470 775/1145/470 763/1132/470
f 775/1145/471 787/1158/471 788/1159/471 776/1146/471
f 776/1146/472 788/1159/472 789/1160/472 777/1147/472
f 777/1147/473 789/1160/473 790/1161/473 778/1148/473
f 778/1148/474 790/1161/474 791/1162/474 779/1149/474
f 779/1149/475 791/1162/475 792/1163/475 780/1150/475
f 780/1150/476 792/1163/476 793/1164/476 781/1151/476
f 781/1152/477 793/1165/477 794/1166/477 782/1153/477
f 782/1153/478 794/1166/478 795/1167/478 783/1154/478
f 783/1154/479 795/1167/479 796/1168/479 784/1155/479
f 784/1155/480 796/1168/480 797/1169/480 785/1156/480
f 785/1156/481 797/1169/481 798/1170/481 786/1157/481
f 786/1157/482 798/1170/482 787/1158/482 775/1145/482
f 787/1158/483 799/1171/483 800/1172/483 788/1159/483
f 788/1159/484 800/1172/484 801/1173/484 789/1160/484
f 789/1160/485 801/1173/485 802/1174/485 790/1161/485
f 790/1161/486 802/1174/486 803/1175/486 791/1162/486
f 791/1162/487 803/1175/487 804/1176/487 792/1163/487
f 792/1163/488 804/1176/488 805/1177/488 793/1164/488
f 793/1165/489 805/1178/489 806/1179/489 794/1166/489
f 794/1166/490 806/1179/490 807/1180/490 795/1167/490
f 795/1167/491 807/1180/491 808/1181/491 796/1168/491
f 796/1168/492 808/1181/492 809/1182/492 797/1169/492
f 797/1169/493 809/1182/493 810/1183/493 798/1170/493
f 798/1170/494 810/1183/494 799/1171/494 787/1158/494
f 799/1171/495 811/1184/495 812/1185/495 800/1172/495
f 800/1172/496 812/1185/496 813/1186/496 801/1173/496
f 801/1173/497 813/1186/497 814/1187/497 802/1174/497
f 802/1174/498 814/1187/498 815/1188/498 803/1175/498
f 803/1175/499 815/1188/499 816/1189/499 804/1176/499
f 804/1176/500 816/1189/500 817/1190/500 805/1177/500
f 805/1178/501 817/1191/501 818/1192/501 806/1179/501
f 806/1179/502 818/1192/502 819/1193/502 807/1180/502
f 807/1180/503 819/1193/503 820/1194/503 808/1181/503
f 808/1181/504 820/1194/504 821/1195/504 809/1182/504
f 809/1182/505 821/1195/505 822/1196/505 810/1183/505
f 810/1183/506 822/1196/506 811/1184/506 799/1171/506
f 811/1184/507 823/1197/507 824/1198/507 812/1185/507
f 812/1185/508 824/1198/508 825/1199/508 813/1186/508
f 813/1186/509 825/1199/509 826/1200/509 814/1187/509
f 814/1187/510 826/1200/510 827/1201/510 815/1188/510
f 815/1188/511 827/1201/511 828/1202/511 816/1189/511
f 816/1189/512 828/1202/512 829/1203/512 817/1190/512
f 817/1191/513 829/1204/513 830/1205/513 818/1192/513
f 818/1192/514 830/1205/514 831/1206/514 819/1193/514
f 819/1193/515 831/1206/515 832/1207/515 820/1194/515
f 820/1194/516 832/1207/516 833/1208/516 821/1195/516
f 821/1195/517 833/1208/517 834/1209/517 822/1196/517
f 822/1196/518 834/1209/518 823/1197/518 811/1184/518
f 823/1197/519 835/1210/519 836/1211/519 824/1198/519
f 824/1198/520 836/1211/520 837/1212/520 825/1199/520
f 825/1199/521 837/1212/521 838/1213/521 826/1200/521
f 826/1200/522 838/1213/522 839/1214/522 827/1201/522
f 827/1201/523 839/1214/523 840/1215/523 828/1202/523
f 828/1202/524 840/1215/524 841/1216/524 829/1203/524
f 829/1204/525 841/1217/525 842/1218/525 830/1205/525
f 830/1205/526 842/1218/526 843/1219/526 831/1206/526
f 831/1206/527 843/1219/527 844/1220/527 832/1207/527
f 832/1207/528 844/1220/528 845/1221/528 833/1208/528
f 833/1208/529 845/1221/529 846/1222/529 834/1209/529
f 834/1209/530 846/1222/530 835/1210/530 823/1197/530
f 835/1210/531 847/1223/531 848/1224/531 836/1211/531
f 836/1211/532 848/1224/532 849/1225/532 837/1212/532
f 837/1212/533 849/1225/533 850/1226/533 838/1213/533
f 838/1213/534 850/1226/534 851/1227/534 839/1214/534
f 839/1214/535 851/1227/535 852/1228/535 840/1215/535
f 840/1215/536 852/1228/536 853/1229/536 841/1216/536
f 841/1217/537 853/1230/537 854/1231/537 842/1218/537
f 842/1218/538 854/1231/538 855/1232/538 843/1219/538
f 843/1219/539 855/1232/539 856/1233/539 844/1220/539
f 844/1220/540 856/1233/540 857/1234/540 845/1221/540
f 845/1221/541 857/1234/541 858/1235/541 846/1222/541
f 846/1222/542 858/1235/542 847/1223/542 835/1210/542
f 847/1223/543 859/1236/543 860/1237/543 848/1224/543
f 848/1224/544 860/1237/544 861/1238/544 849/1225/544
f 849/1225/545 861/1238/545 862/1239/545 850/1226/545
f 850/1226/546 862/1239/546 863/1240/546 851/1227/546
f 851/1227/547 863/1240/547 864/1241/547 852/1228/547
f 852/1228/548 864/1241/548 865/1242/548 853/1229/548
f 853/1230/549 865/1243/549 866/1244/549 854/1231/549
f 854/1231/550 866/1244/550 867/1245/550 855/1232/550
f 855/1232/551 867/1245/551 868/1246/551 856/1233/551
f 856/1233/552 868/1246/552 869/1247/552 857/1234/552
f 857/1234/553 869/1247/553 870/1248/553 858/1235/553
f 858/1235/554 870/1248/554 859/1236/554 847/1223/554
f 859/1236/555 871/1249/555 872/1250/555 860/1237/555
f 860/1237/556 872/1250/556 873/1251/556 861/1238/556
f 861/1238/557 873/1251/557 874/1252/557 862/1239/557
f 862/1239/558 874/1252/558 875/1253/558 863/1240/558
f 863/1240/559 875/1253/559 876/1254/559 864/1241/559
f 864/1241/560 876/1254/560 877/1255/560 865/1242/560
f 865/1243/561 877/1256/561 878/1257/561 866/1244/561
f 866/1244/562 878/1257/562 879/1258/562 867/1245/562
f 867/1245/563 879/1258/563 880/1259/563 868/1246/563
f 868/1246/564 880/1259/564 881/1260/564 869/1247/564
f 869/1247/565 881/1260/565 882/1261/565 870/1248/565
f 870/1248/566 882/1261/566 871/1249/566 859/1236/566
f 871/1249/567 883/1262/567 884/1263/567 872/1250/567
f 872/1250/568 884/1263/568 885/1264/568 873/1251/568
f 873/1251/569 885/1264/569 886/1265/569 874/1252/569
f 874/1252/570 886/1265/570 887/1266/570 875/1253/570
f 875/1253/571 887/1266/571 888/1267/571 876/1254/571
f 876/1254/572 888/1267/572 889/1268/572 877/1255/572
f 877/1256/573 889/1269/573 890/1270/573 878/1257/573
f 878/1257/574 890/1270/574 891/1271/574 879/1258/574
f 879/1258/575 891/1271/575 892/1272/575 880/1259/575
f 880/1259/576 892/1272/576 893/1273/576 881/1260/576
f 881/1260/577 893/1273/577 894/1274/577 882/1261/577
f 882/1261/578 894/1274/578 883/1262/578 871/1249/578
f 883/1262/579 895/1275/579 896/1276/579 884/1263/579
f 884/1263/580 896/1276/580 897/1277/580 885/1264/580
f 885/1264/581 897/1277/581 898/1278/581 886/1265/581
f 886/1265/582 898/1278/582 899/1279/582 887/1266/582
f 887/1266/583 899/1279/583 900/1280/583 888/1267/583
f 888/1267/584 900/1280/584 901/1281/584 889/1268/584
f 889/1269/585 901/1282/585 902/1283/585 890/1270/585
f 890/1270/586 902/1283/586 903/1284/586 891/1271/586
f 891/1271/587 903/1284/587 904/1285/587 892/1272/587
f 892/1272/588 904/1285/588 905/1286/588 893/1273/588
f 893/1273/589 905/1286/589 906/1287/589 894/1274/589
f 894/1274/590 906/1287/590 895/1275/590 883/1262/590
f 895/1275/591 907/1288/591 908/1289/591 896/1276/591
f 896/1276/592 908/1289/592 909/1290/592 897/1277/592
f 897/1277/593 909/1290/593 910/1291/593 898/1278/593
f 898/1278/594 910/1291/594 911/1292/594 899/1279/594
f 899/1279/595 911/1292/595 912/1293/595 900/1280/595
f 900/1280/596 912/1293/596 913/1294/596 901/1281/596
f 901/1282/597 913/1295/597 914/1296/597 902/1283/597
f 902/1283/598 914/1296/598 915/1297/598 903/1284/598
f 903/1284/599 915/1297/599 916/1298/599 904/1285/599
f 904/1285/600 916/1298/600 917/1299/600 905/1286/600
f 905/1286/601 917/1299/601 918/1300/601 906/1287/601
f 906/1287/602 918/1300/602 907/1288/602 895/1275/602
f 907/1288/603 919/1301/603 920/1302/603 908/1289/603
f 908/1289/604 920/1302/604 921/1303/604 909/1290/604
f 909/1290/605 921/1303/605 922/1304/605 910/1291/605
f 910/1291/606 922/1304/606 923/1305/606 911/1292/606
f 911/1292/607 923/1305/607 924/1306/607 912/1293/607
f 912/1293/608 924/1306/608 925/1307/608 913/1294/608
f 913/1295/609 925/1308/609 926/1309/609 914/1296/609
f 914/1296/610 926/1309/610 927/1310/610 915/1297/610
f 915/1297/611 927/1310/611 928/1311/611 916/1298/611
f 916/1298/612 928/1311/612 929/1312/612 917/1299/612
f 917/1299/613 929/1312/613 930/1313/613 918/1300/613
f 918/1300/614 930/1313/614 919/1301/614 907/1288/614
f 919/1301/615 931/1314/615 932/1315/615 920/1302/615
f 920/1302/616 932/1315/616 933/1316/616 921/1303/616
f 921/1303/617 933/1316/617 934/1317/617 922/1304/617
f 922/1304/618 934/1317/618 935/1318/618 923/1305/618
f 923/1305/619 935/1318/619 936/1319/619 924/1306/619
f 924/1306/620 936/1319/620 937/1320/620 925/1307/620
f 925/1308/621 937/1321/621 938/1322/621 926/1309/621
f 926/1309/622 938/1322/622 939/1323/622 927/1310/622
f 927/1310/623 939/1323/623 940/1324/623 928/1311/623
f 928/1311/624 940/1324/624 941/1325/624 929/1312/624
f 929/1312/625 941/1325/625 942/1326/625 930/1313/625
f 930/1313/626 942/1326/626 931/1314/626 919/1301/626
f 931/1314/627 943/1327/627 944/1328/627 932/1315/627
f 932/1315/628 944/1328/628 945/1329/628 933/1316/628
f 933/1316/629 945/1329/629 946/1330/629 934/1317/629
f 934/1317/630 946/1330/630 947/1331/630 935/1318/630
f 935/1318/631 947/1331/631 948/1332/631 936/1319/631
f 936/1319/632 948/1332/632 949/1333/632 937/1320/632
f 937/1321/633 949/1334/633 950/1335/633 938/1322/633
f 938/1322/634 950/1335/634 951/1336/634 939/1323/634
f 939/1323/635 951/1336/635 952/1337/635 940/1324/635
f 940/1324/636 952/1337/636 953/1338/636 941/1325/636
f 941/1325/637 953/1338/637 954/1339/637 942/1326/637
f 942/1326/638 954/1339/638 943/1327/638 931/1314/638
f 943/1327/639 955/1340/639 956/1341/639 944/1328/639
f 944/1328/640 956/1341/640 957/1342/640 945/1329/640
f 945/1329/641 957/1342/641 958/1343/641 946/1330/641
f 946/1330/642 958/1343/642 959/1344/642 947/1331/642
f 947/1331/643 959/1344/643 960/1345/643 948/1332/643
f 948/1332/644 960/1345/644 961/1346/644 949/1333/644
f 949/1334/645 961/1347/645 962/1348/645 950/1335/645
f 950/1335/646 962/1348/646 963/1349/646 951/1336/646
f 951/1336/647 963/1349/647 964/1350/647 952/1337/647
f 952/1337/648 964/1350/648 965/1351/648 953/1338/648
f 953/1338/649 965/1351/649 966/1352/649 954/1339/649
f 954/1339/650 966/1352/650 955/1340/650 943/1327/650
f 955/1340/651 967/1353/651 968/1354/651 956/1341/651
f 956/1341/652 968/1354/652 969/1355/652 957/1342/652
f 957/1342/653 969/1355/653 970/1356/653 958/1343/653
f 958/1343/654 970/1356/654 971/1357/654 959/1344/654
f 959/1344/655 971/1357/655 972/1358/655 960/1345/655
f 960/1345/656 972/1358/656 973/1359/656 961/1346/656
f 961/1347/657 973/1360/657 974/1361/657 962/1348/657
f 962/1348/658 974/1361/658 975/1362/658 963/1349/658
f 963/1349/659 975/1362/659 976/1363/659 964/1350/659
f 964/1350/660 976/1363/660 977/1364/660 965/1351/660
f 965/1351/661 977/1364/661 978/1365/661 966/1352/661
f 966/1352/662 978/1365/662 967/1353/662 955/1340/662
f 967/1353/663 979/1366/663 980/1367/663 968/1354/663
f 968/1354/664 980/1367/664 981/1368/664 969/1355/664
f 969/1355/665 981/1368/665 982/1369/665 970/1356/665
f 970/1356/666 982/1369/666 983/1370/666 971/1357/666
f 971/1357/667 983/1370/667 984/1371/667 972/1358/667
f 972/1358/668 984/1371/668 985/1372/668 973/1359/668
f 973/1360/669 985/1373/669 986/1374/669 974/1361/669
f 974/1361/670 986/1374/670 987/1375/670 975/1362/670
f 975/1362/671 987/1375/671 988/1376/671 976/1363/671
f 976/1363/672 988/1376/672 989/1377/672 977/1364/672
f 977/1364/673 989/1377/673 990/1378/673 978/1365/673
f 978/1365/674 990/1378/674 979/1366/674 967/1353/674
f 979/1366/675 991/1379/675 992/1380/675 980/1367/675
f 980/1367/676 992/1380/676 993/1381/676 981/1368/676
f 981/1368/677 993/1381/677 994/1382/677 982/1369/677
f 982/1369/678 994/1382/678 995/1383/678 983/1370/678
f 983/1370/679 995/1383/679 996/1384/679 984/1371/679
f 984/1371/680 996/1384/680 997/1385/680 985/1372/680
f 985/1373/681 997/1386/681 998/1387/681 986/1374/681
f 986/1374/682 998/1387/682 999/1388/682 987/1375/682
f 987/1375/683 999/1388/683 1000/1389/683 988/1376/683
f 988/1376/684 1000/1389/684 1001/1390/684 989/1377/684
f 989/1377/685 1001/1390/685 1002/1391/685 990/1378/685
f 990/1378/686 1002/1391/686 991/1379/686 979/1366/686
f 991/1379/687 1003/1392/687 1004/1393/687 992/1380/687
f 992/1380/688 1004/1393/688 1005/1394/688 993/1381/688
f 993/1381/689 1005/1394/689 1006/1395/689 994/1382/689
f 994/1382/690 1006/1395/690 1007/1396/690 995/1383/690
f 995/1383/691 1007/1396/691 1008/1397/691 996/1384/691
f 996/1384/692 1008/1397/692 1009/1398/692 997/1385/692
f 997/1386/693 1009/1399/693 1010/1400/693 998/1387/693
f 998/1387/694 1010/1400/694 1011/1401/694 999/1388/694
f 999/1388/695 1011/1401/695 1012/1402/695 1000/1389/695
f 1000/1389/696 1012/1402/696 1013/1403/696 1001/1390/696
f 1001/1390/697 1013/1403/697 1014/1404/697 1002/1391/697
f 1002/1391/698 1014/1404/698 1003/1392/698 991/1379/698
f 1003/1392/699 1015/1405/699 1016/1406/699 1004/1393/699
f 1004/1393/700 1016/1406/700 1017/1407/700 1005/1394/700
f 1005/1394/701 1017/1407/701 1018/1408/701 1006/1395/701
f 1006/1395/702 1018/1408/702 1019/1409/702 1007/1396/702
f 1007/1396/703 1019/1409/703 1020/1410/703 1008/1397/703
f 1008/1397/704 1020/1410/704 1021/1411/704 1009/1398/704
f 1009/1399/705 1021/1412/705 1022/1413/705 1010/1400/705
f 1010/1400/706 1022/1413/706 1023/1414/706 1011/1401/706
f 1011/1401/707 1023/1414/707 1024/1415/707 1012/1402/707
f 1012/1402/708 1024/1415/708 1025/1416/708 1013/1403/708
f 1013/1403/709 1025/1416/709 1026/1417/709 1014/1404/709
f 1014/1404/710 1026/1417/710 1015/1405/710 1003/1392/710
f 1015/1405/711 1027/1418/711 1028/1419/711 1016/1406/711
f 1016/1406/712 1028/1419/712 1029/1420/712 1017/1407/712
f 1017/1407/713 1029/1420/713 1030/1421/713 1018/1408/713
f 1018/1408/714 1030/1421/714 1031/1422/714 1019/1409/714
f 1019/1409/715 1031/1422/715 1032/1423/715 1020/1410/715
f 1020/1410/716 1032/1423/716 1033/1424/716 1021/1411/716
f 1021/1412/717 1033/1425/717 1034/1426/717 1022/1413/717
f 1022/1413/718 1034/1426/718 1035/1427/718 1023/1414/718
f 1023/1414/719 1035/1427/719 1036/1428/719 1024/1415/719
f 1024/1415/720 1036/1428/720 1037/1429/720 1025/1416/720
f 1025/1416/721 1037/1429/721 1038/1430/721 1026/1417/721
f 1026/1417/722 1038/1430/722 1027/1418/722 1015/1405/722
f 1027/1431/440 1039/1432/440 1040/1433/440 1028/1434/440
f 1028/1434/439 1040/1433/439 1041/1435/439 1029/1436/439
f 1029/1436/438 1041/1435/438 1042/1437/438 1030/1438/438
f 1030/1438/437 1042/1437/437 1043/1439/437 1031/1440/437
f 1031/1440/436 1043/1439/436 1044/1441/436 1032/1442/436
f 1032/1442/435 1044/1441/435 1045/1443/435 1033/1444/435
f 1033/1445/446 1045/1446/446 1046/1447/446 1034/1448/446
f 1034/1448/445 1046/1447/445 1047/1449/445 1035/1450/445
f 1035/1450/444 1047/1449/444 1048/1451/444 1036/1452/444
f 1036/1452/443 1048/1451/443 1049/1453/443 1037/1454/443
f 1037/1454/442 1049/1453/442 1050/1455/442 1038/1456/442
f 1038/1456/441 1050/1455/441 1039/1432/441 1027/1431/441
f 1039/1432/452 1051/1457/452 1052/1458/452 1040/1433/452
f 1040/1433/451 1052/1458/451 1053/1459/451 1041/1435/451
f 1041/1435/723 1053/1459/723 1054/1460/723 1042/1437/723
f 1042/1437/724 1054/1460/724 1055/1461/724 1043/1439/724
f 1043/1439/448 1055/1461/448 1056/1462/448 1044/1441/448
f 1044/1441/447 1056/1462/447 1057/1463/447 1045/1443/447
f 1045/1446/458 1057/1464/458 1058/1465/458 1046/1447/458
f 1046/1447/457 1058/1465/457 1059/1466/457 1047/1449/457
f 1047/1449/725 1059/1466/725 1060/1467/725 1048/1451/725
f 1048/1451/726 1060/1467/726 1061/1468/726 1049/1453/726
f 1049/1453/454 1061/1468/454 1062/1469/454 1050/1455/454
f 1050/1455/453 1062/1469/453 1051/1457/453 1039/1432/453
f 1051/1457/464 1063/1470/464 1064/1471/464 1052/1458/464
f 1052/1458/463 1064/1471/463 1065/1472/463 1053/1459/463
f 1053/1459/462 1065/1472/462 1066/1473/462 1054/1460/462
f 1054/1460/461 1066/1473/461 1067/1474/461 1055/1461/461
f 1055/1461/460 1067/1474/460 1068/1475/460 1056/1462/460
f 1056/1462/459 1068/1475/459 1069/1476/459 1057/1463/459
f 1057/1464/470 1069/1477/470 1070/1478/470 1058/1465/470
f 1058/1465/469 1070/1478/469 1071/1479/469 1059/1466/469
f 1059/1466/468 1071/1479/468 1072/1480/468 1060/1467/468
f 1060/1467/467 1072/1480/467 1073/1481/467 1061/1468/467
f 1061/1468/466 1073/1481/466 1074/1482/466 1062/1469/466
f 1062/1469/465 1074/1482/465 1063/1470/465 1051/1457/465
f 1063/1470/476 1075/1483/476 1076/1484/476 1064/1471/476
f 1064/1471/727 1076/1484/727 1077/1485/727 1065/1472/727
f 1065/1472/474 1077/1485/474 1078/1486/474 1066/1473/474
f 1066/1473/473 1078/1486/473 1079/1487/473 1067/1474/473
f 1067/1474/472 1079/1487/472 1080/1488/472 1068/1475/472
f 1068/1475/471 1080/1488/471 1081/1489/471 1069/1476/471
f 1069/1477/482 1081/1490/482 1082/1491/482 1070/1478/482
f 1070/1478/481 1082/1491/481 1083/1492/481 1071/1479/481
f 1071/1479/480 1083/1492/480 1084/1493/480 1072/1480/480
f 1072/1480/479 1084/1493/479 1085/1494/479 1073/1481/479
f 1073/1481/728 1085/1494/728 1086/1495/728 1074/1482/728
f 1074/1482/477 1086/1495/477 1075/1483/477 1063/1470/477
f 1075/1483/488 1087/1496/488 1088/1497/488 1076/1484/488
f 1076/1484/487 1088/1497/487 1089/1498/487 1077/1485/487
f 1077/1485/486 1089/1498/486 1090/1499/486 1078/1486/486
f 1078/1486/485 1090/1499/485 1091/1500/485 1079/1487/485
f 1079/1487/484 1091/1500/484 1092/1501/484 1080/1488/484
f 1080/1488/483 1092/1501/483 1093/1502/483 1081/1489/483
f 1081/1490/494 1093/1503/494 1094/1504/494 1082/1491/494
f 1082/1491/493 1094/1504/493 1095/1505/493 1083/1492/493
f 1083/1492/492 1095/1505/492 1096/1506/492 1084/1493/492
f 1084/1493/491 1096/1506/491 1097/1507/491 1085/1494/491
f 1085/1494/490 1097/1507/490 1098/1508/490 1086/1495/490
f 1086/1495/489 1098/1508/489 1087/1496/489 1075/1483/489
f 1087/1496/500 1099/1509/500 1100/1510/500 1088/1497/500
f 1088/1497/499 1100/1510/499 1101/1511/499 1089/1498/499
f 1089/1498/498 1101/1511/498 1102/1512/498 1090/1499/498
f 1090/1499/497 1102/1512/497 1103/1513/497 1091/1500/497
f 1091/1500/496 1103/1513/496 1104/1514/496 1092/1501/496
f 1092/1501/495 1104/1514/495 1105/1515/495 1093/1502/495
f 1093/1503/506 1105/1516/506 1106/1517/506 1094/1504/506
f 1094/1504/505 1106/1517/505 1107/1518/505 1095/1505/505
f 1095/1505/504 1107/1518/504 1108/1519/504 1096/1506/504
f 1096/1506/503 1108/1519/503 1109/1520/503 1097/1507/503
f 1097/1507/502 1109/1520/502 1110/1521/502 1098/1508/502
f 1098/1508/501 1110/1521/501 1099/1509/501 1087/1496/501
f 1099/1509/512 1111/1522/512 1112/1523/512 1100/1510/512
f 1100/1510/511 1112/1523/511 1113/1524/511 1101/1511/511
f 1101/1511/510 1113/1524/510 1114/1525/510 1102/1512/510
f 1102/1512/509 1114/1525/509 1115/1526/509 1103/1513/509
f 1103/1513/508 1115/1526/508 1116/1527/508 1104/1514/508
f 1104/1514/507 1116/1527/507 1117/1528/507 1105/1515/507
f 1105/1516/518 1117/1529/518 1118/1530/518 1106/1517/518
f 1106/1517/517 1118/1530/517 1119/1531/517 1107/1518/517
f 1107/1518/516 1119/1531/516 1120/1532/516 1108/1519/516
f 1108/1519/515 1120/1532/515 1121/1533/515 1109/1520/515
f 1109/1520/514 1121/1533/514 1122/1534/514 1110/1521/514
f 1110/1521/513 1122/1534/513 1111/1522/513 1099/1509/513
f 1111/1522/524 1123/1535/524 1124/1536/524 1112/1523/524
f 1112/1523/523 1124/1536/523 1125/1537/523 1113/1524/523
f 1113/1524/522 1125/1537/522 1126/1538/522 1114/1525/522
f 1114/1525/521 1126/1538/521 1127/1539/521 1115/1526/521
f 1115/1526/520 1127/1539/520 1128/1540/520 1116/1527/520
f 1116/1527/519 1128/1540/519 1129/1541/519 1117/1528/519
f 1117/1529/530 1129/1542/530 1130/1543/530 1118/1530/530
f 1118/1530/529 1130/1543/529 1131/1544/529 1119/1531/529
f 1119/1531/528 1131/1544/528 1132/1545/528 1120/1532/528
f 1120/1532/527 1132/1545/527 1133/1546/527 1121/1533/527
f 1121/1533/526 1133/1546/526 1134/1547/526 1122/1534/526
f 1122/1534/525 1134/1547/525 1123/1535/525 1111/1522/525
f 1123/1535/536 1135/1548/536 1136/1549/536 1124/1536/536
f 1124/1536/535 1136/1549/535 1137/1550/535 1125/1537/535
f 1125/1537/534 1137/1550/534 1138/1551/534 1126/1538/534
f 1126/1538/533 1138/1551/533 1139/1552/533 1127/1539/533
f 1127/1539/532 1139/1552/532 1140/1553/532 1128/1540/532
f 1128/1540/531 1140/1553/531 1141/1554/531 1129/1541/531
f 1129/1542/542 1141/1555/542 1142/1556/542 1130/1543/542
f 1130/1543/541 1142/1556/541 1143/1557/541 1131/1544/541
f 1131/1544/540 1143/1557/540 1144/1558/540 1132/1545/540
f 1132/1545/539 1144/1558/539 1145/1559/539 1133/1546/539
f 1133/1546/538 1145/1559/538 1146/1560/538 1134/1547/538
f 1134/1547/537 1146/1560/537 1135/1548/537 1123/1535/537
f 1135/1548/548 1147/1561/548 1148/1562/548 1136/1549/548
f 1136/1549/547 1148/1562/547 1149/1563/547 1137/1550/547
f 1137/1550/546 1149/1563/546 1150/1564/546 1138/1551/546
f 1138/1551/545 1150/1564/545 1151/1565/545 1139/1552/545
f 1139/1552/544 1151/1565/544 1152/1566/544 1140/1553/544
f 1140/1553/543 1152/1566/543 1153/1567/543 1141/1554/543
f 1141/1555/554 1153/1568/554 1154/1569/554 1142/1556/554
f 1142/1556/553 1154/1569/553 1155/1570/553 1143/1557/553
f 1143/1557/552 1155/1570/552 1156/1571/552 1144/1558/552
f 1144/1558/551 1156/1571/551 1157/1572/551 1145/1559/551
f 1145/1559/550 1157/1572/550 1158/1573/550 1146/1560/550
f 1146/1560/549 1158/1573/549 1147/1561/549 1135/1548/549
f 1147/1561/560 1159/1574/560 1160/1575/560 1148/1562/560
f 1148/1562/559 1160/1575/559 1161/1576/559 1149/1563/559
f 1149/1563/558 1161/1576/558 1162/1577/558 1150/1564/558
f 1150/1564/557 1162/1577/557 1163/1578/557 1151/1565/557
f 1151/1565/556 1163/1578/556 1164/1579/556 1152/1566/556
f 1152/1566/555 1164/1579/555 1165/1580/555 1153/1567/555
f 1153/1568/566 1165/1581/566 1166/1582/566 1154/1569/566
f 1154/1569/565 1166/1582/565 1167/1583/565 1155/1570/565
f 1155/1570/564 1167/1583/564 1168/1584/564 1156/1571/564
f 1156/1571/729 1168/1584/729 1169/1585/729 1157/1572/729
f 1157/1572/562 1169/1585/562 1170/1586/562 1158/1573/562
f 1158/1573/561 1170/1586/561 1159/1574/561 1147/1561/561
f 1159/1574/572 1171/1587/572 1172/1588/572 1160/1575/572
f 1160/1575/571 1172/1588/571 1173/1589/571 1161/1576/571
f 1161/1576/570 1173/1589/570 1174/1590/570 1162/1577/570
f 1162/1577/569 1174/1590/569 1175/1591/569 1163/1578/569
f 1163/1578/568 1175/1591/568 1176/1592/568 1164/1579/568
f 1164/1579/567 1176/1592/567 1177/1593/567 1165/1580/567
f 1165/1581/578 1177/1594/578 1178/1595/578 1166/1582/578
f 1166/1582/577 1178/1595/577 1179/1596/577 1167/1583/577
f 1167/1583/576 1179/1596/576 1180/1597/576 1168/1584/576
f 1168/1584/575 1180/1597/575 1181/1598/575 1169/1585/575
f 1169/1585/574 1181/1598/574 1182/1599/574 1170/1586/574
f 1170/1586/573 1182/1599/573 1171/1587/573 1159/1574/573
f 1171/1587/584 1183/1600/584 1184/1601/584 1172/1588/584
f 1172/1588/583 1184/1601/583 1185/1602/583 1173/1589/583
f 1173/1589/582 1185/1602/582 1186/1603/582 1174/1590/582
f 1174/1590/581 1186/1603/581 1187/1604/581 1175/1591/581
f 1175/1591/580 1187/1604/580 1188/1605/580 1176/1592/580
f 1176/1592/579 1188/1605/579 1189/1606/579 1177/1593/579
f 1177/1594/590 1189/1607/590 1190/1608/590 1178/1595/590
f 1178/1595/589 1190/1608/589 1191/1609/589 1179/1596/589
f 1179/1596/588 1191/1609/588 1192/1610/588 1180/1597/588
f 1180/1597/587 1192/1610/587 1193/1611/587 1181/1598/587
f 1181/1598/586 1193/1611/586 1194/1612/586 1182/1599/586
f 1182/1599/585 1194/1612/585 1183/1600/585 1171/1587/585
f 1183/1600/596 1195/1613/596 1196/1614/596 1184/1601/596
f 1184/1601/595 1196/1614/595 1197/1615/595 1185/1602/595
f 1185/1602/730 1197/1615/730 1198/1616/730 1186/1603/730
f 1186/1603/593 1198/1616/593 1199/1617/593 1187/1604/593
f 1187/1604/592 1199/1617/592 1200/1618/592 1188/1605/592
f 1188/1605/591 1200/1618/591 1201/1619/591 1189/1606/591
f 1189/1607/602 1201/1620/602 1202/1621/602 1190/1608/602
f 1190/1608/601 1202/1621/601 1203/1622/601 1191/1609/601
f 1191/1609/731 1203/1622/731 1204/1623/731 1192/1610/731
f 1192/1610/599 1204/1623/599 1205/1624/599 1193/1611/599
f 1193/1611/598 1205/1624/598 1206/1625/598 1194/1612/598
f 1194/1612/597 1206/1625/597 1195/1613/597 1183/1600/597
f 1195/1613/608 1207/1626/608 1208/1627/608 1196/1614/608
f 1196/1614/607 1208/1627/607 1209/1628/607 1197/1615/607
f 1197/1615/606 1209/1628/606 1210/1629/606 1198/1616/606
f 1198/1616/605 1210/1629/605 1211/1630/605 1199/1617/605
f 1199/1617/604 1211/1630/604 1212/1631/604 1200/1618/604
f 1200/1618/603 1212/1631/603 1213/1632/603 1201/1619/603
f 1201/1620/614 1213/1633/614 1214/1634/614 1202/1621/614
f 1202/1621/613 1214/1634/613 1215/1635/613 1203/1622/613
f 1203/1622/612 1215/1635/612 1216/1636/612 1204/1623/612
f 1204/1623/611 1216/1636/611 1217/1637/611 1205/1624/611
f 1205/1624/610 1217/1637/610 1218/1638/610 1206/1625/610
f 1206/1625/609 1218/1638/609 1207/1626/609 1195/1613/609
f 1207/1626/620 1219/1639/620 1220/1640/620 1208/1627/620
f 1208/1627/619 1220/1640/619 1221/1641/619 1209/1628/619
f 1209/1628/618 1221/1641/618 1222/1642/618 1210/1629/618
f 1210/1629/617 1222/1642/617 1223/1643/617 1211/1630/617
f 1211/1630/616 1223/1643/616 1224/1644/616 1212/1631/616
f 1212/1631/615 1224/1644/615 1225/1645/615 1213/1632/615
f 1213/1633/626 1225/1646/626 1226/1647/626 1214/1634/626
f 1214/1634/625 1226/1647/625 1227/1648/625 1215/1635/625
f 1215/1635/624 1227/1648/624 1228/1649/624 1216/1636/624
f 1216/1636/623 1228/1649/623 1229/1650/623 1217/1637/623
f 1217/1637/622 1229/1650/622 1230/1651/622 1218/1638/622
f 1218/1638/621 1230/1651/621 1219/1639/621 1207/1626/621
f 1219/1639/632 1231/1652/632 1232/1653/632 1220/1640/632
f 1220/1640/631 1232/1653/631 1233/1654/631 1221/1641/631
f 1221/1641/630 1233/1654/630 1234/1655/630 1222/1642/630
f 1222/1642/629 1234/1655/629 1235/1656/629 1223/1643/629
f 1223/1643/628 1235/1656/628 1236/1657/628 1224/1644/628
f 1224/1644/627 1236/1657/627 1237/1658/627 1225/1645/627
f 1225/1646/638 1237/1659/638 1238/1660/638 1226/1647/638
f 1226/1647/637 1238/1660/637 1239/1661/637 1227/1648/637
f 1227/1648/636 1239/1661/636 1240/1662/636 1228/1649/636
f 1228/1649/635 1240/1662/635 1241/1663/635 1229/1650/635
f 1229/1650/634 1241/1663/634 1242/1664/634 1230/1651/634
f 1230/1651/633 1242/1664/633 1231/1652/633 1219/1639/633
f 1231/1652/644 1243/1665/644 1244/1666/644 1232/1653/644
f 1232/1653/643 1244/1666/643 1245/1667/643 1233/1654/643
f 1233/1654/642 1245/1667/642 1246/1668/642 1234/1655/642
f 1234/1655/641 1246/1668/641 1247/1669/641 1235/1656/641
f 1235/1656/640 1247/1669/640 1248/1670/640 1236/1657/640
f 1236/1657/639 1248/1670/639 1249/1671/639 1237/1658/639
f 1237/1659/650 1249/1672/650 1250/1673/650 1238/1660/650
f 1238/1660/649 1250/1673/649 1251/1674/649 1239/1661/649
f 1239/1661/648 1251/1674/648 1252/1675/648 1240/1662/648
f 1240/1662/647 1252/1675/647 1253/1676/647 1241/1663/647
f 1241/1663/646 1253/1676/646 1254/1677/646 1242/1664/646
f 1242/1664/645 1254/1677/645 1243/1665/645 1231/1652/645
f 1243/1665/656 1255/1678/656 1256/1679/656 1244/1666/656
f 1244/1666/655 1256/1679/655 1257/1680/655 1245/1667/655
f 1245/1667/654 1257/1680/654 1258/1681/654 1246/1668/654
f 1246/1668/653 1258/1681/653 1259/1682/653 1247/1669/653
f 1247/1669/652 1259/1682/652 1260/1683/652 1248/1670/652
f 1248/1670/651 1260/1683/651 1261/1684/651 1249/1671/651
f 1249/1672/662 1261/1685/662 1262/1686/662 1250/1673/662
f 1250/1673/661 1262/1686/661 1263/1687/661 1251/1674/661
f 1251/1674/660 1263/1687/660 1264/1688/660 1252/1675/660
f 1252/1675/659 1264/1688/659 1265/1689/659 1253/1676/659
f 1253/1676/658 1265/1689/658 1266/1690/658 1254/1677/658
f 1254/1677/657 1266/1690/657 1255/1678/657 1243/1665/657
f 1255/1678/668 1267/1691/668 1268/1692/668 1256/1679/668
f 1256/1679/667 1268/1692/667 1269/1693/667 1257/1680/667
f 1257/1680/666 1269/1693/666 1270/1694/666 1258/1681/666
f 1258/1681/665 1270/1694/665 1271/1695/665 1259/1682/665
f 1259/1682/664 1271/1695/664 1272/1696/664 1260/1683/664
f 1260/1683/663 1272/1696/663 1273/1697/663 1261/1684/663
f 1261/1685/674 1273/1698/674 1274/1699/674 1262/1686/674
f 1262/1686/673 1274/1699/673 1275/1700/673 1263/1687/673
f 1263/1687/672 1275/1700/672 1276/1701/672 1264/1688/672
f 1264/1688/671 1276/1701/671 1277/1702/671 1265/1689/671
f 1265/1689/670 1277/1702/670 1278/1703/670 1266/1690/670
f 1266/1690/669 1278/1703/669 1267/1691/669 1255/1678/669
f 1267/1691/680 1279/1704/680 1280/1705/680 1268/1692/680
f 1268/1692/679 1280/1705/679 1281/1706/679 1269/1693/679
f 1269/1693/678 1281/1706/678 1282/1707/678 1270/1694/678
f 1270/1694/677 1282/1707/677 1283/1708/677 1271/1695/677
f 1271/1695/676 1283/1708/676 1284/1709/676 1272/1696/676
f 1272/1696/675 1284/1709/675 1285/1710/675 1273/1697/675
f 1273/1698/686 1285/1711/686 1286/1712/686 1274/1699/686
f 1274/1699/685 1286/1712/685 1287/1713/685 1275/1700/685
f 1275/1700/684 1287/1713/684 1288/1714/684 1276/1701/684
f 1276/1701/683 1288/1714/683 1289/1715/683 1277/1702/683
f 1277/1702/682 1289/1715/682 1290/1716/682 1278/1703/682
f 1278/1703/681 1290/1716/681 1279/1704/681 1267/1691/681
f 1279/1704/692 1291/1717/692 1292/1718/692 1280/1705/692
f 1280/1705/691 1292/1718/691 1293/1719/691 1281/1706/691
f 1281/1706/690 1293/1719/690 1294/1720/690 1282/1707/690
f 1282/1707/689 1294/1720/689 1295/1721/689 1283/1708/689
f 1283/1708/688 1295/1721/688 1296/1722/688 1284/1709/688
f 1284/1709/687 1296/1722/687 1297/1723/687 1285/1710/687
f 1285/1711/698 1297/1724/698 1298/1725/698 1286/1712/698
f 1286/1712/697 1298/1725/697 1299/1726/697 1287/1713/697
f 1287/1713/696 1299/1726/696 1300/1727/696 1288/1714/696
f 1288/1714/695 1300/1727/695 1301/1728/695 1289/1715/695
f 1289/1715/694 1301/1728/694 1302/1729/694 1290/1716/694
f 1290/1716/693 1302/1729/693 1291/1717/693 1279/1704/693
f 1291/1717/704 1303/1730/704 1304/1731/704 1292/1718/704
f 1292/1718/703 1304/1731/703 1305/1732/703 1293/1719/703
f 1293/1719/702 1305/1732/702 1306/1733/702 1294/1720/702
f 1294/1720/732 1306/1733/732 1307/1734/732 1295/1721/732
f 1295/1721/700 1307/1734/700 1308/1735/700 1296/1722/700
f 1296/1722/699 1308/1735/699 1309/1736/699 1297/1723/699
f 1297/1724/710 1309/1737/710 1310/1738/710 1298/1725/710
f 1298/1725/709 1310/1738/709 1311/1739/709 1299/1726/709
f 1299/1726/733 1311/1739/733 1312/1740/733 1300/1727/733
f 1300/1727/707 1312/1740/707 1313/1741/707 1301/1728/707
f 1301/1728/706 1313/1741/706 1314/1742/706 1302/1729/706
f 1302/1729/705 1314/1742/705 1303/1730/705 1291/1717/705
f 1303/1730/716 739/1106/716 740/1109/716 1304/1731/716
f 1304/1731/715 740/1109/715 741/1111/715 1305/1732/715
f 1305/1732/714 741/1111/714 742/1113/714 1306/1733/714
f 1306/1733/713 742/1113/713 743/1115/713 1307/1734/713
f 1307/1734/712 743/1115/712 744/1117/712 1308/1735/712
f 1308/1735/711 744/1117/711 745/1119/711 1309/1736/711
f 1309/1737/722 745/1120/722 746/1123/722 1310/1738/722
f 1310/1738/721 746/1123/721 747/1125/721 1311/1739/721
f 1311/1739/720 747/1125/720 748/1127/720 1312/1740/720
f 1312/1740/719 748/1127/719 749/1129/719 1313/1741/719
f 1313/1741/718 749/1129/718 750/1131/718 1314/1742/718
f 1314/1742/717 750/1131/717 739/1106/717 1303/1730/717
